raw	rejected	export_artist	export_title	url	best_track_title	best_track_artist
1.000	export-remix	The Lonely Island ft Justin Timberlake	Motherlover (Paul Ross' Motherfuckin Remix)	https://soundcloud.com/djpaulross-1/the-lonely-island-ft-justin	Motherlover	The Lonely Island ft. Justin Timberlake
1.000	export-remix	MØ	XXX 88 Ft. Diplo (Rimad Remix)	https://soundcloud.com/rimad2/mo-xxx-88-ft-diplo-rimad-remix	XXX 88	MØ ft. Diplo
1.000	export-remix	Rina Sawayama, Pabllo Vittar	Comme Des Garçons (Like The Boys) (Pabllo Vittar x Brabo Remix)	https://soundcloud.com/rinasawayama/comme-des-garcons-like-the-1	Comme des Garçons (Like The Boys)	Rina Sawayama ft. Pabllo Vittar
1.000	export-remix	Splatoon: Squid Sisters	Ink Me Up! (AshZone Remix)	https://soundcloud.com/ashzone2/splatoon-squid-sisters-ink-me-up-ashzone-remix	Squid Sisters - Ink Me Up (Final Fest)	Splatoon 2
1.000	export-remix	Tetris	Type A Remix	https://soundcloud.com/incredfx/tetris-theme-incredfx-electro	A-Type	Tetris
1.000	export-remix	DJ NewBoost, Akon, Young Jeezy, Young Buck	Soul Survivor ft. Akon & Young Buck [DJ NewBoost Remix]	https://soundcloud.com/djnewboost/young-jeezy-soul-survivor-ft	Soul Survivor	Young Jeezy ft. Akon
1.000	track-claimed	Tsunku	Menu (2P Endless Games)	https://soundcloud.com/taromlk/menu-2p-endless-games-rhythm-heaven-fever	Tsunku♂ - Menu (2P Endless Games)	Rhythm Heaven Fever
1.000	export-remix	Koji Kondo	Star Road-Super Mario World (Strafer Remix)	https://soundcloud.com/straferbeats/star-road-super-mario-world-strafer-remix	Koji Kondo - Star Road	Super Mario World
1.000	export-remix	Swami Sound	Refuse (Refazer) [Chediak Remix]	https://soundcloud.com/masutaswami/refuse-remix-112922-unpitched	Refuse (Refazer)	Swami Sound, Chediak
1.000	export-remix	De La Soul & SPRWSH	A Roller Skating Jam Named Saturdays - Superwash Remix	https://soundcloud.com/superwashmusic/de-la-soul-a-roller-skating-jam-named-saturdays-superwash-remix	A Roller Skating Jam Named Saturdays	De La Soul
1.000	track-claimed	Kendrick Lamar	The heart Pt1	https://soundcloud.com/blatte-098/the-heart-pt1	u pt1	Kendrick Lamar
1.000	track-claimed	Tsunku♂	Rhythm Heaven (NDS) Fan Club (Italian)	https://soundcloud.com/finndookiebutt/italian-fan-club	Tsunku♂ - Fan Club (Thrilling! Is This Love?)	Rhythm Heaven
1.000	track-claimed	Big Betrayal | Deep Cut	Splatoon 3 OST	https://soundcloud.com/absols/splatoon-3-ost-big-betrayal	Deep Cut - Big Betrayal	Splatoon 3
1.000	track-claimed	Super Mario Sunshine OST	Secret Course	https://soundcloud.com/vybenet/super-mario-sunshine-ost-9	Secret Course	Super Mario Sunshine
1.000	track-claimed	Tsunku♂	Rhythm Heaven (NDS) Fan Club (Italian)	https://soundcloud.com/finndookiebutt/italian-fan-club	Tsunku♂ - Fan Club (Thrilling! Is This Love?)	Rhythm Heaven
1.000	export-remix	Mr. Muthafuckin EXquire Ft. Despot, Das Racist, Danny Brown, EL	P - The Last Huzzah (Remix)	https://soundcloud.com/kimberley-kim-filth-withington/mr-muthafuckin-exquire-ft-despot-das-racist-danny-brown-el-p-the-last-huzzah-remix-1	The Last Huzzah	Mr. Muthafuckin eXquire ft. Despot, Das Racist, Danny Brown & El-P
1.000	passed-tie	Sonic CD - 20TH Gold CD2	2-08 Metallic Madness 'B' Mix JP	https://soundcloud.com/sonic-cd-best-sonic-2/2-08-metallic-madness-b-mix-jp	Metallic Madness (Good Future) (JP)	Sonic CD
1.000	export-remix	Hikaru Utada, salute	Electricity (salute Remix)	https://soundcloud.com/hikaruutada/electricity-salute-remix	Electricity	Hikaru Utada
1.000	non-song	S Club 7	Bring It All Back (Nightcore)	https://soundcloud.com/breakthru234/s-club-7-bring-it-all-back-nightcore	Bring It All Back (don't stop! never give up)	S Club 7
1.000	export-remix	Oneohtrix Point Never	Sticky Drama (A. G. Cook Remix)	https://soundcloud.com/oneohtrix-point-never/sticky-drama-a-g-cook-remix	Sticky Drama	Oneohtrix Point Never
1.000	passed-tie	Sonic CD - 20TH Gold CD1	1-06 Palmtree Panic 'P' Mix	https://soundcloud.com/sonic-cd-the-best-sonic/1-06-palmtree-panic-p-mix	Palmtree Panic (Good Future) (JP)	Sonic CD
1.000	passed-tie	Sonic CD - 20TH Gold CD2	2-08 Metallic Madness 'B' Mix JP	https://soundcloud.com/sonic-cd-best-sonic-2/2-08-metallic-madness-b-mix-jp	Metallic Madness (Good Future) (JP)	Sonic CD
1.000	export-remix	Tyler, The Creator feat. ScHoolboy Q	THE BROWN STAINS OF DARKEESE LATIFAH PART 6-12 (REMIX) [feat. ScHoolboy Q]	https://soundcloud.com/tylerthecreatorofficial/the-brown-stains-of-darkeese-1	THE BROWN STAINS OF DARKEESE LATIFAH PART 6-12	Tyler, The Creator
1.000	export-remix	Cast of the Motion Picture RENT	Seasons of Love (Eddie Baez's "Payin' the Rent" Club Mix Edit)	https://soundcloud.com/castofthemotionpicturerent/seasons-of-love-eddie-baezs	Seasons of Love	Rent
1.000	track-claimed	Super Mario Sunshine OST	Secret Course	https://soundcloud.com/vybenet/super-mario-sunshine-ost-9	Secret Course	Super Mario Sunshine
1.000	track-claimed	Koji Kondo	Yoshi's Island	https://soundcloud.com/nightshadex766/yoshis-island	Koji Kondo - Yoshi's Island	Yoshi's Island
1.000	export-remix	Basement Jaxx	Yo Yo (Rhys Manning Remix) [clip]	https://soundcloud.com/wostreettracks/basement-jaxx-yo-yo-rhys-3	Yo Yo (G natural note in bassline)	Basement Jaxx
1.000	export-remix	Beyoncé	Video Phone (Extended Remix featuring Lady Gaga)	https://soundcloud.com/beyonce/video-phone-extended-remix	Video Phone	Beyoncé ft. Lady Gaga
1.000	export-remix	COUCOU CHLOE	WIZZ (COBRAH REMIX)	https://soundcloud.com/coucouchloe/wizz-cobrah-remix-1	WIZZ (let it go)	COUCOU CHLOE
1.000	export-remix	The Game Ft. Kanye West	My Life Was Never Eazy (Chigz Remix)	https://soundcloud.com/chigzmusic/the-game-ft-kanye-west-my-life-was-never-eazy-chigz-remix	My Life Was Never Eazy	The Game ft. Kanye West
1.000	track-claimed	Kendrick Lamar	The heart Pt1	https://soundcloud.com/blatte-098/the-heart-pt1	u pt1	Kendrick Lamar
1.000	export-remix	The Prodigy	Breathe (René LaVice Dark D&B Remix) [feat. RZA]	https://soundcloud.com/theprodigy/the-prodigy-rza-breathe-rene	Breathe (Liam H and René LaVice Re-Amp)	The Prodigy ft. RZA
1.000	export-remix	Ayumi Hamasaki	Blue Bird (SA!D Remix)	https://soundcloud.com/saidjpn/ayumi-hamasaki-blue-bird-sad-remix	BLUE BIRD	ayumi hamasaki
1.000	track-claimed	Hideki Naganuma	What U Need (half speed / drunk version)	https://soundcloud.com/smokeweedmlg/sonic-rush-what-u-need-half-speed-drunk-version	Hideki Naganuma - What U Need (what you need) (feeling hot)	Sonic Rush
1.000	export-remix	Underscores	Your favorite sidekick ft. 8485 (Virtual Riot Remix)	https://soundcloud.com/virtual-riot/underscores-your-favorite-sidekick-ft-8485-virtual-riot-remix	Your favorite sidekick	underscores ft. 8485
1.000	track-claimed	Hikaru Utada	traveling (Re-Recording)	https://soundcloud.com/hikaruutada/traveling-re-recording	traveling	Hikaru Utada
1.000	non-song	IC3PEAK	Смерти Больше Нет /Death No More (slowed + reverb)	https://soundcloud.com/dead-bunny-942002718/ic3peak-death-no-more-slowed	Смерти Больше Нет /Death No More	IC3PEAK
1.000	track-claimed	Yu Miyake	Angel Flavor's Present (Katamari Damacy Soundtrack)	https://soundcloud.com/snelochkladhest/yu-miyake-angel-flavors	Yū Miyake - Angel Flavor's Present (Angel Gifts)	Katamari Damacy
1.000	track-claimed	EASYFUN	Audio (Himera's Smiling Mix)	https://soundcloud.com/heyhimera/easyfun-audio-himeras-smiling-mix	Him & I	G Easy ft. Halsey
1.000	export-remix	Frost Children + 8485	NOTICE ME ('If you're doing it right' remix)	https://soundcloud.com/girlfriendcore/notice-me	NOTICE ME	Frost Children ft. 8485
1.000	export-remix	Hikaru Utada	BADモード ( BLVCK MVRKET Bootleg Remix )	https://soundcloud.com/noiseparfumerie2/hikaru-utada-bad-blvck-mvrket-bootleg-remix	BADモード (BAD MODE)	Hikaru Utada
1.000	track-claimed	Koji Kondo	Yoshi's Island	https://soundcloud.com/nightshadex766/yoshis-island	Koji Kondo - Yoshi's Island	Yoshi's Island
1.000	export-remix	Club 69, Kim Cooper	Let Me Be Your Underwear (Gianluca Ghezzi Remix)	https://soundcloud.com/club69official/let-me-be-your-underwear	Let Me Be Your Underwear (Hot Pants Underground Club)	Club 69
1.000	export-remix	Sebastian Knight	Feel The Funk (Club Mix)	https://soundcloud.com/itssebastiank/sebastian-knight-feel-the-3	Sebastian Knight - Feel The Funk (Computer Love)	Bomb Rush Cyberfunk
1.000	track-claimed	Daz	Zedd- Clarity Ft. Foxes	https://soundcloud.com/user-502055396/zedd-clarity-ft-foxes	dazetek	dazegxd
1.000	track-claimed	Deadmau5	Brazil (2nd Edit)	https://soundcloud.com/paulo-tavares-10/deadmau5-brazil-2nd-edit	Brazil (2nd Edit)	deadmau5
1.000	export-remix	Fatboy Slim, Fedde Le Grand	Praise You (2009 Remix Edit / Fatboy Slim vs. Fedde Le Grand)	https://soundcloud.com/fatboyslim/praise-you-2009-remix-edit	Praise You 2009	Fatboy Slim vs. Fedde Le Grand
1.000	export-remix	Malik Yusef featuring Kanye West, Common and JV	Wouldn't You Like To Ride (Silk & Skip Ride To The House Remix) [feat. Common, JV & Kanye West]	https://soundcloud.com/malik-yusef-official/wouldnt-you-like-to-ride-silk	Wouldn't You Like To Ride?	Malik Yusef ft. Kanye West & Common
1.000	track-claimed	Tsunku♂	Rhythm Heaven (NDS) Fan Club (Italian)	https://soundcloud.com/finndookiebutt/italian-fan-club	Tsunku♂ - Fan Club (Thrilling! Is This Love?)	Rhythm Heaven
1.000	passed-tie	Tsunku♂	Rhythm Rally 2 ~ Perfect Version	https://soundcloud.com/alex-victoret/rhythm-rally-2-perfect-version	Tsunku♂ - Rhythm Rally	Rhythm Heaven
1.000	track-claimed	Sonic CD - 20TH Gold CD1	1-10 Collision Chaos JP	https://soundcloud.com/sonic-cd-the-best-sonic/1-10-collision-chaos-jp	Collision Chaos (Past) (JP)	Sonic CD
1.000	track-claimed	Kendrick Lamar	The heart Pt1	https://soundcloud.com/blatte-098/the-heart-pt1	u pt1	Kendrick Lamar
1.000	export-remix	shinigami	sanguine paradise remix	https://soundcloud.com/ihateshinigami/sanguine-paradise-remix	Sanguine Paradise (blue)	Shinigami
1.000	export-remix	Roxette	Shes Got The Look (Budsta Remix)(FREE DOWNLOAD)	https://soundcloud.com/budsta-aus/roxette-shes-got-the-look-budsta-remix	She's Got The Look	Roxette
1.000	export-remix	Damian "Jr. Gong" Marley	Welcome To Jamrock (Subwest Dubstep Remix)	https://soundcloud.com/yunus-can-yildirim/damian-jr-gong-marley-welcome-to-jamrock-subwest-dubstep-remix	Welcome To Jamrock	Damian "Jr. Gong" Marley
1.000	track-claimed	wii play	fishing results	https://soundcloud.com/user492183215/wii-play-fishing-results	Results (Shooting Range)	Wii Play
1.000	export-remix	Billie Eilish	YSSMIAC - Remix	https://soundcloud.com/user-427255429/yssmiac	yssmiac	Billie Eilish
1.000	track-claimed	Medcab	Dance (The Young Punx Mix)	https://soundcloud.com/theyoungpunx/medcab-dance-the-young-punx	Dance (The Young Punx Mix)	Medcab
1.000	track-claimed	Sonic CD - 20TH Gold CD2	2-04 Stardust Speedway 'B' Mix JP	https://soundcloud.com/sonic-cd-best-sonic-2/2-04-stardust-speedway-b-mix	Stardust Speedway (Good Future) (JP)	Sonic CD
1.000	export-remix	Wynter Gordon	Dirty Talk (Chew Fu Remix)	https://soundcloud.com/wynter-gordon-1/dirty-talk-chew-fu-remix	Dirty Talk (no angel)	Wynter Gordon
1.000	track-claimed	brakence	argyle	https://soundcloud.com/brakence/argyle	argyle	brakence
1.000	track-claimed	Buoyant Boogie- Turquoise October	Splatoon 2 -	https://soundcloud.com/963mlp/buoyant-boogie-octocool-splatoon-2-music-extended	Turquoise October - Buoyant Boogie	Splatoon 2
0.980	track-claimed	Tsunku, Masami Yone, Shinji Ushiroda, and Asuka Ito	Rhythm Heaven Fever	https://soundcloud.com/sens_belowstory/cafe-rhythm-heaven-fever	Masami Yone - Perfect	Rhythm Heaven
0.980	track-claimed	Color Pulse (2024)	Off The Hook (Splatoon 3)	https://soundcloud.com/pvz-dood/color-pulse-2024-off-the-hook	Off the Hook - Color Pulse (2024)	Splatoon 3
0.980	export-remix	ubicarsia	tiny wings night time theme (ubicarsia remix)	https://soundcloud.com/anthony-garcia-585548436/tiny-wings-ubicarsia-remix	Night Theme	Tiny Wings
0.980	export-remix	Robo Copyright	Dan Bull [B?R Remix]	https://soundcloud.com/itsblackroses/robocopyrightremix	Robocopyright	Dan Bull
0.980	track-claimed	Simple and Clean	Utada Hikaru - Kingdom Hearts	https://soundcloud.com/rainheartxii/kh-simple-and-clean	Simple And Clean	Hikaru Utada
0.980	track-claimed	death	Deep cut- Anarchy Splatcast (splatoon 3 OST)	https://soundcloud.com/user-783550704/deep-cut-anarchy-splatcast	Deep Cut - Anarchy Splatcast	Splatoon 3
0.980	track-claimed	Tsunku, Masami Yone, Shinji Ushiroda, and Asuka Ito	Rhythm Heaven Fever	https://soundcloud.com/sens_belowstory/cafe-rhythm-heaven-fever	Masami Yone - Perfect	Rhythm Heaven
0.980	export-remix	Daylen Stegall	Sonic The Hedgehog: Drowning Theme (Sonic.EXE remix)	https://soundcloud.com/daylen-stegall/sonic-the-hedgehog-drowning-theme-sonicexe-remix	Drowning (Cphr) (gets faster)	Sonic the Hedgehog
0.980	track-claimed	Tsunku, Masami Yone, Shinji Ushiroda, and Asuka Ito	Rhythm Heaven Fever	https://soundcloud.com/sens_belowstory/cafe-rhythm-heaven-fever	Masami Yone - Perfect	Rhythm Heaven
0.980	export-remix	Break Night	We Want The Funk (Parliament Funkadelic Remix)	https://soundcloud.com/breaknightband/we-want-the-funk-parliament-funkadelic-remix	We Want The Funk	Parliament Funkadelic
0.980	track-claimed	Plaza Speakers D	Splatoon	https://soundcloud.com/pjoif6n2ggvp/plaza-speakers-d-splatoon	Plaza Speakers D	Splatoon
0.980	track-claimed	Tsunku, Masami Yone, Shinji Ushiroda, and Asuka Ito	Rhythm Heaven Fever	https://soundcloud.com/sens_belowstory/cafe-rhythm-heaven-fever	Masami Yone - Perfect	Rhythm Heaven
0.980	passed-tie	nicholasz2510	Athletic Theme | Yoshi's Island | Clarinet Cover | Koji Kondo	https://soundcloud.com/nicholasz2510/athletic	Koji Kondo - Athletic Theme	Super Mario World
0.980	track-claimed	Tsunku, Masami Yone, Shinji Ushiroda, and Asuka Ito	Rhythm Heaven Fever	https://soundcloud.com/sens_belowstory/cafe-rhythm-heaven-fever	Masami Yone - Perfect	Rhythm Heaven
0.980	export-remix	Melodic Immersion	Arcane Season 2: Ashnikko "Paint The Town Blue" | Epic Remix	https://soundcloud.com/paul-devito-270647719/arcane-season-2-ashnikko-paint-the-town-blue-epic-remix	Ashnikko - Paint The Town Blue	Arcane: Season 2
0.980	export-remix	A.Skillz	Cassius 99 (A.Skillz remix)	https://soundcloud.com/a-skillz/cassius-99-a-skillz-remix	Cassius 99	Cassius
0.980	export-remix	Antonio Rios	Nunca Me Faltes - Remix Dj Juan Iduarte 2011	https://soundcloud.com/djiduarte/antonio-rios-nunca-me-faltes-remix-dj-juan-iduarte-2011	Nunca me Faltes (Marcianito)	Juan Antonio Rios
0.980	track-claimed	N.E.R.D.	Lapdance (feat. Vita & Lee Harvey)	https://soundcloud.com/nerd/lapdance-feat-lee-harvey-vita	Lapdance	N.E.R.D ft. Vita, Lee Harvey
0.980	track-claimed	Tsunku, Masami Yone, Shinji Ushiroda, and Asuka Ito	Rhythm Heaven Fever	https://soundcloud.com/sens_belowstory/cafe-rhythm-heaven-fever	Masami Yone - Perfect	Rhythm Heaven
0.980	track-claimed	New You	DJ Real Sole (Splatoon 2 OST)	https://soundcloud.com/racerdoesgames/new-you-dj-real-sole-splatoon-2-ost	DJ Real Sole - New You (Headspace)	Splatoon 2
0.980	export-remix	A.Skillz	Cassius 99 (A.Skillz remix)	https://soundcloud.com/a-skillz/cassius-99-a-skillz-remix	Cassius 99	Cassius
0.980	track-claimed	Tsunku, Masami Yone, Shinji Ushiroda, and Asuka Ito	Rhythm Heaven Fever	https://soundcloud.com/sens_belowstory/cafe-rhythm-heaven-fever	Masami Yone - Perfect	Rhythm Heaven
0.980	export-remix	GlitchxCity	Sonic The Hedgehog 2- Chemical Plant Zone Remix	https://soundcloud.com/glitchxcity/chemical-plant-zone-remix-sonic-the-hedgehog-2	Chemical Plant Zone	Sonic the Hedgehog 2
0.980	export-remix	【ラブライブ！】μ's	Snow Halation (Shroo Twerk Remix) 【Love Live!】	https://soundcloud.com/pearlgreyskies/s-snow-halation-shroo-twerk-remix-love-live	μ's - Snow halation	Love Live!
0.980	track-claimed	death	Deep cut- Anarchy Splatcast (Big Run) splatoon 3 OST	https://soundcloud.com/user-783550704/deep-cut-anarchy-splatcast-big	Deep Cut - Anarchy Splatcast	Splatoon 3
0.980	export-remix	Yoann Turpin	Remix: Super Mario Sunshine_Isle Delfino	https://soundcloud.com/acclion/remix-super-mario-sunshine_isle-delfino	Isle Delfino (delfino plaza)	Super Mario Sunshine
0.980	track-claimed	Tsunku, Masami Yone, Shinji Ushiroda, and Asuka Ito	Rhythm Heaven Fever	https://soundcloud.com/sens_belowstory/cafe-rhythm-heaven-fever	Masami Yone - Perfect	Rhythm Heaven
0.980	track-claimed	Tsunku, Masami Yone, Shinji Ushiroda, and Asuka Ito	Rhythm Heaven Fever	https://soundcloud.com/sens_belowstory/cafe-rhythm-heaven-fever	Masami Yone - Perfect	Rhythm Heaven
0.980	track-claimed	The Cursed Needle	Splatoon 2 OST Inkopolis Square Tutorial	https://soundcloud.com/cursed-needle-22575595950/splatoon-2-ost-inkopolis-square-tutorial	Inkopolis Square Tutorial	Splatoon 2
0.980	track-claimed	koreykeat	Tyler The Creator- See You Again ft Kali Uchis	https://soundcloud.com/korey-keat/tyler-the-creator-see-you	SEE YOU AGAIN	Tyler, The Creator ft. Kali Uchis
0.900	title-words	Crystal Castles	Not In Love ft. Robert Smith	https://soundcloud.com/snapupbeat/crystal-castles-not-in-love-ft-robert-smith	Not In Love (original not robert smith version)	Crystal Castles
0.900	export-remix	Fatboy Slim	The Rockafeller Skank (Mulder's Urban Takeover Remix)	https://soundcloud.com/fatboyslim/the-rockafeller-skank-mulders	Rockafeller Skank (Mulder's Urban Takeover Mix)	Fatboy Slim
0.894	title-words	Peach Blossom	Lets get it started black eyed peas	https://soundcloud.com/tevin-goree/lets-get-it-started-black-eyed-peas	Let's Get It Started / Let's Get Retarded	The Black Eyed Peas
0.894	title-words	AlunaGeorge	You Know You Like It (DJ Snake Remix) (Slowed)	https://soundcloud.com/user-123722986/alunageorge-you-know-you-like-it-dj-snake-remix-slowed	You Know You Like It (Tchami Remix)	DJ Snake, AlunaGeorge
0.880	title-words	Splatoon 3 Deep Cut	Till Depth Do Us Part (15 minutes)	https://soundcloud.com/user-254223756/deep-cut-splatfest-battle-theme-unnamed-splatoon-3	Deep Cut - Deep Cut's Theme	Splatoon 3
0.880	title-words	Fall Out Boy	Thnks fr th Mmrs	https://soundcloud.com/falloutboy/08-thnks-fr-th-mmrs	Thnks Fr Th Mmrs (@hikeii edit)	Fall Out Boy
0.880	title-words	Ed Sheeran	Take Me Back To London (Sir Spyro Remix) [feat. Stormzy, Jaykae & Aitch]	https://soundcloud.com/anfa-music-136901726/ed-sheeran-take-me-back-to-london-sir-spyro-remix-feat-stormzy-jaykae-aitch	Take Me Back To London (Sir Spyro Remix) [umru Remix] 134bpm 🇬🇧	Ed Sheeran ft. Stormzy, Jaykae & Aitch
0.880	title-words	Daft Punk, Pharrell Williams, Nile Rodgers	Get Lucky (Drumless Edition) (ft. Pharrell Williams and Nile Rodgers)	https://soundcloud.com/daftpunkofficialmusic/get-lucky-drumless-edition	Get Lucky (Daft Punk Remix)	Daft Punk ft. Pharrell Williams, Nile Rodgers
0.880	title-words	oklou	take me by the hand ft. Bladee	https://soundcloud.com/oklou93/take-me-by-the-hand-ft-bladee	take me by the hand (onlytom edit)	oklou
0.867	artist	HATSUNE_MIKU	Hatsune Miku  PoPiPo    ぽっぴっぽー  Project Diva Dreamy Theatre (HD)	https://soundcloud.com/hatsune_uke/hatsune-miku-popipo-project	ぽっぴっぽー (PoPiPo)	LamazeP ft. Hatsune Miku
0.867	title-words	The Rolling Stones	You Can't Always Get What You Want	https://soundcloud.com/rolling-stones-official/you-cant-always-get-what-you-2	You Can’t Always Get What You Want (Soulwax Remix)	The Rolling Stones
0.867	artist	LunchMoney Lewis	Bills	https://soundcloud.com/lunchmoneylewis/bills-3	Bills	Lunch Money Lewis
0.867	artist	A$AP Rocky	Flacko Loco (Cyberpunk 2077 Song) [Best Quality]	https://soundcloud.com/brandon-akins-391722874/a-ap-rocky-flacko-loco	Telo$ (A$AP Rocky) - Flacko Loco	Cyberpunk 2077
0.867	artist	Slavoj McAllister	Makes Me Feel Better	https://soundcloud.com/zorya_yasnaya/makes-me-feel-better	Slavoj McAllister (Oneno) - Makes Me Feel Better	Cyberpunk 2077
0.867	artist	Ghost Town DJs	My Boo	https://soundcloud.com/e1oovdghddfw/ghost-town-djs-my-boo-1	My Boo	Ghost City DJs
0.867	artist	Fred again..	Kammy (like i do)	https://soundcloud.com/fredagain/kammy-like-i-do	Kammy (like i do)	Fred again.. KAMILLE
0.860	title-words	CharlesOst	Rhythm Heaven(DS)-OST Shoot-_em-up 2	https://soundcloud.com/tania-lopez-534950432/rhythm-heaven-ds-ost-shoot-2	Tsunku♂ - Shoot-'em-up 2	Rhythm Heaven
0.860	title-words	CharlesOst	Rhythm Heaven(DS)-OST Moai Doo-Wop 2	https://soundcloud.com/tania-lopez-534950432/rhythm-heaven-ds-ost-moai-1	Tsunku♂ - Moai Doo-Wop 2	Rhythm Heaven
0.860	title-words	Deep Cut	Bird Mix (Deep Cut) - Splatoon 3 OST	https://soundcloud.com/yamdoodles/anarchy-poisons-bird-mix-deep-cut-splatoon-3-ost	Deep Cut - Deep Cut's Theme	Splatoon 3
0.860	title-words	Sonic’s Music Collection	M-Flo Tripod Baby (Shadow Mix)	https://soundcloud.com/faded_boo/m-flo-tripod-baby-shadow-mix	Tripod Baby (Shadow the Hedgehog Mix)	m-flo
0.853	artist	Havana Brown	We Run The Night (feat. Pitbull)	https://soundcloud.com/havana-brown/we-run-the-night	We Run The Night	Havannah Brown ft. Pitbull
0.853	artist	Pharrell & The Yessirs	Stay With Me (ft Pusha T)	https://soundcloud.com/k206/pharrell-the-yessirs-12-stay	Stay With Me	Pharrell Williams ft. Pusha T
0.853	artist	Pharrell	Baby (feat. Nelly)	https://soundcloud.com/pharrellwilliams-official/baby-feat-nelly	Baby	Pharrell Williams ft. Nelly
0.853	artist	Lil Slim C	move bitch remix ft. mystikal, i-20,hussein fatal, eminem, busta rhymes	https://soundcloud.com/lilslimc/ludacris-move-bitch-remix-ft-mystikal-i-20hussein-fatal-eminem-busta-rhymes	Move Bitch	Ludacris ft. Mystikal, I-20
0.853	artist	Pharrell & The Yessirs	Show You How To Hustle (ft Lauren)	https://soundcloud.com/k206/pharrell-the-yessirs-16-show	Show You How To Hustle	Pharrell Williams ft. Lauren
0.853	artist	Poptart	Sonic 3 Final Boss	https://soundcloud.com/sonic4zuzu/sonic-3-final-boss	Final Boss	Sonic the Hedgehog 3
0.850	title-words	leroy	go white enby go	https://soundcloud.com/c0ncernn/go-white-enby-go	go white girl go (go white enby go)	leroy
0.850	title-words	[Rhythm Heaven Fever]	Samurai Slice 2 (Perfect)	https://soundcloud.com/sp4rky-507336245/rhythm-heaven-fever-samurai-slice-2-perfect	Tsunku♂ - Samurai Slice 2	Rhythm Heaven Fever
0.850	title-words	Rhythm Heaven Fever	Love Rap 2 [JP]	https://soundcloud.com/maxim-forget/rhythm-heaven-fever-love-rap-2-jp	Tsunku♂ - Love Rap 2	Rhythm Heaven Fever
0.850	title-words	Splatoon 3 Side Order	Leaving with Pearl	https://soundcloud.com/youlike-me/splatoon-3-side-order-leaving	Order Sector - Leaving with Pearl (color pulse)	Splatoon 3: Side Order
0.850	title-words	Super Mario 64	Koji Kondo - Road To Bowser (FLAC)	https://soundcloud.com/iroquois-pliskin-x/super-mario-64-koji-kondo-road-to-bowser	Koji Kondo - Powerful Mario	Super Mario 64
0.850	title-words	[Rhythm Heaven Fever] Vocal	Karate Man 2 ~Lonely Storm~ [English]	https://soundcloud.com/valentein-1/rhythm-heaven-fever-vocal	Tsunku♂ - Karate Man 2 (悲しみのスコール)	Rhythm Heaven Fever
0.850	title-words	Lil Reek Feat. Quay	Donut Shop Trappin (Prod. by Brodinski & Max Ant)	https://soundcloud.com/brodinskiofficial/lil-reek-ft-quay-donut-shop-trappin-prod-by-brodinski-max-ant	Donut Shop Trappin (prod. Brodinski & Max Ant) [umru reeurocentrification] {123Bpm}	Lil Reek ft. Quay
0.850	title-words	Splatoon 3 Side Order	Order Sector	https://soundcloud.com/youlike-me/splatoon-3-side-order-order	Order Sector - Origin of Order	Splatoon 3: Side Order
0.850	title-words	Lady Gaga	Just Dance (Deewaan Remix) [feat. Colby O'Donis, Ash King, WeDis, Lush & Young Thoro]	https://soundcloud.com/ladygaga/just-dance-deewaan-remix-feat	Just Dance (Deewan Remix)	Lady Gaga ft. Colby O'Donis, Ash King, WeDis, Lush, Young Thoro
0.850	title-words	Andrew Huang	300,000 notes (grains of sand)	https://soundcloud.com/user-568584209/andrew-huang-300000-notes-grains-of-sand	300,000 NOTE SONG	Andrew Huang
0.850	title-words	Mr Oizo	Lars Von Sen	https://soundcloud.com/oizo-mr-3000/mr-oizo-lars-von-sen	Lars Von Sen (Xmas Version)	Mr Oizo
0.850	title-words	Rhythm Heaven Fever	Game Select 2	https://soundcloud.com/ruberjig-kun/rhythm-heaven-fever-game-select-3	Tsunku♂ - Game Select 2	Rhythm Heaven Fever
0.850	title-words	Linkin Park	Wth>You (Chairman Hahn Reanimation) [feat. Aceyalone]	https://soundcloud.com/linkinpark/wth-you	Wth>You (Chairman Hahn Reanimation) (with you remix)	Linkin Park ft. Aceyalone
0.850	title-words	PM Dawn	Set Adrift on Memory Bliss	https://soundcloud.com/swoozie/pm-dawn-set-adrift-on-memory-bliss	Set A Drift On Memory Bliss	PM Dawn
0.850	title-words	[Rhythm Heaven Fever] Vocal	Karate Man 2 ~Lonely Storm~ [English]	https://soundcloud.com/valentein-1/rhythm-heaven-fever-vocal	Tsunku♂ - Karate Man 2 (悲しみのスコール)	Rhythm Heaven Fever
0.847	export-remix	DJ Jazzy Jeff	Fresh Prince Of Bel-Air (Skorge Remix) [BUY = FREE DOWNLOAD]	https://soundcloud.com/officialskorge/fresh-prince-of-bel-air-skorge-remix	DJ Jazzy Jeff & the Fresh Prince - Yo Home to Bel-Air	The Fresh Prince of Bel-Air
0.830	title-words	CharlesOst	Rhythm Heaven(DS)-OST Shoot-_em-up	https://soundcloud.com/tania-lopez-534950432/rhythm-heaven-ds-ost-shoot-em	Tsunku♂ - Shoot-'em-up	Rhythm Heaven
0.830	title-words	Koji Kondo	The Legend of Zelda: Ocarina of Time OST: Last Battle	https://soundcloud.com/gabe-ninja/the-legend-of-zelda-ocarina-of-time-ost-last-battle	Koji Kondo - Princess Zelda	The Legend of Zelda: Ocarina of Time
0.830	title-words	Figure Fighter 2	Rhythm Heaven Fever - HQ	https://soundcloud.com/user-865591989/figure-fighter-2-rhythm-heaven	Tsunku♂ - Figure Fighter 2	Rhythm Heaven Fever
0.830	title-words	Koji Kondo	Underwater // Super Mario 3D World (2013)	https://soundcloud.com/not-bowsers-fury/sunshine-seaside-underwater-super-mario-3d-world-2013	Koji Kondo - Special World	Super Mario World
0.830	title-words	Koji Kondo	Super Mario 64 Main Theme	https://soundcloud.com/nintendo-music-mario3/super-mario-64-main-theme	Koji Kondo - Powerful Mario	Super Mario 64
0.830	title-words	Doja Cat	Boss B*tch(from Birds of Prey: The Album)	https://soundcloud.com/atlanticrecords/doja-cat-boss-bitch	Doja Cat - Boss Bitch	Birds of Prey
0.830	title-words	CharlesOst	Rhythm Heaven(DS)-OST-Game Select-1	https://soundcloud.com/tania-lopez-534950432/rhythm-heaven-ds-ost-game	Tsunku♂ - Game Select 1	Rhythm Heaven
0.830	title-words	Game Select 1	Rhythm Heaven Fever	https://soundcloud.com/supersurvivalist/game-select-1-rhythm-heaven	Tsunku♂ - Game Select 1	Rhythm Heaven
0.830	title-words	Koji Kondo	The Legend of Zelda: Ocarina of Time OST: Last Battle	https://soundcloud.com/gabe-ninja/the-legend-of-zelda-ocarina-of-time-ost-last-battle	Koji Kondo - Princess Zelda	The Legend of Zelda: Ocarina of Time
0.830	title-words	Packing Pests 2	[Rhythm Heaven Fever]	https://soundcloud.com/minecraftroxs-732354224/packing-pests-2-rhythm-heaven-fever	Tsunku♂ - Packing Pests 2	Rhythm Heaven Fever
0.830	title-words	Cheer Readers 2	Rhythm Heaven Fever	https://soundcloud.com/shadowlecsplosion/cheer-readers-2-rhythm-heaven	Tsunku♂ - Cheer Readers 2	Rhythm Heaven Fever
0.830	title-words	Micro	Row 2 - Rhythm Heaven Fever - HQ	https://soundcloud.com/user-865591989/micro-row-2-rhythm-heaven	Tsunku♂ - Micro-Row 2	Rhythm Heaven Fever
0.830	title-words	Koji Kondo	The Legend of Zelda: Ocarina of Time OST: Last Battle	https://soundcloud.com/gabe-ninja/the-legend-of-zelda-ocarina-of-time-ost-last-battle	Koji Kondo - Princess Zelda	The Legend of Zelda: Ocarina of Time
0.830	title-words	CharlesOst	Rhythm Heaven(DS)-OST Glee Club 2	https://soundcloud.com/tania-lopez-534950432/rhythm-heaven-ds-ost-glee-1	Tsunku♂ - Glee Club 2	Rhythm Heaven
0.830	title-words	Hole In One 2	Rhythm Heaven Fever	https://soundcloud.com/cheeseboy2251/hole-in-one-2-rhythm-heaven-fever	Tsunku♂ - Hole in One 2	Rhythm Heaven Fever
0.830	title-words	Koji Kondo	The Legend of Zelda: Ocarina of Time OST: Last Battle	https://soundcloud.com/gabe-ninja/the-legend-of-zelda-ocarina-of-time-ost-last-battle	Koji Kondo - Princess Zelda	The Legend of Zelda: Ocarina of Time
0.830	title-words	Koji Kondo	The Legend of Zelda: Ocarina of Time OST: Last Battle	https://soundcloud.com/gabe-ninja/the-legend-of-zelda-ocarina-of-time-ost-last-battle	Koji Kondo - Princess Zelda	The Legend of Zelda: Ocarina of Time
0.830	title-words	Koji Kondo	The Legend of Zelda: Ocarina of Time OST: Last Battle	https://soundcloud.com/gabe-ninja/the-legend-of-zelda-ocarina-of-time-ost-last-battle	Koji Kondo - Princess Zelda	The Legend of Zelda: Ocarina of Time
0.830	title-words	CharlesOst	Rhythm Heaven(DS)-OST Frog Hop 2	https://soundcloud.com/tania-lopez-534950432/rhythm-heaven-ds-ost-frog-1	Tsunku♂ - Frog Hop 2	Rhythm Heaven
0.830	title-words	Koji Kondo	Underwater // Super Mario 3D World (2013)	https://soundcloud.com/not-bowsers-fury/sunshine-seaside-underwater-super-mario-3d-world-2013	Koji Kondo - Special World	Super Mario World
0.830	title-words	Working Dough 2	Rhythm Heaven Fever - HQ	https://soundcloud.com/user-865591989/working-dough-2-rhythm-heaven-fever-hq	Tsunku♂ - Working Dough 2	Rhythm Heaven Fever
0.830	title-words	Eryngium	Friendly Fire by Epic Games/Fortnite	https://soundcloud.com/commented-o-9-years-ago/friendly-fire-by-epic-games	Epic Games - Fire and Steel	Fortnite
0.830	title-words	Koji Kondo	The Legend of Zelda: Ocarina of Time OST: Last Battle	https://soundcloud.com/gabe-ninja/the-legend-of-zelda-ocarina-of-time-ost-last-battle	Koji Kondo - Princess Zelda	The Legend of Zelda: Ocarina of Time
0.830	title-words	CharlesOst	Rhythm Heaven(DS)-OST Space Soccer 2	https://soundcloud.com/tania-lopez-534950432/rhythm-heaven-ds-ost-space-1	Tsunku♂ - Space Soccer 2	Rhythm Heaven
0.830	title-words	Koji Kondo	Underwater // Super Mario 3D World (2013)	https://soundcloud.com/not-bowsers-fury/sunshine-seaside-underwater-super-mario-3d-world-2013	Koji Kondo - Special World	Super Mario World
0.830	title-words	Miley Cyrus	On A Roll (from the Netflix Original Series 'Black Mirror')	https://soundcloud.com/aintmyfault/miley-cyrus-on-a-roll-from-the-netflix-original-series-black-mirror	Miley Cyrus - Ashley O - On A Roll	Black Mirror
0.830	title-words	Epic Games	OG fortnite theme (Only staying up cuz of plays)	https://soundcloud.com/neoghostmusic/og-fortnite-theme-free-download	Epic Games - Switch Up	Fortnite
0.830	title-words	Koji Kondo	The Legend of Zelda: Ocarina of Time OST: Last Battle	https://soundcloud.com/gabe-ninja/the-legend-of-zelda-ocarina-of-time-ost-last-battle	Koji Kondo - Princess Zelda	The Legend of Zelda: Ocarina of Time
0.830	title-words	CharlesOst	Rhythm Heaven(DS)-OST Game Select 2	https://soundcloud.com/tania-lopez-534950432/rhythm-heaven-ds-ost-game-1	Tsunku♂ - Game Select 2	Rhythm Heaven
0.830	title-words	ace <3	[Rhythm Heaven Fever]  Built to Scale 2 (Perfect)	https://soundcloud.com/finn-133292477/rhythm-heaven-fever-built-to	Tsunku♂ - Built to Scale 2	Rhythm Heaven
0.829	title-words	Empire Of The Sun	We Are The People	https://soundcloud.com/empireofthesunsound/we-are-the-people	We Are The People (We Are The Cagedbaby Mix)	Empire Of The Sun
0.829	title-words	Phoenix	All Eyes on Me (feat. BENEE, Chad Hugo & Pusha T)	https://soundcloud.com/phoenix/all-eyes-on-me-feat-benee-chad	All Eyes On Me (Chad Hugo’s Le Yaca Version)	Phoenix ft. BENEE & Pusha T
0.828	artist	Dj Bilis no Beat	BILÃONOBEAT -Faz Macete X  25 é Natal ,(MC Magrinho , Mc GW	https://soundcloud.com/danilo-queiroz-148266427/bilaonobeat-faz-macete-x-25-e	MC GW (BEAT DO PAC-MAN)	FOGO NO PUTEIRO x 25 E NATAL
0.800	title	Drake ✪ & 21 Savage ✪	Rich Flex p.1 (DJ ROCCO & DJ EVER B Remix) (FULL VERSION ON PATREON)	https://soundcloud.com/wewinnin/flex	Rich Flex pt1 (can you do sum for me)	Drake, 21 Savage
0.800	title	Epic Games	A-meow-zing Beat | Fortnite Emote	https://soundcloud.com/david-beaudette-244776420/a-meow-zing-beat-fortnite	Fortnite Emote (Ballads Edit)	Epic Games, Inc. (d.b.a. Bandcamp)
0.800	artist	M.C. Hammer	U Can't Touch This	https://soundcloud.com/mc-hammer-official/u-cant-touch-this	U Can't Touch This	MC Hammer
0.800	artist	Pharrell	Our Father	https://soundcloud.com/pharrellwilliams-official/our-father	Our Father	Pharrell Williams
0.800	title	Super Mario Sunshine	Mecha Bowser	https://soundcloud.com/jkmettaton-net52/super-mario-sunshine-mecha-bowser	Mecha-Bowser Rises	Super Mario Sunshine
0.800	title	Chloe Moriondo	Cdbaby (RXSH Remix) 24bit [FREE DL]	https://soundcloud.com/rxshofficial/cdbaby-remix-master-24bit	Cdbaby♡ (underscores remix)	chloe moriondo
0.800	artist	Emo G Records	Don't Doubt ur Vibe	https://soundcloud.com/user-209448905/dont-doubt-ur-vibe	Don't Doubt ur Vibe	Emo G Records (Elon Musk)
0.800	artist	Nintendo	Nintendo eShop Music	https://soundcloud.com/zeroforce14/june-2011-3ds-nintendo-eshop	eShop	Nintendo 3DS
0.800	title	Rhythm Heaven	DJ School with Vocals	https://soundcloud.com/poshposh-productions/rhythm-heaven-dj-school-with	Tsunku♂ - DJ School	Rhythm Heaven
0.800	title	Super Mario Sunshine OST	Get Shine Sprite	https://soundcloud.com/vybenet/super-mario-sunshine-ost-get	A Shine Sprite Appears	Super Mario Sunshine
0.800	title	Irfane feat. Outlines	Just A Little Lovin (Radio-Edit)	https://soundcloud.com/animoz/irfane-feat-outlines-just-a-little-lovin-radio-edit	Just A Lil' Lovin'	Irfane ft. Outlines
0.800	title	J. Cole & Kendrick Lamar	Black Friday Pt. 2	https://soundcloud.com/vilifiermusic/j-cole-kendrick-lamar-black-friday-pt-2	Black Friday pt1	Kendrick Lamar & J Cole
0.800	title	FMM: SOPHIE	EEEHHH/Nothing More To Say	https://soundcloud.com/annie-mac-presents/free-music-monday-sophie	Nothing More To Saw (Vox)	SOPHIE
0.800	title	The Young Punx	Your Music Is Killing Me	https://soundcloud.com/theyoungpunx/your-music-is-killing-me-2	Your Music Is Killing Me (Phonat Mix)	The Young Punx
0.800	title	Rhythm Heaven Fever	Power Calligraphy	https://soundcloud.com/ruberjig-kun/rhythm-heaven-fever-power-calligraphy	Tsunku♂ - Power Calligraphy	Rhythm Heaven Fever
0.800	title	A. G. Cook	Cos I Love U	https://soundcloud.com/agcook/cos-i-love-u	Cos I Love You	A. G. Cook
0.800	title	Beyonce	Virgos Jersey Culo Groove Pt 2	https://soundcloud.com/culoculoculo/beyonce-virgos-jersey-culo-groove-pt-2	VIRGO'S GROOVE pt2	Beyoncé
0.800	title	Injury Reserve	Wax On (feat. Freddie Gibbs)	https://soundcloud.com/injuryreserve/track-8	Wax On Wax Off	Injury Reserve
0.800	title	Splatoon 2	Unknown Inkopolis Square "Plaza00_F" Track (2TX5 Team Order Electro Mix)	https://soundcloud.com/2tx5/splatoon-2-unknown-inkopolis-square-plaza00_f-track-2tx5-team-order-electro-mix	Inkopolis Square Speakers J	Splatoon 2
0.800	title	wowaka feat. 初音ミク	Rolling Girl ーローリンガールー	https://soundcloud.com/cfm_miku_2/rolling-girl	Rolling Girl PV	wowaka ft. Hatsune Miku
0.800	artist	ryo	Melt ーメルトー	https://soundcloud.com/cfm_miku_2/melt	Melt	ryo (supercell) ft. Hatsune Miku
0.800	artist	Fly Octo Fly ~ Ebb & Flow (Octo) [Off The Hook]	Splatoon 2 Octo Expansion (FINAL BOSS)	https://soundcloud.com/damein-baker-3/fly-octo-fly-ebb-flow-octo-off	Turquoise October - Octoweaponry (Phase 2)	Splatoon
0.800	artist	Splatune 3	Cap’n Cuttlefish’s Theme	https://soundcloud.com/ay-ayos/splatune-3-capn-cuttlefishs	Cap'n Cuttlefish's Theme (Dry)	Splatoon 3
0.800	title	A$AP Rocky	Long Live A$AP	https://soundcloud.com/asvpxrocky/long-live-a-ap-2	Long Live A$AP (live forever)	A$AP Rocky
0.800	title	Baby Keem & Kendrick Lamar	Family Ties pt.2 (Gully B 'Gqom' Edit)	https://soundcloud.com/gullyb/baby-keem-kendrick-lamar-family-ties-pt2-gully-b-gqom-edit	family ties pt2	Baby Keem, Kendrick Lamar
0.800	artist	Flux Pavilion	I Still Can't Stop	https://soundcloud.com/flux-pavilion/flux-pavilion-i-still-cant	I Can't Stop	Flux Pavillion
0.800	artist	Genesis Owusu	Easy	https://soundcloud.com/genesis-owusu/easy	Easy	Genesis Owusi
0.800	artist	Adam Griffin	Im Blue	https://soundcloud.com/adam-griffin21/im-blue	I'm Blue (Da Ba Dee) (Goofy) (blue)	Julie Griffin
0.800	title	Kendrick Lamar Ft. U2	XXX One Hour Version (fasterl)	https://soundcloud.com/r4p1111g0d/kendrick-lamar-ft-u2-xxx-one-hour-version-fasterl	XXX. FEAT. U2 pt1 (america)	Kendrick Lamar
0.800	title	Mariofan888 fan	Mariofan888-1 2 Haferbrei	https://soundcloud.com/julian-slime/mariofan888-1-2-haferbrei	1 2 Oatmeal	Mariofan888
0.800	artist	Pharrell	Raspy Shit	https://soundcloud.com/pharrellwilliams-official/raspy	Raspy Shit	Pharrell Williams
0.800	title	Piano Fantasia	Song for Denise	https://soundcloud.com/pianofantasia/song-for-denise	Song for Denise (Maxi Version) (wide putin)	Piano Fantasia
0.800	title	Smash Mouth	Then The Morning Comes	https://soundcloud.com/smash-mouth-official/then-the-morning-comes-album	When The Morning Comes	Smash Mouth
0.800	artist	Splatune 3	Go, Agent 3!	https://soundcloud.com/ay-ayos/splatune-go-agent-3	Go, Agent 3!	Splatoon 3
0.800	artist	Cordae	Locationships	https://soundcloud.com/cordae/locationships	Locationships	YBN Cordae
0.800	artist	Cordae	Have Mercy	https://soundcloud.com/cordae/have-mercy	Have Mercy	YBN Cordae
0.800	title	Charli xcx	No Angel	https://soundcloud.com/charlixcx/no-angel	No Angel (SOPHIE Version) (leak)	Charli XCX
0.800	artist	Akitaka Tohyama	You Are Smart	https://soundcloud.com/katamariislife/you-are-smart	Akitaka Toyama - You Are Smart	Katamari Damacy
0.800	title	Bad Religion	21st Century (Digital Boy)	https://soundcloud.com/badreligion/21st-century-digital-boy	21st Century Digital Boy (against the grain version)	Bad Religion
0.800	title	travis scott, james blake & westside gunn	lost forever (volen flip) v2	https://soundcloud.com/volensucks/lost-forever-flip-v2	LOST FOREVER pt2	Travis Scott ft. Westside Gunn
0.800	title	Tyler, The Creator	SIR BAUDELAIRE (feat. DJ Drama)	https://soundcloud.com/tylerthecreatorofficial/tyler-the-creator-sir	SIR BAUDELAIRE outro (call me if you get lost)	Tyler, The Creator
0.800	title	Baby Keem & Kendrick Lamar	Family Ties pt.2 (Gully B 'Gqom' Edit)	https://soundcloud.com/gullyb/baby-keem-kendrick-lamar-family-ties-pt2-gully-b-gqom-edit	family ties pt2	Baby Keem, Kendrick Lamar
0.800	title	Bad Religion	21st Century (Digital Boy)	https://soundcloud.com/badreligion/21st-century-digital-boy	21st Century Digital Boy (against the grain version)	Bad Religion
0.800	artist	Chip Tha Ripper	Interior Crocodile Alligator Freestyle	https://soundcloud.com/chiptharipper216/interior-crocodile-alligator-1	Interior Crocodile Alligator Freestyle	King Chip
0.800	title	Porter Robinson & Lazy Rich Ft. Sue Cho	Hello (Digital Freq Remix)	https://soundcloud.com/cheesycarrotstickss/porter-robinson-lazy-rich-ft	Hello (Jeff T Remix)	Lazy Rich & Porter Robinson ft. Sue Cho
0.800	title	Mark Pritchard & Thom Yorke	This Conversation is Missing Your Voice	https://soundcloud.com/markprtchrd/this-conversation-is-missing	This Conversation is Missing Your Voice Dmpic, some Cmin)	Mark Pritchard & Thom Yorke
0.800	artist	Pharrell	How Does It Feel?	https://soundcloud.com/pharrellwilliams-official/how-does-it-feel	How Does It Feel?	Pharrell Williams
0.800	artist	Playboi Carti	MOJO JOJO	https://soundcloud.com/playboicarti/caa94b0c-c0e2-489d-8059-43df140e4553	MOJO JOJO	Playboi Carti (ft. Kendrick Lamar)
0.800	artist	Fly Octo Fly ~ Ebb & Flow (Octo) [Off The Hook]	Splatoon 2 Octo Expansion (FINAL BOSS)	https://soundcloud.com/damein-baker-3/fly-octo-fly-ebb-flow-octo-off	Turquoise October - Octoweaponry (Phase 2)	Splatoon
0.800	artist	tracey brakes	dubstep boy	https://soundcloud.com/traceybrakes/dubstep-boy	dubstep boy	tracey breaks
0.800	artist	The Legend Of ZeldaThe Wind Waker	Great Fairy Fountain	https://soundcloud.com/marat-abilov-928609746/the-legend-of-zeldathe-wind	Great Fairy Fountain	The Legend of Zelda: Breath of the Wild
0.800	title	Hitkidd, GloRilla	F.N.F. (Let's Go)	https://soundcloud.com/hitkidd/f-n-f-lets-go	F.N.F. (Let's Go) (pianohop)	Hitkidd, GloRilla
0.800	artist	Chip Tha Ripper	Interior Crocodile Alligator Freestyle	https://soundcloud.com/chiptharipper216/interior-crocodile-alligator-1	Interior Crocodile Alligator Freestyle	King Chip
0.800	artist	MisanthropNSGNL	Sex Sells (Neosignal Rec.) OUT NOW!	https://soundcloud.com/misanthropnsgnl/phace-misanthrop-sex-sells-friction-bbc-radio-1-premier	Sex Sells (get dirty tonight)	Phace ft. Misanthrop
0.800	title	Travis scott ft drake	sicko mode X Do you love me ( Prod by khalifa santo )	https://soundcloud.com/jassemmusic/travis-scott-ft-drake-sicko	Sicko Mode pt3	Travis Scott ft. Drake
0.800	title	The Go! Team	Everyone's A V.I.P. To Someone	https://soundcloud.com/thegoteam/everyones-a-v-i-p-to-someone-1	Everyone's a VIP to Someone	Go! Team
0.800	title	BEJALVIN	SWAGGED OUT	https://soundcloud.com/bejalvin/swagged-out	SWAGGED OUT (Remix)	BEJALVIN ft. AGES
0.800	title	Drake	Family Matters (INSTRUMENTAL)  PT. 3	https://soundcloud.com/cdnthe3rd-680778057/drake-family-matters-instrumental-pt-3	FAMILY MATTERS pt1	DRAKE
0.800	title	Headman	Catch Me If You Can	https://soundcloud.com/nolimitsmusic/headman-catch-me-if-you-can	Catch Me (Dub) (do your dance)	Headman
0.800	title	Kendrick Lamar	XXX. Feat. U2 (Designed Lizard Remix)	https://soundcloud.com/user-986392887/kendrick-lamar-xxx-feat-u2-designed-lizard-remix	XXX. FEAT. U2 pt1 (america)	Kendrick Lamar
0.800	title	Shygirl, SG Lewis, Club Shy	mr useless	https://soundcloud.com/0800shygirl/shygirl-sg-lewis-mr-useless	mr useless (MK edit)	Shygirl ft. SG Lewis
0.800	artist	Fly Octo Fly ~ Ebb & Flow (Octo) [Off The Hook]	Splatoon 2 Octo Expansion (FINAL BOSS)	https://soundcloud.com/damein-baker-3/fly-octo-fly-ebb-flow-octo-off	Turquoise October - Octoweaponry (Phase 2)	Splatoon
0.800	title	Chemical brothers	playground for a wedgeless firm (mj remix)	https://soundcloud.com/eweremixes/chemical-brothers-playground	Playground For A Wedgeless Fern	The Chemical Brothers
0.800	title	Joji	Gimme Love	https://soundcloud.com/jojiofficial/gimme-love	Gimme Love pt1	Joji
0.800	title	Yakuza 0/5/Kiwami	Baka Mitai (Kazuma Kiryu)	https://soundcloud.com/rain-boi-581578131/yakuza-0-5-kiwami-baka-mitai	Karaoke: Baka Mitai	Yakuza 0
0.800	title	CYBERPUNK 2077 SOUNDTRACK	MUÉVELO (Cumbia) by David Rolas & Papito Gringo	https://soundcloud.com/user-113977542/cyberpunk-2077-soundtrack	Papito Gringo (David Rolas) - Muélvo (Cumbia)	Cyberpunk 2077
0.800	title	Lady Gaga	Telephone ft. Beyonce (Sam Red Techno Remix)	https://soundcloud.com/sam-red-747517296/lady-gaga-telephone-ft-beyonce-sam-red-techno-remix	Telephone (Alphabeat Remix)	Lady Gaga ft. Beyoncé
0.800	artist	Riot In Belgium	La Musique (feat. Gini)	https://soundcloud.com/alpha-clown/riot-in-belgium-la-musique	La musique	Riot In Belguim
0.800	artist	Jaden	GOKU	https://soundcloud.com/jadensmithofficial/goku	GOKU	Jaden Smith
0.800	title	JPEGMAFIA	THE GHOST OF RANKING DREAD! (ft. Tkay Maidza)	https://soundcloud.com/jpegmafia/jpegmafia-elpee-18-the-ghost-of-ranking-dread	THE GHOST OF RANKING DEAD!	JPEGMAFIA ft. Tkay Maidza
0.800	title	Kendrick Lamar	tv off pt.1 (ECEE Instrumental)	https://soundcloud.com/prodbyecee/kendrick-lamar-tv-off-pt1-ecee-instrumental	tv off (feat. lefty gunplay) pt2 (mustard)	Kendrick Lamar
0.800	title	Nick León	Bikini (Dubbel Dutch Remix) [feat. Erika de Casier]	https://soundcloud.com/nickleon/bikini-dubbel-dutch-remix	Bikini (Bok's Dub)	Nick León & Erika de Casier
0.800	artist	GUMI	Megu Megu Fire Endless Night	https://soundcloud.com/eridiar/gumi-megu-megu-fire-endless	Megu Megu☆Fire Endless Night	samfree ft. GUMI
0.800	title	TRAVIS SCOTT	SICKO MODE  FT DRAKE [[ Speed + Grave]]	https://soundcloud.com/victor-gabriel-81886499/travis-scott-sicko-mode-ft-2	Sicko Mode pt3	Travis Scott ft. Drake
0.800	artist	FBR002: 2. The Demon Dwarf	Rock The Beat	https://soundcloud.com/noisekick_real/fbr002-2-the-demon-dwarf-rock	Rock the Beat!	2 Mello
0.800	artist	Beats International	Dub Be Good To Me	https://soundcloud.com/beats-international/dub-be-good-to-me-4	Dub Be Good To Me	Beats International (and Norman Cook)
0.800	title	deadmau5	deadmau5 / Sex Lies Audiotape (Redux Remix)	https://soundcloud.com/playrecords/deadmau5-sex-lies-audiotape-redux-remix	Sex, Lies, Audio Tape	deadmau5
0.800	artist	Rejected Flight Attendant 2: Get Ready To Rumble	M6) DUEL! My Name is Jeff ~ The Joy of Compilation	https://soundcloud.com/reject-rumble-2/freddy-tyler-moore	Getaway	2 Mello
0.800	title	Play Paul	Spaced Out II	https://soundcloud.com/deuspy/play-paul-spaced-out-2	Spaced Out 2	Play Paul
0.800	title	Rhythm Heaven Fever	Remix 2	https://soundcloud.com/spongyoshi-spongette/rhythm-heaven-fever-remix-2	Tsunku♂ - Remix 2	Rhythm Heaven
0.800	title	Rhythm Heaven Fever	Love Rap [JP]	https://soundcloud.com/maxim-forget/rhythm-heaven-fever-love-rap-jp	Tsunku♂ - Love Rap (into you)	Rhythm Heaven Fever
0.800	artist	S Club	Don't Stop Movin'	https://soundcloud.com/s-club/dont-stop-movin	Don't Stop Movin'	S Club 7
0.800	artist	Fly Octo Fly ~ Ebb & Flow (Octo) [Off The Hook]	Splatoon 2 Octo Expansion (FINAL BOSS)	https://soundcloud.com/damein-baker-3/fly-octo-fly-ebb-flow-octo-off	Turquoise October - Octoweaponry (Phase 2)	Splatoon
0.800	title	Travis Scott	MY EYES - Second Part 1 Hour Loop	https://soundcloud.com/user-81760703/travis-scott-my-eyes-second	MY EYES pt2	Travis Scott
0.800	artist	Unghetto	HI	https://soundcloud.com/unghetto-mathieu/hi	Hi	Unghetto Mathieu
0.800	title	Fred Astaire	I Won't Dance	https://soundcloud.com/fred-astaire-official/i-wont-dance-4	I Won't Dance (1952 version)	Fred Astaire
0.800	title	Rhythm Heaven Fever	Read Something	https://soundcloud.com/ruberjig-kun/read-something-rhythm-heaven-fever	Tsunku♂ - Read Something	Rhythm Heaven Fever
0.800	title	Nirvana	Radio Friendly Unit Shifter (Live in Milan, Italy 1994)	https://soundcloud.com/grimes-304864770/nirvana-radio-friendly-unit-shifter-live-in-milan-italy-1994	Radio Friendly Unit Shelter	Nirvana
0.800	title	The Young Punx	Your Music Is Killing Me	https://soundcloud.com/theyoungpunx/your-music-is-killing-me-2	Your Music Is Killing Me (Phonat Mix)	The Young Punx
0.800	title	Elisibeth Sophia, Billie Eilish	Halley’s Comet by Billie Eilish (Covered By Elisibeth Sophia 1st take)	https://soundcloud.com/user-369553695/halleys-comet-by-billie-eilish-covered-by-sophia-elisibeth	Halley's Comet pt2	Billie Eilish
0.790	artist	The Cursed Needle	Splatoon 2 Octo Expansion OST Bad Ending	https://soundcloud.com/cursed-needle-22575595950/splatoon-2-ost-octo-expansion-bad-ending	Turquoise October - Octoweaponry (Phase 2)	Splatoon
0.790	artist	Ending Theme	Super Mario World	https://soundcloud.com/loomiofficial/ending-theme-super-mario-world	Ending Theme	Super Mario Bros. 2
0.790	artist	Fanfare Vagabontu	Wii Channel Intro/Trumpet Rabbid	https://soundcloud.com/jaylenjamz2/wii-channel-intro-trumpet	Channel Intro	Wii Sports
0.790	artist	MFR Terabox	skibidi toilet 32 by dafuqboom	https://soundcloud.com/mfr-terabox/skibidi-toilet-32-by-dafuqboom	skibidi toilet (yes yes)	DaFuq!?Boom!
0.790	artist	Super Smash Bros. Brawl	Wii Shop Channel	https://soundcloud.com/qoach/wii-shop-channel	Wii Channel	Wii Play
0.790	artist	GlitchxCity	Pokémon Red and Blue: Kanto Trainer Battle Theme Dance Remix	https://soundcloud.com/glitchxcity/kanto-trainer-battle-dance-remix	Pokémon Theme	Pokémon the Series
0.790	artist	Rhythm Of The Night	Sk8er Boi (Avril Lavigne)	https://soundcloud.com/rhythm-of-the-night/sk8er-boi-avril-lavigne	Sk8er Boi	Avril Lavgine
0.790	artist	pr00gamer420,EXT	dont_play_this_game_you_wont_last_30_seconds	https://soundcloud.com/hunter-dalton-549666664/dont_play_this_game_you_wont_l	Last 30 Seconds (Laser Hockey)	Wii Play
0.790	artist	Kazumi Totaka	Boxing Round Start (Wii Sports OST)	https://soundcloud.com/memyselfandfred/boxing-round-start	Round Start (Tanks)	Wii Play
0.790	artist	Great Fairy's Fountain	The Legend of Zelda: Ocarina of Time OST Cover	https://soundcloud.com/alexmarucci/great-fairys-fountain-the-legend-of-zelda-ocarina-of-time-ost	Great Fairy Fountain	The Legend of Zelda: Breath of the Wild
0.790	artist	DTown	Say Somethin (Featuring Mai Byrd & K - Starr) produced by Mello Dee	https://soundcloud.com/king-dtown/dtown-say-somethin-featuring-mai-byrd-k-starr-produced-by-mello-dee	Say Somethin'	2 Mello
0.790	artist	Run Away With Me (Ft. Luke Lines)	Adam Lines	https://soundcloud.com/adam-lines-1/run-away-with-me-ft-luke-lines-adam-lines	Run Away With Me	Adam Neely
0.790	artist	N.E.R.D.	Am I High (feat. Malice)	https://soundcloud.com/nerd/am-i-high-feat-malice	Am I High	N.E.R.D ft. No Malice
0.790	artist	GlitchxCity	Pokémon Red and Blue: Kanto Trainer Battle Theme Dance Remix	https://soundcloud.com/glitchxcity/kanto-trainer-battle-dance-remix	Pokémon Theme	Pokémon the Series
0.790	artist	Kazumi Totaka	Boxing Round Start (Wii Sports OST)	https://soundcloud.com/memyselfandfred/boxing-round-start	Round Start (Tanks)	Wii Play
0.790	artist	Beast	Hateful Person (Big OST Part 2)	https://soundcloud.com/hottestairen/beast-hateful-person-big-ost	Big Beast	2 Mello
0.790	artist	Finn Keane	Be Your USA (feat. Iiris)	https://soundcloud.com/easyfunofficial/be-your-usa-feat-iiris	Be Your USA	EASYFUN ft. Iiris
0.790	artist	Krafty Kuts	Old To The New Volume 2	https://soundcloud.com/kraftykuts/krafty-kuts-old-to-the-new-vol-2-june-2010-dj-mix	Old to the New	2 Mello
0.790	artist	The Cursed Needle	Splatoon 2 OST Octo Expansion Deepsea Metro Central Station	https://soundcloud.com/cursed-needle-22575595950/splatoon-2-ost-octo-expansion-deepsea-metro-central-station	Turquoise October - Octoweaponry (Phase 2)	Splatoon
0.780	title	Wenamechaindesama	Mount Wario (2.2 Sector)- Mario Kart 8 Deluxe OST	https://soundcloud.com/a-820935462/mount-wario-2-2-sector-mario	Mount Wario pt2	Mario Kart 8 Deluxe
0.780	title	Wenamechaindesama	Mount Wario (3. Sector)- Mario Kart 8 Deluxe OST	https://soundcloud.com/a-820935462/mount-wario-3-sector-mario	Mount Wario pt2	Mario Kart 8 Deluxe
0.780	title	FriendCom Industries, Tsunku♂	Rhythm Heaven	https://soundcloud.com/friendcom-industries/remix-3-ds	Tsunku♂ - Rhythm Rally	Rhythm Heaven
0.780	title	CharlesOst	Rhythm Heaven(DS)-OST Dog Ninja	https://soundcloud.com/tania-lopez-534950432/rhythm-heaven-ds-ost-dog-ninja	Tsunku♂ - Dog Ninja (Tears of a Dog Ninja)	Rhythm Heaven
0.780	title	See-Saw	Rhythm Heaven Fever	https://soundcloud.com/fancypancakes/see-saw-rhythm-heaven-fever	Tsunku♂ - See Saw	Rhythm Heaven Fever
0.780	title	Pablo Acevedo	[Rhythm Heaven Fever] ~ Samurai Slice (Perfect)	https://soundcloud.com/yes-no-773630910/rhythm-heaven-fever-samurai-slice-perfect	Tsunku♂ - Samurai Slice	Rhythm Heaven Fever
0.780	title	Exhibition Match	Rhythm Heaven Fever - HQ	https://soundcloud.com/user-865591989/exhibition-match-rhythm-heaven	Tsunku♂ - Exhibition Match	Rhythm Heaven Fever
0.780	title	Give a Lil Bit Back	Friday Night Funkin' OST	https://soundcloud.com/pastel-3-449259571/give-a-lil-bit-back-friday	Kawai Sprite - Give A Lil Bit Back	Friday Night Funkin'
0.780	title	Wenamechaindesama	Mount Wario (1. Sector)- Mario Kart 8 Deluxe OST	https://soundcloud.com/a-820935462/mount-wario-1-sector-mario	Mount Wario pt2	Mario Kart 8 Deluxe
0.780	title	Built To Scale	Rhythm Heaven Fever	https://soundcloud.com/stepswitcher/built-to-scale-rhythm-heaven-fever	Tsunku♂ - Built to Scale	Rhythm Heaven
0.780	title	FriendCom Industries, Tsunku♂	Rhythm Heaven	https://soundcloud.com/friendcom-industries/remix-3-ds	Tsunku♂ - Rhythm Rally	Rhythm Heaven
0.780	title	CharlesOst	Rhythm Heaven(DS)-OST Love Lizards	https://soundcloud.com/tania-lopez-534950432/rhythm-heaven-ds-ost-love	Tsunku♂ - Love Lizards	Rhythm Heaven
0.780	title	CharlesOst	Rhythm Heaven(DS)-OST Crop Stomp	https://soundcloud.com/tania-lopez-534950432/rhythm-heaven-ds-ost-crop	Tsunku♂ - Crop Stomp	Rhythm Heaven
0.780	title	CharlesOst	Rhythm Heaven(DS)-OST Freeze Frame	https://soundcloud.com/tania-lopez-534950432/rhythm-heaven-ds-ost-freeze	Tsunku♂ - Freeze Frame	Rhythm Heaven
0.780	title	Tsunku	Rhythm Heaven Fever	https://soundcloud.com/user-451613567/double-date-rhythm-heaven-fever	Tsunku♂ - Rhythm Rally	Rhythm Heaven
0.780	title	CharlesOst	Rhythm Heaven(DS)-OST Medal Corner	https://soundcloud.com/tania-lopez-534950432/rhythm-heaven-ds-ost-medal	Tsunku♂ - Medal Corner	Rhythm Heaven
0.780	title	Nathan Shepherd Pirtle	Bossa Nova Rhythm Heaven Fever	https://soundcloud.com/nathan-shepherd-pirtle/bossa-nova-rhythm-heaven-fever	Tsunku♂ - Bossa Nova	Rhythm Heaven Fever
0.780	title	TheJoner	[Rhythm Heaven Fever] ~ Tap Troupe (Perfect)[English]	https://soundcloud.com/afaggotcalledjoner/rhythm-heaven-fever-tap-troupe-perfect	Tsunku♂ - Tap Troupe	Rhythm Heaven Fever
0.780	title	Off The Hook	Splatoon 2 Beta	https://soundcloud.com/dora-quotes/fest-zest-splatoon-2-beta	Off the Hook - Splatfest (Theme Announcement)	Splatoon 2
0.780	title	Bon Bon	Rocket Launch (Grizzco Theme) (Splatoon 3 OST)	https://soundcloud.com/user-898497435-433049932/rocket-launch-grizzco-theme	Grizzo - Rocket Launch	Splatoon 3
0.780	title	Bon Bon	Bear with Me (Splatoon 3 OST)	https://soundcloud.com/user-898497435-433049932/bear-with-me-splatoon-3-ost	Grizzco - Bear with Me (Phase 1) (synth is 126, drums are 122)	Splatoon 3
0.780	title	Video Game Soundtracks	Super Mario Galaxy	https://soundcloud.com/dylan-dylan-298845181/super-mario-2007-super-mario-galaxy	Super Mario 2007	Super Mario Galaxy
0.780	title	MisterMann762	Cyberpunk 2077 | 99.9 Impulse FM Radio | Private Press DREAMY	https://soundcloud.com/mistermann762/private-press-dreamy	Private Press - ENERGEEHOUSE	Cyberpunk 2077
0.780	title	Brian!, Toby Fox	BURNING EYES from Deltarune Chapters 3+4 (2A03+MMC5 cover)	https://soundcloud.com/brianlindner/burning-eyes-drch3-2a03-mmc5	Toby Fox - Susie	DELTARUNE
0.780	title	Sad Compa	Mac Miller- Self Care Pt.2 Oblivion (Slowed+Reverb)	https://soundcloud.com/alanxxc/mac-miller-self-care-pt2-oblivion-slowedreverb	Self Care pt2	Mac Miller
0.780	title	Lonely Storm	Karate Man (Rhythm Heaven Fever)	https://soundcloud.com/stepswitcher/lonely-storm-karate-man-rhythm-heaven-fever	Tsunku♂ - Karate Man (悲しみのスコール)	Rhythm Heaven Fever
0.780	title	Mario Jones	Tekken Tag Tournament 2 OST  Piano Intro -Massive Mix-	https://soundcloud.com/mario-jones-257766020/tekken-tag-tournament-2-ost-piano-intro-massive-mix	Busy P - Piano Intro (Massive True Mix)	Tekken Tag Tournament 2
0.780	title	Jesus of Suburbia	Green Day (Guitar Cover)	https://soundcloud.com/luis-linares-1/jesus-of-suburbia-green-day	Jesus Of Suburbia pt1	Green Day
0.780	title	Dream Of Our Generation	Night Walk (Rhythm Heaven Fever)	https://soundcloud.com/stepswitcher/dream-of-our-generation-night-walk-rhythm-heaven-fever	Tsunku♂ - Night Walk (Dreams of Our Generation)	Rhythm Heaven Fever
0.780	title	Tsunku	Rhythm Heaven Fever	https://soundcloud.com/user-451613567/double-date-rhythm-heaven-fever	Tsunku♂ - Rhythm Rally	Rhythm Heaven
0.780	title	Pablo Acevedo	[Rhythm Heaven Fever] ~ Board Meeting (Perfect)	https://soundcloud.com/yes-no-773630910/rhythm-heaven-fever-board-meeting-perfect	Tsunku♂ - Board Meeting	Rhythm Heaven Fever
0.780	title	Micro	Row - Rhythm Heaven Fever - HQ	https://soundcloud.com/user-865591989/micro-row-rhythm-heaven-fever	Tsunku♂ - Micro-Row	Rhythm Heaven Fever
0.780	title	MisterMann762	Cyberpunk 2077 | 99.9 Impulse FM Radio | Private Press DREAMY	https://soundcloud.com/mistermann762/private-press-dreamy	Private Press - ENERGEEHOUSE	Cyberpunk 2077
0.780	title	Title Theme	Rhythm Heaven Megamix	https://soundcloud.com/haru-154735064/title-theme-rhythm-heaven-1	Tsunku♂ - Title Theme	Rhythm Heaven
0.780	title	Lonely Storm	Karate Man (Rhythm Heaven Fever)	https://soundcloud.com/stepswitcher/lonely-storm-karate-man-rhythm-heaven-fever	Tsunku♂ - Karate Man (悲しみのスコール)	Rhythm Heaven Fever
0.780	title	CharlesOst	Rhythm Heaven(DS)-OST Battle of the Bands	https://soundcloud.com/tania-lopez-534950432/rhythm-heaven-ds-ost-battle-of	Tsunku♂ - Battle of the Bands	Rhythm Heaven
0.780	title	MusicLover	[Rhythm Heaven Fever] Screwbot Factory (Perfect)	https://soundcloud.com/preston-rideout/rhythm-heaven-fever-screwbot-factory-perfect	Tsunku♂ - Screwbot Factory	Rhythm Heaven Fever
0.780	title	Silva Gunner Fan Club	[Rhythm Heaven Fever] Cheer Readers (Perfect)	https://soundcloud.com/user-955510167/rhythm-heaven-fever-cheer-readers-perfect	Tsunku♂ - Cheer Readers	Rhythm Heaven Fever
0.780	title	Hero Mode Rocket 4	Splatoon 3	https://soundcloud.com/dylan-games-853488218/hero-mode-rocket-4-splatoon-3	Hero Mode - Onward!	Splatoon
0.780	title	Endolphin Surge [Wet Floor]	Splatoon 2	https://soundcloud.com/963mlp/endolphin-surge-wet-floor-splatoon-2	Wet Floor - Defeat (Jingle)	Splatoon 2
0.780	title	House Of Jack's Music	Travis Scott (My Eyes Pt. 2 SHA3BY MIX)	https://soundcloud.com/house-of-jacks-music/travis-scott-my-eyes-pt-2-sha3by-mix	MY EYES pt2	Travis Scott
0.780	title	Pablo Acevedo	[Rhythm Heaven Fever] ~ Air Rally (Perfect)	https://soundcloud.com/yes-no-773630910/rhythm-heaven-fever-air-rally-perfect	Tsunku♂ - Rhythm Rally	Rhythm Heaven
0.780	title	Tsunku	Rhythm Heaven Fever	https://soundcloud.com/user-451613567/double-date-rhythm-heaven-fever	Tsunku♂ - Rhythm Rally	Rhythm Heaven
0.780	title	Frost	HARDTEK aphex twin schottkey 7th path (Frost Remix)	https://soundcloud.com/frostekk333/hardtek-apex-twin-schottkey-7th-path-frost-remix	Schottkey 7th Part	Aphex Twin
0.780	title	Pablo Acevedo	[Rhythm Heaven Fever] ~ Working Dough (Perfect)	https://soundcloud.com/yes-no-773630910/rhythm-heaven-fever-working-dough-perfect	Tsunku♂ - Working Dough	Rhythm Heaven Fever
0.780	title	TheJoner	[Rhythm Heaven Fever] ~ Remix 8 (Perfect)[English]	https://soundcloud.com/afaggotcalledjoner/dasfads	Tsunku♂ - Remix 8 (I Love You My One And Only)	Rhythm Heaven Fever
0.780	title	Hi-Hat (Rhythm Tweezers)	Rhythm Heaven Fever (Buildup Version)	https://soundcloud.com/nick-autumn-661900437/hi-hat-rhythm-tweezers-rhythm	Tsunku♂ - Hi-Hat (Rhythm Tweezers)	Rhythm Heaven Fever
0.780	title	Manzai Birds	Rhythm Heaven Fever	https://soundcloud.com/stepswitcher/manzai-birds-rhythm-heaven-fever	Tsunku♂ - Manzai Birds	Rhythm Heaven Fever
0.780	title	Resident Services [8-bit]	Animal Crossing: New Horizons	https://soundcloud.com/ardklaw/acnh-resident-services-v1	Resident Services Building (town hall)	Animal Crossing: New Horizons
0.780	title	kootlefoosh	The Avalanches -- If I was a Folkstar (cover by me)	https://soundcloud.com/kootlefoosh/the-avalanches-if-i-was-a-folkstar-cover-by-me	If I Were A Folkstar	The Avalanches
0.780	title	ShinyDrakeon15	[Rhythm Heaven Fever] Flock Step (Perfect)	https://soundcloud.com/shiny-pokenerd/rhythm-heaven-fever-flock-step	Tsunku♂ - Flock Step	Rhythm Heaven Fever
0.780	title	Remix 9	Rhythm Heaven Fever (ENG)	https://soundcloud.com/stepswitcher/remix-9-rhythm-heaven-fever-eng	Tsunku♂ - Remix 9 (Beautiful One Day)	Rhythm Heaven Fever
0.780	title	sunnytidwell99.1	TRAVIS SCOTT “LOST FOREVER” (DIOR X CACTUS JACK)	https://soundcloud.com/bryan-ortega-590629568/lost-forever-dior-x-cactus	LOST FOREVER pt2	Travis Scott ft. Westside Gunn
0.780	title	O2LA	LIL YACHTY- SAY SOMETHING [O2LA DNB REMIX]	https://soundcloud.com/user-320466175/lil-yachty-say-something-o2la	sAy sOMETHINg pt1	Lil Yachty
0.780	title	Speed Geek	Battle Without Honor Or Humanity (From "Kill Bill Vol.1") (Sped-Up Version)	https://soundcloud.com/speedgeek-sc/battle-without-honor-or-1	Tomoyasu Hotei - Battle Without Honor Or Humanity	Kill Bill Vol. 1
0.780	title	Remix 5	Rhythm Heaven Fever	https://soundcloud.com/spongyoshi-spongette/remix-5-rhythm-heaven-fever	Tsunku♂ - Remix 5	Rhythm Heaven
0.780	title	Hero Mode Alterna 2	Splatoon 3 OST	https://soundcloud.com/dayskievevo/hero-mode-alterna-2-splatoon-3	Hero Mode - Onward!	Splatoon
0.780	title	Seep & Destroy	Octoplush - Splatoon 3	https://soundcloud.com/catsillies/alterna-challenge-4-splatoon-3	Octoplush - Seep & Destory	Splatoon 3
0.780	title	Bon Bon	Bear with Me (Splatoon 3 OST)	https://soundcloud.com/user-898497435-433049932/bear-with-me-splatoon-3-ost	Grizzco - Bear with Me (Phase 1) (synth is 126, drums are 122)	Splatoon 3
0.780	title	CharlesOst	Rhythm Heaven(DS)-OST Munchy Monk	https://soundcloud.com/tania-lopez-534950432/rhythm-heaven-ds-ost-munchy	Tsunku♂ - Munchy Monk	Rhythm Heaven
0.780	title	Love Lab	Rhythm Heaven	https://soundcloud.com/maxim-forget/love-lab-rhythm-heaven	Tsunku♂ - Love Lab	Rhythm Heaven
0.780	title	I Feel Fine!~Remix 3	Rhythm Heaven Fever(english)	https://soundcloud.com/mikisashire/i-feel-fineremix-3-rhythm-heaven-feverenglish	Tsunku♂ - Remix 3	Rhythm Heaven
0.780	title	Shrimp Shuffle	Rhythm Heaven Fever - HQ	https://soundcloud.com/user-865591989/shrimp-shuffle-rhythm-heaven	Tsunku♂ - Shrimp Shuffle	Rhythm Heaven Fever
0.780	title	MisterMann762	Cyberpunk 2077 | 99.9 Impulse FM Radio | Private Press DREAMY	https://soundcloud.com/mistermann762/private-press-dreamy	Private Press - ENERGEEHOUSE	Cyberpunk 2077
0.780	title	21 Overdrive	Iwasaki Taku (JoJo's Bizarre Adventure: Battle Tendency)	https://soundcloud.com/jonathanjoestar/21-overdrive	Taku Iwasaki - Awaken (Pillar Men Theme)	JoJo's Bizarre Adventure: Battle Tendency
0.780	title	Tsunku	Rhythm Heaven Fever	https://soundcloud.com/user-451613567/double-date-rhythm-heaven-fever	Tsunku♂ - Rhythm Rally	Rhythm Heaven
0.780	title	Donk	Donk - Rhythm Heaven Fever - HQ (1)	https://soundcloud.com/user-865591989/donk-donk-rhythm-heaven-fever-hq-1	Tsunku♂ - Donk-Donk	Rhythm Heaven Fever
0.780	title	Rich Flex guitar remix slowed	Drake, 21 savage (with krieg from borderlands 2)	https://soundcloud.com/user-170758751/lv_0_20230601002615-mp3	Rich Flex pt1 (can you do sum for me)	Drake, 21 Savage
0.780	title	ChiefKeef	I Don't Like (Remix)(feat. Kanye West, Pusha T, Big Sean, & Jadakiss)	https://soundcloud.com/chiefkeef/i-dont-like-remix	Don't Like.1	Kanye West, Chief Keef, Pusha T, Big Sean & Jadakiss
0.780	title	EP 2: Halley's Comet	Billie Eilish (52Hz cover)	https://soundcloud.com/52-hz-1844418/halleys-comet-billie-eilish	Halley's Comet pt2	Billie Eilish
0.780	title	FriendCom Industries, Tsunku♂	Rhythm Heaven	https://soundcloud.com/friendcom-industries/remix-3-ds	Tsunku♂ - Rhythm Rally	Rhythm Heaven
0.780	title	Hole In One	Rhythm Heaven Fever	https://soundcloud.com/stepswitcher/hole-in-one-rhythm-heaven-fever	Tsunku♂ - Hole in One	Rhythm Heaven Fever
0.780	title	Pablo Acevedo	[Rhythm Heaven Fever] ~ Figure Fighter (Perfect)	https://soundcloud.com/yes-no-773630910/rhythm-heaven-fever-figure-fighter-perfect	Tsunku♂ - Figure Fighter	Rhythm Heaven Fever
0.780	title	Catch Of The Day	Rhythm Heaven Fever - HQ	https://soundcloud.com/user-865591989/catch-of-the-day-rhythm-heaven	Tsunku♂ - Catch of the Day	Rhythm Heaven Fever
0.780	title	Hotline Sehwani	Wing Fortress Zone Lofi (From "Sonic the Hedgehog 2") [Hotline Sehwani]	https://soundcloud.com/hotlinesehwani/wing-fortress-zone-lofi-from-sonic-the-hedgehog-2-hotline-sehwani	Wing Fortress Theme	Sonic the Hedgehog 2
0.780	title	MisterMann762	Cyberpunk 2077 | 99.9 Impulse FM Radio | Private Press DREAMY	https://soundcloud.com/mistermann762/private-press-dreamy	Private Press - ENERGEEHOUSE	Cyberpunk 2077
0.780	title	Sad Compa	Mac Miller- Self Care Pt.2 Oblivion (Slowed+Reverb)	https://soundcloud.com/alanxxc/mac-miller-self-care-pt2-oblivion-slowedreverb	Self Care pt2	Mac Miller
0.780	title	Lonely Storm	Karate Man (Rhythm Heaven Fever)	https://soundcloud.com/stepswitcher/lonely-storm-karate-man-rhythm-heaven-fever	Tsunku♂ - Karate Man (悲しみのスコール)	Rhythm Heaven Fever
0.780	title	SICKO MODE	Travis Scott Ft. Drake (1st Beat EXTENDED) Prod. By MvxJulien	https://soundcloud.com/mvxjulien/sicko-mode-travis-scott-ft	Sicko Mode pt3	Travis Scott ft. Drake
0.780	title	Built To Scale	Rhythm Heaven Fever	https://soundcloud.com/stepswitcher/built-to-scale-rhythm-heaven-fever	Tsunku♂ - Built to Scale	Rhythm Heaven
0.780	title	MusicLover	[Rhythm Heaven Fever] Launch Party	https://soundcloud.com/preston-rideout/rhythm-heaven-fever-launch-party	Tsunku♂ - Launch Party	Rhythm Heaven Fever
0.780	title	toby fox	Undertale	https://soundcloud.com/undertale-ost/undertale	Toby Fox - Undyne	UNDERTALE
0.780	title	Toby Fox ft. Camellia	DELTARUNE Chapters 1-4 Trailer Music	https://soundcloud.com/utdrarchive/deltarune-nintendo-switch-2-announce-trailer-music	Toby Fox - Susie	DELTARUNE
0.780	title	FriendCom Industries, Tsunku♂	Rhythm Heaven	https://soundcloud.com/friendcom-industries/remix-3-ds	Tsunku♂ - Rhythm Rally	Rhythm Heaven
0.780	title	CharlesOst	Rhythm Heaven(DS)-OST Coin Toss (SFX)	https://soundcloud.com/tania-lopez-534950432/rhythm-heaven-ds-ost-coin-1	Tsunku♂ - Coin Toss (SFX)	Rhythm Heaven
0.775	title	Justin Timberlake	What Goes Around.../...Comes Around (Interlude)	https://soundcloud.com/justintimberlake/what-goes-around-comes-around	What Goes Around...Comes Around (Quentin Harris Mix)	Justin Timberlake
0.775	title	Linkin Park	Pts.Of.Athrty (Jay Gordon Reanimation)	https://soundcloud.com/linkinpark/pts-of-athrty	Pts.Of.Athrty - Jay Gordon Reanimation (points of authority remix)	Linkin Park
0.760	title	Henrik, sped up + slowed	Give It To Me (Sped Up)	https://soundcloud.com/prodhenrik/give-it-to-me-sped-up	Give It To Me (remix of timbaland)	Henrik
0.760	artist	Michael Jackson	Bad	https://soundcloud.com/mjimmortal/bad	Bad	Michael Jackson (Remix By Afrojack)
0.760	artist	N.E.R.D ft. Santogold & Julian Casablancas	My Drive Thru	https://soundcloud.com/brittneyhey/n-e-r-d-my-drive-thru	My Drive Thru	Santigold, Julian Casablancas, Pharrell Williams
0.760	title	Super Mario 64	Main Theme Music - Bob - Omb Battlefield	https://soundcloud.com/musicforpeople/super-mario-64-main-theme-music-bob-omb-battlefield	Koji Kondo - Bob-Omb Battlefield	Super Mario 64
0.760	title	Total Chaos	Let It Roll (2022 Remaster)	https://soundcloud.com/total-chaos-official/let-it-roll-2022-remaster	Let It Roll (-25, verses are Fmaj-25) (~103/206	Total Chaos
0.760	title	Boys Noize	The Battery (The Chaotic Good Remix)	https://soundcloud.com/thechaoticgood/boys-noize-the-battery-the	& Down (Siriusmo vs Boys Noize Remix)	Boys Noize
0.760	title	Selena Gomez	Look At Her Now	https://soundcloud.com/selena-gomez-official/look-at-her-now	Look At Her Now (Zora Jones Edit)	Selena Gomez
0.760	title	John Lennon	Give peace a chance - (trance  remix)	https://soundcloud.com/geolte_quiche/john-lennon-give-peace-a-chance-trance-remix	Give Peace A Chance (Ultimate Mix)	John Lennon, Yoko Ono
0.760	title	Daft Punk	Human After All	https://soundcloud.com/daftpunkofficialmusic/human-after-all	Human After All (ATOM Remix)	Daft Punk
0.760	title	N.E.R.D. FT. NELLY FURTADO	HOT-N-FUN (AYYBO EDIT) (UNRELEASED)	https://soundcloud.com/house-mafia-564862312/nerd-ft-nelly-furtado-hot-n-fun-ayybo-edit	Hot-n-Fun (Hot Chip Remix)	N.E.R.D ft. Nelly Furtado
0.760	title	Space Cowboy	I Would Die 4 U	https://soundcloud.com/spacecowboy-music/i-would-die-4-u-radio-edit	I Would Die 4 U (die for you) (prince remix)	Space Cowboy
0.760	title	BTS	bts 피 땀 눈물 blood sweat tears.mp3	https://soundcloud.com/rida-fatima-105911313/bts-blood-sweat-tears-mp3	피 땀 눈물 (Blood Sweat & Tears) (money money)c	BTS
0.760	title	Asuka Sakai, Ado Mizumori	A Crimson Rose and a Gin Tonic	https://soundcloud.com/katamariislife/a-crimson-rose-and-a-gin-tonic	Asuka Sakai, Ado Mizumori & Asami Shimada - Gin & Tonic & Red Red Roses (A Crimson Rose and a Gin Tonic)	Katamari Damacy
0.760	title	Splatoon 3 Side Order	CΘld StΘrage (Vs. Pinging Marciale)	https://soundcloud.com/youlike-me/splatoon-3-side-order-c0ld	Free Association - CΘld StΘrage	Splatoon 3: Side Order
0.760	title	Melleefresh vs deadmau5	Melleefresh vs deadmau5 / Hey Baby (Original Mix)	https://soundcloud.com/melleefresh/melleefresh-vs-deadmau5-hey-baby-original-mix	Hey Baby (deadmau5 Mellygasm Remix)	Melleefresh vs deadmau5
0.760	title	Splatoon 3 Side Order	New World Order (Final Boss: Phase 1)	https://soundcloud.com/youlike-me/splatoon-3-side-order-new	Free Association - New World Order	Splatoon 3: Side Order
0.760	title	Uffie	MCs Can Kiss	https://soundcloud.com/uffieofficial/mcs-can-kiss-6	MCs Can Kiss (Starkey Bootleg)	Uffie
0.760	title	Australian Broadcasting Corporation	ABC News Radio Theme	https://soundcloud.com/augustus-brown/abc-news-radio-theme-2017	ABC News Theme (Pendulum Remix)	Australian Broadcasting Corporation
0.760	title	Daft Punk	C.L.U. (Mopse Remix)	https://soundcloud.com/mopse/c-l-u-mopse-remix	Get Lucky (Daft Punk Remix)	Daft Punk ft. Pharrell Williams, Nile Rodgers
0.760	title	Ice Spice	Munch (Nic Baker Bootleg)	https://soundcloud.com/nicbakerbeats/ice-spice-munch-nic-baker-bootleg	Munch「ᶦᵍˡᵒᵒᵍʰᵒˢᵗ ᵇᵒᵒᵗˡᵉᵍ」 (iglooghost bootleg)	Ice Spice
0.760	title	Chappell Roan	Good Luck, Babe!	https://soundcloud.com/chappellroan/good-luck-babe	Good Luck, Babe! (moistbreezy Remix)	Chappell Roan
0.760	title	Daft Punk	Television Rules the Nation / Crescendolls	https://soundcloud.com/daftpunkofficialmusic/television-rules-the-nation	Television Rules The Nation (ATOM Remix)	Daft Punk
0.760	title	Uffie Ft. Pharrell Williams	ADD SUV (Hool Remix)	https://soundcloud.com/hoolmusic/uffie-ft-pharrell-williams-add-suv-hool-remix	ADD SUV (Carte Blanche Remix)	Uffie ft. Pharrell Williams
0.760	title	Umru, Petal Supply, Rebecca Black	heart2 - ft. Rebecca Black (Jassky remix)	https://soundcloud.com/jassky/heart2-umru-petal-supply-rebecca-black-jassky-remix	heart2⋅.˳˳.⋅ॱ˙KAVARI 'heart2heart' Remix˙ॱ⋅.˳˳.⋅180ᵇᵖᵐ	umru & Petal Supply ft. Rebecca Black
0.760	title	N.E.R.D. FT. NELLY FURTADO	HOT-N-FUN (AYYBO EDIT) (UNRELEASED)	https://soundcloud.com/house-mafia-564862312/nerd-ft-nelly-furtado-hot-n-fun-ayybo-edit	Hot-n-Fun (Hot Chip Remix)	N.E.R.D ft. Nelly Furtado
0.760	title	Sean Paul	She Doesnt Mind	https://soundcloud.com/edbert503/sean-paul-she-doesn-t-mind	She__Doesn_t__Mind__ (Fraxiom__Remix)	Sean Paul
0.760	title	Wild Cherry	Play That Funky Music	https://soundcloud.com/wild-cherry-official/play-that-funky-music	Play That Funky Music White Boy	Wild Cherry
0.760	title	N.E.R.D. FT. NELLY FURTADO	HOT-N-FUN (AYYBO EDIT) (UNRELEASED)	https://soundcloud.com/house-mafia-564862312/nerd-ft-nelly-furtado-hot-n-fun-ayybo-edit	Hot-n-Fun (Hot Chip Remix)	N.E.R.D ft. Nelly Furtado
0.760	title	Jack Ü, Skrillex, Diplo	Where Are Ü Now (with Justin Bieber)	https://soundcloud.com/jacku/skrillex-and-diplo-present-1	Where Are Ü Now (Rustie Remix)	Jack Ü, Skrillex, Diplo ft. Justin Bieber
0.760	title	Boys Noize	& Down	https://soundcloud.com/user499222/boys-noize-down	& Down (Siriusmo vs Boys Noize Remix)	Boys Noize
0.760	title	Trans Volta	Disco Computer	https://soundcloud.com/openeyefilms/trans-volta-disco-computer	Disco Computer / You're Disco	Trans Volta
0.760	title	Hideki Naganuma	The Concept Of Love (Mesmerist Remix) [Jet Set Radio Future]	https://soundcloud.com/mesmerist-the-cat/hideki-naganuma-the-concept-of-love-mesmerist-remix-jet-set-radio-future	Hideki Naganuma - The Concept of Love (The Concept of Passion Mix)	Ollie King
0.760	title	Beyoncé	BREAK MY SOUL	https://soundcloud.com/beyonce/break_my_soul	BREAK MY SOUL (QUEENS REMIX)	Beyoncé, Madonna
0.760	title	fka twigs, arj_e	oh my love (arj_e remix)	https://soundcloud.com/aarj_e/fka-twigs-oh-my-love-arj_e	oh my love (gumstep mix)	fka twigs
0.760	title	Linkin Park	By_Myslf (Josh Abraham and Mike Shinoda Reanimation)	https://soundcloud.com/linkinpark/by_myslf	By_Myslf (Josh Abraham and Mike Shinoda Reanimation) (by myself remix)	Linkin Park
0.760	title	Sonic Adventure 2	Escape From The City	https://soundcloud.com/sonicunleashed/sonic-adventure-2-escape-from-the-city	Crush 40 - Escape From the City (City Escape)	Sonic Adventure 2
0.752	artist	あきり	Mesmerizer (Ft. Miku & Teto) (Akiris Hardcore Remix)	https://soundcloud.com/akiwimoosic/32ki-mesmerizer-ft-miku-teto-akiris-hardcore-remix	Mesmerizer (メズマライザー)	32ki ft. Hatsune Miku ＆ Kasane Teto
0.752	artist	Janelle Monae	Q.U.E.E.N, feat. Erykah Badu (Fashion remix by Prince)	https://soundcloud.com/lfqa92/janelle-monae-q-u-e-e-n-feat	Bad	Michael Jackson (Remix By Afrojack)
0.752	artist	JEL : TDDG (DEAD PROJECT)	NUBOY (FEAT. JADA)	https://soundcloud.com/jelluvsuxoxox/nuboy	NUBOY	JEL: THE DIGITAL DREAM GIRL ft. JADA
0.752	artist	Underwater Theme	Super Mario World	https://soundcloud.com/weegee85-emeraldsans3/underwater-theme-super-mario	Underwater Theme	New Super Mario Bros. Wii
0.743	title	Yolanda Be Cool, DCUP	We No Speak Americano	https://soundcloud.com/dcup/yolanda-be-cool-vs-dcup-we-no-speak-americano	We No Speak Americano (Porter Robinson Remix)	Yolanda Be Cool & DCUP
0.743	title	Halsey	I am not a woman, I'm a god	https://soundcloud.com/halseymusic/halsey-i-am-not-a-woman-im-a	I am not a woman, I'm a god (Underworld's Drift Remix)	Halsey
0.743	title	Gotye	Somebody That I Used To Know (feat. Kimbra)	https://soundcloud.com/gotye/3-somebody-that-i-used-to-know	Somebody That I Used To Know (Gang Colours Remix)	Gotye ft. Kimbra
0.743	title	Linkin Park	P5hng Me A*wy (Mike Shinoda Reanimation) [feat. Stephen Richards]	https://soundcloud.com/linkinpark/p5hng-me-aw-y	P5hng Me A*wy (Mike Shinoda Reanimation) (pushing me away remix)	Linkin Park ft. Stephen Richards
0.740	title	Viktor Sheva	O-Zone Dragostea Din Tei	https://soundcloud.com/viktor-sheva-652489872/o-zone-dragostea-din-tei-1	Dragostea Din Tei (SebastiAn Remix)	O-Zone
0.740	title	Anderous Pi	Hyrule Castle Courtyard   The Legend of Zelda Ocarina of Time	https://soundcloud.com/anderouspi/hyrule-castle-courtyard-the	Koji Kondo - Hyrule Castle Courtyard	Legend of Zelda: Ocarina of Time
0.740	title	36. Raisin' Me Up	Sonic Rush	https://soundcloud.com/fawfulhasfury/36-raisin-me-up-sonic-rush	Hideki Naganuma - Raisin' Me Up	Sonic Rush
0.740	title	Kieran Wilson	“Turret Wife Serenade” from Portal 2 (Piano Cover)	https://soundcloud.com/kieranjrwilson/turret-wife-serenade-from	Mike Morasky - Turret Wife Serenade	Portal 2
0.740	title	Anderous Pi	Lon Lon Ranch   The Legend of Zelda Ocarina of Time	https://soundcloud.com/anderouspi/lon-lon-ranch-the-legend-of	Koji Kondo - Lon Lon Ranch	The Legend of Zelda: Ocarina of Time
0.740	title	Ingrid Mejia	beatmania_IIDX_20_tricoro_-_LUV_CAN_SAVE_U_(mp3.pm).mp3	https://soundcloud.com/ingrid-mejia-53794940/beatmania_iidx_20_tricoro	HIDEKI NAGANUMA - LUV CAN SAVE U	beatmania IIDX 20 tricoro
0.740	title	2ELS	La Stressa Causa (Cyberpunk 2077/ Pacific dreams)	https://soundcloud.com/aedan-mark-vlogs/la-stressa-causa-cyberpunk	Sonaris Causa (Eltron) - La Stessa Causa	Cyberpunk 2077
0.740	title	Anime Theme	Kill La Kill Nui Harime Theme	https://soundcloud.com/zer0mix/kill-la-kill-nui-harime-theme	Hiroyuki Sawano - Nui Harime Theme	Kill La Kill
0.740	title	Anderous Pi	Inside the Deku Tree   The Legend of Zelda Ocarina of Time	https://soundcloud.com/anderouspi/inside-the-deku-tree-the	Koji Kondo - Inside The Deku Tree	The Legend of Zelda: Ocarina of Time
0.740	title	Don Simon - Dubfiction Sound	Talking Body vs Justin Timberlake Ft. T.I. - My Love (Don Simon Mash Up)	https://soundcloud.com/donsimondubfiction/tove-lo-talking-body-vs-justin	My Love (Linus Loves Remix)	Justin Timberlake ft. T.I.
0.740	title	CharlesOst	Rhythm Heaven(DS)-OST Blue Birds 2	https://soundcloud.com/tania-lopez-534950432/rhythm-heaven-ds-ost-blue-1	Masami Yone - Blue Birds 2	Rhythm Heaven
0.740	title	Kung Fu Ball	Rhythm Heaven Fever	https://soundcloud.com/haru-154735064/kung-fu-ball-rhythm-heaven	Asuka Ito - Kung Fu Ball	Rhythm Heaven Fever
0.740	title	The Daniel Caine Orchestra	The A-Team	https://soundcloud.com/thedanielcaineorchestra/the-a-team	Daniel Caine Orchestra - Title Theme	The A-Team
0.740	title	2. Back 2 Back	Sonic Rush	https://soundcloud.com/fawfulhasfury/2-back-2-back-sonic-rush	Hideki Naganuma - Back 2 Back (back to back)	Sonic Rush
0.740	title	LIL ROBUXXX	fortnite with the boyz [robuxxx x TYKE] prod. by my uncle who works at epic games	https://soundcloud.com/lilrobuxxx/fortnite-with-the-boyz	Epic Games - Where My Wookies At?	Fortnite
0.740	title	Don Simon - Dubfiction Sound	Talking Body vs Justin Timberlake Ft. T.I. - My Love (Don Simon Mash Up)	https://soundcloud.com/donsimondubfiction/tove-lo-talking-body-vs-justin	My Love (Linus Loves Remix)	Justin Timberlake ft. T.I.
0.740	title	NicoCW	Lethal Lava Land [Super Mario 64]	https://soundcloud.com/nicocw/the-untouchable-two-lethal-lava-land-super-mario-64	Koji Kondo - Lethal Lava Land	Super Mario 64
0.740	title	DJ Lee Fish	Splatoon 3 Expansion Pass	https://soundcloud.com/shdbeg/hotlantis-inkopolis-square	DJ Lee Fish - Lookin' Fresh (Cooler Heads)	Splatoon
0.740	title	1. Right There, Ride On	Sonic Rush	https://soundcloud.com/fawfulhasfury/1-right-there-ride-on-sonic	Hideki Naganuma - Right There, Ride On	Sonic Rush
0.740	title	Ninja'Erx	The Prodigy Voodoo People Pendulum Remix (HQ)	https://soundcloud.com/ninjaerx/the-prodigy-voodoo-people	Voodoo People (G#phr) (Mothership Loudspeakerz Remix)	The Prodigy
0.740	title	Big Rock Finish D (OST Version)	Rhythm Heaven	https://soundcloud.com/fatjew69420/rhythm-heaven	Masami Yone - Big Rock Finish H	Rhythm Heaven
0.740	title	Anderous Pi	Inside the Deku Tree   The Legend of Zelda Ocarina of Time	https://soundcloud.com/anderouspi/inside-the-deku-tree-the	Koji Kondo - Inside The Deku Tree	The Legend of Zelda: Ocarina of Time
0.740	title	4. Jeh Jeh Rocket	Sonic Rush	https://soundcloud.com/fawfulhasfury/4-jeh-jeh-rocket-sonic-rush	Hideki Naganuma - Jeh Jeh Rocket	Sonic Rush
0.735	passed-tie	Mash the Dutchie	2.15: DJ Magic Baron-Feel Your Hands Up In The Sun (Hike vs Qwote ft Pitbull vs The Black Eyed Peas)	https://soundcloud.com/mashthedutchie/2-15-dj-magic-baron-feel-your	Get Your Hands Up	Fergie ft. Black Eyed Peas
0.733	title	[BRAND NEW] 👹 "Milkshake" x AskMex4fjkBeatzzzz	Icanalmosttasteit ✂️ [RELXOAD[[P ►【The Em Attack】	https://soundcloud.com/nomoredancing/milkshake	[BRAND NEW] 👹 "Milkshake" x AskMex4fjkBeatzzzz - Icanalmosttasteit ✂️ [RELXOAD[[P ►【The Em Attack】(kelis - milkshake (murder club remix)	TwerkNation28
0.733	artist	DRAM	Exposure	https://soundcloud.com/shelleyfkadram/exposure	Exposure	Shelley FKA DRAM
0.733	artist	EASYFUN	Laplander	https://soundcloud.com/pcmus/laplander	Laplander	Finn Keane (easyfun)
0.733	artist	DeadWorkersParty	In Search Of Diamonds And Melt With You	https://soundcloud.com/deadworkersparty/in-search-of-diamonds-and-melt	In Search of Diamonds	Dead Workers Party
0.727	artist	Calvin Lewis, Timothy Menzel	SHINE FT. TYMMI [prod. Dylan Brady]	https://soundcloud.com/calicartierchain/shine-ft-tymmi-prod-dylan	SHINE	Aaron Cartier ft. Tymmi
0.727	artist	Chris xiu	Bad News KISS OF LIFE(male cover)	https://soundcloud.com/goawp8iuh20s/bad-news-kiss-of-life-male	Bad Life	Male Singer 3
0.727	artist	Hurry Along	Pokémon FireRed & LeafGreen	https://soundcloud.com/rebel-frend-380155347/hurry-along-pokemon-firered	Hurry Along	Pokémon Red and Blue
0.717	artist	CeeLo Green	Fuck You	https://soundcloud.com/ceelogreen/fuck-you	Fuck You / Forget You	Cee Lo Green
0.700	title	A. G. Cook, Sarah Bonito, Hannah Diamond	The Darkness (Remix) [with Sarah Bonito, Hannah Diamond]	https://soundcloud.com/agcook/the-darkness-remix-with-sarah	The Darkness (Megamix) pt2	A. G. Cook ft. Sarah Bonito & Hannah Diamond
0.700	title	Annie	Happy with you (SebastiAn Remix)	https://soundcloud.com/flo276/annie-happy-with-you-sebastian-remix	Happie With You	Annie
0.700	title	Melleefresh vs deadmau5	Melleefresh vs deadmau5 / Afterhours (Original Mix)	https://soundcloud.com/melleefresh/melleefresh-vs-deadmau5-afterhours-original-mix	Brazil (original version)	deadmau5
0.700	title	Kendrick Lamar	M.A.A.D City (Super Smash Bros. Brawl Remix with choir)	https://soundcloud.com/ricky-ricky-888934747/test	m.A.A.d city pt2	Kendrick Lamar
0.700	title	FREE Kendrick Lamar Type Beat	Ride Pt2	https://soundcloud.com/dranfresh/free-kendrick-lamar-type-beat-ride-pt2	m.A.A.d city pt2	Kendrick Lamar
0.700	title	The Legend of Zelda: Ocarina of Time	Koume and Kotake (Twinrova)	https://soundcloud.com/qumumusic/the-legend-of-zelda-ocarina-of-time-koume-and-kotake-twinrova	Koji Kondo - Kotake and Koume	The Legend of Zelda: Ocarina of Time
0.700	title	Ollie King OST	Let It Go - Hideki Naganuma	https://soundcloud.com/user-121634934/ollie-king-ost-let-it-go-hideki-naganuma	Hideki Naganuma - Boarder 70	Ollie King
0.700	title	Soulwax	Miserable Girl	https://soundcloud.com/soulwaxofficial/miserable-girl-1	Miserable Girl (nite versions version)	Soulwax
0.700	title	Splatoon 3 Side Order	jest1ng (Stage: Defeat the Fleeing Foes)	https://soundcloud.com/youlike-me/splatoon-3-side-order-jest1ng	Order Sector - Origin of Order	Splatoon 3: Side Order
0.700	title	Splatoon 3 Side Order	je2ting (Stage: Defeat the Fleeing Foes 2)	https://soundcloud.com/youlike-me/splatoon-3-side-order-je2ting	Order Sector - Origin of Order	Splatoon 3: Side Order
0.700	title	Splatoon 3 Side Order	j3sting (Stage: Defeat the Fleeing Foes 3)	https://soundcloud.com/youlike-me/splatoon-3-side-order-j3sting	Order Sector - Origin of Order	Splatoon 3: Side Order
0.700	title	Stardust	Music Sounds Better With You (Radio Edit)	https://soundcloud.com/stardust47685/music-sounds-better-with-you-2	Music Sounds Better With You (Valentino Roth Remix)	Stardust
0.700	title	Travis Scott Feat Drake	MELTDOWN - SLOWED	https://soundcloud.com/dxphxnkgxy2_lol_hi/travis-scott-feat-drake-meltdown-processed	MELTDOWN pt2 (is you fuckin crazy)	Travis Scott ft. Drake
0.700	title	Katamari Damacy	Lonely Rolling Star [OST]	https://soundcloud.com/gemsandjunk/lonely-rolling-star-katamari-damacy-ost	Hideki Tobeta - Katamari☆Stars	Katamari Damacy
0.700	title	Wii Play	Main Theme	https://soundcloud.com/kai-eley-493996353/wii-play-main-theme	Title Theme	Wii Play
0.700	title	8485, Danny Brown	G.I.R.L. [+Danny Brown]	https://soundcloud.com/pincode8485/girl	G.I.R.L. [+Danny Brown] (in real life)	8485
0.700	title	A$AP Rocky	F**kin' Problems (feat. Drake, 2 Chainz & Kendrick Lamar)	https://soundcloud.com/asvpxrocky/f-kin-problems-2	Fuckin' Problems	A$AP ROCKY ft. Drake, 2 Chainz, Kendrick Lamar
0.700	title	Shinichi Osawa	Maximum Joy	https://soundcloud.com/shinichiosawa/maximum-joy	Maxmum Joy (maximum)	Shinichi Osawa
0.700	title	Splatoon 3 Side Order	ΘctΘpticΘn (Vs. Asynchronous Rondo)	https://soundcloud.com/youlike-me/splatoon-3-side-order-5	Free Association - ΘctΘpticΘn	Splatoon 3: Side Order
0.700	title	Tove Lo	Disco Tits	https://soundcloud.com/tovelo/disco-tits	disco tits (folie remix)	tove lo
0.700	title	A. G. Cook, Sarah Bonito, Hannah Diamond	The Darkness (Remix) [with Sarah Bonito, Hannah Diamond]	https://soundcloud.com/agcook/the-darkness-remix-with-sarah	The Darkness (Megamix) pt2	A. G. Cook ft. Sarah Bonito & Hannah Diamond
0.700	title	Cut Copy	Going Nowhere	https://soundcloud.com/cutcopy/going-nowhere	Going Nowhere (+30) (Digitalism Remix)	Cut Copy
0.700	title	Fred Again.., Wet	Kelly (end of a nightmare) [Lukas Goss Remake + Edit]	https://soundcloud.com/itslukasgoss/fred-again-kelly-end-of-a-nightmare-lukas-goss-remake-edit	Kelly (end of a nightmare) pt2	Fred again.., Wet
0.700	title	REI AMI	SNOWCONE (Pt2) reup	https://soundcloud.com/kloudroo/rei-ami-snowcone-pt2-reup	Dictator pt2	REI AMI
0.700	title	umru, Cecile Believe	honest (Jane Remover Remix)	https://soundcloud.com/umru/umru-cecile-believe-honest-3	Honest [GRRL Remix] (GRRL4x4Edit4B4battlepass)「NXC」	umru & Cecile Believe
0.700	title	100 gecs	Hey Big Man	https://soundcloud.com/100gecs/hey-big-man	Hey Big Man (Monte Hills Flip)	100 Gecs
0.700	title	Cassius	Supa Crush	https://soundcloud.com/cassiusofficial/cassius-supa-crush	Super Crush	Cassius
0.700	title	Nine Inch Nails	Piggy	https://soundcloud.com/nineinchnails/piggy-album-version	Starfuckers, Inc.	Nine Inch Nails
0.700	title	Ollie King OST	Let It Go - Hideki Naganuma	https://soundcloud.com/user-121634934/ollie-king-ost-let-it-go-hideki-naganuma	Hideki Naganuma - Boarder 70	Ollie King
0.700	title	Splatoon 3 Side Order	rout1nes (Stage: Protect the Zone)	https://soundcloud.com/youlike-me/splatoon-3-side-order-rout1nes	Order Sector - Origin of Order	Splatoon 3: Side Order
0.700	title	Splatoon 3 Side Order	souven1r (Stage: Sink the ∞-Balls)	https://soundcloud.com/youlike-me/splatoon-3-side-order-souven1r	Order Sector - Origin of Order	Splatoon 3: Side Order
0.700	title	Splatoon 3 Side Order	2ouvenir (Stage: Sink the ∞-Balls 2)	https://soundcloud.com/youlike-me/splatoon-3-side-order-2ouvenir	Order Sector - Origin of Order	Splatoon 3: Side Order
0.700	title	Stina Nordenstam	Dynamite	https://soundcloud.com/stina-nordenstam/dynamite	Dynamite (kmoe edit)	Stina Nordenstam
0.700	title	Troye Sivan	One Of Your Girls	https://soundcloud.com/troye-sivan/troye-sivan-one-of-your-girls	One of Your Girls (Dillon Francis Remix)	Troye Sivan
0.700	title	Swedish House Mafia ft. The Weeknd	Moth To A Flame (LIKETHIS Remix)	https://soundcloud.com/iamlikethis/swedish-house-mafia-ft-the-weeknd-moth-to-a-flame-likethis-remix	Sacrifice (Remix)	The Weeknd ft. Swedish House Mafia
0.700	title	100 gecs, Laura Les, Dylan Brady	money machine	https://soundcloud.com/100gecs/money-machine	money machine (nosquist remix)	100 gecs
0.700	title	BENEE	Same Effect	https://soundcloud.com/benee/same-effect	Safe Effect	BENEE
0.700	title	Super Mario Sunshine OST	File Select	https://soundcloud.com/vybenet/super-mario-sunshine-ost-file	Select Data	Super Mario Sunshine
0.700	title	Troye Sivan	One Of Your Girls	https://soundcloud.com/troye-sivan/troye-sivan-one-of-your-girls	One of Your Girls (Dillon Francis Remix)	Troye Sivan
0.700	title	Blackalicious	Release (feat. Saul Williams & Lyrics Born)	https://soundcloud.com/blackalicious/release	Release pt2	Blackalicious ft. Saul Williams, Lyrics Born & Zach de la Rocha
0.700	title	Childish Gambino	II. Worldstar (ISICLE BOOTLEG REMIX)	https://soundcloud.com/isicle/childish-gambino-ii-worldstar-isicle-bootleg-remix-free-download	World Star	Childish Gambino
0.700	title	crystal castles	through the hosiery [nightcore, fast song, sped up]	https://soundcloud.com/flipiii777/crystal-castles-through-the	Through The History	Crystal Castles
0.700	title	Keri Hilson ft. Lil' Wayne	Turnin' Me On (The STEAKHOUSE Remix)	https://soundcloud.com/steakhouse-music/keri-hilson-ft-lil-wayne-turnin-me-on-the-steakhouse-remix	TURNIN ME ON 80/160)	Keri Hilson ft. Lil Wayne
0.700	title	Linkin Park	Kyur4 Th Ich (Chairman Hahn Reanimation)	https://soundcloud.com/linkinpark/kyur4-th-ich	Kyur4 Th Ich (Chairman Hahn Reanimation) (cure for the itch remix)	Linkin Park
0.700	title	PinkPantheress	Another life (feat. Rema)	https://soundcloud.com/pinkpantheress/another-life-feat-rema	Another Life (Himera Remix)	PinkPantheress
0.700	title	Rihanna	Where Have You Been (Album Version)	https://soundcloud.com/rihanna/where-have-you-been-album	Where Have You Been (Peter Rauhofer Reconstruction Mix)	Rihanna
0.700	title	Splatoon 3 Side Order	j1tters (Stage: Escort the Turbine Tower)	https://soundcloud.com/youlike-me/splatoon-3-side-order-j1tters	Order Sector - Origin of Order	Splatoon 3: Side Order
0.700	title	Splatoon 3 Side Order	jitt3rs (Stage: Escort the TurbineTower 3)	https://soundcloud.com/youlike-me/splatoon-3-side-order-jitt3rs	Order Sector - Origin of Order	Splatoon 3: Side Order
0.700	title	Travis Scott	SKITZO ft.Young Thug [Mike Dean Version]	https://soundcloud.com/mxrcxry2/travis-scott-skitzo-mike-dean-version	SKITZO pt2	Travis Scott
0.700	title	Frank Ocean	Nights Pt 1 (Chopped Not Slopped)	https://soundcloud.com/artistpromotion/nights-pt-1-chopped-not-slopped	Nights pt1	Frank Ocean
0.700	title	Sweet Female Attitude	Flowers	https://soundcloud.com/leannesweetfa/sweet-female-attitude-flowers	Flowers (Sunship Edit)	Sweet Female Attitude
0.700	title	Aphex Twin	Aphex Twin- Carn Marth (33 ⅓ RPM)	https://soundcloud.com/sodiumthiopental/aphex-twin-carn-marth-33-rpm	Carn Math	Aphex Twin
0.700	title	Billie Eilish, The Weeknd, Kylie Minogue, Division 4,	Birthday Track pt1	https://soundcloud.com/charzmuse/birthday-track-pt1	BITTERSUITE pt1	Billie Eilish
0.700	title	Bobby Shmurda	Hot N*gga	https://soundcloud.com/bobbyshmurda/hot-n-gga	Hot Nigga (about a week ago)	Bobby Shmurda
0.700	title	Janet Jackson	No Sleeep	https://soundcloud.com/janetjackson/no-sleeep	No Sleeep (EASYFUN Remix)	Janet Jackson
0.700	title	Kendrick Lamar	M.A.A.D City (Super Smash Bros. Brawl Remix with choir)	https://soundcloud.com/ricky-ricky-888934747/test	m.A.A.d city pt2	Kendrick Lamar
0.700	title	King Princess, Avalon Emerson	PAIN (Avalon Emerson's Half Dub)	https://soundcloud.com/kingprincessmusic/pain-avalon-emersons-half-dub	PAIN (Avalon Emerson's Quarter Alpha Mix)	King Princess, Avalon Emerson
0.700	title	Lady Gaga	Just Dance (feat. Colby O'Donis)	https://soundcloud.com/ladygaga/just-dance	Just Dance (Deewan Remix)	Lady Gaga ft. Colby O'Donis, Ash King, WeDis, Lush, Young Thoro
0.700	title	Linkin Park	Ppr:kut (Cheapshot and Jubacca Reanimation) [feat. Rasco and Planet Asia]	https://soundcloud.com/linkinpark/ppr-kut	Ppr:kut (Cheapshot and Jubacca Reanimation) (papercut remix)	Linkin Park ft. Rasco and Planet Asia
0.700	title	six impala	BAPACONDA	https://soundcloud.com/sipx113/bapaconda	BAPACONDA YT (anaconda)	six impala
0.700	title	Skrillex	Rumble	https://soundcloud.com/skrillex/skrillex-fred-again-flowdan-rumble	rumble_dontloveme_edit	Skrillex,_****_*****.._&_Flowdan
0.700	title	skrillex, fred again.., flowdan	rumble (disphing edit)	https://soundcloud.com/datphing/rumble-edit	rumble_dontloveme_edit	Skrillex,_****_*****.._&_Flowdan
0.700	title	Swami Sound & CVMILLE	Back In The Day	https://soundcloud.com/masutaswami/back-in-the-day-01202-master	Back In The Day (Age Remix)	Swami Sound, CVMILLE
0.700	title	Calvin Harris	The Girls	https://soundcloud.com/calvinharris/the-girls-album-version	The Girls (Accoustic Version)	Calvin Harris
0.700	title	Das Modul	Computerliebe (Createk Flip)	https://soundcloud.com/nurguteseis/computerliebe-flip	Computerliebe 1995	Das Modul
0.700	title	Hannah Diamond	Pink and Blue	https://soundcloud.com/hannahdiamond/pink-and-blue	Pink and Blue (Diveo Remix)	Hannah Diamond
0.700	title	Sophie Ellis-Bextor	Murder On The Dancefloor	https://soundcloud.com/sophie-ellis-bextor-official/murder-on-the-dancefloor-album	Murder On The Dancefloor (PNAU Remix)	Sophie Ellis-Bextor
0.700	title	Cut Copy	Future	https://soundcloud.com/cutcopy/future	Future (!!! Remix)	Cut Copy
0.700	title	Kanye West	Only one (530 mix) Pt1	https://soundcloud.com/joe-577295924/only-one-530-mix-pt1	FML pt1	Kanye West
0.700	title	FREE Kendrick Lamar Type Beat	Ride Pt2	https://soundcloud.com/dranfresh/free-kendrick-lamar-type-beat-ride-pt2	m.A.A.d city pt2	Kendrick Lamar
0.700	title	Linkin Park	Frgt/10 (Alchemist Reanimation) [feat. Chali 2na]	https://soundcloud.com/linkinpark/frgt-10	Frgt/10 (Alchemist Reanimation) (forgotten remix)	Linkin Park ft. Chali 2na
0.700	title	Panic! At The Disco	Crazy = Genius	https://soundcloud.com/panicatthedisco/crazy-genius	Crazy = Genious	Panic! At The Disco
0.700	title	Soulwax	Accidents and Compliments	https://soundcloud.com/soulwaxofficial/accidents-and-compliments-1	Accidents and Compliments (nite versions version)	Soulwax
0.700	title	Splatoon 3 OST	C-Side - CLICKBAIT - EXTENDED! [HD/LOSSLESS]	https://soundcloud.com/ilovesplatoon/splatoon-3-ost-c-side-clickbait-extended	C-Side - Opening	Splatoon 3
0.700	title	DJ FUCKED IN THE HEAD	weeping willow	https://soundcloud.com/djfuckedinthehead/weeping-willow	WEEPING WILLOW (2023 Ethical Edit)	DJ FUCKED IN THE HEAD
0.700	title	The Legend of Zelda: Ocarina of Time	Horse Race ~BVG euro arrange~	https://soundcloud.com/bvg_music/the-legend-of-zelda-ocarina-of-time-horse-race-bvg-euro-arrange	Koji Kondo - Horse Race	The Legend of Zelda: Ocarina of Time
0.700	title	Calvin Harris	I'm Not Alone (MPH Remix)	https://soundcloud.com/calvinharris/im-not-alone-mph-remix	I'm Not Alone (deadmau5 Mix) (i can't do this anymore)	Calvin Harris
0.700	title	Chip tha Ripper	Freestyle DIY Acapella	https://soundcloud.com/dwonks2/chip-tha-ripper-freestyle-diy-acapella	SLAB freestyle (interior crocodile alligator)	Chip Tha Ripper
0.700	title	Daft Punk	Make Love	https://soundcloud.com/daftpunkofficialmusic/make-love	Make Love (ATOM Remix)	Daft Punk
0.700	title	frank ocean	nights pt. 2	https://soundcloud.com/coldabsalom/nights-pt-2-ocean-archive	Nights pt1	Frank Ocean
0.700	title	Sonic CD Special Stage	"Race"	https://soundcloud.com/alec-day/sonic-cd-special-stage-race	Stage Clear (JP)	Sonic CD
0.700	title	Splatoon 3 Side Order	routine2 (Stage: Protect the Zone 2)	https://soundcloud.com/youlike-me/splatoon-3-side-order-routine2	Order Sector - Origin of Order	Splatoon 3: Side Order
0.700	title	Ty Dolla $ign	Ego Death (feat. Kanye West, FKA twigs & Skrillex)	https://soundcloud.com/tydollasign/ego-death	Ego Death (Yoseppi's Club Edit)	Ty Dolla $ign ft. Kanye West, FKA twigs, Skrillex & serpentwithfeet
0.700	title	Tyler, The Creator	Sticky (feat. GloRilla, Sexyy Red & Lil Wayne)	https://soundcloud.com/tylerthecreatorofficial/sticky	Sticky pt1	Tyler, The Creator ft. GloRilla, Sexyy Red & Lil Wayne
0.700	title	Jet Set Radio	Recipe For The Perfect Afro HQ	https://soundcloud.com/beargorawr/perfect-afro	Feature Cast - Recipe For The Perfect Afro	Jet Set Radio
0.700	title	Billie Eilish, The Weeknd, Kylie Minogue, Division 4,	Birthday Track pt1	https://soundcloud.com/charzmuse/birthday-track-pt1	BITTERSUITE pt1	Billie Eilish
0.700	title	C418	Stranger Think	https://soundcloud.com/c418/stranger-think	Stranger Think (Stranger Things theme remix)	C418
0.700	title	Jet Set Radio Future	Birthday Cake_023220	https://soundcloud.com/skip-skellington/jet-set-radio-future-1	Cibo Matto - Birthday Cake	Jet Set Radio Future
0.700	title	Nine Inch Nails	Sanctified	https://soundcloud.com/nineinchnails-sc/sanctified	Sanctified (Eblues) (107	Nine Inch Nails
0.700	title	Skrillex	Supersonic (My Existence)	https://soundcloud.com/skrillex/supersonic-my-existence	Supersonic (VIP)	Skrillex, Noisia, josh pan & Dylan Brady
0.700	title	Splatoon 3 Side Order	#47 Onward (Dedf1sh feat. Off the Hook)	https://soundcloud.com/youlike-me/splatoon-3-side-order-47	Off the Hook - Color Pulse (2024)	Splatoon 3
0.700	title	The Legend of Zelda Ocarina of Time	Zora's Domain	https://soundcloud.com/silver656/the-legend-of-zelda-ocarina-of-1	Koji Kondo - Zora's Domain	The Legend of Zelda: Ocarina of Time
0.700	title	Blackalicious	Release (feat. Saul Williams & Lyrics Born)	https://soundcloud.com/blackalicious/release	Release pt2	Blackalicious ft. Saul Williams, Lyrics Born & Zach de la Rocha
0.700	title	Kendrick Lamar	Hol' Up	https://soundcloud.com/kendrick-lamar-music/hol-up	squabble up	Kendrick Lamar
0.700	title	Megan Thee Stallion	Thot Shit	https://soundcloud.com/megan-thee-stallion/thot-shit	Thot Shit (Dvnots Remix)	Megan Thee Stallion
0.700	title	Melleefresh vs deadmau5	Melleefresh vs deadmau5 / Sex Slave (Original Mix)	https://soundcloud.com/melleefresh/melleefresh-vs-deadmau5-sex-slave-original-mix	Brazil (original version)	deadmau5
0.700	title	Turquoise October	Shooting Starfish (Singleplayer OST)	https://soundcloud.com/kensabrush/shooting-starfish-turquoise-october	Turquoise October - Octo Canyon (Suction-Cup Lookout)	Splatoon 2
0.700	title	Splatoon 3 Side Order	demol1sh (Stage: Destroy the Portals)	https://soundcloud.com/youlike-me/splatoon-3-side-order-demol1sh	Order Sector - Origin of Order	Splatoon 3: Side Order
0.700	title	Splatoon 3 Side Order	demoli2h (Stage: Destroy the Portals 2)	https://soundcloud.com/youlike-me/splatoon-3-side-order-demoli2h	Order Sector - Origin of Order	Splatoon 3: Side Order
0.700	title	Splatoon 3 Side Order	d3molish (Stage: Destroy the Portals 3)	https://soundcloud.com/youlike-me/splatoon-3-side-order-d3molish	Order Sector - Origin of Order	Splatoon 3: Side Order
0.700	title	Blackalicious	Release (feat. Saul Williams & Lyrics Born)	https://soundcloud.com/blackalicious/release	Release pt2	Blackalicious ft. Saul Williams, Lyrics Born & Zach de la Rocha
0.700	title	Britney Spears	Gimme More	https://soundcloud.com/britneyspears/gimme-more-remastered	GIMME MORE (SLAYYYTER REMIX)	Britney Spears
0.700	title	Daft Punk	Harder, Better, Faster, Stronger	https://soundcloud.com/daftpunkofficialmusic/harder-better-faster	Harder, Better, Faster, Stronger (Pete Heller's Style Mix)	Daft Punk
0.700	title	Skrillex	5. voltage (see you again) [w/ Varg2™, Eurohead, LOAM, swedem®, and Virtual Riot]	https://soundcloud.com/skrillex/5-voltage-see-you-again-w-varg2tm-eurohead-loam-swedemr-and-virtual-riot-5	Voltage (leak version)	Skrillex
0.700	title	Wu-Tang Clan	C.R.E.A.M	https://soundcloud.com/krzysztofhalwa/c-r-e-a-m	Wu Tang Clan Ain't Nuthin' To Fuck With (+30) (A+30 note in bassline)	Wu Tang Clan
0.700	title	Tyler, The Creator feat. Aaron Shaw, Samantha Nelson, and Austin Feinstein	2SEATER (feat. Aaron Shaw, Samantha Nelson & Austin Feinstein)	https://soundcloud.com/tylerthecreatorofficial/2seater	2SEATER pt2 (hair blows)	Tyler, The Creator ft. Aaron Shaw, Samantha Nelson & Austin Feinstein
0.700	title	Wii Play	Main Theme	https://soundcloud.com/kai-eley-493996353/wii-play-main-theme	Title Theme	Wii Play
0.700	title	Fred Again.., Wet	Kelly (end of a nightmare) [Lukas Goss Remake + Edit]	https://soundcloud.com/itslukasgoss/fred-again-kelly-end-of-a-nightmare-lukas-goss-remake-edit	Kelly (end of a nightmare) pt2	Fred again.., Wet
0.700	title	food house, Gupi, Fraxiom	Thos Moser	https://soundcloud.com/gupimusic/thos-moser	Thos Moser (FOXSKY Remix)	Gupi & Fraxiom
0.700	title	PinkPantheress	Another life (feat. Rema)	https://soundcloud.com/pinkpantheress/another-life-feat-rema	Another Life (Himera Remix)	PinkPantheress
0.700	title	Shinichi Osawa	Maximum Joy	https://soundcloud.com/shinichiosawa/maximum-joy	Maxmum Joy (maximum)	Shinichi Osawa
0.700	title	Super Mario Sunshine	Ricco Harbor (remix on LMMS)	https://soundcloud.com/adriou/super-mario-sunshine-ricco-harbor-remix-on-lmms	Mario on Trial	Super Mario Sunshine
0.700	title	Super Mario Sunshine OST	Vs. Boss	https://soundcloud.com/vybenet/super-mario-sunshine-ost-vs-1	Mario on Trial	Super Mario Sunshine
0.700	title	Troye Sivan	Got Me Started	https://soundcloud.com/troye-sivan/troye-sivan-got-me-started	Got Me Started (Bag Raiders Remix)	Troye Sivan
0.700	title	Tyler, The Creator feat. Aaron Shaw, Samantha Nelson, and Austin Feinstein	2SEATER (feat. Aaron Shaw, Samantha Nelson & Austin Feinstein)	https://soundcloud.com/tylerthecreatorofficial/2seater	2SEATER pt2 (hair blows)	Tyler, The Creator ft. Aaron Shaw, Samantha Nelson & Austin Feinstein
0.700	title	A. G. Cook, Sarah Bonito, Hannah Diamond	The Darkness (Remix) [with Sarah Bonito, Hannah Diamond]	https://soundcloud.com/agcook/the-darkness-remix-with-sarah	The Darkness (Megamix) pt2	A. G. Cook ft. Sarah Bonito & Hannah Diamond
0.700	title	The Avalanches	Solitary Ceremonies	https://soundcloud.com/theavalanches/solitary-ceremonies	Solitairy Ceremonies	The Avalanches
0.700	title	bo burnham	bo burnham	https://soundcloud.com/wufflzishere/new-math	i'm bo yo.	Bo Burnham
0.700	title	Splatoon 3	Splatsville Ambience & Title Screen (Summer Nights)	https://soundcloud.com/so-path/splatoon-3-splatsville-ambience-title-screen	Splatsville Tour	Splatoon 3
0.700	title	toby fox	Dating Start!	https://soundcloud.com/undertale-ost/dating-start	Toby Fox - Dating Tense!	UNDERTALE
0.700	title	Super Mario Sunshine OST	Casino	https://soundcloud.com/aquatis-gd/super-mario-sunshine-ost-casino	Mario on Trial	Super Mario Sunshine
0.700	title	Youth Group	Forever Young	https://soundcloud.com/youth-group/forever-young	Forever Young (alphaville cover)	Youth Group
0.695	artist	Dr. Yo	Flute sound/Warp island Mario sample- Beta Blockers	https://soundcloud.com/dr-mario-2/flute-soundwarp-island-mario-sample-beta-blockers	Flute Sound / Warp Island	Super Mario Bros. 3
0.695	artist	iku	I <3 Harajuku ft. Fraxiom (iku rmx)	https://soundcloud.com/cyy_lifecore/alice-longyu-gao-i-3-harajuku-ft-fraxiom-iku-remix	I ᐸ3 Harajuku	Alice Longyu Gao ft. Fraxiom
0.687	title	Death Grips	You might think he loves you (slowed + reverb) {read description}	https://soundcloud.com/delta3145/death-grips-you-might-think-he-loves-you-for-your-money-but-i-know-what-he-really-loves-you-for-its-your-brand-new-leopard-skin-pillbox-hat-slowed-reverb	You Might Think He Loves You for Your Money but I Know What He Really Loves You for It's Your Brand New Leopard Skin Pillbox Hat	Death Grips
0.680	title	TANUKI	End of the Earth by Epic Games (Fortnite Festival Jam Track)	https://soundcloud.com/tanuki-469388778/end-of-the-earth-by-epic-games	Epic Games - SWIM FREE	Fortnite
0.680	title	Philly Nice	Friday Night Funkin' OST	https://soundcloud.com/kawaispritefak/philly-nice-friday-night-funkin-ost	Kawai Sprite - Philly Nice	Friday Night Funkin'
0.680	title	Hideki Naganuma	Sneakman (Jet Set Radio OST)	https://soundcloud.com/user-18354017/sneakman-jet-set-radio-ost	Hideki Naganuma - Rock It On	Jet Set Radio
0.680	title	Key	c418 | Minecraft	https://soundcloud.com/user-970229102/key-c418-minecraft	C418 - Chris	Minecraft
0.680	title	C418	Minecraft	https://soundcloud.com/c418/minecraft	C418 - Chris	Minecraft
0.680	title	90210 2nd Part	Travis Scott ft. Kacy Hill (sped up)	https://soundcloud.com/matevszzz/90210-2nd-part-travis-scott-ft-kacy-hill-sped-up	90210 pt2	Travis Scott ft. Kacy Hill
0.680	title	Satin Panties	Friday Night Funkin' OST	https://soundcloud.com/kawaispritefak/satin-panties-friday-night-funkin-ost	Kawai Sprite - Satin Panties	Friday Night Funkin'
0.680	title	Anderous Pi	Kokiri Forest   The Legend of Zelda Ocarina of Time	https://soundcloud.com/anderouspi/kokiri-forest-the-legend-of	Koji Kondo - Kokiri Forest	Legend of Zelda: Ocarina of Time
0.680	title	Anderous Pi	Shooting Gallery   The Legend of Zelda Ocarina of Time	https://soundcloud.com/anderouspi/shooting-gallery-the-legend-of	Koji Kondo - Shooting Gallery	Legend of Zelda: Ocarina of Time
0.680	title	Anderous Pi	Goron City   The Legend of Zelda Ocarina of Time	https://soundcloud.com/anderouspi/goron-city-the-legend-of-zelda	Koji Kondo - Goron City	Legend of Zelda: Ocarina of Time
0.680	title	Anderous Pi	Lost Woods   The Legend of Zelda Ocarina of Time	https://soundcloud.com/anderouspi/lost-woods-the-legend-of-zelda	Koji Kondo - Lost Woods	Legend of Zelda: Ocarina of Time
0.680	title	Test Track	LEGO Racers OST	https://soundcloud.com/qroglumbie/test-track-lego-racers-ost	Track 27 (main menu)	Lego Racers
0.680	title	World 1- Grass Land	New Super Mario Bros. Wii	https://soundcloud.com/spryzen-edits/world-1-grass-land-new-super-mario-bros-wii	Koji Kondo - World 1 (Plains)	New Super Mario Bros.
0.680	title	Powerful Mario	(Unused) New Super Mario Bros Wii Theme	https://soundcloud.com/user-745328685/powerful-mario-unused-new	Underground Theme	New Super Mario Bros.
0.680	title	007. Ground Theme	Super Mario Bros. (Brawl)	https://soundcloud.com/super-smash-bros-anthology-900815746/007-ground-theme-super-mario	Koji Kondo - Ground Theme	Super Mario Bros.
0.680	title	Fortress Boss	Super Mario Bros. 3	https://soundcloud.com/ssbu-ost/fortress-boss-super-mario-bros-3	Fortress BGM	Super Mario Bros. 3
0.680	title	Athletic Theme	Super Mario World	https://soundcloud.com/wiryjacbo/athletic-theme-super-mario-world	Koji Kondo - Athletic Theme	Super Mario World
0.680	title	Powerful Mario	(Unused) New Super Mario Bros Wii Theme	https://soundcloud.com/user-745328685/powerful-mario-unused-new	Underground Theme	New Super Mario Bros.
0.680	title	Wisteria Bird Studios	Super Mario 64 Staff Roll (Freestyled Remix)	https://soundcloud.com/wisteriabirdstudios/super-mario-64-staff-roll-freestyled-remix	Koji Kondo - Staff Roll	Super Mario 64
0.680	title	Metal Wario	Super Mario 64 DS	https://soundcloud.com/dr288/metal-wario-super-mario-64-ds	Koji Kondo - Metallic Mario	Super Mario 64
0.680	title	Timothy Butternubs	Splatoon 2 (Splatfest battle theme)	https://soundcloud.com/drusionry/ebb-and-flow-splatoon-2-splatfest-battle-theme	Battle Victory	Splatoon
0.680	title	FazbearTM	Super Mario Sunshine Fludd Instructions	https://soundcloud.com/blake-gouthro/super-mario-sunshine-fludd	FLUDD Theft	Super Mario Sunshine
0.680	title	Reekosdad	Prince of the zoo pt2	https://soundcloud.com/user-156397191/prince-of-the-zoo-pt2	Batdance pt2	Prince
0.680	title	toadkids pt2	Juggernaut-Tyler the Creator [Hyperpunk "Illusions of Grandeur" Edit]	https://soundcloud.com/spagdus/juggernaut-tyler-the-creator-hyperpunk-illusions-of-grandeur-edit	Glitter pt2	Tyler, The Creator
0.680	title	TANUKI	End of the Earth by Epic Games (Fortnite Festival Jam Track)	https://soundcloud.com/tanuki-469388778/end-of-the-earth-by-epic-games	Epic Games - SWIM FREE	Fortnite
0.680	title	pw	Kendrick Lamar LOYALTY x KEINEMUSIK Rupture pt3 MASHUP	https://soundcloud.com/wohlfart/loyalty-x-rupture-pt3	euphoria pt3	Kendrick Lamar
0.680	title	7. Wrapped In Black	Sonic Rush	https://soundcloud.com/fawfulhasfury/7-wrapped-in-black-sonic-rush	Hideki Naganuma - Wrapped In Black	Sonic Rush
0.680	title	Adam Neely X Little Kruta	CLARITY (Zedd Cover Ft. Hannah Sumner)	https://soundcloud.com/kelli-bomar/adam-neely-x-little-kruta-clarity-zedd-cover-ft-hannah-sumner	Clarity (Zedd Union Mix)	Zedd ft. Foxes
0.680	title	TANUKI	End of the Earth by Epic Games (Fortnite Festival Jam Track)	https://soundcloud.com/tanuki-469388778/end-of-the-earth-by-epic-games	Epic Games - SWIM FREE	Fortnite
0.680	title	Gettin' Freaky (Main Menu)	Friday Night Funkin' OST	https://soundcloud.com/kawaispritefak/gettin-freaky-main-menu-friday-night-funkin-ost	Kawai Sprite - Gettin' Freaky (Main Menu)	Friday Night Funkin'
0.680	title	Test Track	LEGO Racers OST	https://soundcloud.com/qroglumbie/test-track-lego-racers-ost	Track 27 (main menu)	Lego Racers
0.680	title	Fortress Boss	Super Mario Bros. 3	https://soundcloud.com/ssbu-ost/fortress-boss-super-mario-bros-3	Fortress BGM	Super Mario Bros. 3
0.680	title	DJ CHARI & DJ TATSUKI	GOKU VIBES (Feat. Tohji, Elle Teresa, UNEDUCATED KID & Futuristic Swaver)	https://soundcloud.com/o7s6ci2mubgk/dj-chari-dj-tatsuki-goku-vibes-feat-tohji-elle-teresa-uneducated-kid-futuristic-swaver	GOKU VIBES (HELVETICAN REMIX)	TOHJI, ELLE TERESA, UNEDUCATED KID, FUTURISTIC SWAVER, DJ CHARI & DJ TATSUKI
0.680	title	Wu	Tang Clan - Gravel Pit	https://soundcloud.com/andreea-edvina-gheorghe/wu-tang-clan-gravel-pit	Wu Tang Clan Ain't Nuthin' To Fuck With (+30) (A+30 note in bassline)	Wu Tang Clan
0.680	title	Game Over	Friday Night Funkin' OST	https://soundcloud.com/kawaispritefak/game-over-friday-night-funkin-ost	Kawai Sprite - Game Over	Friday Night Funkin'
0.680	title	Ringside	Rhythm Heaven Fever - HQ	https://soundcloud.com/user-865591989/ringside-rhythm-heaven-fever	Tsunku♂ - Ringside	Rhythm Heaven Fever
0.680	title	Aefiniti	Hopedrunk Everasking Caroline Polachek Cover	https://soundcloud.com/theaefiniti/hopedrunk-everasking-caroline-polachek-cover	Hopedrunk Everlasting	Caroline Polachek
0.680	title	Test Track	LEGO Racers OST	https://soundcloud.com/qroglumbie/test-track-lego-racers-ost	Track 27 (main menu)	Lego Racers
0.680	title	W4YN3	the prodigy v the chemical brothers pt1	https://soundcloud.com/wayne-ch/the-prodigy-v-the-chemical	Elektrobank pt1	The Chemical Brothers
0.680	title	TANUKI	End of the Earth by Epic Games (Fortnite Festival Jam Track)	https://soundcloud.com/tanuki-469388778/end-of-the-earth-by-epic-games	Epic Games - SWIM FREE	Fortnite
0.680	title	Dad Battle	Friday Night Funkin' OST -	https://soundcloud.com/kawaispritefak/dad-battle-friday-night-funkin-ost	Kawai Sprite - Dad Battle	Friday Night Funkin'
0.680	title	Forest Temple	The Legend of Zelda- Ocarina of Time	https://soundcloud.com/donato64/forest-temple-the-legend-of	Koji Kondo - Temple of Time	The Legend of Zelda: Ocarina of Time
0.680	title	Video Game Players	Song of Storms (Windmill Hut Theme) [From "the Legend of Zelda: Ocarina of Time"]	https://soundcloud.com/moonieshard/song-of-storms-windmill-hut-theme-from-the-legend-of-zelda-ocarina-of-time	Koji Kondo - Windmill Hut	The Legend of Zelda: Ocarina of Time
0.680	title	Dunkaccina	Wii Play Motion	https://soundcloud.com/dunkaccina/player-selection-wii-play-motion-4	Wii Channel	Wii Play
0.680	title	Test Track	LEGO Racers OST	https://soundcloud.com/qroglumbie/test-track-lego-racers-ost	Track 27 (main menu)	Lego Racers
0.680	title	Timothy Butternubs	Splatoon 2 (Splatfest battle theme)	https://soundcloud.com/drusionry/ebb-and-flow-splatoon-2-splatfest-battle-theme	Battle Victory	Splatoon
0.680	title	Paul Hardcastle	Bionicle Age	https://soundcloud.com/will-newton-495388484/bionicle-age	Paul Hardcastle - Killing Machines	BIONICLE
0.680	title	TANUKI	End of the Earth by Epic Games (Fortnite Festival Jam Track)	https://soundcloud.com/tanuki-469388778/end-of-the-earth-by-epic-games	Epic Games - SWIM FREE	Fortnite
0.680	title	pw	Kendrick Lamar LOYALTY x KEINEMUSIK Rupture pt3 MASHUP	https://soundcloud.com/wohlfart/loyalty-x-rupture-pt3	euphoria pt3	Kendrick Lamar
0.680	title	W4YN3	the prodigy v the chemical brothers pt2	https://soundcloud.com/wayne-ch/the-prodigy-v-the-chemical-1	Elektrobank pt2	The Chemical Brothers
0.680	title	Disasterpeace	Adventure (FEZ Soundtrack)	https://soundcloud.com/leodes/disasterpeace-adventure-fez	Disasterpeace - Pressure	Fez
0.680	title	TANUKI	End of the Earth by Epic Games (Fortnite Festival Jam Track)	https://soundcloud.com/tanuki-469388778/end-of-the-earth-by-epic-games	Epic Games - SWIM FREE	Fortnite
0.680	title	Forest Temple	The Legend of Zelda- Ocarina of Time	https://soundcloud.com/donato64/forest-temple-the-legend-of	Koji Kondo - Temple of Time	The Legend of Zelda: Ocarina of Time
0.680	title	Key	c418 | Minecraft	https://soundcloud.com/user-970229102/key-c418-minecraft	C418 - Chris	Minecraft
0.680	title	Guy Contact	Piracy, It's A Crime	https://soundcloud.com/guycontact/guy-contact-piracy-its-a-crime	Melchior Reitveldt - Piracy. It's A Crime PSA	Piracy. It's A Crime
0.680	title	GlitchxCity	Pokémon Red and Blue- Silph Co. Remix	https://soundcloud.com/glitchxcity/silph-co-remix	Poké Flute	Pokémon Red and Blue
0.680	title	*FREE* StargazingPT2	Travis Scott typebeat (Prod.Krudeboi)	https://soundcloud.com/krudebo1/free-stargazingpt2-travis-scott-typebeat-prodkrudeboi	STARGAZING pt2	Travis Scott
0.680	title	Anderous Pi	Hyrule Field   The Legend of Zelda Ocarina of Time	https://soundcloud.com/anderouspi/hyrule-field-the-legend-of	Koji Kondo - Hyrule Field	The Legend of Zelda: Ocarina of Time
0.680	title	Test Track	LEGO Racers OST	https://soundcloud.com/qroglumbie/test-track-lego-racers-ost	Track 27 (main menu)	Lego Racers
0.680	title	C418	Minecraft	https://soundcloud.com/c418/minecraft	C418 - Chris	Minecraft
0.680	title	GlitchxCity	Pokémon Red and Blue: Lavender Town Remix	https://soundcloud.com/glitchxcity/lavender-town-remix	Poké Flute	Pokémon Red and Blue
0.680	title	bruno32	Castle Theme   Super Mario World	https://soundcloud.com/bruno32/castle-theme-super-mario	Koji Kondo - Castle Theme	Super Mario World
0.680	title	kflare plays	Squiddy Holly- Chirpy Chips	https://soundcloud.com/kflare-plays/squiddy-holly-chirpy-chips	Squiddy Holly - Chirpy Chips (weezer - buddy holly cover)	Moola
0.680	title	DZ'OB	Gwely Mernans (Aphex Twin re-imagining)	https://soundcloud.com/dz_ob/gwely-mernans-aphex-twin-re	Gwety Mernans	Aphex Twin
0.680	title	Anderous Pi	Gerudo Valley   The Legend of Zelda Ocarina of Time	https://soundcloud.com/anderouspi/gerudo-valley-the-legend-of	Koji Kondo - Gerudo Valley	The Legend of Zelda: Ocarina of Time
0.680	title	sonic martinez	DJ SONIC TRANSICIÓN Skrillex   Dirty Vibe With Diplo, G Dragon From Big Bang And CL From 2NE1	https://soundcloud.com/sonic-martinez/dj-sonic-transicion-en-vivo-2014-skrillex-dirty-vibe-with-diplo-g-dragon-from-big-bang-and-cl-from-2ne1	Dirty Vibe (Habstrakt Remix)	Skrillex with Diplo, G-Dragon from Big Bang and CL from 2NE1
0.680	title	toadkids pt2	Juggernaut-Tyler the Creator [Hyperpunk "Illusions of Grandeur" Edit]	https://soundcloud.com/spagdus/juggernaut-tyler-the-creator-hyperpunk-illusions-of-grandeur-edit	Glitter pt2	Tyler, The Creator
0.680	title	Khay10	Maddening Shroud by Frou Frou Sped To 1.2	https://soundcloud.com/khay10/maddening-shroud-by-frou-frou-sped-to-12	Maddening Sound	Frou Frou
0.680	title	09	Jet Set Radio - Rock It On	https://soundcloud.com/nanarthur/09-jet-set-radio-rock-it-on	Hideki Naganuma - Rock It On	Jet Set Radio
0.680	title	Test Track	LEGO Racers OST	https://soundcloud.com/qroglumbie/test-track-lego-racers-ost	Track 27 (main menu)	Lego Racers
0.680	title	Courtship Dating	Courtship Dating- Crystal Castles	https://soundcloud.com/caseyrisp4/courtship-dating-crystal	Courtship Dancing	Crystal Castles
0.680	title	Cyberpunk	“Undertow Velocity” by Private Press	https://soundcloud.com/zion-bressanin/undertow-velocity-by-private	Private Press - Skin<>Drifter - Undertow Velocity	Cyberpunk 2077
0.680	title	TANUKI	End of the Earth by Epic Games (Fortnite Festival Jam Track)	https://soundcloud.com/tanuki-469388778/end-of-the-earth-by-epic-games	Epic Games - SWIM FREE	Fortnite
0.680	title	FUrThER-AM	Grand Theft Auto San Andreas Radio X	https://soundcloud.com/furtheram/grand-theft-auto-san-andreas	Theme from San Andreas	Grand Theft Auto: San Andreas
0.680	title	SolCalibre™	Off the Hook - Colour Pulse	https://soundcloud.com/sol64/splatoon-2-pearl-and-marinas-theme-extended	Off the Hook - Color Pulse (2024)	Splatoon 3
0.680	title	TANUKI	End of the Earth by Epic Games (Fortnite Festival Jam Track)	https://soundcloud.com/tanuki-469388778/end-of-the-earth-by-epic-games	Epic Games - SWIM FREE	Fortnite
0.680	title	C418	Minecraft	https://soundcloud.com/c418/minecraft	C418 - Chris	Minecraft
0.667	artist	Us Cracks	User Friendly	https://soundcloud.com/zorya_yasnaya/user-friendly	Us Cracks (Namakopuri) - User Friendly (cover)	Cyberpunk 2077
0.657	title	Ollie King	The Concept Of Love	https://soundcloud.com/victor-phill/ollie-king-ost-the-concept-of-love-concept-of-passion	Hideki Naganuma - The Concept of Love (The Concept of Passion Mix)	Ollie King
0.657	title	Skrillex & Poo Bear	Would You Ever	https://soundcloud.com/skrillex/wouldyouever	Would You Ever (Branches & Charlie Klarsfeld Remix)	Skrillex, Poo Bear
0.657	title	umru, emotegi, Aj simons	losin my mind	https://soundcloud.com/umru/umru-emotegi-aj-simons-losin	losin my mind (emotgi, acounta & ro500 Remix)	umru, emotegi, Aj simons
0.657	title	The Presets	Talk Like That	https://soundcloud.com/the-presets/06-talk-like-that	Talk Like That (Dave Spoon Televised Mix)	The Presets
0.653	artist	S.A Music	Super Mario Bros. 2 (Super Mario Bros. Super Show Remake)	https://soundcloud.com/safrmusic/overworld-super-mario-bros-2-super-mario-bros-super-show-remake	Super Mario 2007	Super Mario Galaxy
0.653	artist	VS： Sky	New Super Mario Bros. Versus (Mario Vs Luigi) OST	https://soundcloud.com/that-one-guy-185578841/vs-sky-new-super-mario-bros-versus-mario-vs-luigi-ost	Super Mario 2007	Super Mario Galaxy
0.653	artist	Isaiah (Swigz)	Water World Theme (Super Mario Bros 3)	https://soundcloud.com/jamzdabrainz5/water-world-theme-super-mario	Super Mario 2007	Super Mario Galaxy
0.653	artist	Emm Bee Sea	Super Mario 64 DS	https://soundcloud.com/superninjigalaxy/hoot-the-owl	Super Mario 2007	Super Mario Galaxy
0.653	artist	Dystifyzer	Super Mario Odyssey Soundtrack	https://soundcloud.com/dappa-fuster/forgotten-isle-2-lost-kingdom	Super Mario 2007	Super Mario Galaxy
0.640	title	Soulwax	NY Excuse	https://soundcloud.com/soulwaxofficial/ny-excuse-1	NY Excuse (Max Pask Remix)	Soulwax
0.640	title	Squid Sisters	Inkopolis News!	https://soundcloud.com/dj-tenta-kill/squid-sisters-inkopolis-news	Squid Sisters - Inkopolis News (Splatfest) (city of color inst)	Splatoon
0.640	title	Daft Punk	The Brainwasher	https://soundcloud.com/daftpunkofficialmusic/the-brainwasher	Get Lucky (Daft Punk Remix)	Daft Punk ft. Pharrell Williams, Nile Rodgers
0.640	title	Daft Punk	Aerodynamic	https://soundcloud.com/daftpunkofficialmusic/aerodynamic	Get Lucky (Daft Punk Remix)	Daft Punk ft. Pharrell Williams, Nile Rodgers
0.640	title	Bjork	Army Of Me	https://soundcloud.com/fernando-evangelista-3/bjork-army-of-me	Army of me (Beasty Boys remix)	Björk
0.640	title	Bloodhound Gang	The Bad Touch	https://soundcloud.com/bloodhound-gang/the-bad-touch-album-version	The Bad Touch (The Eiffel 65 Mix)	Bloodhound Gang
0.640	title	Boys Noize	Jeffer	https://soundcloud.com/cepheus-1/boys-noize-jeffer	& Down (Siriusmo vs Boys Noize Remix)	Boys Noize
0.640	title	From First To Last	The Latest Plague	https://soundcloud.com/from-first-to-last/the-latest-plague	The Latest Plague (Atticus Ross Remix)	From First to Last
0.640	title	Halsey	Without Me	https://soundcloud.com/halseymusic/without-me	Without Me - gupi unintentional remix	Halsey
0.640	title	Lady Gaga Ft. Elton John	Sine From Above (Nostlove Remix)	https://soundcloud.com/nostlove/lady-gaga-ft-elton-john-sine-from-above-nostlove-remix	Sine From Above (Chester Lockhart, Mood Killer & Lil Texas Remix)	Lady Gaga ft. Elton John
0.640	title	schnuffel bunny	snuggle song	https://soundcloud.com/gecko-mania/schnuffel-bunny-snuggle-song	૮꒰ ˶- ༝ -˶꒱აSnuggle_Song_dontloveme_Happy_Hardcore_Edit૮꒰ ˶• ༝ •˶꒱ა♡	Schnuffel_Bunny
0.640	title	100 gecs, Laura Les, Dylan Brady	800 db cloud	https://soundcloud.com/100gecs/800db-cloud	800db Cloud (Can Of Bliss Remix)	100 gecs
0.640	title	Daft Punk	Technologic	https://soundcloud.com/daftpunkofficialmusic/technologic	Get Lucky (Daft Punk Remix)	Daft Punk ft. Pharrell Williams, Nile Rodgers
0.640	title	Linkin Park	Plc.4 Mie Haed (Instrumental)	https://soundcloud.com/user-905804392/linkin-park-plc-4-mie-haed	Plc.4 Mie Hæd (a place for my head remix) (Amp Live Reanimation)	Linkin Park ft. Zion
0.640	title	Daft Punk	Emotion	https://soundcloud.com/daftpunkofficialmusic/emotion	Get Lucky (Daft Punk Remix)	Daft Punk ft. Pharrell Williams, Nile Rodgers
0.640	title	Kanye West	Louie Bags (feat. Jack Harlow)	https://soundcloud.com/squeaker_boy-gaming/louie-bags-feat-jack-harlow	LOUIE BAGS (CHK!DSK DNB EDIT)	Kanye West
0.640	title	BRITNEY SPEARS	ME AGAINST THE MUSIC FT MADONNA (TRIBAL HONEY G REMIX)	https://soundcloud.com/ekltkrrrr/matm	Me Against The Music (Justice Extended Mix)	Britney Spears ft. Madonna
0.640	title	Soulwax	NY Excuse	https://soundcloud.com/soulwaxofficial/ny-excuse-1	NY Excuse (Max Pask Remix)	Soulwax
0.640	title	Daft Punk	On / Off	https://soundcloud.com/daftpunkofficialmusic/on-off	Get Lucky (Daft Punk Remix)	Daft Punk ft. Pharrell Williams, Nile Rodgers
0.640	title	The Young Punx	Interplanetary (Openair Mix)	https://soundcloud.com/theyoungpunx/interplanetary-openair-mix	Young and Beautiful (Laurent Konrad Mix)	The Young Punx
0.640	title	Uffie	Illusion Of Love (feat. Mattie Safer)	https://soundcloud.com/uffieofficial/illusion-of-love-feat-mattie-1	Uffie ft. Mattie Safer - Illusion Of Love (Fred Falke Remix)	Sucker Punch
0.638	title	15	Dem Franchize Boyz feat. Jermaine Dupri, Bow Wow & Da Brat - I Think They Like Me	https://soundcloud.com/dieselmania/15-dem-franchize-boyz-feat-jermaine-dupri-bow-wow-da-brat-i-think-they-like-meremix	I Think They Like Me (So So Def Remix)	Dem Franchise Boyz ft. Jermaine Dupri, Da Brat & Bow Wow
0.628	artist	hold up wait a minute	dj chip	https://soundcloud.com/user-778518522/hold-up-wait-a-minute-dj-chip	Hold Up Mix	DJ Funk, Jammin G and DJ Chip
0.625	title	Uffie	Pop the Glock	https://soundcloud.com/uffieofficial/uffie-pop-the-glock	Pop The Glock (Ellen Alien Bang The Glock Mix 2009)	Uffie
0.620	title	Drillers Records	Mousse T. ft Hotn Juicy - Horny (remix)	https://soundcloud.com/drillers-records/gus-jerez-eze-drill-mousse-t-ft-hotn-juicy-horny-remix-10	Horny (Boris Gets Horny Mix) (thats boris dlugosch, not the band boris lol)	Mousse T. ft. Hot 'N' Juicy
0.620	title	Deavid Soul	Jet Set Radio	https://soundcloud.com/maya-ampora-ochoa/on-the-bowl	Deavid Soul - On the Bowl (A.Fargus Remix)	Jet Set Radio
0.600	artist	Thebonsaisupersleep	I could use a drink pt1	https://soundcloud.com/thebonsaisupersleep/i-could-use-a-drink-pt1	????? A pt1	Arca
0.600	artist	badfellas	N.S.T	https://soundcloud.com/user-593638874-772393310/nst	Bad	Michael Jackson (Remix By Afrojack)
0.600	artist	Marcin Przybyłowicz	V (Main Theme)	https://soundcloud.com/goldielou2/cyberpunk-2077-ost-v	Marcin Przybyłowicz - V	Cyberpunk 2077
0.600	artist	tttadashi	i want these shoes but unfortunately i dont have a billion million dollars pt1	https://soundcloud.com/tttadashi/i-want-these-shoes-but	????? A pt1	Arca
0.600	artist	2k beats	Jimmy Cooks (Type Beat)	https://soundcloud.com/2kbeats1998/drake-ft-21-savage-jimmy-cooks-type-beat	A-Type	Tetris
0.600	artist	hari	EDM Playlist - Pt1	https://soundcloud.com/hvrithxnh/2016-rewind-edm-playlist-pt1	????? A pt1	Arca
0.600	artist	M.	Him and I ( Manïn Remix )	https://soundcloud.com/ma-nin/g-easy-ft-halsey-him-and-i-school-bus-remix	Him & I	G Easy ft. Halsey
0.600	artist	Gorillaz	Strobelite Ft. Peven Everett (LIVE)	https://soundcloud.com/user-723244371-449905829/gorillaz-strobelite-live	EVER	onlytom
0.600	artist	Teedee, ACRAZE	SexyBack (Teedee Remix) (ACRAZE ID)	https://soundcloud.com/daniel-daley-583971989/justin-timberlake-ft-timbaland-sexyback-teedee-remix-acraze-id	sEx	stef
0.600	title	Lady Gaga	Bad Romance	https://soundcloud.com/ladygaga/bad-romance	Bad Romance (DJ Paulo's Gaga Oh La-La Remix)	Lady Gaga
0.600	artist	M/A/R/R/S	Pump Up The Volume (UK 12" Remix)	https://soundcloud.com/marrsofficial/pump-up-the-volume-uk-12-remix	Pump Up The Volume	M|A|R|R|S
0.600	artist	Corebeats	PAPER PLANES (NOISE MAFIA EDIT) (CRBFREE014)	https://soundcloud.com/corebeats03/mia-paper-planes-noise-mafia-edit-crbfree014	The Plan (Final Fest Announcement)	Splatoon 2
0.600	artist	BACHER	Bamboo Banga (BACHER FLIP)	https://soundcloud.com/bacherbeats/m-i-a-bamboo-banga-bacher-flip	Bamboo Banga (banger)	M.I.A.
0.600	title	MSTRKRFT	1000 Cigarettes	https://soundcloud.com/mstrkrft/1000-cigarettes-album-version	1,000 Cigarettes	MSTRKRFT
0.600	artist	N.E.R.D.	Tape You	https://soundcloud.com/nerd/tape-you	Tape You	N.E.R.D
0.600	artist	N.E.R.D.	She Wants To Move	https://soundcloud.com/nerd/she-wants-to-move	She Wants To Move	N.E.R.D
0.600	artist	N.E.R.D	Preservation (Live)	https://soundcloud.com/nerd/preservation-live	Preservation	N.E.R.D ft. Lenny Kravitz
0.600	artist	N.E.R.D.	The Way She Dances	https://soundcloud.com/nerd/the-way-she-dances	The Way She Dances (sparks fly)	N.E.R.D
0.600	artist	N.E.R.D	Squeeze Me (from The Spongebob Movie Sponge Out Of Water)	https://soundcloud.com/user-105888795/nerd-squeeze-me-from-the-spongebob-movie-sponge-out-of-water	Squeeze Me (from The Spongebob Movie: Sponge Out Of Water)	N.E.R.D
0.600	artist	N.E.R.D.	Love Bomb	https://soundcloud.com/nerd/love-bomb-album-version	Love Bomb	N.E.R.D
0.600	artist	N.E.R.D.	Hypnotize U	https://soundcloud.com/nerd/hypnotize-u	Hypnotize U	N.E.R.D
0.600	artist	R.E.M.	Losing My Religion	https://soundcloud.com/rem-official/losing-my-religion-3	Losing My Religion	R.E.M.
0.600	artist	CoinRise	Last Dance With Mary Jane (CoinRise Remix)	https://soundcloud.com/coinrise/dancewithmaryjane	Last Dance with Mary Jane	Snoop Dogg ft. Tom Petty & Jelly Roll
0.600	artist	Owltree	"MANIFESTO" (Owltree Remix)	https://soundcloud.com/owltree86/tyler-the-creator-ft-domo-genesis-manifesto-owltree-remix	MANIFESTO	Tyler, The Creator ft. Domo Genesis
0.600	title	The Young Punx	Mashitup (feat. Laura Kidd)	https://soundcloud.com/theyoungpunx/mashitup-feat-laura-kidd	MASHitUP (Luki Remix)	The Young Punx ft. Laura Kidd
0.600	artist	siphrixcc	MOUNT EVEREST PT2	https://soundcloud.com/thesimpofsimpers/mount-everest-pt2	????? A pt2	Arca
0.600	artist	Cyberpunk	“Retrogenesis” by Private Press	https://soundcloud.com/zion-bressanin/retrogenesis-by-private-press	Private Press - ENERGEEHOUSE	Cyberpunk 2077
0.600	artist	Jane Remover	goldfish	https://soundcloud.com/janeremover/be-back-soon	goldfish	dltzk
0.600	artist	Senpai	Friday Night Funkin' OST	https://soundcloud.com/kawaispritefak/senpai-friday-night-funkin-ost	Kawai Sprite - Senpai	Friday Night Funkin'
0.600	title	Halsey, Emily	Lucky (stripped)	https://soundcloud.com/emigog18/lucky-acoustic-mix_mm-v7	Lucky (102.529	Halsey
0.600	artist	Peppy!	Miscellaneous HiT Intro Theme	https://soundcloud.com/peppy-221558085/miscellaneous-hit-intro-theme	Intro	N.E.R.D
0.600	artist	Christopher Corrigan CMRC	Say Something pt1(boosted)	https://soundcloud.com/christopher-corrigan-1/say-something-pt1-boosted	????? A pt1	Arca
0.600	artist	F.A.B.I.D.	It Iz What It Iz (Dirty)	https://soundcloud.com/hitman82/fabid-it-iz-what-it-iz-dirty	IT IZ WHAT IT IZ (it is what it is)	M.I.A.
0.600	artist	HUNNITHERTZ	Splish Splash	https://soundcloud.com/hunnit-hertz/splish-splash	Splish Splash	Paul Anka
0.600	artist	GlitchxCity	Wild Battle Theme (Remix)	https://soundcloud.com/glitchxcity/pokemon-red-and-blue-wild	Wild	Hayden Jason
0.600	artist	Chlöe Howl	Girls and Boys	https://soundcloud.com/chloehowl/girls-and-boys	Girls and boys	underscores
0.600	title	Clairo	Bags	https://soundcloud.com/ccottrill/bags	Bags (GRRL Remix)	Clairo
0.600	artist	NewHope Revival CHURCHINT	Family Matters pt1	https://soundcloud.com/newhope-revival-churchint/family-matters-pt1	????? A pt1	Arca
0.600	artist	Hood Genius	Family Matters Pt2	https://soundcloud.com/brandynjohnsonlee/family-matters-pt2	FAMILY MATTERS pt2	DRAKE
0.600	artist	Empire Of The Sun	Music On The Radio	https://soundcloud.com/empireofthesunsound/music-on-the-radio	Sunshowers	M.I.A.
0.600	artist	I-F	Space Invaders Are Smoking Grass	https://soundcloud.com/efrim9/i-f-space-invaders-are-smoking-grass	Space Invaders Are smoking Grass	I-F
0.600	artist	JID	Skegee	https://soundcloud.com/jidsv/skegee	Skegee	J.I.D
0.600	artist	deewillofficial	Institutionalized Pt.2 (type beat)	https://soundcloud.com/deewillofficial/kendrick-lamar-institutionalized-pt2-type-beat	A-Type	Tetris
0.600	artist	ALESIA X M.I.A	Pull Up The People.	https://soundcloud.com/pucky-salazar/alesia-x-mia-pull-up-the-people	Pull Up The People	M.I.A.
0.600	artist	Corebeats	PAPER PLANES (NOISE MAFIA EDIT) (CRBFREE014)	https://soundcloud.com/corebeats03/mia-paper-planes-noise-mafia-edit-crbfree014	The Plan (Final Fest Announcement)	Splatoon 2
0.600	artist	M.I.A.	CTRL	https://soundcloud.com/miamathangi/mia-ctrl	CTRL	M.I.A.
0.600	artist	M.I.A.	The One	https://soundcloud.com/miauk/the-one	The One	M.I.A.
0.600	title	Michael Jackson	Rock With You (SERGIO DIAZ Edit Re-Work)	https://soundcloud.com/user-983508419/michael-jackson-rock-with-you-sergio-diaz-edit-re-work	Rock With You (may work as D#min, keychange +1 to Bmin	Michael Jackson
0.600	title	Nelly Furtado	Maneater	https://soundcloud.com/nellyfurtado/maneater-album-version	Maneater (Poetically Remix)	Nelly Furtado
0.600	artist	N.E.R.D.	Everyone Nose (All The Girls Standing In The Line For The Bathroom)	https://soundcloud.com/nerd/everyone-nose-all-the-girls-1	Everyone Nose (All The Girls Standing In The Line For The Bathroom)	N.E.R.D
0.600	artist	K Preach XX	Ready Or Not ft qn!	https://soundcloud.com/karante-jordan/ready-or-not-ft-qn	Ready or Not	Yaeji ft. K Wata
0.600	artist	AsapJo	AsapJo-ABOKAMCITY TRAP PT1.mp3	https://soundcloud.com/asapjo_officiel/asapjo-abokamcity-trap-mp3	????? A pt1	Arca
0.600	title	Lady Gaga Ft Beyonce	Telephone (HARDSTYLE)	https://soundcloud.com/whippa2/lady-gaga-ft-beyonce-telephone-hardstyle	Telephone (Alphabeat Remix)	Lady Gaga ft. Beyoncé
0.600	artist	M.I.A.	Fire Fire  (Piracy Funds Terrorism vol.1)	https://soundcloud.com/bellovirgo/fire-fire-m-i-a-privacy-funds	Fire	Super Mario 64 DS
0.600	title	umru & Laura Les	umru + laura les―popular	https://soundcloud.com/umru/popular	popular (caro♡ Cover)	umru + Laura Les
0.600	artist	21 Savage & Metro Boomin	21 Savage & Metro Boomin- X (feat. Future)	https://soundcloud.com/metroboomin/x-feat-future	Boom (take your best shot, it's alright)	P.O.D.
0.600	artist	prodkaz	holiday alt pt2	https://soundcloud.com/kazzi-523804793/holiday-alt-pt2	????? A pt2	Arca
0.600	artist	4tocin, 2Lz	No studio pt4	https://soundcloud.com/glxsswxrld/untitled1	????? A pt4	Arca
0.600	artist	2K Beats	range brothers Type Beat	https://soundcloud.com/2kbeats1998/baby-keem-kendrick-lamar-range-brothers-type-beat	A-Type	Tetris
0.600	title	DZ Deathrays	Fixations	https://soundcloud.com/dzdeathrays/fixations-1	Fixations (AL-P Remix)	DZ Deathrays
0.600	artist	Breakfast (Pause Menu)	Friday Night Funkin' OST	https://soundcloud.com/kawaispritefak/breakfast-pause-menu-friday-night-funkin-ost	Tsunku♂ - Menu (2P Endless Games)	Rhythm Heaven Fever
0.600	artist	Pico	Friday Night Funkin' OST	https://soundcloud.com/kawaispritefak/pico-friday-night-funkin-ost	Kawai Sprite - Pico	Friday Night Funkin'
0.600	artist	High	Friday Night Funkin' OST	https://soundcloud.com/kawaispritefak/high-friday-night-funkin-ost	Kawai Sprite - High	Friday Night Funkin'
0.600	artist	Ugh	Friday Night Funkin' OST	https://soundcloud.com/kawaispritefak/ugh-friday-night-funkin-ost	Kawai Sprite - Ugh	Friday Night Funkin'
0.600	title	Grits	Ooh Aah // My Life Be Like (ft.2Pac & DMX)	https://soundcloud.com/makavelithedonremix/grits-ooh-aah-my-life-be-like-ft2pac-dmx	Ooh Ahh (My Life Be Like) (Remix)	Grits ft. 2Pac & Xzibit
0.600	artist	gupi	Bananas!	https://soundcloud.com/gupimusic/bananas	Banana	M.I.A.
0.600	artist	jedwill1999	ok boomer (luminism remix)	https://soundcloud.com/lmnsm/okboomer	Masami Yone - OK	Rhythm Heaven
0.600	artist	thatboykwame	WOW	https://soundcloud.com/thatboykwame/wow-1	WOW	Kwame
0.600	title	Linkin Park	Rnw@y (Backyard Bangers Reanimation) [feat. Phoenix Orion]	https://soundcloud.com/linkinpark/rnw-y	Rnw@y (Backyard Bangers Reanimation) (runaway remix)	Linkin Park ft. Phoenix Orion
0.600	artist	Dirty Stylez	M.I.A Bucky Done Gun	https://soundcloud.com/dirty-stylez-1/m-i-a-bucky-done-gun	Bucky Done Gun	M.I.A.
0.600	artist	Corebeats	PAPER PLANES (NOISE MAFIA EDIT) (CRBFREE014)	https://soundcloud.com/corebeats03/mia-paper-planes-noise-mafia-edit-crbfree014	The Plan (Final Fest Announcement)	Splatoon 2
0.600	artist	M.I.A.	Galang (feat. Lil Vicious)	https://soundcloud.com/miamathangi/mia-galang-feat-lil-vicious	Galang	M.I.A.
0.600	artist	M.I.A.	BAD GIRLS (CHROMEBODIED)	https://soundcloud.com/chromebodies/bad-girls-chromebodied	Bad	Michael Jackson (Remix By Afrojack)
0.600	artist	N.E.R.D.	Windows	https://soundcloud.com/nerd/windows	Windows	N.E.R.D
0.600	artist	N.O.R.E.	Nothin'	https://soundcloud.com/officialnore/nothin-album-version-explicit	Nothin'	N.O.R.E.
0.600	title	Porter Robinson ft. Amy Millan	Divinity (Remake + Stems)	https://soundcloud.com/morro-214730271/porter-robinson-divinity-remake-stems	Divinity (REZZ Remix)	Porter Robinson ft. Amy Millan
0.600	artist	Unknown	Dr. Robotniks Theme (Boss Fight)	https://soundcloud.com/user-624896213/sonic-the-hedgehog-dr-robotniks-theme-boss-music	Dr. Robotnik's Theme (Boss)	Sonic the Hedgehog
0.600	title	Soulwax	Slowdance	https://soundcloud.com/soulwaxofficial/slowdance	Slowdance (nite versions version)	Soulwax
0.600	artist	Qlons	Conversation With a Rainbow	https://soundcloud.com/qlonsofficial/conversation-with-a-rainbow	Rainbow Conversation (rainbow)	Stereloab
0.600	artist	Bayer	By The End Of The Night	https://soundcloud.com/user-965270762/bayer-by-the-end-of-the-night	Bayer Bayer Bayer	Sukatani
0.600	artist	パブロ KroM Beatz	"90210 Pt 2" ft Kacy Hill |  BEAT SWITCH	https://soundcloud.com/krom-hh/travis-scott-type-beat-90210-pt-2-ft-kacy-hill-beat-switch	The Hills	Adam Neely ft. Hannah Sumner
0.600	title	A$AP Rocky	L$D	https://soundcloud.com/asvpxrocky/l-d-1	A$AP Forever pt1	A$AP Rocky
0.600	artist	Jane Remover	kodak moment	https://soundcloud.com/janeremover/kodak-moment	kodak moment	dltzk
0.600	artist	Mutsuhiko Izumi	Mutsuhiko Izumi	https://soundcloud.com/azurechan/tengoku-to-jigoku	Mutsuhiko Izumi - 天国と地獄 (Heaven and Hell / Super Hyper Can Can)	jubeat
0.600	artist	M.I.A	Hombre (puhlk remix)	https://soundcloud.com/puhlk/m-i-a-hombre-puhlk-remix	Hombre	M.I.A.
0.600	artist	M I A	Paper Planes	https://soundcloud.com/diplo/m-i-a-paper-planes	The Plan (Final Fest Announcement)	Splatoon 2
0.600	artist	Like Dat x Paper Planes	Kodak Black (M.I.A Remix)	https://soundcloud.com/user-991853430/like-dat-x-paper-planes-kodak-black-mia-remix	The Plan (Final Fest Announcement)	Splatoon 2
0.600	artist	Mazde	The Wheel (Mazde Remix)	https://soundcloud.com/mazde/sohn-the-wheel-mazde-remix	The Wheel	SOHN
0.600	artist	Asbjørn	No Tongue In Cheek (feat. Asbjørn)	https://soundcloud.com/sinnbus/la-boum-fatale-no-tongue-in-cheek	Tongue in cheek	underscores
0.600	artist	alexandruproboss	BWC [BRING WET CUNT] (-2 semitones)	https://soundcloud.com/alexandruproboss/zheani-bwc-official-music	CUNTISSIMO (im a star)	MARINA
0.600	artist	ilyproxy	superswag pt1 [SLOWED AND REVERB]	https://soundcloud.com/whychooseme/yt1s-com-proxer3k-superswag	????? A pt1	Arca
0.600	title	Charli xcx	Guess	https://soundcloud.com/charlixcx/guess	Guess (DJ CARLOZS EDIT)	Charli XCX
0.600	artist	Christina Milian	AM To PM	https://soundcloud.com/christinamilian/am-to-pm	C418 - Chris	Minecraft
0.600	artist	KITT	Violence _ Cyberpunk 2077 OST	https://soundcloud.com/kitt-851456780/le-destroy-the-red-glare-violence-cyberpunk-2077-ost	The Red Glare (Le Destroy) - Violence	Cyberpunk 2077
0.600	artist	Jane Remover	eyes off the wheel, i'm a star	https://soundcloud.com/janeremover/e-o-t-w-i-a-s	The Wheel	SOHN
0.600	title	fish	We R	https://soundcloud.com/fishfishfishfishfishfish/we-r	We R (Kesha - We R Who We R) (gupi remix)	fish
0.600	artist	Nite Gamic	You don't Know Me - Lobby Music Pack	https://soundcloud.com/nitegamic/fortnite-you-dont-know-me-lobby-music-pack	You & Me	Flume ft. Eliza Doolittle
0.600	title	Friday Night Funkin'	Fresh (Instrumental)	https://soundcloud.com/kawaispritefak/friday-night-funkin-fresh-instrumental	Kawai Sprite - Fresh	Friday Night Funkin'
0.600	artist	Breakfast (Pause Menu)	Friday Night Funkin' OST	https://soundcloud.com/kawaispritefak/breakfast-pause-menu-friday-night-funkin-ost	Tsunku♂ - Menu (2P Endless Games)	Rhythm Heaven Fever
0.600	artist	Roses	Friday Night Funkin' OST	https://soundcloud.com/kawaispritefak/roses-friday-night-funkin-ost	Kawai Sprite - Roses	Friday Night Funkin'
0.600	artist	Thorns	Friday Night Funkin' OST	https://soundcloud.com/kawaispritefak/thorns-friday-night-funkin-ost	Kawai Sprite - Thorns	Friday Night Funkin'
0.600	artist	LORD OF THE ANTS	Poor Little Skull Boy | Zero pt2	https://soundcloud.com/headlessthoughts/zero_part_2	????? A pt2	Arca
0.600	artist	jedwill1999	ok boomer (luminism remix)	https://soundcloud.com/lmnsm/okboomer	Masami Yone - OK	Rhythm Heaven
0.600	artist	BACHER	Bamboo Banga (BACHER FLIP)	https://soundcloud.com/bacherbeats/m-i-a-bamboo-banga-bacher-flip	Bamboo Banga (banger)	M.I.A.
0.600	artist	M.I.A.	Born Free (Toy Selectah Remix)	https://soundcloud.com/enelmar/m-i-a-born-free-toy-selectah	BORN FREE	M.I.A.
0.600	artist	M.I.A.	Marigold	https://soundcloud.com/miauk/marigold	Marigold	M.I.A.
0.600	artist	P.O.D.	Youth of the Nation	https://soundcloud.com/p-o-d/youth-of-the-nation	Youth of the Nation (we are)	P.O.D.
0.600	artist	DavidMismol	Rhythm Heaven Fever	https://soundcloud.com/belkaspro/title-theme-rhythm-heaven	Heaven (goodbye)	CFCF ft. Sarah Bonito
0.600	artist	Elnur Kuliev	Татьяна Овсиенко-Колечко (Tatyana Ovsiyenko-Kolechko (Ring)) (1997)	https://soundcloud.com/djsurvivor/tatyana-ovsiyenko-kolechko-ring-1997	Tsunku♂ - Ringside	Rhythm Heaven Fever
0.600	artist	binzy	bunny hill	https://soundcloud.com/xbinzy/bunny-hill	The Hills	Adam Neely ft. Hannah Sumner
0.600	title	Friday Night Funkin'	Bopeebo (Instrumental)	https://soundcloud.com/kawaispritefak/friday-night-funkin-bopeebo-instrumental	Kawai Sprite - Bopeebo	Friday Night Funkin'
0.600	artist	Cocoa	Friday Night Funkin' OST	https://soundcloud.com/kawaispritefak/cocoa-friday-night-funkin-ost	Kawai Sprite - Cocoa	Friday Night Funkin'
0.600	artist	Eggnog	Friday Night Funkin' OST -	https://soundcloud.com/kawaispritefak/mp3downloadto-eggnog-friday-night-funkin-ost-128k	Kawai Sprite - Eggnog	Friday Night Funkin'
0.600	artist	One More I.D.L. [Life Sim X A. Grande] (135	155 BPM Edit)	https://soundcloud.com/strangeways-djs/one-more-idl-life-sim-x-a-grande-135-155-bpm-edit	The One	M.I.A.
0.600	artist	Thissle	Bad Girls Tell Me -- RL Grime x Nonsense x M.I.A. (DJ SAUCE Bootleg)	https://soundcloud.com/thissle/bad-girls-tell-me-rl-grime-x	DJ	David Bowie
0.600	artist	M.I.A.	Space (Duke Auroch & King Pocket Remix)	https://soundcloud.com/duke-auroch-king-pocket/m-i-a-space-duke-auroch-king-pocket-remix	SPACE	M.I.A.
0.600	artist	N.W.A.	Express Yourself (Remastered 2000)	https://soundcloud.com/nwaofficial/express-yourself-1	Express Yourself	N.W.A.
0.600	artist	Simple Plan	Perfect	https://soundcloud.com/simpleplanband/perfect-1	The Plan (Final Fest Announcement)	Splatoon 2
0.600	artist	⣎⡇ꉺლ༽இ•̛)ྀ◞ ༎ຶ ༽ৣৢ؞ৢ؞ؖ ꉺლ	೧ູ࿃ूੂ༽oooooo(ଳծູ ̟̞̝̜̙̘̗̖҉̵̴̨̧̢̡̼̻̺̹̳̲̱̰̯̮̭̬̫̪̩̦̥̤̣̠҈͈͇͉͍͎͓͔͕͖͙͚͜͢͢͢͢͢͢͢͢͢͢͢͢͢͢ͅ l̡̡̡ ̡͌l̡*̡̡	https://soundcloud.com/x5g32/o-oooooo-l-l	೧ູ࿃ूੂ༽oooooo(ଳծູ ̟̞̝̜̙̘̗̖҉̵̴̨̧̢̡̼̻̺̹̳̲̱̰̯̮̭̬̫̪̩̦̥̤̣̠҈͈͇͉͍͎͓͔͕͖͙͚͜͢͢͢͢͢͢͢͢͢͢͢͢͢͢ͅ l̡̡̡ ̡͌l̡*̡̡ ̴̡ı̴̴̡ ̡̡͡| ̲̲͡ π̲̲͡͡ ɵੂ≢)_̴I	⣎⡇ꉺლ༽இ•̛)ྀ◞ ༎ຶ ༽ৣৢ؞ৢ؞ؖ ꉺლ (Four Tet)
0.600	title	Charli xcx	Boys	https://soundcloud.com/charlixcx/boys	Boys (MBootyspoon Dub)	Charli XCX
0.600	artist	user2222	c thru u [2222 edit]	https://soundcloud.com/user-22222222222222222/c-thru-u-draft	C Thru	GLOO
0.600	title	Linkin Park	1Stp Klosr (The Humble Brothers Reanimation) [feat. Jonathan Davis]	https://soundcloud.com/linkinpark/1stp-klosr	1stp Klosr (The Humble Brothers Reanimation) (one step closer remix)	Linkin Park ft. Jonathan Davis
0.600	title	Linkin Park	Krwlng (Mike Shinoda Reanimation) [feat. Aaron Lewis]	https://soundcloud.com/linkinpark/krwlng	Krwlng (Mike Shinoda Reanimation) (crawling remix)	Linkin Park ft. Aaron Lewis
0.600	artist	M.I.A.	Bad Girls	https://soundcloud.com/miauk/bad-girls	Bad	Michael Jackson (Remix By Afrojack)
0.600	artist	Missy Elliott feat. Vybz Kartel & M.I.A	Bad Man	https://soundcloud.com/tomkutcher/instrumental	Bad	Michael Jackson (Remix By Afrojack)
0.600	artist	M.I.A	bad girls (slowed + reverb)	https://soundcloud.com/ttdraftroom/mia-bad-girls-slowed-reverb	Bad	Michael Jackson (Remix By Afrojack)
0.600	artist	N.E.R.D.	What's Wrong With Me	https://soundcloud.com/nerd/whats-wrong-with-me	Wrong	Alnaht
0.600	artist	t.A.T.u.	Not Gonna Get Us	https://soundcloud.com/tatu-official/not-gonna-get-us-album-version	Nothin'	N.O.R.E.
0.600	artist	T.I.	Why You Wanna	https://soundcloud.com/tiofficial/why-you-wanna	Why You Wanna (gypsy woman)	T.I.
0.600	title	Charli xcx	forever	https://soundcloud.com/charlixcx/forever	Forever (beanboy remix)	Charli XCX
0.600	artist	Herman's Hermit	Don't Go Out In The Rain	https://soundcloud.com/hermanshermit/dont-go-out-in-the-rain	Go!	Noise International ft. Sharon Muscat
0.600	artist	Trez	C418 | (Slowed & Reverb + Best Part Looped)	https://soundcloud.com/tre_zz/dreiton-c418-slowed-reverb	Private Press - BESTPL	Cyberpunk 2077
0.600	artist	GlitchxCity	Wild Battle Theme (Remix)	https://soundcloud.com/glitchxcity/pokemon-red-and-blue-wild	Wild	Hayden Jason
0.600	artist	Shota Kageyama	Pokémon Brilliant Diamond/Shining Pearl	https://soundcloud.com/rse-548363113/opening-movie	Wendy Carlos and Rachel Elkind - The Shining	The Shining
0.600	artist	SASAKI KISSA & NIGEMIZU AMU	NIGEMIZU AMU (prod. SASAKI KISSA)	https://soundcloud.com/sharletonbrimbus/punch-punch-forever-op-nigemizu-amu-prod-sasaki-kissa	kiss	gabby start
0.600	artist	R.E.M.	Shiny Happy People	https://soundcloud.com/rem-official/shiny-happy-people-2	Shiny Happy People	R.E.M.
0.600	artist	JGlenn99	Sunshine Pt2	https://soundcloud.com/user-416494991/sunshine_pt2	????? A pt2	Arca
0.600	title	Wave Racer	Left Behind	https://soundcloud.com/wave-racer/left-behind-1	Left Behind (Lamp DX SuperClub Mix)	Wave Racer
0.600	artist	golak	rode session pt2	https://soundcloud.com/garftp/rodeseason11	????? A pt2	Arca
0.600	artist	2Mello	24 Hour Party People (DJKiske's 'Latched' Remix)	https://soundcloud.com/djkiske/2mello-24-hour-party-people-djkiskes-latched-remix	24 Hour Party People	2 Mello
0.600	artist	Birdy Nam Nam	URAO	https://soundcloud.com/user260337/birdy-nam-nam-urao	The Bird	GRRL
0.600	artist	binzy	bunny hill	https://soundcloud.com/xbinzy/bunny-hill	The Hills	Adam Neely ft. Hannah Sumner
0.600	artist	Fir3Music	Lizzy Wizzy Meeting [Cyberpunk]	https://soundcloud.com/lackfir3/lizzy-wizzy-meeting-cyberpunk	WIZZ (let it go)	COUCOU CHLOE
0.600	artist	Cyberpunk	“Retrogenesis” by Private Press	https://soundcloud.com/zion-bressanin/retrogenesis-by-private-press	Private Press - ENERGEEHOUSE	Cyberpunk 2077
0.600	artist	Spellhammer.ca ™	Lux et Libertas #2	https://soundcloud.com/francis-st-onge-311491789/lux-et-libertas-2	Lux 2	GLOO
0.600	artist	NIGHTCRAFT	Drown In You	https://soundcloud.com/nightcraft_official/drown-in-you	Drowning (Cphr) (gets faster)	Sonic the Hedgehog
0.600	artist	jaden	B electric (slowed & reverb)	https://soundcloud.com/loic-971/jaden-b-electric-slowed-reverb	Electricity	Hikaru Utada
0.600	artist	oooooouuuuu	Friend Like U Ft. Jaden Smith (Neo Yokio)	https://soundcloud.com/user-37421590/friend-like-u-ft-jaden-smith-neo-yokio	೧ູ࿃ूੂ༽oooooo(ଳծູ ̟̞̝̜̙̘̗̖҉̵̴̨̧̢̡̼̻̺̹̳̲̱̰̯̮̭̬̫̪̩̦̥̤̣̠҈͈͇͉͍͎͓͔͕͖͙͚͜͢͢͢͢͢͢͢͢͢͢͢͢͢͢ͅ l̡̡̡ ̡͌l̡*̡̡ ̴̡ı̴̴̡ ̡̡͡| ̲̲͡ π̲̲͡͡ ɵੂ≢)_̴I	⣎⡇ꉺლ༽இ•̛)ྀ◞ ༎ຶ ༽ৣৢ؞ৢ؞ؖ ꉺლ (Four Tet)
0.600	artist	THREESIXTY	CANNED HEAT	https://soundcloud.com/iamthreesixty/cannedheat	Canned Heat	Jamiroqai
0.600	title	Justice	Genesis	https://soundcloud.com/justice-official/genesis	Genesis (Vanille Remix)	Justice
0.600	artist	C-BU	TV Off Pt. 2 (C-Bu Play Edit)	https://soundcloud.com/djc_bu/tv-off-part-2-play	Playroom	Super Mario 64 DS
0.600	artist	Soyo Oka, Taro Bando	SNES Ghost Valley 2	https://soundcloud.com/user-272592510/mario-kart-wii-snes-ghost-valley-2	SNES Ghost Valley 2	Mario Kart Wii
0.600	artist	M.I.A	20 Dollar (toutdoucement)	https://soundcloud.com/vitevitevite/mia-20-dollar-toutdoucement	20 Dollar	M.I.A.
0.600	artist	M.I.A.	XR2 (Mad Major Melvin Remix)	https://soundcloud.com/madmajormelvin/xr2-remix	XR2	M.I.A.
0.600	artist	M.I.A.	Bring The Noize (Extended Version)	https://soundcloud.com/miauk/bring-the-noize-1	Bring The Noize	M.I.A.
0.600	artist	M.I.A.	BAD GIRLS (CHROMEBODIED)	https://soundcloud.com/chromebodies/bad-girls-chromebodied	Bad	Michael Jackson (Remix By Afrojack)
0.600	artist	M.I.A.	SAFE	https://soundcloud.com/miamathangi/mia-safe	SAFE	M.I.A
0.600	artist	N.E.R.D.	Run To The Sun	https://soundcloud.com/nerd/run-to-the-sun	Run To The Sun	N.E.R.D
0.600	artist	N.E.R.D.	Baby Doll	https://soundcloud.com/nerd/baby-doll	Baby	Pharrell Williams ft. Nelly
0.600	artist	N.E.R.D.	Backseat Love	https://soundcloud.com/nerd/backseat-love	Backseat Love	N.E.R.D
0.600	artist	N.E.R.D.	Chariot Of Fire	https://soundcloud.com/nerd/chariot-of-fire-edited-with	Fire	Super Mario 64 DS
0.600	artist	N.E.R.D.	Laugh About It	https://soundcloud.com/nerd/laugh-about-it-album-version	Laugh About It	N.E.R.D
0.600	artist	Ö, NÖMAK	Good Things on the Way	https://soundcloud.com/thisisnomak/good-things-on-the-way-2	Good Things On The Way	Ö
0.600	artist	ATLUS	The Whims of Fate	https://soundcloud.com/user-960357313/persona-5-the-whims-of-fate	The Whims of Fate	Persona 5
0.600	artist	P.O.D.	Alive	https://soundcloud.com/cadm30/pod-alive	Alive	P.O.D.
0.600	artist	ORTEUM	Get The Fuck Outta Here Ft Dj Profail (prod. Randy One)	https://soundcloud.com/orteum/get-the-fuck-outta-here-ft-dj	DJ	David Bowie
0.600	title	Skrillex	Kill EVERYBODY (KOAN Sound Remix)	https://soundcloud.com/chrissalv/skrillex-kill-everybody-koan-sound-remix	Rumble (0khz Remix)	Skrillex, Fred again.. & Flowdan
0.600	title	Soulwax	Krack	https://soundcloud.com/soulwaxofficial/krack	Krack (crack) (nite versions version)	Soulwax
0.600	artist	Sue DJ, Polar	Busy Bee (Instrumental) [feat. La La Life]	https://soundcloud.com/suedj-music/busy-bee-instrumental-feat-la	DJ	David Bowie
0.600	artist	T.I.	Whatever You Like (Album Version)	https://soundcloud.com/tiofficial/whatever-you-like	Whatever You Like	T.I.
0.600	artist	Luh Ai	Lets Play Ball	https://soundcloud.com/1p-cozmic/lets-play-ball	Playroom	Super Mario 64 DS
0.600	title	The Young Punx	Got Your Number	https://soundcloud.com/theyoungpunx/got-your-number	Got Your Number (gonna fly now - rocky theme remix)	The Young Punx
0.600	artist	SKILZIE	LIGHT UP PT2	https://soundcloud.com/skilzie/skilzie-light-up-pt2	????? A pt2	Arca
0.600	artist	Jane Remover	movies for guys	https://soundcloud.com/janeremover/movies-for-guys	movies for guys	dltzk
0.600	artist	Tutorial	Friday Night Funkin' OST	https://soundcloud.com/kawaispritefak/tutorial-friday-night-funkin-ost	Kawai Sprite - Tutorial	Friday Night Funkin'
0.600	artist	ZO DASH	Gimme love pt2	https://soundcloud.com/ervin-tyson-1/gimme-love-pt2	????? A pt2	Arca
0.600	artist	N.E.R.D.	Stay Together (With Interlude)	https://soundcloud.com/nerd/stay-together-includes	Stay Together	N.E.R.D
0.600	artist	Smooth McGroove	Overworld Theme	https://soundcloud.com/brunna-salles-806905658/super-mario-world-overworld-theme	Koji Kondo - Overworld Theme	Super Mario World
0.600	artist	2MELLO	BENTEN - CHO BOOGIE (LIAM K. SWIGGS 160 VIP)	https://soundcloud.com/thebigfreshcollective/2mello-benten-cho-boogie-liam	Benten-Cho Boogie	2 Mello
0.600	artist	user18081971	raindrops on roses-PBOD	https://soundcloud.com/user18081971/raindrops-on-roses-pbod	Kawai Sprite - Roses	Friday Night Funkin'
0.600	artist	浜崎あゆみ	Trust Remix - Ayumi Hamasaki	https://soundcloud.com/fhdvgfvhjsdvfbksjdz/trust-remix-ayumi-hamasaki	H•A•M (ham)	JAY-Z, Kanye West
0.600	artist	Alvin Santo Pagan	100 Bars Pt2	https://soundcloud.com/lvinantoagan/100-bars-pt2	????? A pt2	Arca
0.600	artist	BABii	Little Lockii	https://soundcloud.com/gloounreleased/little-lockii	Lockii	GLOO
0.600	artist	Red Death Grave	A CRUEL ANGEL'S THESIS [RED DEATH GRAVE vs DEATHBLADE EDIT]	https://soundcloud.com/itsrdg/kd-a-cruel-angels-thesis-red-death-grave-vs-deathblade-edit	A Cruel Angel's Thesis	Neon Genesis Evangelion
0.600	artist	N.E.R.D.	Yeah You	https://soundcloud.com/nerd/yeah-you-album-version	Yeah You	N.E.R.D
0.600	artist	N.W.A.	Straight Outta Compton (Remastered 2002)	https://soundcloud.com/nwaofficial/straight-outta-compton-5	Straight Outta Compton	N.W.A.
0.600	artist	Sonic_Beat	Scars From War Pt2	https://soundcloud.com/kyng-shawn-772233050/chronic-law-scars-from-war-pt2	????? A pt2	Arca
0.600	artist	タイラン	tempo pt1 & pt3	https://soundcloud.com/freezys/tempo-1-3	????? A pt1	Arca
0.600	artist	Skrillex, Dj Smokey	HOLD ON	https://soundcloud.com/skrillex/hold-on	DJ	David Bowie
0.600	title	SOPHIE	BIPP	https://soundcloud.com/msmsmsm/sophie-bipp	BIPP (Autechre Mix)	SOPHIE
0.600	artist	JAYREVENGE	Off This Earth/Dont Talk 2 Me (PT2)	https://soundcloud.com/jacob-f-452174141/off-this-earthdont-talk-2-me-pt2	????? A pt2	Arca
0.600	title	Soulwax	Compute	https://soundcloud.com/soulwaxofficial/compute	Compute (nite versions version)	Soulwax
0.600	title	Tyler, The Creator feat. Charlie Wilson, Chaz Bundick, Syd Bennett, and Kali Uchis	FUCKING YOUNG / PERFECT (feat. Charlie Wilson, Chaz Bundick, Sydney Bennett & Kali Uchis)	https://soundcloud.com/tylerthecreatorofficial/fucking-young-perfect	SEE YOU AGAIN	Tyler, The Creator ft. Kali Uchis
0.600	artist	feelinit	THAT GUY FL!P (prod. feelinit)	https://soundcloud.com/feelinitnyc/tyler-the-creator-that-guy-flp-prod-feelinit	THAT GUY	Tyler, the Creator
0.600	artist	M.I.A.	U.R.A.Q.T. (2003 Demo)	https://soundcloud.com/miamathangi/mia-uraqt-2003-demo	⚿ {demo}	océane
0.600	artist	N.E.R.D.	Don't Worry About It (Edited)	https://soundcloud.com/nerd/dont-worry-about-it-edited	Don't Worry About It (she's bad ass)	N.E.R.D
0.600	artist	⣎⡇ꉺლ༽இ•̛)ྀ◞ ༎ຶ ༽ৣৢ؞ৢ؞ؖ ꉺლ	࿃ूੂ࿃ूੂੂ࿃ूੂOOOOOOOOOOOO ̟̞̝̜̙̘̗̖҉̵̴̨̧̢̡̼̻̺̹̳̲̱̰̯̮̭̬̫̪̩̦̥̤̣̠҈͈͇͉͍͎͓͔͕͖͙͚͜͢͢͢͢͢͢͢͢͢͢͢͢͢͢ͅ ooooooooo	https://soundcloud.com/thirtythreetwoone/cryptic5	೧ູ࿃ूੂ༽oooooo(ଳծູ ̟̞̝̜̙̘̗̖҉̵̴̨̧̢̡̼̻̺̹̳̲̱̰̯̮̭̬̫̪̩̦̥̤̣̠҈͈͇͉͍͎͓͔͕͖͙͚͜͢͢͢͢͢͢͢͢͢͢͢͢͢͢ͅ l̡̡̡ ̡͌l̡*̡̡ ̴̡ı̴̴̡ ̡̡͡| ̲̲͡ π̲̲͡͡ ɵੂ≢)_̴I	⣎⡇ꉺლ༽இ•̛)ྀ◞ ༎ຶ ༽ৣৢ؞ৢ؞ؖ ꉺლ (Four Tet)
0.600	artist	m3770	The Getaway (feat. Project R)	https://soundcloud.com/brandon-ginja-mello/the-getaway-feat-project-r	Getaway	2 Mello
0.600	artist	yoplugtrippy-_-	My Team Pt2-Single	https://soundcloud.com/sam-adlebush/my-team-pt2-single	????? A pt2	Arca
0.600	artist	HavinMotion	I Just Want You Pt2	https://soundcloud.com/anonymous-292916919/havinmotion-i-just-want-you	????? A pt2	Arca
0.600	artist	TheFatRat	Unity	https://soundcloud.com/thefatrat/thefatrat-unity-1	U.N.I.T.Y. (unity)	Queen Latifah
0.600	artist	Guns	Friday Night Funkin' OST	https://soundcloud.com/kawaispritefak/guns-friday-night-funkin-ost	Kawaii Sprite - Guns	Friday Night Funkin'
0.600	artist	Barely Alive	Windpipe Ft. Ragga Twins (Getter Remix)	https://soundcloud.com/barelyalive/getterrmx	Alive	P.O.D.
0.600	artist	GTA	Help Me!	https://soundcloud.com/goodtimesaheadmusic/help-me	Help Me!	Good Times Ahead
0.600	artist	JID	151 Rum	https://soundcloud.com/jidsv/151-rum	151 Rum	J.I.D
0.600	artist	thatboykwame	schleep.	https://soundcloud.com/thatboykwame/schleep-2	schleep. (sleep)	Kwame
0.600	artist	M.I.A	XXXO (NAFFTERO REMIX)	https://soundcloud.com/nafftero/mia-xxxo-divin-remix	XXXO	M.I.A.
0.600	artist	M.I.A.	BAD GIRLS (CHROMEBODIED)	https://soundcloud.com/chromebodies/bad-girls-chromebodied	Bad	Michael Jackson (Remix By Afrojack)
0.600	artist	PRINCE$$	World Town 🅴	https://soundcloud.com/m-i-a-164276145/world-town-mp3	World Town	M.I.A.
0.600	artist	SOPHIE x M.I.A.	BURN RUBBER // STEPPIN UP	https://soundcloud.com/teddyyyfm/sophie-x-mia-burn-rubber-steppin-up	STEPPIN UP (chainsaw)	M.I.A.
0.600	artist	M.I.A.	CAPS LOCK (SLOWED REVERB)	https://soundcloud.com/xalaxala/mia-caps-lock-slowed-reverb	Masami Yone - Lockstep	Rhythm Heaven
0.600	artist	N.E.R.D.	Things Are Getting Better	https://soundcloud.com/nerd/things-are-getting-better	Things Are Getting Better (i'm the shit)	N.E.R.D
0.600	artist	N.E.R.D.	Brain	https://soundcloud.com/nerd/brain	Brain	N.E.R.D
0.600	artist	N.E.R.D.	Provider	https://soundcloud.com/nerd/provider-1	Provider	N.E.R.D
0.600	artist	N.E.R.D.	Provider	https://soundcloud.com/nerd/provider	Provider	N.E.R.D
0.600	artist	N.E.R.D.	Rock Star	https://soundcloud.com/nerd/rock-star-jason-nevins-remix	Tsunku♂ - Rockers	Rhythm Heaven
0.600	artist	N.E.R.D.	Bobby James	https://soundcloud.com/nerd/bobby-james-1	Bobby James	N.E.R.D
0.600	artist	N.E.R.D.	Fly Or Die	https://soundcloud.com/nerd/fly-or-die	Fly Or Die	N.E.R.D
0.600	artist	N.E.R.D.	She Wants To Move	https://soundcloud.com/nerd/she-wants-to-move	She Wants To Move	N.E.R.D
0.600	artist	N.E.R.D.	Thrasher	https://soundcloud.com/nerd/thrasher	Thrasher	N.E.R.D ft. Lenny Kravitz
0.600	artist	N.E.R.D.	Maybe	https://soundcloud.com/nerd/maybe	Maybe	N.E.R.D ft. Lenny Kravitz
0.600	artist	N.E.R.D.	Kill Joy	https://soundcloud.com/nerd/kill-joy-album-version	Kill Joy	N.E.R.D
0.600	artist	armypotaeto95	hi posi-my favourite things	https://soundcloud.com/hi-there-its-kdrama-meme/hi-posi-my-favourite-things	My Favourite Things	OutKast
0.600	artist	Shoji Meguro	Alleycat	https://soundcloud.com/john-rahman-549882155/alleycat	Alleycat	Persona 5
0.600	artist	P.O.D.	Boom	https://soundcloud.com/p-o-d/boom	Boom (take your best shot, it's alright)	P.O.D.
0.600	artist	GlitchxCity	Wild Battle Theme (Remix)	https://soundcloud.com/glitchxcity/pokemon-red-and-blue-wild	Wild	Hayden Jason
0.600	artist	R.E.M.	The One I Love (Remastered 2012)	https://soundcloud.com/rem-official/the-one-i-love-2012-remaster	The One	M.I.A.
0.600	artist	Crankdat	Weekends (Crankdat Re-Crank) ⚙	https://soundcloud.com/gearwxrld/weekends-recrank	WEEKENDS!!!	Skrillex ft. Sirah
0.600	artist	S.O.U.L. S.Y.S.T.E.M.	It's Gonna Be A Lovely Day	https://soundcloud.com/soulsystemofficial/its-gonna-be-a-lovely-day	It's Gonna Be A Lovely Day	S.O.U.L. S.Y.S.T.E.M.
0.600	artist	Motive28	Light Up The Night Pt1	https://soundcloud.com/motive28/light-up-the-night-pt1	????? A pt1	Arca
0.600	title	Dan Croll	In / Out	https://soundcloud.com/dancrollmusic/in_out	IN/OUT (Baardsen Remix)	Dan Croll
0.600	artist	Jane Remover	can you tell?	https://soundcloud.com/janeremover/tells-all-loves-it	can you tell?	dltzk
0.600	artist	-M-	Superchérie	https://soundcloud.com/m35480/supercherie	Superchérie	-M-
0.600	artist	Tom Connell	Serenade No.13 in G Major, K. 525 "Eine Kleine Nachtmusik" I. Allegro	https://soundcloud.com/mozart/serenade-no13-in-g-major-k-525-eine-kleine-nachtmusik-i-allegro	Eine Kleine Nachtmusik, K 525 Allegro	Mozart
0.600	artist	krazylife	Hand in the Fire (Krazylife Remix)	https://soundcloud.com/krazylif-e/im-all-wet	Fire	Super Mario 64 DS
0.600	artist	R.E.M.	It's The End Of The World As We Know It (And I Feel Fine)	https://soundcloud.com/rem-official/its-the-end-of-the-world-as-4	It's The End Of The World As We Know It	R.E.M.
0.600	artist	The Teen Queens	Louie Louie	https://soundcloud.com/richardberryandthepharaons/louie-louie	Louie Louie	Richard Berry and the Pharaohs
0.600	artist	deadman 死人	Tiny Little Adiantum (deadman 死人 Remix) [Omae Wa Mou]	https://soundcloud.com/deadman/omaewamou	Tiny Little Adiantum	Shibayan
0.600	title	tracey brakes	PERFECT TO THE CORE	https://soundcloud.com/traceybrakes/perfect-to-the-core-final-v2	perfect to the core (GRIMVVICE REMIX)	tracey brakes
0.600	artist	Cyberpunk	“Retrogenesis” by Private Press	https://soundcloud.com/zion-bressanin/retrogenesis-by-private-press	Private Press - ENERGEEHOUSE	Cyberpunk 2077
0.600	artist	Spookeez	Friday Night Funkin' OST -	https://soundcloud.com/kawaispritefak/spookeez-friday-night-funkin-ost	Kawai Sprite - Spookeez	Friday Night Funkin'
0.600	artist	KE$HA	Cannibal (Vampire Mix)	https://soundcloud.com/kavarimusic/cannibal-vampire-mix	Vampire	Cali Cartier
0.600	artist	Nikko Bellic	Testarossa Autodrive (Sebastian Remix)	https://soundcloud.com/grand-theft/testarossa-autodrive-sebastian	Testarossa Autodrive (SebastiAn Remix)	Kavinsky
0.600	title	Lady Gaga Ft Beyonce	Telephone (HARDSTYLE)	https://soundcloud.com/whippa2/lady-gaga-ft-beyonce-telephone-hardstyle	Telephone (Alphabeat Remix)	Lady Gaga ft. Beyoncé
0.600	title	Lady Gaga	Telephone (FT. Beyoncé) [AURAX BOOTLEG] FREE DOWNLOAD	https://soundcloud.com/auraxbass/lady-gaga-telephone-ft-beyonce-aura-bootleg-free-download	Telephone (Alphabeat Remix)	Lady Gaga ft. Beyoncé
0.600	artist	M.I.A.	Teqkilla (FauXFaX Remix)	https://soundcloud.com/fauxfax/mia-teqkilla-fauxfax-remix	TEQKILLA	M.I.A.
0.600	artist	M.I.A.	Meds and Feds (reverse)	https://soundcloud.com/analydewa/m-i-a-meds-and-feds-reverse	MEDS AND FEDS (i just give a damn)	M.I.A.
0.600	artist	M.I.A.	Borders	https://soundcloud.com/miauk/borders	Borders	M.I.A.
0.600	artist	Missy Elliott Ft. Pharell Williams, Nutterjag, SUMWEST	WTF ft. Pharrell Williams (Sumwest x Nutterjag Edit)	https://soundcloud.com/sumwest/missy-elliott-wtf-ft-pharrell	Miss	Super Mario Bros. 3
0.600	artist	M.O.P.	Ante up	https://soundcloud.com/paul-r-sner/mop-ante-up	Ante Up	M.O.P.
0.600	artist	N.E.R.D.	Breakout (Edited)	https://soundcloud.com/nerd/breakout-edited	Breakout (push people)	N.E.R.D
0.600	artist	N.E.R.D	Tape You	https://soundcloud.com/octhagreat/nerd-tape-you	Tape You	N.E.R.D
0.600	artist	N.E.R.D.	Drill Sergeant	https://soundcloud.com/nerd/drill-sergeant-edited-without	Dril Sergeant (i'm not going to war)	N.E.R.D ft. Lenny Kravitz
0.600	artist	N.E.R.D.	Spaz	https://soundcloud.com/nerd/spaz-explicit-version	Spaz (if you want to)	N.E.R.D
0.600	artist	Rusty Hook	All The Things She Said (Rusty Hook Flip)	https://soundcloud.com/rustyhook/tatu	Alleycat	Persona 5
0.600	artist	V.I.C.	Wobble	https://soundcloud.com/vic21/v-i-c-wobble	Wobble	V.I.C.
0.600	artist	Jane Remover	your clothes	https://soundcloud.com/janeremover/your-clothes	your clothes	dltzk
0.600	artist	Jane Remover	search party	https://soundcloud.com/janeremover/search-party	search party	dltzk
0.600	artist	Jane Remover	champ	https://soundcloud.com/janeremover/champ	champ	dltzk
0.600	artist	R00RBOYZ	Jesus Of Suburbia Pt2	https://soundcloud.com/roorboyz/jesus-of-suburbia-pt2	????? A pt2	Arca
0.600	artist	Corebeats	PAPER PLANES (NOISE MAFIA EDIT) (CRBFREE014)	https://soundcloud.com/corebeats03/mia-paper-planes-noise-mafia-edit-crbfree014	The Plan (Final Fest Announcement)	Splatoon 2
0.600	artist	M.I.A	Boyz (Melé Edit)	https://soundcloud.com/ukmele/mia-boyz-mele-edit	Boyz (boys) (how many)	M.I.A.
0.600	title	Nadia Oh	Colours	https://soundcloud.com/beatbytimba/nadia-oh-colours	Colours (dvnots 2019 edit)	Nadia Oh
0.600	artist	N.E.R.D.	Wonderful Place (Contains Hidden Track/Waiting For You)	https://soundcloud.com/nerd/wonderful-place-contains	The Waiting	Who TF
0.600	artist	N.E.R.D	Squeeze Me (Music from The Spongebob Movie Sponge Out Of Water)	https://soundcloud.com/nerd/squeeze-me-music-from-the	Squeeze Me (from The Spongebob Movie: Sponge Out Of Water)	N.E.R.D
0.600	artist	P.H.F.	LOVE YOURSELF	https://soundcloud.com/909worldwide/love-yourself	LOVE YOURSELF	P.H.F.
0.600	artist	Skrillex & 12th Planet	Father Said	https://soundcloud.com/skrillexstuff/skrillex-12th-planet-father-said-hq	The Plan (Final Fest Announcement)	Splatoon 2
0.600	artist	AT (@6prodbyat)	Arguing pt3 (AT mixxx)	https://soundcloud.com/user-226656196/arguing-pt3-at-mixxx	????? A pt3 (kinda its a mess)	Arca
0.600	artist	D.O.H (Dollaz Ova Hoes)	Heel Turn	https://soundcloud.com/deph-by-stereo/doh-heel-turn	The Turn	M.I.A.
0.600	artist	SALINFRARED	SAL INFRARED BOUYON PLAYLIST PT2	https://soundcloud.com/salinfrared/sal-infrared-bouyon-playlist	????? A pt2	Arca
0.600	artist	Blammed	Friday Night Funkin' OST	https://soundcloud.com/kawaispritefak/blammed-friday-night-funkin-ost	Kawai Sprite - Blammed	Friday Night Funkin'
0.600	artist	Hikaru Utada	Hikari (Planitb Remix)	https://soundcloud.com/hikaruutada/hikari-planitb-remix	The Plan (Final Fest Announcement)	Splatoon 2
0.600	artist	JID	Off Da Zoinkys	https://soundcloud.com/jidsv/off-da-zoinkys	Off Da Zoinkys	J.I.D.
0.600	artist	thatboykwame	CLOUDS.	https://soundcloud.com/thatboykwame/clouds-1	CLOUDS.	Kwame
0.600	artist	M.I.A.	Jimmy Aja (Daniel Orlick's Naked Raver Mix)	https://soundcloud.com/nakedraver/m-i-a-jimmy-daniel-orlicks	Jimmy	M.I.A.
0.600	title	Shinichi Osawa	Dreamhunt	https://soundcloud.com/shinichiosawa/dreamhunt-1	Dreamhunt (Version by Rubies)	Shinichi Osawa
0.600	artist	Angerfist	Make It Bun Dem (Angerfist Remix)	https://soundcloud.com/angerfistmusic/skrillex-damian-kid-morbid	⚿ {demo}	océane
0.600	artist	ZINCZN	The Snacks Are Real Nice	https://soundcloud.com/zinczn/the-snacks-are-real-nice	Real Nice (H.C.T.F.) (here come the future)	Young Franco, Tkay Maidza ft. Nerve
0.600	artist	كنزﾤDJ ϮᖇɅＳｻﾡ␡2 - "THE REVENGE??"	CALI CARTIER FEELING BOOTLEG	https://soundcloud.com/trsh2/cali-cartier-feeling-bootleg	DJ	David Bowie
0.600	artist	Jane Remover	misplace	https://soundcloud.com/janeremover/misplace	misplace	dltzk
0.600	artist	Jane Remover	pretender	https://soundcloud.com/janeremover/pretender	pretender	dltzk
0.600	artist	Jane Remover	buzzcut, daisy	https://soundcloud.com/janeremover/buzzcut-daisy	buzzcut, daisy	dltzk
0.600	artist	G.R.L	Vacation	https://soundcloud.com/user-380443005/grl-vacation1	I'm On Vacation	Rhett & Link
0.600	artist	G.R.L.	Ugly Heart - Flawless Remix	https://soundcloud.com/without-flaws/g-r-l-ugly-heart-flawless	Ugly Heart (ok you're pretty)	G.R.L.
0.600	title	Justice, RIMON	Afterimage	https://soundcloud.com/justice-official/justice-rimon-afterimage	Afterimage (Jersey Remix)	Justice ft. RIMON
0.600	title	Yu Miyake, Yuusama	Sasasan Katamari	https://soundcloud.com/katamariislife/sasasan-katamari	Yū Miyake - Katamari March Damacy	Katamari Damacy
0.600	artist	THE DESTROYER	self defence	https://soundcloud.com/thedestroyer-1/the-destroyer-self-defence	Self Defence	Arca
0.600	artist	siphrixcc	MOUNT EVEREST PT2	https://soundcloud.com/thesimpofsimpers/mount-everest-pt2	????? A pt2	Arca
0.600	artist	Nite Gamic	Show Them Who We Are Loop -  Lobby Music Pack	https://soundcloud.com/nitegamic/fortnite-show-them-who-we-are-loop-lobby-music-pack	Epic Games - Show Them Who We Are	Fortnite
0.600	title	Friday Night Funkin'	Fresh (Instrumental)	https://soundcloud.com/kawaispritefak/friday-night-funkin-fresh-instrumental	Kawai Sprite - Fresh	Friday Night Funkin'
0.600	title	Lady Gaga	Abracadabra	https://soundcloud.com/ladygaga/abracadabra	Abracadabra (moistbreezy Remix)	Lady Gaga
0.600	artist	Mipha's Theme	The Legend Of Zelda Breath Of The Wild	https://soundcloud.com/exitium7601/miphas-theme-the-legend-of-zelda-breath-of-the-wild	Wild	Hayden Jason
0.600	artist	N.E.R.D.	She Wants To Move	https://soundcloud.com/nerd/she-wants-to-move	She Wants To Move	N.E.R.D
0.600	artist	N.E.R.D.	Anti Matter	https://soundcloud.com/nerd/anti-matter-album-version	Anti Matter (ADHD)	N.E.R.D
0.600	artist	No More Heroes OST	Main Theme N.M.H.	https://soundcloud.com/user-798388012/no-more-heroes-ost-main-theme	Gooseworx - Main Theme	The Amazing Digital Circus
0.600	artist	?Z?	BIG WAR pt1- Lil Darkie	https://soundcloud.com/zimbobly-491684440/big-war-lil-darkie-pt1	????? A pt1	Arca
0.600	artist	ericsubmail	Bed Intruder Song	https://soundcloud.com/ericsubmail/bed-intruder-song-1	BED INTRUDER SONG!!! (hide your kids, kide your wife)	schmoyoho
0.600	title	Soulwax	E Talking	https://soundcloud.com/soulwaxofficial/e-talking	E Talking (nite versions version)	Soulwax
0.600	artist	22Leon	STARGAZING pt.1 (22Leon remix)	https://soundcloud.com/22leonmusic/travis-scott-stargazing-pt-1	Masami Yone - Remix 1	Rhythm Heaven
0.600	artist	X&G	LIKE IT	https://soundcloud.com/xandg/likeit	Like It	X&G
0.600	artist	Breakfast (Pause Menu)	Friday Night Funkin' OST	https://soundcloud.com/kawaispritefak/breakfast-pause-menu-friday-night-funkin-ost	Tsunku♂ - Menu (2P Endless Games)	Rhythm Heaven Fever
0.600	artist	Osamu Fukuzawa	光 (Simple And Clean) - REMIX	https://soundcloud.com/yukichi031/hikari-remix	Simple And Clean	Hikaru Utada
0.600	artist	M.I.A	It Takes A Muscle	https://soundcloud.com/diplo/it-takes-a-muscle	IT TAKES A MUSCLE	M.I.A.
0.600	artist	M.I.A	Internet Connection (Flux Pavilion Remix)	https://soundcloud.com/flux-pavilion/m-i-a-internet-connection-flux	INTERNET CONNECTION (crashed the game last night)	M.I.A.
0.600	artist	PixelmonMaster12	Potter Puppet Pals- The Mysterious Ticking Noise	https://soundcloud.com/user-305055599/potter-puppet-pals-the-mysterious-ticking-noise	Potter Puppet Pals: Mysterious Ticking Noise	Neil Cicierega
0.600	artist	Panic! At The Disco	Bohemian Rhapsody	https://soundcloud.com/chaxelos/panic-at-the-disco-bohemian-rhapsody	Bohemian Rhapsody	Queen
0.600	artist	Pinball 3D	Space Cadet Music	https://soundcloud.com/user-168591305/pinball-3d-space-cadet	SPACE	M.I.A.
0.600	artist	Jj Smokein Loud	100 bars pt1	https://soundcloud.com/jj-smokein-loud/100-bars-pt1	????? A pt1	Arca
0.600	artist	Hotline Bling	Kehlani x Charlie Puth	https://soundcloud.com/kehlanimusic/hotline-bling-kehlani-x-charlieputh	H.O.T. (hot)	Rico Nasty, Boys Noize
0.600	artist	Cyberpunk	“Retrogenesis” by Private Press	https://soundcloud.com/zion-bressanin/retrogenesis-by-private-press	Private Press - ENERGEEHOUSE	Cyberpunk 2077
0.600	artist	Ellie Goulding	Lights	https://soundcloud.com/elliegoulding/lights	光 (light)	Hikaru Utada
0.600	artist	IglooGhost, BABii, Kai Whiston	Maü Shit (XYZ album)	https://soundcloud.com/flank-boi/iglooghost-babii-kai-whiston	Maü Shit (mau shit)	GLOO
0.600	artist	Leemz	Spicy (Leemz Remix)	https://soundcloud.com/itsleemz/herve-pagez-diplo-ft-charli-xcx-spicy-leemz-remix	Spicy	Herve Pages & Diplo ft. Chari XCX
0.600	title	Justice, RIMON	Afterimage	https://soundcloud.com/justice-official/justice-rimon-afterimage	Afterimage (Jersey Remix)	Justice ft. RIMON
0.600	artist	Linkin Park	H! Vltg3 (Evidence Reanimation) [feat. Pharoahe Monch and DJ Babu]	https://soundcloud.com/linkinpark/h-vltg3	DJ	David Bowie
0.600	artist	The Machine Fighter	M.I.A.- 10 Dollar (The Machine Fighter Remix)	https://soundcloud.com/themachinefighter/m-i-a-10-dollar-tmf-rmx	10 Dollar	M.I.A.
0.600	artist	M.I.A.	Story To Be Told (Munchi Remix)	https://soundcloud.com/user-307210032-888032609/mia-story-to-be-told-munchi-remix	STORY TO BE TOLD	M.I.A.
0.600	artist	M.I.A.	Popular	https://soundcloud.com/miauk/popular	Popular	M.I.A.
0.600	artist	N.E.R.D.	Intro / Time For Some Action (Album Version (Edited))	https://soundcloud.com/nerd/intro-time-for-some-action	Intro	N.E.R.D
0.600	artist	N.E.R.D.	Happy	https://soundcloud.com/nerd/happy	Happy	N.E.R.D
0.600	artist	N.E.R.D.	You Know What	https://soundcloud.com/nerd/you-know-what-album-version-1	You Know What	N.E.R.D
0.600	artist	N.W.A	Fuk Da Police	https://soundcloud.com/lilslimc/nwa-fuk-da-police	fukumrumeanᵉᵉᵉʸᵃʰ (sped up & double-reversed) [137.73bpm] (fukumean)	Gunna
0.600	title	Sakurazaka46, Ninajirachi, Porter Robinson, Mat Zo	承認欲求 is Easy (Ninajirachi & Porter Robinson mashup) [Zephye mashup/edit]	https://soundcloud.com/zephye/shoninyokkyu-is-easy	承認欲求 | Shoninyokkyu -Ninajirachi Remix-	Sakurazaka46
0.600	artist	DJ CHAMPION	SUNSHINE PT1	https://soundcloud.com/michael-de-champ-tooley/sunshine-pt1	????? A pt1	Arca
0.600	title	TLC	No Scrubs	https://soundcloud.com/tlcofficial/no-scrubs-1	No Scrubs (Todd Edwards Album Dub)	TLC
0.600	artist	Sara Ghazzaoui	Headlock originally by Imogen Heap	https://soundcloud.com/saraghazzaoui/headlock	Headlock, originally by Imogen Heap	underscores
0.600	artist	Mayonazy	Chu, Tayousei. (Mayonazy Bootleg) [Free DL]	https://soundcloud.com/mayonazy/ano-chu-tayousei-mayonazy-bootleg	Chu	Froyo
0.600	artist	Jane Remover	let's go home	https://soundcloud.com/janeremover/lets-go-home	Go!	Noise International ft. Sharon Muscat
0.600	title	Yu Miyake, Masayuki Tanaka	Katamari on the Rock ~ Main Theme	https://soundcloud.com/katamariislife/katamari-on-the-rock-main	Yū Miyake - Katamari March Damacy	Katamari Damacy
0.600	artist	N.E.R.D.	Sooner or Later	https://soundcloud.com/nerd/sooner-or-later	Sooner or Later (it's over, leave it)	N.E.R.D
0.600	artist	Valentino Khan  Chris Lorenzo	Flip The Switch (Samu & The Imperative Remix)	https://soundcloud.com/samuuuu5678/valentino-khan-chris-lorenzo-flip-the-switch-samu-remix	C418 - Chris	Minecraft
0.590	artist	Rapid Crew (Can't Move Me) (ft. TV	MA)	https://soundcloud.com/2mello/2-mello-sounds-of-tokyo-to-future-rapid-crew	Rapid Crew (Can't Move Me) pt3	2 Mello ft. TV-MA
0.590	artist	Rapid Crew (Can't Move Me) (ft. TV	MA)	https://soundcloud.com/2mello/2-mello-sounds-of-tokyo-to-future-rapid-crew	Rapid Crew (Can't Move Me) pt3	2 Mello ft. TV-MA
0.590	artist	Rapid Crew (Can't Move Me) (ft. TV	MA)	https://soundcloud.com/2mello/2-mello-sounds-of-tokyo-to-future-rapid-crew	Rapid Crew (Can't Move Me) pt3	2 Mello ft. TV-MA
0.580	title	moovonyspam	Billie Eilish (Grunge Remix)	https://soundcloud.com/moovonyspam/bored-billie-eilish-grunge	MyBoi (TroyBoi Remix)	Billie Eilish
0.580	title	THE HERTA	niamos theme extended -andor-	https://soundcloud.com/user-940205286/niamos-theme-extended-andor	Niamos! (Galaxy Mix)	Andor
0.580	title	D20	Tank! Cowboy Bebop	https://soundcloud.com/d42020/tank-cowboy-bebop	Seatbelts - Tank! (wev edit)	Cowboy Bebop
0.580	title	mr	Cyberpunk 2077 Theme	https://soundcloud.com/tsunami-159867975/cyberpunk-theme	Mr. Kipper (Idris Elba) - Rolla (rollercoaster)	Cyberpunk 2077
0.580	title	SashiMori	Splatoon 3	https://soundcloud.com/shdbeg/seasource-by-sashimori	Go, Agent 3!	Splatoon 3
0.580	title	iyrliaes	hikaru utada 君に夢中 iyrliaes remix	https://soundcloud.com/iyrliaes/hikaru-utada-iyrliaes-remix	Electricity (Arca Remix)	Hikaru Utada
0.580	title	THE HERTA	niamos theme extended -andor-	https://soundcloud.com/user-940205286/niamos-theme-extended-andor	Niamos! (Galaxy Mix)	Andor
0.580	title	SashiMori	Splatoon 3	https://soundcloud.com/shdbeg/amalgamania-by-sashimori	Go, Agent 3!	Splatoon 3
0.580	title	mr	Cyberpunk 2077 Theme	https://soundcloud.com/tsunami-159867975/cyberpunk-theme	Mr. Kipper (Idris Elba) - Rolla (rollercoaster)	Cyberpunk 2077
0.580	title	SebastiAn	C.T.F.O. (feat. M.I.A) (Nero Remix)	https://soundcloud.com/sebastian1-music/c-t-f-o-feat-m-i-a-nero-remix	Promises (Slushii Remix)	Nero x Skrillex
0.580	title	THE HERTA	niamos theme extended -andor-	https://soundcloud.com/user-940205286/niamos-theme-extended-andor	Niamos! (Galaxy Mix)	Andor
0.551	title	Driftwood	Star Wars Max Rebo Cover - Return of the Jedi	https://soundcloud.com/driftwood-beach-band/galactic-dance-blast-star-wars-max-rebo-cover-return-of-the-jedi	Max Rebo Band - Lapti Nek (Club Mix)	Star Wars: Return of the Jedi
0.550	title	Fergie	Clumsy	https://soundcloud.com/fergie-music/clumsy-album-version	Clumsy (Pajon Rock Remix)	Fergie
0.550	title	Jamiroquai	Little L	https://soundcloud.com/jamiroquai/little-l	Little L (Bob Sincair Remix)	Jamiroquai
0.550	title	Lady Gaga	Paparazzi	https://soundcloud.com/ladygaga/paparazzi	Paparazzi (The Plain Ensemble Remix)	Lady Gaga
0.550	title	Troye Sivan	Rush	https://soundcloud.com/troye-sivan/troye-sivan-rush-1	Rush (Big Freedia Remix)	Troye Sivan
0.550	title	Primal Scream	Loaded	https://soundcloud.com/primalscream/loaded-andy-weatherall-mix	Loaded (Andy Weatherall Mix)	Primal Scream
0.550	title	Shinichi Osawa	Detonator	https://soundcloud.com/shinichiosawa/detonator	Detonator (Herve's UXB Remix)	Shinichi Osawa
0.550	title	Ice Spice	Think U The Shit (NEVER DULL REMIX)	https://soundcloud.com/neverdullmusic/ice-spice-think-u-the-shit-never-dull-remix	SHIT (GASZIA 'DECONSTRUCTING THE FART' EDIT)	Ice Spice
0.550	title	Natasha Bedingfield	Unwritten (The 2019 Remix)	https://soundcloud.com/natashabedingfield/unwritten-the-2019-remix	unwritten (nyles' garage flip)	natasha bedingfield
0.550	title	Jamiroquai	Little L	https://soundcloud.com/jamiroquai/little-l	Little L (Bob Sincair Remix)	Jamiroquai
0.550	title	Kanye West	Stronger	https://soundcloud.com/kanyewest/stronger	Stronger (AD Remix Main)	Kanye West
0.550	title	Doja Cat	Streets	https://soundcloud.com/amalaofficial/streets	Streets (Ape Drums Remix)	Doja Cat
0.550	title	leroy	bluuuueeeee	https://soundcloud.com/739y/leroy-bluuuueeeee	bluuuueeeee (blue) (halsey - colors remix)	leroy
0.550	title	Skrillex	RATATA	https://soundcloud.com/skrillex/skrillex-missy-elliott-mr-oizo-ratata	Ratata (alice gas flip)	Skrillex
0.550	title	Perfume	edge/Warrior's Dance	https://soundcloud.com/nnnne/edge4	Edge (Triangle Mix) (⊿ Mix)	Perfume
0.550	title	Shinichi Osawa	Push	https://soundcloud.com/shinichiosawa/push	Push (Tronik Youth Remix)	Shinichi Osawa
0.550	title	Lady Gaga	Applause	https://soundcloud.com/ladygaga/applause	Applause (Sim Gretina Remix)	Lady Gaga
0.550	title	The Veronicas	Untouched	https://soundcloud.com/theveronicas/untouched-the-veronicas	Untouched (Eddie Armador Remix)	The Veronicas
0.550	title	Charli xcx	B2b	https://soundcloud.com/charlixcx/b2b	B2B (DJ Woe Remix)	Charli XCX
0.530	title	mediamanipulationmusic	Garbage Androgyny Remx	https://soundcloud.com/mediamanipulationmusic/garbage-androgyny-remx	Androgyny (Neptunes Remix - 2021 Remaster)	Garbage
0.525	title	NTsKi	Wifey Riddim ft. Jorja Smith & SadBoi (NTsKi Remix)	https://soundcloud.com/ami_no_acid/shygirl-wifey-riddim-ft-jorja-smith-sadboi-ntski-remix	Wifey Riddim (Club Shy VIP)	Shygirl ft. Jorja Smith & SadBoi
0.520	title	Shygirl	SIREN	https://soundcloud.com/0800shygirl/shygirl-siren	Wifey Riddim (Club Shy VIP)	Shygirl ft. Jorja Smith & SadBoi
0.520	title	Troye Sivan	Honey	https://soundcloud.com/troye-sivan/troye-sivan-honey	Honey (Mura Masa Euphoria Mix)	Troye Sivan
0.520	title	The Rolling Stones	Sympathy For The Devil	https://soundcloud.com/rolling-stones-official/sympathy-for-the-devil	Sympathy For The Devil (Eblues, inst would work as Emx with some Emaj) (pleased to meet you, hope you guess my name)	The Rolling Stones
0.520	title	The Chemical Brothers	Swoon	https://soundcloud.com/thechemicalbrothers/swoon	Swoon (Boys Noize Summer Mix)	The Chemical Brothers
0.520	title	Shygirl	SIREN	https://soundcloud.com/0800shygirl/shygirl-siren	Wifey Riddim (Club Shy VIP)	Shygirl ft. Jorja Smith & SadBoi
0.520	title	The Avalanches	Subways	https://soundcloud.com/theavalanches/subways	Subways (some to A#dr) (remix??? this is wrong)	The Avalanches
0.500	artist	Nintendo	Alterna Citizen Program M-01: Standard Course (Coastline in the Morning Mist)	https://soundcloud.com/splatune-3/alterna-citizen-program-m-01-standard-course-coastline-in-the-morning-mist	Alterna Shimin Program M-01: Standard Course (Asagiri no Kaigansen)	Splatoon 3
0.500	artist	CYBERPUNK2077 Yards of The Moon	Volcano The Sailor (Połoz) (Night FM)	https://soundcloud.com/kamran-gul-626918995/yards-of-the-moon-volcano-the	Yards of the Moon (Private Press) - IIOI Break	Cyberpunk 2077
0.500	title	Charli xcx	365	https://soundcloud.com/charlixcx/365a1	Rewind 365 (DJ Re:Code Remix)	Charli xcx
0.500	artist	PLAY2ROUND	End bgm	https://soundcloud.com/youngseo-choi/end-bgm	Round End (Find Mii)	Wii Play
0.500	title	Alan Walker	Spectre	https://soundcloud.com/alanwalker/alan-walker-spectre	The Spectre (we live, we love, we lie)	Alan Walker
0.500	title	Justice, DVNO	DVNO	https://soundcloud.com/justice-official/dvno-1	DVNO (Todd Edwards Sunshine Brothers remix)	Justice
0.500	title	Morioh Cho Radio Theme Extended	JoJos Bizarre Adventure - Diamond Is Unbreakable OST	https://soundcloud.com/floating9/morioh-cho-radio-theme-extended-jojos-bizarre-adventure-diamond-is-unbreakable-ost	THE DU - CRAZY NOISY BIZARRE TOWN	JoJo's Bizarre Adventure: Diamond is Unbreakable
0.500	artist	Nintendo	Alterna Citizen Program M-02: Challenge Course (Offshore at Dusk)	https://soundcloud.com/splatune-3/alterna-citizen-program-m-02-challenge-course-offshore-at-dusk	Alterna Shimin Program M-02: Challenge Course (Yūgure no Ofushoa)	Splatoon 3
0.500	title	Frou Frou	Shh (Slowed + Reverbed) •Edited By Me•	https://soundcloud.com/fire-knight-591063327/frou_frou-shh	Shh 🤫 umru & warpstr good feeling 🤫 131ʙᴘᴍ	Frou Frou
0.490	artist	хз	Split in my Face (HARDSTYLE)	https://soundcloud.com/liverehub/split-in-my-face-hardstyle	My Eyeball	Big Face
0.490	artist	A M 4 N 音楽	River Stage | Marvel Vs Capcom 2: New Age of Heroes [Capcom DL-1425]	https://soundcloud.com/fm_am4n/river-stage-marvel-vs-capcom-2-new-age-of-heroes-capcom-dl-1425	Old to the New	2 Mello
0.467	title	Lady Gaga	G.U.Y.	https://soundcloud.com/ladygaga/g-u-y-2	Bad Romance (DJ Paulo's Gaga Oh La-La Remix)	Lady Gaga
0.433	artist	Muchomorr	Chodze	https://soundcloud.com/zorya_yasnaya/chodze	Muchomorr (Mchy i Porosty) - Chodze (inst) (windowlicker)	Cyberpunk 2077
0.433	artist	Mario Kart 8 Deluxe - Booster Course Pass	Booster Course Pass)	https://soundcloud.com/mk8dxbcpost/staff-roll-mario-kart-8-deluxe-booster-course-pass	Secret Course	Super Mario Sunshine
0.427	artist	INFINITESHADOWX76	Mario Kart World (OST)	https://soundcloud.com/infiniteshadowx766/please-select-player-super-mario-bros-2-mario-kart-world-ost-7	Mario on Trial	Super Mario Sunshine
0.427	artist	INFINITESHADOWX76	Mario Kart World (OST)	https://soundcloud.com/infiniteshadowx766/underground-bgm-super-mario-bros-latin-guitar-mario-kart-world-ost-6	Mario on Trial	Super Mario Sunshine
0.417	artist	Asap Rocky ft Moby	ASAP Forever Bowski remix	https://soundcloud.com/stillmuzik/rocky2	A$AP Forever pt 2	A$AP Rocky ft. Moby
0.403	artist	Sandra Benton	The World of Avatar")	https://soundcloud.com/sandrabenton-music/navi-river-journey-ride	Sandra Benton - Na'vi River Journey Ride Through	Pandora: The World of Avatar
0.400	title	IC3PEAK	ПлакПлак	https://soundcloud.com/ic3peak/plakplak	Плак-Плак (Boo-Hoo)	IC3PEAK
0.400	title	Mr Oizo	Flat Beat	https://soundcloud.com/square-15/mr-oizo-flat-beat	Camelfuck	Mr Oizo
0.400	title	Nia Archives	F.A.M.I.L.Y	https://soundcloud.com/nia-archives/f-a-m-i-l-y	F.A.M.I.L.Y.	Nia Archives
0.400	title	Queen Latifah	U.N.I.T.Y.	https://soundcloud.com/queenlatifahofficial/u-n-i-t-y-album-version-edited	U.N.I.T.Y. (unity)	Queen Latifah
0.400	title	Charli XCX	Lipgloss feat. cupcakKe	https://soundcloud.com/charlixcx/07-charli-xcx-lipgloss	Official	Charli XCX
0.400	title	Koji Kondo	Crazy Cap	https://soundcloud.com/super-mario-odyssey-ost/crazy-cap	Koji Kondo - Kotake and Koume	The Legend of Zelda: Ocarina of Time
0.400	title	IC3PEAK	Марш	https://soundcloud.com/ic3peak/fgvqfwb20xl6	Плак-Плак (Boo-Hoo)	IC3PEAK
0.400	title	Touch Sensitive	G.A.L. (feat. Daniel Wilson)	https://soundcloud.com/touch-sensitive/g-a-l-feat-daniel-wilson	G.A.L. (you are all i need)	Touch Sensitive ft. Daniel Wilson
0.400	title	JoJo	Music.	https://soundcloud.com/iamjojoofficial/music	Music.	JoJo
0.400	title	Namasenda	☆ (feat. Oklou)	https://soundcloud.com/namasenda/feat-oklou	☆ (all up in my head)	Namasenda ft. Oklou
0.400	title	J. Cole	G.O.M.D	https://soundcloud.com/j-cole/g-o-m-d	G.O.M.D (get off my dick)	J. Cole
0.400	title	Surkin	I.N.Y.N	https://soundcloud.com/surkin-official/i-n-y-n	I.N.Y.N (i need you now)	Surkin
0.400	title	WILLOW	t r a n s p a r e n t s o u l (feat. Travis Barker)	https://soundcloud.com/willowsmith/t-r-a-n-s-p-a-r-e-n-t-s-o-u-l	t r a n s p a r e n t s o u l (transparent soul)	WILLOW ft. Travis Barker
0.400	title	Aphex Twin	Pulsewidth	https://soundcloud.com/idk-2154928/aphex-twin-pulsewidth	Lornadek (happy birthday)	Aphex Twin
0.400	title	BAZZI	I.F.L.Y.	https://soundcloud.com/bazziworldwide/ifly	I.F.L.Y. (i fucking love you)	Bazzi
0.400	title	Coldplay	X & Y	https://soundcloud.com/user-623503384/coldplay-x-y-lyrics	X & Y	Coldplay
0.400	title	jane remover	video (452hz)	https://soundcloud.com/yaratamin/jane-remover-video-452hz	Video	Jane Remover
0.400	title	Green Day	Basket Case	https://soundcloud.com/greenday/basket-case	Jesus Of Suburbia pt1	Green Day
0.400	title	21 Savage, Doja Cat	n.h.i.e.	https://soundcloud.com/21savage/21-savage-doja-cat-n-h-i-e	Doja Cat - Boss Bitch	Birds of Prey
0.400	title	Ashlee Simpson	L.O.V.E.	https://soundcloud.com/ashlee-simpson-official/l-o-v-e	L.O.V.E.	Ashlee Simpson
0.400	title	Basement Jaxx	Romeo (Nightcore Edit)	https://soundcloud.com/enotrope/basement-jaxx-romeo-nightcore-edit	Supersonic (Cblues-20) (some C#blues-20	Basement Jaxx ft. Totlyn Jackson
0.400	title	Clean Bandit	A&E ft. Kandaka Moore & Nikki Cislyn (Tkettle Remix)	https://soundcloud.com/tkettlemusic/clean-bandit-ae-ft-kandaka-moore-nikki-cislyn-tkettle-remix	A + E	Clean Bandit ft. Kandaka Moore & Nikki Cislyn
0.400	title	Kanye West, JAŸ-Z	H•A•M (Single Version)	https://soundcloud.com/kanyewest/hoaom-explicit-version	H•A•M (ham)	JAY-Z, Kanye West
0.400	title	Kendrick Lamar	i	https://soundcloud.com/kendrick-lamar-music/i-3	m.A.A.d city pt2	Kendrick Lamar
0.400	title	The Legend of Zelda: Tears of the Kingdom	Trailer #3	https://soundcloud.com/user-48021675/the-legend-of-zelda-tears-of-1	deep hole dive ambience (brass note starts at Eb and bends -2 to Db)	The Legend of Zelda: Tears of the Kingdom
0.400	title	LL COOL J	Rocking With The G.O.A.T.	https://soundcloud.com/llcooljofficial/rocking-with-the-g-o-a-t-album	G.O.A.T	LL Cool J
0.400	title	Rico Nasty	H.O.T.	https://soundcloud.com/rico_nasty/rico-nasty-boys-noize-hot	H.O.T. (hot)	Rico Nasty, Boys Noize
0.400	title	SOPHIE	L.O.V.E.	https://soundcloud.com/msmsmsm/sophie-love	Nothing More To Saw (Vox)	SOPHIE
0.400	title	Derreck Simons	Stop City Lover	https://soundcloud.com/user-581345739/derreck-simons-stop-city-lover	Derreck Simons - Disney Mambo Nº5 (The Little Bit...)	Disney Eurobeat
0.400	title	Hayden Jason	HAYDEN JASON @ BUELFEST 2025	https://soundcloud.com/duuzu/buelfest-2025	Ibis	Hayden Jason
0.400	title	Northeast Party House	L.A	https://soundcloud.com/northeast_party_house/l-a	L.A	Northeast Party House
0.400	title	Arca	????? B	https://soundcloud.com/arca1000000/b	????? A pt1	Arca
0.400	title	The Avalanches	Essential Mix BBC Radio 1 (8/27/16)	https://soundcloud.com/user-357785465/the-avalanches-essential-mix-bbc-radio-1-82716	Radio	The Avalanches
0.400	title	Prince	D.M.S.R. (2019 Remaster)	https://soundcloud.com/prince/d-m-s-r-2019-remaster	Batdance pt2	Prince
0.400	title	PROUX	Y.O.U.	https://soundcloud.com/montaime/proux-y-o-u	Y.O.U.	Proux
0.400	title	SebastiAn	H.A.L.	https://soundcloud.com/sebastian1-music/sebastian-h-a-l-sebastian	H.A.L	SebastiAn
0.400	title	LAMA	LAMA	https://soundcloud.com/ac3defective/tune-on-tune-in-surf-out	ぽっぴっぽー (PoPiPo)	LamazeP ft. Hatsune Miku
0.400	title	Mowmow Lulu Gyaban	サイケな恋人	https://soundcloud.com/inactiveaccount44/mowmow-lulu-gyaban	サイケな恋人 (Psychedelic Lover)	Mowmow Lulu Gyaban
0.400	title	Skegss	L.S.D	https://soundcloud.com/skegss/l-s-d-1	L.S.D	SKEGSS
0.400	title	Danny Brown	Y.B.P. (feat. Bruiser Wolf)	https://soundcloud.com/danny-brown-official/y-b-p-feat-bruiser-wolf	Y.B.P. (young black and poor)	Danny Brown ft. Bruiser Wolf
0.400	title	Hayden Jason	HAYDEN JASON @ BUELFEST 2025	https://soundcloud.com/duuzu/buelfest-2025	Ibis	Hayden Jason
0.400	title	Jaden	L	https://soundcloud.com/jadensmithofficial/l	B (so blue)	Jaden
0.400	title	Jaden	E	https://soundcloud.com/jadensmithofficial/e	B (so blue)	Jaden
0.400	title	JPEGMAFIA	💯	https://soundcloud.com/jpegmafia/jpegmafia-elpee-11-10000	PROTECT THE CROSS pt2	JPEGMAFIA
0.400	title	Kai Whiston	T.F.J.	https://soundcloud.com/kaiwhiston/t-f-j-1	T.F.J.	Kai Whiston
0.400	title	Kendrick Lamar	u	https://soundcloud.com/kendrick-lamar-music/u-1	m.A.A.d city pt2	Kendrick Lamar
0.400	title	Logic	Perfect	https://soundcloud.com/logic_official/perfect	Perfect	Logic
0.400	title	Mr Oizo	Z	https://soundcloud.com/oizo-mr-3000/mr-oizo-z	Camelfuck	Mr Oizo
0.400	title	Yuri Misumi	The Wonderful Star's Walk Is Wonderful	https://soundcloud.com/katamariislife/the-wonderful-stars-walk-is	Yuri Misumi, Nobue Matsubara & Sakamoto-Chan - Katamari Mambo [Katamari Syndrome Re-mix]	Katamari Damacy
0.400	title	AC/DC	T.N.T.	https://soundcloud.com/acdcofficial/t-n-t	T.N.T.	AC/DC
0.400	title	Playboi Carti	R.I.P Fredo (Original Version)	https://soundcloud.com/user-718462457/playboi-carti-rip-fredo-original-version	BACKR00MS (backrooms)	Playboi Carti ft. Travis Scott, SEXISDEATH, & Indiana420Bitch
0.400	title	Rihanna	S&M	https://soundcloud.com/rihanna/s-m-album-version	Where Have You Been (Peter Rauhofer Reconstruction Mix)	Rihanna
0.400	title	C-Side	C-Side	https://soundcloud.com/rosy_senpai/learning-curve-c-side	C-Side - Opening	Splatoon 3
0.400	title	Aphex Twin	I	https://soundcloud.com/flood127/aphex-twin-i	Lornadek (happy birthday)	Aphex Twin
0.400	title	iamamiwhoami	iamamiwhoami; y	https://soundcloud.com/twimclabel/iamamiwhoami-y	y	iamamiwhoami
0.400	title	JoJo's Bizarre Adventure Phantom Blood OST	Catch The Target (Hyōteki wo Toraero)	https://soundcloud.com/crono-lopz/jojos-bizarre-adventure-phantom-blood-ost-catch-the-target	Music.	JoJo
0.400	title	Justin Bieber	E.T.A.	https://soundcloud.com/justinbieber/e-t-a	E.T.A.	Justin Bieber
0.400	title	Megan Thee Stallion	B.I.T.C.H.	https://soundcloud.com/megan-thee-stallion/bitch	B.I.T.C.H.	Megan Thee Stallion
0.400	title	Merlyn Wood, CONNIE	S.Y.K.	https://soundcloud.com/merlynwood/merlyn-wood-connie-s-y-k	S.Y.K.	Merlyn Wood and CONNIE
0.400	title	skrillex-sony more	nadastrom & skrillex !!!	https://soundcloud.com/dubs-tep/nadastrom-skrillex	Rumble (0khz Remix)	Skrillex, Fred again.. & Flowdan
0.400	title	BENEE	C U	https://soundcloud.com/benee/c-u	Safe Effect	BENEE
0.400	title	Coldplay	U.F.O.	https://soundcloud.com/coldplay/u-f-o	X & Y	Coldplay
0.400	title	JPEGMAFIA	💯	https://soundcloud.com/jpegmafia/jpegmafia-elpee-11-10000	PROTECT THE CROSS pt2	JPEGMAFIA
0.400	title	MARINA	Primadonna	https://soundcloud.com/marinadiamandis/primadonna-1	CUNTISSIMO (im a star)	MARINA
0.400	title	Nat King Cole	L-O-V-E	https://soundcloud.com/natkingcole/l-o-v-e-1990-digital-remaster	G.O.M.D (get off my dick)	J. Cole
0.400	title	JPEGMAFIA	💯	https://soundcloud.com/jpegmafia/jpegmafia-elpee-11-10000	PROTECT THE CROSS pt2	JPEGMAFIA
0.400	title	Katy Perry	E.T. (feat. Kanye West)	https://soundcloud.com/katyperry/e-t-feat-kanye-west	E.T.	Katy Perry
0.400	title	Machine Girl	Machine Girl-うずまき	https://soundcloud.com/user-225412838/machine-girl	MG1	Machine Girl
0.400	title	MØ	On & On	https://soundcloud.com/momomoyouth/on-on	XXX 88	MØ ft. Diplo
0.400	title	The Presets	Beethoven	https://soundcloud.com/the-presets/beethoven	Get The Fuck Outta Here	The Presets
0.400	title	Ariana Grande	R.E.M	https://soundcloud.com/arianagrande/r-e-m	R.E.M.	Ariana Grande
0.400	title	Sam Scarpino	Sophisticated Marble Vase (Brite Futures Cover)	https://soundcloud.com/samscarpino/sophisticated-marble-vase	Megu Megu☆Fire Endless Night	samfree ft. GUMI
0.400	title	Ed Sheeran	Perfect	https://soundcloud.com/edsheeran/perfect	Take Me Back To London (Sir Spyro Remix) [umru Remix] 134bpm 🇬🇧	Ed Sheeran ft. Stormzy, Jaykae & Aitch
0.400	title	Expensive Dispenser, CrystalForce	SiIvaGunner King For Another Day	https://soundcloud.com/guess-what-im-not-siiva/aint-nothin-like-a-flat-beat-siivagunner-king-for-another-day	That Jerma Track	CrystalForce
0.400	title	Justice	D.A.N.C.E.	https://soundcloud.com/justice-official/d-a-n-c-e-1	Genesis (Vanille Remix)	Justice
0.400	title	King Gizzard & The Lizard Wizard	O.N.E.	https://soundcloud.com/king-gizzard-the-lizard-wizard/o-n-e	O.N.E.	King Gizzard & The Lizard Wizard
0.400	title	System Of A Down	Radio/Video	https://soundcloud.com/system-of-a-down-official/radio-video	B.Y.O.B.	System Of A Down
0.400	title	Disclosure ft. Sinead Harnett	Boiling (REMiXx)	https://soundcloud.com/blaaqgold/boiling-remixx	Boilling (i need your love)	Disclosure ft. Sinéad Harnett
0.400	title	Justice	B.E.A.T (Instrumental)	https://soundcloud.com/justice-official/justice-b-e-a-t-instrumental	Genesis (Vanille Remix)	Justice
0.400	title	Naughty By Nature	O.P.P	https://soundcloud.com/naughtybynatureofficial/o-p-p	O.P.P	Naughty By Nature
0.400	title	Coldplay	O	https://soundcloud.com/coldplay/o	X & Y	Coldplay
0.400	title	Kai Whiston	Q (feat. Pussy Riot)	https://soundcloud.com/kaiwhiston/q-feat-pussy-riot	T.F.J.	Kai Whiston
0.400	title	Los & Swisha	Born Dis Way (ft. Kush Jones & Scatta)	https://soundcloud.com/dj-swisha/born-dis-way	Crazy Frog	Los & DJ SWISHA ft. Kush Jones
0.400	title	Madonna	Music	https://soundcloud.com/madonna/music-album-version	Music	Madonna
0.400	title	Musiq Soulchild	radio	https://soundcloud.com/musiqsoulchildofficial/radio	Radio	Musiq Soulchild
0.400	title	Kraken369, Drake, Travis Scott	FAIR TRADE pt.1 (KRAKEN369REMIX)	https://soundcloud.com/alex-kraken-serban/drake-ft-travis-scott-fair-trade-pt1-kraken369remix	Jimmy Cooks pt2	Drake ft. 21 Savage
0.400	title	Camila Cabello	B.O.A.T.	https://soundcloud.com/camilacabello/b-o-a-t	B.O.A.T.	Camila Cabello
0.400	title	Florida Georgia Line	H.O.L.Y.	https://soundcloud.com/flagaline/h-o-l-y	Tripod Baby (Shadow the Hedgehog Mix)	m-flo
0.400	title	Mystery Skulls	D.R.E.A.M.	https://soundcloud.com/player_2_guy/mystery-skulls-dream	Literal Instruments	MysteryGuitarMan
0.400	title	glass beach	glass beach	https://soundcloud.com/glassbeach/glass-beach	(FOREVER!!!!!!!!!) (WOW OK Remix)	glass beach
0.400	artist	Ninjah 3	Garbage Pale Kids Ft. IShowSpeed	https://soundcloud.com/user-858776769/jpegmafia-x-danny-brown-garbage-pale-kids-ft-ishowspeed	Go, Agent 3!	Splatoon 3
0.400	title	Nia Archives	Off Wiv Ya Headz	https://soundcloud.com/nia-archives/off-wiv-ya-headz	F.A.M.I.L.Y.	Nia Archives
0.400	title	SOPHIE	Is It Cold In The Water?	https://soundcloud.com/msmsmsm/is-it-cold-in-the-water	Nothing More To Saw (Vox)	SOPHIE
0.400	title	Flume Ft. Toro Y Moi	Shooting Stars (RIzE Edit)	https://soundcloud.com/rize-14/flume-ft-toro-y-moi-shooting-stars-rize-edit	You & Me	Flume ft. Eliza Doolittle
0.400	artist	CharliePuth latinoamerica	01 L.U.V.	https://soundcloud.com/charlieputh-latinoamerica/01-luv	Hideki Naganuma - Ska Cha Cha	Sonic Rush
0.400	artist	M.I.L.F	Friday Night Funkin' OST	https://soundcloud.com/kawaispritefak/milf-friday-night-funkin-ost	Emamouse - Night Night OuiOui	itemLabel
0.400	artist	tilt5951	Inkopolis Square	https://soundcloud.com/splatoon_4/4-inkopolis-square	Inkopolis Square Speakers J	Splatoon 2
0.400	artist	BORO	SUBVERT by Rhys Fulber & Spoon Eater	https://soundcloud.com/borojf/subvert-by-rhys-fulber-spoon-eater	Spoon Eater (Rhys Fulber) - Drained	Cyberpunk 2077
0.390	artist	KRUELLA	Zombie	https://soundcloud.com/kruelladj/poppy-x-kruella-zombie	Zombie On Your Lawn	Plants vs Zombies
0.390	artist	KRUELLA	Zombie	https://soundcloud.com/kruelladj/poppy-x-kruella-zombie	Zombie On Your Lawn	Plants vs Zombies
0.380	title	exxy	SO YESTERDAY	https://soundcloud.com/exxyau/crush3d-so-yesterday	Yes - Roundabout	JoJo's Bizarre Adventure: Phantom Blood
0.380	title	Kai Angel	david bowie	https://soundcloud.com/kaiangel-9mice/david-bowie-4	DJ	David Bowie
0.380	title	S e x [Mixed]	George Riley, Hudson Mohawke	https://soundcloud.com/fabric/s-e-x-mixed-george-riley-hudson-mohawke	S e x	George Riley & Hudson Mohawke
0.380	title	serendipity	Skeletons Playboi Carti Ft. Lil Uzi Vert And Travis Scott	https://soundcloud.com/kingsandyvanderesch/whole-lotta-red-playboi-carti-ft-lil-uzi-vert-and-travis-scott	BACKR00MS (backrooms)	Playboi Carti ft. Travis Scott, SEXISDEATH, & Indiana420Bitch
0.380	title	spam wu	SQUID G.S.K. SOUNDFONT MAYHEM	https://soundcloud.com/beefbulgogi/squid-gsk-soundfont-mayhem	G.S.K.	Squid
0.380	title	BandaDeHunnid !	I LOVE HTTM *sxlt*	https://soundcloud.com/hayden-johnson-111034042/i-love-httm-blickyhomeboy	μ’s- Natsuiro Egao de 1,2,Jump!	Love Live!
0.380	title	Music Beauty	Beg For You (ft. Rina Sawayama)	https://soundcloud.com/user-810375971/charli-xcx-beg-for-you-ft-rina-sawayama	Comme des Garçons (Like The Boys)	Rina Sawayama ft. Pabllo Vittar
0.380	title	exxy	SO YESTERDAY	https://soundcloud.com/exxyau/crush3d-so-yesterday	Yes - Roundabout	JoJo's Bizarre Adventure: Phantom Blood
0.380	title	R.I.P.	Rita Ora Ft. Tinie Tempah (VISIONE Remix)	https://soundcloud.com/visionunvision/rip-rita-ora-ft-tinie-tempah-visione-remix	R.I.P. (i'm ready for ya)	Rita Ora ft. Tinie Tempah
0.380	title	A.D.H.D	Kendrick Lamar	https://soundcloud.com/quionsolo/a-d-h-d-kendrick-lamar	m.A.A.d city pt2	Kendrick Lamar
0.380	title	exxy	SO YESTERDAY	https://soundcloud.com/exxyau/crush3d-so-yesterday	Yes - Roundabout	JoJo's Bizarre Adventure: Phantom Blood
0.380	title	992918	TOWA TEI / TECHNOVA	https://soundcloud.com/992918/towa-tei-technova-1	BATACUDA	TOWA TEI
0.380	title	exxy	SO YESTERDAY	https://soundcloud.com/exxyau/crush3d-so-yesterday	Yes - Roundabout	JoJo's Bizarre Adventure: Phantom Blood
0.380	title	12pm (Remix)	Animal Crossing: New Horizons	https://soundcloud.com/omilimusic/12pm-remix-animal-crossing-new-horizons	10PM	Animal Crossing: New Horizons
0.380	title	Nintendo	Software Library | Nintendo 3DS Console's System OST	https://soundcloud.com/user-73631547/activity-log-software-library	eShop	Nintendo 3DS
0.380	title	dwbr dwbr	ABBA S.O.S.	https://soundcloud.com/dwbr-dwbr/abba-s-o-s	S.O.S.	Abba
0.380	title	Umar Farooq	LSD Audio	https://soundcloud.com/umar-farooq-76834128/lsd-audio	Audio	LSD
0.380	title	Joy (ジョイス)	MONDO GROSSO   ラビリンス	https://soundcloud.com/joicybbs/mondo-grosso	ラビリンス	MONDO GROSSO
0.380	title	exxy	SO YESTERDAY	https://soundcloud.com/exxyau/crush3d-so-yesterday	Yes - Roundabout	JoJo's Bizarre Adventure: Phantom Blood
0.380	title	NEEK	WHO TF IS NEEK	https://soundcloud.com/neekftp/who-tf-is-neek-1	FFB part2	whoTF, Folie, Forget Basement
0.380	title	futali	am i cooking the chef?	https://soundcloud.com/futali/am-i-cooking-the-chef	The Darkness (Megamix) pt2	A. G. Cook ft. Sarah Bonito & Hannah Diamond
0.380	title	exxy	SO YESTERDAY	https://soundcloud.com/exxyau/crush3d-so-yesterday	Yes - Roundabout	JoJo's Bizarre Adventure: Phantom Blood
0.380	title	exxy	SO YESTERDAY	https://soundcloud.com/exxyau/crush3d-so-yesterday	Yes - Roundabout	JoJo's Bizarre Adventure: Phantom Blood
0.380	title	Jamie Paige	Machine Love	https://soundcloud.com/jamieirl/machine-love	μ’s- Natsuiro Egao de 1,2,Jump!	Love Live!
0.380	title	12pm (Remix)	Animal Crossing: New Horizons	https://soundcloud.com/omilimusic/12pm-remix-animal-crossing-new-horizons	10PM	Animal Crossing: New Horizons
0.310	artist	FATHER	On'n'On (FATHER Remix) [Ed Banger Rec.]	https://soundcloud.com/father/justice-onnon-father-remix-acts-i-to-iii	Take Me Back To London (Sir Spyro Remix) [umru Remix] 134bpm 🇬🇧	Ed Sheeran ft. Stormzy, Jaykae & Aitch
0.300	title	Asuka Ohta, Ryo Nagamatsu	Grumble Volcano	https://soundcloud.com/user-272592510/mario-kart-wii-grumble-volcano	Asuka Ota & Ryo Nagamatsu - No Trophy For You!	Mario Kart Wii
0.300	title	Asuka Ohta, Ryo Nagamatsu	Rainbow Road	https://soundcloud.com/user-272592510/mario-kart-wii-rainbow-road	Asuka Ota & Ryo Nagamatsu - No Trophy For You!	Mario Kart Wii
0.300	title	Asuka Ohta, Ryo Nagamatsu	Rainbow Road	https://soundcloud.com/user-272592510/mario-kart-wii-rainbow-road	Asuka Ota & Ryo Nagamatsu - No Trophy For You!	Mario Kart Wii
0.300	artist	Tape B	Promises (Tape B Edit)	https://soundcloud.com/tape-b-official/nero-skrillex-promises-tape-b-edit	Tape You	N.E.R.D
0.300	artist	Sweep J Remix	L.O.V.E (Sweep J 2025 Remix)	https://soundcloud.com/sweep-j-remix/love-sweep-j-2025-remix-7	Tsunku♂ - Remix 3	Rhythm Heaven
0.300	artist	DOME	V.A.N (DOME remix)	https://soundcloud.com/dmeoe/bad-omens-x-poppy-v-a-n-dome	Tsunku♂ - Remix 3	Rhythm Heaven
0.300	artist	CA$$O BLVCK	EUPHORIA PT. 2	https://soundcloud.com/cassoblvck/kendrick-lamar-euphoria-pt-2	Tsunku♂ - Remix 2	Rhythm Heaven
0.300	artist	EnglishNarwhal	mambo deez nuts	https://soundcloud.com/englishnarwhal/mambo-deez-nuts	Deez Nuts! [Trap Remix]	Dennibro
0.300	artist	luchitembu7seas	Luciano-Suicidal Crew.mp3	https://soundcloud.com/luchitembu7seas/luciano-suicidal-crew-mp3	Masami Yone, Shinji Ushiroda, Asuka Ito - Pirate Crew	Rhythm Heaven Fever
0.300	artist	Dolcevita	N.A.D.I.A. O.H. (instrumental)	https://soundcloud.com/andrei-pirvu-735191777/nadia-oh-n-a-d-i-a-o-h	Muchomorr (Mchy i Porosty) - Chodze (inst) (windowlicker)	Cyberpunk 2077
0.300	artist	Zog26	Clear	https://soundcloud.com/rafaelfalcedesouza/cybotron-clear	Stage Clear (JP)	Sonic CD
0.300	artist	Chromosome	Am I In The Matrix	https://soundcloud.com/cansu-yetgen/chromosome-am-i-in-the-matrix	8 AM	Coco & Clair Clair
0.200	artist	Music Reserves	I.F.L.	https://soundcloud.com/user-593638874-772393310/ifl	Wax On Wax Off	Injury Reserve
0.200	artist	Music Reserves	M.O.B	https://soundcloud.com/user-593638874-772393310/brockhampton-mob	Wax On Wax Off	Injury Reserve
0.200	artist	Jordan	ＳＥＩＮＷＡＶＥ２０００	https://soundcloud.com/jordan-saloy/seinwave2000	Jordan Rules pt1	JPEGMAFIA
0.160	artist	PETAL SUPPLY	IMVUmix	https://soundcloud.com/ps222/petal-supply-imvumix	✡︎ Heart 2 [MILKFISH Remix for Bar Mitzvah] {180 beats per minute} ✡︎	umru & Petal Supply ft. Rebecca Black
0.150	artist	Amon-Ra	Studio recording	https://soundcloud.com/amonrarecords/amon-ra-korg-esx-1-liveset-mia-practice-session-24-06-2022	Among Us Trap Remix (among drip)	Leonz
0.000	passed-tie	amore	M.I.A.	https://soundcloud.com/roseanamore/mia	The Darkness (Megamix) pt2	A. G. Cook ft. Sarah Bonito & Hannah Diamond
0.000	passed-tie	zzkillme	誰にも言わない	https://soundcloud.com/zzkillme/donttellanyone	The Darkness (Megamix) pt2	A. G. Cook ft. Sarah Bonito & Hannah Diamond
0.000	passed-tie	⣎⡇ꉺლ༽இ•̛)ྀ◞ ༎ຶ ༽ৣৢ؞ৢ؞ؖ ꉺლ	ƪ. ◖ƪ❍⊁◞.|◗щ (*ᄋ△+⁎❝᷀ົཽ*ೃ:(꒡͡ ❝᷀ົཽ ꉺ ̈.·*:・✧⃛ (2017)	https://soundcloud.com/x5g32/o-shh	The Darkness (Megamix) pt2	A. G. Cook ft. Sarah Bonito & Hannah Diamond
0.000	passed-tie	amore	M.I.A.	https://soundcloud.com/roseanamore/mia	The Darkness (Megamix) pt2	A. G. Cook ft. Sarah Bonito & Hannah Diamond
0.000	passed-tie	⣎⡇ꉺლ༽இ•̛)ྀ◞ ༎ຶ ༽ৣৢ؞ৢ؞ؖ ꉺლ	・✧(๑ඕัළ*.。 * ̈°。	https://soundcloud.com/thirtythreetwoone/cryptic2	The Darkness (Megamix) pt2	A. G. Cook ft. Sarah Bonito & Hannah Diamond
0.000	passed-tie	⣎⡇ꉺლ༽இ•̛)ྀ◞ ༎ຶ ༽ৣৢ؞ৢ؞ؖ ꉺლ	ƪ. ◖ƪ❍⊁◞.|◗щ (*ᄋ△+⁎❝᷀ົཽ*ೃ:(꒡͡ ❝᷀ົཽ ꉺ ̈.·*:・✧⃛ (2017)	https://soundcloud.com/x5g32/o-shh	The Darkness (Megamix) pt2	A. G. Cook ft. Sarah Bonito & Hannah Diamond
0.000	passed-tie	50Cent	P.I.M.P.	https://soundcloud.com/dc_mt_louko/50cent-pimp	The Darkness (Megamix) pt2	A. G. Cook ft. Sarah Bonito & Hannah Diamond
0.000	passed-tie	amore	M.I.A.	https://soundcloud.com/roseanamore/mia	The Darkness (Megamix) pt2	A. G. Cook ft. Sarah Bonito & Hannah Diamond
0.000	passed-tie	⣎⡇ꉺლ༽இ•̛)ྀ◞ ༎ຶ ༽ৣৢ؞ৢ؞ؖ ꉺლ	҉.·.·* ́ ̈.·*:・✧๑ඕั ҉ (2017)	https://soundcloud.com/x5g32/o	The Darkness (Megamix) pt2	A. G. Cook ft. Sarah Bonito & Hannah Diamond
0.000	passed-tie	juice wrld	M.I.A	https://soundcloud.com/user-422325231/juice-wrld-m-i-a	The Darkness (Megamix) pt2	A. G. Cook ft. Sarah Bonito & Hannah Diamond
0.000	passed-tie	Ekzeel	E.T ( Ekzeel Rework )	https://soundcloud.com/user-854314152/katy-perry-et-ekzeel-rework	The Darkness (Megamix) pt2	A. G. Cook ft. Sarah Bonito & Hannah Diamond
0.000	passed-tie	amore	M.I.A.	https://soundcloud.com/roseanamore/mia	The Darkness (Megamix) pt2	A. G. Cook ft. Sarah Bonito & Hannah Diamond
0.000	passed-tie	M	M	https://soundcloud.com/warnerrecords/pop-muzik1	The Darkness (Megamix) pt2	A. G. Cook ft. Sarah Bonito & Hannah Diamond
0.000	passed-tie	⣎⡇ꉺლ༽இ•̛)ྀ◞ ༎ຶ ༽ৣৢ؞ৢ؞ؖ ꉺლ	ʅ͡͡͡͡͡͡͡͡͡͡͡(ƟӨ)ʃ͡͡͡͡͡͡͡͡͡͡ ꐑ(ཀ ඊູ ఠీੂ೧ູ࿃ूੂ✧✧✧✧✧✧ළඕั࿃ूੂ࿃ूੂ	https://soundcloud.com/d23478d1237hoxliiyllllhoxl/ijwc40cxi64e	The Darkness (Megamix) pt2	A. G. Cook ft. Sarah Bonito & Hannah Diamond
0.000	passed-tie	⣎⡇ꉺლ༽இ•̛)ྀ◞ ༎ຶ ༽ৣৢ؞ৢ؞ؖ ꉺლ	ੂ࿃ूੂළඕั✧✧ı̴̴̡ ̡̡͡|̲̲̲͡ ̲̲̲͡͡π̲̲͡͡ ɵੂ≢࿃ूੂ೧ູఠీੂ ඊູཀ ꐑ(ʅ͡͡͡͡͡͡͡͡͡͡͡(ƟӨ)ʃ͡͡͡͡͡͡͡͡͡͡	https://soundcloud.com/d23478d1237hoxliiyllllhoxl/14mbna7efead	The Darkness (Megamix) pt2	A. G. Cook ft. Sarah Bonito & Hannah Diamond
0.000	passed-tie	⣎⡇ꉺლ༽இ•̛)ྀ◞ ༎ຶ ༽ৣৢ؞ৢ؞ؖ ꉺლ	✧₊⁎❝᷀ົཽ*ೃƪ❍⊁ƪ❍⊁༽ৣৢ؞ৢ؞ؖ ཥ (2017)	https://soundcloud.com/x5g32/o-3	The Darkness (Megamix) pt2	A. G. Cook ft. Sarah Bonito & Hannah Diamond
0.000	passed-tie	⣎⡇ꉺლ༽இ•̛)ྀ◞ ༎ຶ ༽ৣৢ؞ৢ؞ؖ ꉺლ	ɵੂ≢࿃ूੂ೧ູఠీੂ؞ؙؖ⁽⁾ا҉҈҉҈҉҈҉҈҉҈҉҈҉҈҉҈҉҈҉҈҉҈҉҈҉	https://soundcloud.com/thirtythreetwoone/cryptic4	The Darkness (Megamix) pt2	A. G. Cook ft. Sarah Bonito & Hannah Diamond
