title,artist,album,isrc,platform,trackId,duration,addedDate,addedBy,url
"Daft Punk - Around the World / Harder Better Faster Stronger (Official Live Video 2007)",,,,youtube,x84m3YyO2oU,,"2026-10-09 12:54",,https://www.youtube.com/watch?v=x84m3YyO2oU
"Daft Punk - Harder, Better, Faster, Stronger (Jess & Crabbe Mix) (Official Audio)",,,,youtube,-nnnK8FnZ0M,,"2026-10-09 12:54",,https://www.youtube.com/watch?v=-nnnK8FnZ0M
"Daft Punk - Crescendolls (Laidback Remix) (Official Audio)",,,,youtube,PCc3S-hPqS8,,"2026-10-09 12:54",,https://www.youtube.com/watch?v=PCc3S-hPqS8
"Daft Punk ft. Pharrell Williams, Nile Rodgers - Get Lucky (Extended Mix)",,,,youtube,kzrTLNhwI84,,"2026-10-09 12:54",,https://www.youtube.com/watch?v=kzrTLNhwI84
"deadmau5 - Sometimes Things Get, Whatever (HQ)",,,,youtube,GOzwOeONBhQ,,"2026-10-09 12:54",,https://www.youtube.com/watch?v=GOzwOeONBhQ
"deadmau5 ""Soma""",,,,youtube,r5K7fZsQMpY,,"2026-10-09 12:54",,https://www.youtube.com/watch?v=r5K7fZsQMpY
"deadmau5 ""The 16th hour""",,,,youtube,gHWXx27VKMI,,"2026-10-09 12:54",,https://www.youtube.com/watch?v=gHWXx27VKMI
"deadmau5 ""FML""",,,,youtube,g34B-YOaC7c,,"2026-10-09 12:54",,https://www.youtube.com/watch?v=g34B-YOaC7c
"Cocktail Queen - Part 10 of 10 Melleefresh vs. deadmau5 @ Traffik (Montreal)",,,,youtube,gQR9Fgq5NMk,,"2026-10-09 12:54",,https://www.youtube.com/watch?v=gQR9Fgq5NMk
"Rude Buster","Toby Fox",,,youtube,GPL5Hkl11IQ,,"2026-10-09 12:54",,https://www.youtube.com/watch?v=GPL5Hkl11IQ
"It's Pronounced ""Rules""","Toby Fox",,,youtube,DQ0aryDlPi4,,"2026-10-09 12:54",,https://www.youtube.com/watch?v=DQ0aryDlPi4
"Cool Mixtape","Toby Fox",,,youtube,EeVEyBGPgLY,,"2026-10-09 12:54",,https://www.youtube.com/watch?v=EeVEyBGPgLY
"Denzel Curry - Diet_ | A COLORS SHOW",,,,youtube,scsUaLWex70,,"2026-10-09 12:54",,https://www.youtube.com/watch?v=scsUaLWex70
"Destiny's Child - Independent Women Part I (Official HD Video)",,,,youtube,0lPQZni7I18,,"2026-10-09 12:54",,https://www.youtube.com/watch?v=0lPQZni7I18
NOOOOSTYLIST〔155.74ʙᴘᴍ〕,,,,youtube,67wHi-aVQRc,,"2026-10-09 12:54",,https://www.youtube.com/watch?v=67wHi-aVQRc
"I Have The Biggest Party Ever",,,,youtube,tV1dt095YWw,,"2026-10-09 12:54",,https://www.youtube.com/watch?v=tV1dt095YWw
"MAKE NUKES LEGAL AGAIN (feat. MAX2K10)","DJ Smokey",,,youtube,JxVRiGKYe0U,,"2026-10-09 12:54",,https://www.youtube.com/watch?v=JxVRiGKYe0U
"Drake, 21 Savage - Rich Flex (Audio)",,,,youtube,I4DjHHVHWAE,,"2026-10-09 12:54",,https://www.youtube.com/watch?v=I4DjHHVHWAE
"Earth People - Dance (Club Mix) 1989",,,,youtube,a02qOqMSvFs,,"2026-10-09 12:54",,https://www.youtube.com/watch?v=a02qOqMSvFs
"AIN'T NOTHIN' LIKE A FLAT BEAT - SiIvaGunner: King for Another Day",,,,youtube,GlyFOvy-HHM,,"2026-10-09 12:54",,https://www.youtube.com/watch?v=GlyFOvy-HHM
"Fastball The Way (Official Video) www.fastballtheband.com",,,,youtube,X5jlTlUTWfQ,,"2026-10-09 12:54",,https://www.youtube.com/watch?v=X5jlTlUTWfQ
"Flume - Enough feat. Pusha T",,,,youtube,khX_VLa3POw,,"2026-10-09 12:54",,https://www.youtube.com/watch?v=khX_VLa3POw
"Fraxiom - scawy monstews and nice spwites :3 (Lyric Video)",,,,youtube,zkEXflJjXBA,,"2026-10-09 12:54",,https://www.youtube.com/watch?v=zkEXflJjXBA
"Blammed - Friday Night Funkin' OST",,,,youtube,aQ2tXk-2UEg,,"2026-10-09 12:54",,https://www.youtube.com/watch?v=aQ2tXk-2UEg
"Frost Children - Satellites (Official Video)",,,,youtube,AEEesEP14a0,,"2026-10-09 12:54",,https://www.youtube.com/watch?v=AEEesEP14a0
"Ghost Town DJs - My Boo (V/O version No. 2)",,,,youtube,QxRiwnmYjMg,,"2026-10-09 12:54",,https://www.youtube.com/watch?v=QxRiwnmYjMg
"Gorillaz - Saturnz Barz (Spirit House)",,,,youtube,5qJp6xlKEug,,"2026-10-09 12:54",,https://www.youtube.com/watch?v=5qJp6xlKEug
"GZA - Liquid Swords",,,,youtube,1YOOxeFr1b8,,"2026-10-09 12:55",,https://www.youtube.com/watch?v=1YOOxeFr1b8
"John Carpenter - Halloween 1978  (main Theme)",,,,youtube,pT4FY3NrhGg,,"2026-10-09 12:55",,https://www.youtube.com/watch?v=pT4FY3NrhGg
"Hermitude - Every Day feat. Hoodlem (Official Video)",,,,youtube,XRrNCvCh_ig,,"2026-10-09 12:55",,https://www.youtube.com/watch?v=XRrNCvCh_ig
"宇多田ヒカル - Movin'on without you",,,,youtube,9qU-JVtvXKw,,"2026-10-09 12:55",,https://www.youtube.com/watch?v=9qU-JVtvXKw
"宇多田ヒカル - Movin'on without you",,,,youtube,9qU-JVtvXKw,,"2026-10-09 12:55",,https://www.youtube.com/watch?v=9qU-JVtvXKw
"宇多田ヒカル - COLORS",,,,youtube,nv7OzIbdm4Y,,"2026-10-09 12:55",,https://www.youtube.com/watch?v=nv7OzIbdm4Y
"Grind-E's Secret Goal","Cédric Menendez",,,youtube,FuLSm2JHXBA,,"2026-10-09 12:55",,https://www.youtube.com/watch?v=FuLSm2JHXBA
"Shit (Fart) [Fivio Foreign & Toosii spin]",,,,youtube,I3tb8ZkwQSM,,"2026-10-09 12:55",,https://www.youtube.com/watch?v=I3tb8ZkwQSM
"ITZY ""WANNABE"" M/V @ITZY",,,,youtube,fE2h3lGlOsk,,"2026-10-09 12:55",,https://www.youtube.com/watch?v=fE2h3lGlOsk
"The Jacksons - Can You Feel It (Official Audio)",,,,youtube,rlpZmqGS8rc,,"2026-10-09 12:55",,https://www.youtube.com/watch?v=rlpZmqGS8rc
"Holla Out (feat. Snails & Taranchyla)","Jack Ü",,,youtube,ESjc8JfQ--E,,"2026-10-09 12:55",,https://www.youtube.com/watch?v=ESjc8JfQ--E
"Jaden - GOKU",,,,youtube,g9wFQTzRfog,,"2026-10-09 12:55",,https://www.youtube.com/watch?v=g9wFQTzRfog
"Mile High feat. Travis Scott and Metro Boomin (Official Video)",,,,youtube,pkHlze-Pg3g,,"2026-10-09 12:55",,https://www.youtube.com/watch?v=pkHlze-Pg3g
"Jess Kent- SLUSHIE",,,,youtube,x4OWMU3OfLM,,"2026-10-09 12:55",,https://www.youtube.com/watch?v=x4OWMU3OfLM
"Electric Tooth Brush",Toronto,,,youtube,tC2dceAaSv4,,"2026-10-09 12:55",,https://www.youtube.com/watch?v=tC2dceAaSv4
"JID - Off Da Zoinkys",,,,youtube,AzlcFH27dTU,,"2026-10-09 12:55",,https://www.youtube.com/watch?v=AzlcFH27dTU
"Joel Fletcher & Savage - Swing (Official Video)",,,,youtube,Bq7ZeDCEzmw,,"2026-10-09 12:55",,https://www.youtube.com/watch?v=Bq7ZeDCEzmw
"Recreating Sick, Nervous and Broke by JPEGMAFIA in a music lesson",,,,youtube,zF20rcKSeQU,,"2026-10-09 12:55",,https://www.youtube.com/watch?v=zF20rcKSeQU
"JPEGMAFIA - THE GHOST RANKING DREAD! (ft. Tkay Maidza) [AUDIO]",,,,youtube,mbk4AgmM-To,,"2026-10-09 12:55",,https://www.youtube.com/watch?v=mbk4AgmM-To
"JPEGMAFIA - Jordan Rules",,,,youtube,Qi6JerhrnuA,,"2026-10-09 12:55",,https://www.youtube.com/watch?v=Qi6JerhrnuA
"Justice - D.A.N.C.E. (Official Video)",,,,youtube,sy1dYFGkPUE,,"2026-10-09 12:55",,https://www.youtube.com/watch?v=sy1dYFGkPUE
"Justice - D.A.N.C.E. (Live Version) [Official Audio]",,,,youtube,vuAacRqE0jU,,"2026-10-09 12:55",,https://www.youtube.com/watch?v=vuAacRqE0jU
"Your Secrets","Kai Whiston",,,youtube,X7eN9DHdacA,,"2026-10-09 12:55",,https://www.youtube.com/watch?v=X7eN9DHdacA
"Kanye West  I Don't Like ft. Pusha T, Chief Keef, Jadakiss & Big Sean LYRICS",,,,youtube,fSJoDuU328k,,"2026-10-09 12:55",,https://www.youtube.com/watch?v=fSJoDuU328k
SECURITY,DONDA,,,youtube,E9ABR_O8i0s,,"2026-10-09 12:55",,https://www.youtube.com/watch?v=E9ABR_O8i0s
"Kaskade & Skrillex - Lick It (Official Video)",,,,youtube,DrZhmr_0Wpo,,"2026-10-09 12:55",,https://www.youtube.com/watch?v=DrZhmr_0Wpo
"Kaskade & Skrillex - Lick It (Datsik Remix)",,,,youtube,8aJmIGCsSXE,,"2026-10-09 12:55",,https://www.youtube.com/watch?v=8aJmIGCsSXE
"Kaskade & Skrillex - Lick It (Alex Kenji Remix)",,,,youtube,YOpAWMN4XfE,,"2026-10-09 12:55",,https://www.youtube.com/watch?v=YOpAWMN4XfE
"Lick It (Norman Doray Remix)",Kaskade,,,youtube,tG8F2UHFcSQ,,"2026-10-09 12:55",,https://www.youtube.com/watch?v=tG8F2UHFcSQ
"KAYTRANADA - Go DJ (Audio) ft. SiR",,,,youtube,qWd2brkme7o,,"2026-10-09 12:55",,https://www.youtube.com/watch?v=qWd2brkme7o
"KAYTRAMINÉ - 4EVA feat. Pharrell Williams (Official Video)",,,,youtube,fAPt8AxjPbI,,"2026-10-09 12:55",,https://www.youtube.com/watch?v=fAPt8AxjPbI
"Kelsey Lu - Due West (Skrillex Remix - Official Audio)",,,,youtube,9mWTKwGzrEg,,"2026-10-09 12:55",,https://www.youtube.com/watch?v=9mWTKwGzrEg
Institutionalized,"Kendrick Lamar",,,youtube,7L1POXocFIQ,,"2026-10-09 12:55",,https://www.youtube.com/watch?v=7L1POXocFIQ
"Kendrick Lamar - tv off (Official Audio)",,,,youtube,U8F5G5wR1mk,,"2026-10-09 12:55",,https://www.youtube.com/watch?v=U8F5G5wR1mk
"King Gizzard & The Lizard Wizard - O.N.E. (Official Video)",,,,youtube,lkZd2lBQb2c,,"2026-10-09 12:55",,https://www.youtube.com/watch?v=lkZd2lBQb2c
"Icy - Kim Petras (Official Music Video)",,,,youtube,D8UNJDjygk0,,"2026-10-09 12:55",,https://www.youtube.com/watch?v=D8UNJDjygk0
"Knight Rider ( The Stu Philip's Collection )",,,,youtube,DdmmrvT8jLA,,"2026-10-09 12:55",,https://www.youtube.com/watch?v=DdmmrvT8jLA
"thatboykwame - CLOUDS. (Official Audio)",,,,youtube,EaBrW5oroCY,,"2026-10-09 12:55",,https://www.youtube.com/watch?v=EaBrW5oroCY
"Lana Del Rey - Video Games",,,,youtube,cE6wxDqdOV0,,"2026-10-09 12:55",,https://www.youtube.com/watch?v=cE6wxDqdOV0
"Gerudo Valley - The Legend of Zelda: Ocarina Of Time",,,,youtube,0hEYvdMoF2g,,"2026-10-09 12:55",,https://www.youtube.com/watch?v=0hEYvdMoF2g
"L.L.A.M.A, Ne-Yo, Carmen DeLeon - Shake",,,,youtube,MI4XJSRSVtU,,"2026-10-09 12:55",,https://www.youtube.com/watch?v=MI4XJSRSVtU
"Numb (Official Music Video) [4K UPGRADE] – Linkin Park",,,,youtube,kXYiU_JCYtU,,"2026-10-09 12:55",,https://www.youtube.com/watch?v=kXYiU_JCYtU
"Masta Artisan ""Oh My God"" Official Music Video",,,,youtube,eBKpRFSDkSM,,"2026-10-09 12:55",,https://www.youtube.com/watch?v=eBKpRFSDkSM
"Cocktail Queen - Part 10 of 10 Melleefresh vs. deadmau5 @ Traffik (Montreal)",,,,youtube,gQR9Fgq5NMk,,"2026-10-09 12:55",,https://www.youtube.com/watch?v=gQR9Fgq5NMk
"M.I.A. - Jimmy",,,,youtube,HBECisSkAu4,,"2026-10-09 12:55",,https://www.youtube.com/watch?v=HBECisSkAu4
"Skrillex Cinema & Santigold Disparate Youth - Mike Tompkins DUBSTEP A Capella Remix",,,,youtube,VRuLi8geo7Q,,"2026-10-09 12:55",,https://www.youtube.com/watch?v=VRuLi8geo7Q
"Minecraft Music 4/12 - Dry Hands (piano1.ogg)",,,,youtube,VcJmb3VNFXo,,"2026-10-09 12:55",,https://www.youtube.com/watch?v=VcJmb3VNFXo
"C418 - Strad (Minecraft Volume Beta)",,,,youtube,d6tV0cr9zYI,,"2026-10-09 12:55",,https://www.youtube.com/watch?v=d6tV0cr9zYI
"MØ - Waste of Time (Official Video)",,,,youtube,wFrth4NFogc,,"2026-10-09 12:55",,https://www.youtube.com/watch?v=wFrth4NFogc
"Jamiroquai - We Do A Little Trolling {[MOOLAMIXTAPE REUPLOAD]}",,,,youtube,MYr7IUlXutk,,"2026-10-09 12:55",,https://www.youtube.com/watch?v=MYr7IUlXutk
"Amazing Horse : animated music video : MrWeebl",,,,youtube,GUl9_5kK9ts,,"2026-10-09 12:55",,https://www.youtube.com/watch?v=GUl9_5kK9ts
"Nadia Oh - N.A.D.I.A O.H (Official Video)",,,,youtube,ur76jAuLitE,,"2026-10-09 12:56",,https://www.youtube.com/watch?v=ur76jAuLitE
Aaron,,,,youtube,mVKIva2KddY,,"2026-10-09 12:56",,https://www.youtube.com/watch?v=mVKIva2KddY
"Nelly - Grillz ft. Paul Wall, Ali & Gipp",,,,youtube,8fijggq5R6w,,"2026-10-09 12:56",,https://www.youtube.com/watch?v=8fijggq5R6w
"Pov: you're Ladybug 🐞 #miraculousshorts",,,,youtube,7oP2l3l5-HI,,"2026-10-09 12:56",,https://www.youtube.com/watch?v=7oP2l3l5-HI
"[Electro] - Nitro Fun - New Game [Monstercat Release]",,,,youtube,6y_NJg-xoeE,,"2026-10-09 12:56",,https://www.youtube.com/watch?v=6y_NJg-xoeE
"N.O.R.E. - Superthug (Official Music Video)",,,,youtube,gs9ngd-uq6I,,"2026-10-09 12:56",,https://www.youtube.com/watch?v=gs9ngd-uq6I
"Ollie King OST - Funk To The Top",,,,youtube,GYOsz7tjbsM,,"2026-10-09 12:56",,https://www.youtube.com/watch?v=GYOsz7tjbsM
"Hellraiser (30th Anniversary Edition - Official Animated Video)",,,,youtube,zw79RVnlCb0,,"2026-10-09 12:56",,https://www.youtube.com/watch?v=zw79RVnlCb0
"Paramore: Emergency [OFFICIAL VIDEO]",,,,youtube,mgJ8BZi3vTA,,"2026-10-09 12:56",,https://www.youtube.com/watch?v=mgJ8BZi3vTA
"PARTYNEXTDOOR - Recognize (feat. Drake) [Official Music Video]",,,,youtube,WsPfSXJaelk,,"2026-10-09 12:56",,https://www.youtube.com/watch?v=WsPfSXJaelk
"Peaches - F*** The Pain Away",,,,youtube,3cV6pnvCVM4,,"2026-10-09 12:56",,https://www.youtube.com/watch?v=3cV6pnvCVM4
"[Official Music Video] Perfume 「Pick Me Up」",,,,youtube,vhfYis6VuXY,,"2026-10-09 12:56",,https://www.youtube.com/watch?v=vhfYis6VuXY
"Price - Persona 5",,,,youtube,V8mNJE2iIN0,,"2026-10-09 12:56",,https://www.youtube.com/watch?v=V8mNJE2iIN0
"bitch lasagna",,,,youtube,6Dh-RL__uN4,,"2026-10-09 12:56",,https://www.youtube.com/watch?v=6Dh-RL__uN4
"All Eyes On Me (feat. BENEE & Pusha T - Chad Hugo’s Le Yaca Version) [Visualizer]",,,,youtube,2z8qxmjUXPI,,"2026-10-09 12:56",,https://www.youtube.com/watch?v=2z8qxmjUXPI
"Pierce The Veil - Bulls in the Bronx",,,,youtube,WumCI56iYUk,,"2026-10-09 12:56",,https://www.youtube.com/watch?v=WumCI56iYUk
"Pitbull - Don't Stop The Party ft. TJR",,,,youtube,i0vFid2tKbI,,"2026-10-09 12:56",,https://www.youtube.com/watch?v=i0vFid2tKbI
Beef,Ethereal,,,youtube,kPpN1x8CgZY,,"2026-10-09 12:56",,https://www.youtube.com/watch?v=kPpN1x8CgZY
"R.I.P. Fredo (Notice Me)","Playboi Carti",,,youtube,t9KTSbKuxi4,,"2026-10-09 12:56",,https://www.youtube.com/watch?v=t9KTSbKuxi4
"Pras Michel Ol Dirty Bastard Mya Ghetto Supastar That Is What You Are Promo Only 4K 60fps AI Upscale",,,,youtube,Ro6q1SeYHTg,,"2026-10-09 12:56",,https://www.youtube.com/watch?v=Ro6q1SeYHTg
"The Prodigy   Serial Thrilla",,,,youtube,kmaBE7ZJ8cE,,"2026-10-09 12:56",,https://www.youtube.com/watch?v=kmaBE7ZJ8cE
"The Prodigy - Firestarter (Andy C Remix)",,,,youtube,Gffc7aHcP3k,,"2026-10-09 12:56",,https://www.youtube.com/watch?v=Gffc7aHcP3k
"Salupu part-2 full song | Mounika dimple | Shekar virus | singer prabha | pulsar bike ramana songs",,,,youtube,KvdBohbDWdc,,"2026-10-09 12:56",,https://www.youtube.com/watch?v=KvdBohbDWdc
"Pusha T - Dreamin Of The Past ft. Ye (Lyric Video)",,,,youtube,cuzQqfRGUi0,,"2026-10-09 12:56",,https://www.youtube.com/watch?v=cuzQqfRGUi0
"Epic Rap Battle: Nerd vs. Geek",,,,youtube,2Tvy_Pbe5NA,,"2026-10-09 12:56",,https://www.youtube.com/watch?v=2Tvy_Pbe5NA
"Remix 7 - Rhythm Heaven Fever",,,,youtube,Cymp5_npJK8,,"2026-10-09 12:56",,https://www.youtube.com/watch?v=Cymp5_npJK8
"Rihanna - Talk That Talk (Audio) ft. JAŸ-Z",,,,youtube,Z8FarCnm1mE,,"2026-10-09 12:56",,https://www.youtube.com/watch?v=Z8FarCnm1mE
"Riot In Belgium - La Musique",,,,youtube,1ttBub4Jrwc,,"2026-10-09 12:56",,https://www.youtube.com/watch?v=1ttBub4Jrwc
Sidewinder,"Safety Trance",,,youtube,AXIe632-14I,,"2026-10-09 12:56",,https://www.youtube.com/watch?v=AXIe632-14I
"[VOCALOID] GUMI Megu Megu☆Fire Endless Night [Japanese Romanji English Lyrics]",,,,youtube,Yn1Om1sKvAY,,"2026-10-09 12:56",,https://www.youtube.com/watch?v=Yn1Om1sKvAY
"Swing (Remix) - Savage Ft Soulja Boy",,,,youtube,45t7K8eszFA,,"2026-10-09 12:56",,https://www.youtube.com/watch?v=45t7K8eszFA
"SebastiAn - Cartoon (Interlude) [Official Audio]",,,,youtube,xj_dezRbGjw,,"2026-10-09 12:56",,https://www.youtube.com/watch?v=xj_dezRbGjw
"SebastiAn - Doorman (feat. Syd)",,,,youtube,XVN78hPa80E,,"2026-10-09 12:56",,https://www.youtube.com/watch?v=XVN78hPa80E
Yebo,SebastiAn,,,youtube,oi5hw6gGOgg,,"2026-10-09 12:56",,https://www.youtube.com/watch?v=oi5hw6gGOgg
Dreamhunt,"MONDO GROSSO",,,youtube,V-hqetWLjrI,,"2026-10-09 12:56",,https://www.youtube.com/watch?v=V-hqetWLjrI
Dreamhunt,Rubies,,,youtube,KommgQF2LJM,,"2026-10-09 12:56",,https://www.youtube.com/watch?v=KommgQF2LJM
"Lil Uzi Vert x Travis Scott ""Ethereal"" (feat. Trippie Redd) Eternal Atake Type Beat",,,,youtube,AUe6PV80QYk,,"2026-10-09 12:56",,https://www.youtube.com/watch?v=AUe6PV80QYk
"Shygirl - Immaculate ft. Saweetie",,,,youtube,YWBh2-tnJQc,,"2026-10-09 12:56",,https://www.youtube.com/watch?v=YWBh2-tnJQc
"eyes in the water",,,,youtube,X2LbzZQCZpw,,"2026-10-09 12:56",,https://www.youtube.com/watch?v=X2LbzZQCZpw
"The Disco Rangers Bus (Knows How To Rock N Roll)",,,,youtube,vXhmyyXFd5I,,"2026-10-09 12:56",,https://www.youtube.com/watch?v=vXhmyyXFd5I
"Skrillex Voltage [HD]",,,,youtube,5JEfkqV5eQs,,"2026-10-09 12:56",,https://www.youtube.com/watch?v=5JEfkqV5eQs
"Skrillex Voltage [HD]",,,,youtube,5JEfkqV5eQs,,"2026-10-09 12:56",,https://www.youtube.com/watch?v=5JEfkqV5eQs
"SKRILLEX - KYOTO (FT. SIRAH)",,,,youtube,86khmc6y1yE,,"2026-10-09 12:56",,https://www.youtube.com/watch?v=86khmc6y1yE
"Skrillex & Damian ""Jr. Gong"" Marley - Make It Bun Dem (Culprate Remix) [Audio]",,,,youtube,GT5Aisr3t2w,,"2026-10-09 12:56",,https://www.youtube.com/watch?v=GT5Aisr3t2w
"Skrillex - Make It Bun Dem (Brodinski Remix)",,,,youtube,dODBz5jm7hY,,"2026-10-09 12:56",,https://www.youtube.com/watch?v=dODBz5jm7hY
"Skrillex & Damian Marley - Make It Bun Dem (Laudz Trap Remix)",,,,youtube,QZ9LMfQE5v4,,"2026-10-09 12:56",,https://www.youtube.com/watch?v=QZ9LMfQE5v4
"Skrillex - Dirty Vibe with Diplo, G-Dragon and CL (DJ Snake & Aazar Remix)",,,,youtube,n7ZvDelZCCY,,"2026-10-09 12:56",,https://www.youtube.com/watch?v=n7ZvDelZCCY
"Sonic 2 Music: Chemical Plant Zone",,,,youtube,-LYB7iLZNWE,,"2026-10-09 12:56",,https://www.youtube.com/watch?v=-LYB7iLZNWE
"SOPHIE - Elegance (feat. Popstar)",,,,youtube,g3HOy9r8Uz4,,"2026-10-09 12:56",,https://www.youtube.com/watch?v=g3HOy9r8Uz4
MVP,BROCKHAMPTON,,,youtube,8v1vFkVcpug,,"2026-10-09 12:57",,https://www.youtube.com/watch?v=8v1vFkVcpug
"スピッツ / ロビンソン",,,,youtube,51CH3dPaWXc,,"2026-10-09 12:57",,https://www.youtube.com/watch?v=51CH3dPaWXc
"Lobby-Splatoon [OST]",,,,youtube,DPxehP5D-iU,,"2026-10-09 12:57",,https://www.youtube.com/watch?v=DPxehP5D-iU
"Metalopod (Squid Squad) - Splatoon OST",,,,youtube,JfkLflXsVFM,,"2026-10-09 12:57",,https://www.youtube.com/watch?v=JfkLflXsVFM
"Without A Dop Doubt - Splatoon 2 OST",,,,youtube,mVVcMWExsAo,,"2026-10-09 12:57",,https://www.youtube.com/watch?v=mVVcMWExsAo
"Chopscrewey [SashiMori] / Unofficial English Lyrics / Splatoon 2",,,,youtube,S_enZjUAu6U,,"2026-10-09 12:57",,https://www.youtube.com/watch?v=S_enZjUAu6U
"♪ Color Pulse ♫ [OLD] Caitlin Koi Music Video - Splatoon 2",,,,youtube,Gzsd6QWxSpc,,"2026-10-09 12:57",,https://www.youtube.com/watch?v=Gzsd6QWxSpc
"What's Your Style? (Player Creation) - Splatoon 3 OST",,,,youtube,AgXRTEdbD3U,,"2026-10-09 12:57",,https://www.youtube.com/watch?v=AgXRTEdbD3U
"Til Depth Do Us Part - Splatoon 3 [Deep Cut]",,,,youtube,mDNEYjcO7aU,,"2026-10-09 12:57",,https://www.youtube.com/watch?v=mDNEYjcO7aU
"Big Run ~ Bait & Click (ω-3) - Splatoon 3",,,,youtube,6m6M83rKfZ8,,"2026-10-09 12:57",,https://www.youtube.com/watch?v=6m6M83rKfZ8
"Big Run ~ Bait & Click (ω-3) - Splatoon 3",,,,youtube,6m6M83rKfZ8,,"2026-10-09 12:57",,https://www.youtube.com/watch?v=6m6M83rKfZ8
"I'm Octavio (F34RME Remix) - Splatoon 3",,,,youtube,bKV-JAedfCM,,"2026-10-09 12:57",,https://www.youtube.com/watch?v=bKV-JAedfCM
"Sudden Depth - Mimicry [Splatoon 3 OST]",,,,youtube,WCt-v1MSHHw,,"2026-10-09 12:57",,https://www.youtube.com/watch?v=WCt-v1MSHHw
"Tableturf Main Theme - Ancho-V Games [Splatoon 3 OST]",,,,youtube,RQdps9UqTBE,,"2026-10-09 12:57",,https://www.youtube.com/watch?v=RQdps9UqTBE
"Action Bronson & Dan Auerbach (of The Black Keys) ft. Mark Ronson – “Standing In The Rain”",,,,youtube,JG1VLYp5DjQ,,"2026-10-09 12:57",,https://www.youtube.com/watch?v=JG1VLYp5DjQ
"SUPER JUNIOR 슈퍼주니어 '쏘리 쏘리 (SORRY, SORRY)' MV",,,,youtube,x6QA3m58DQw,,"2026-10-09 12:57",,https://www.youtube.com/watch?v=x6QA3m58DQw
"System Of A Down - Radio/Video (Official Audio)",,,,youtube,DmmYAX8Phig,,"2026-10-09 12:57",,https://www.youtube.com/watch?v=DmmYAX8Phig
"Tasman Keith & thatboykwame - ONE (Official Music Video)",,,,youtube,OadRxEBAUj8,,"2026-10-09 12:57",,https://www.youtube.com/watch?v=OadRxEBAUj8
"Meet Spidey and His Amazing Friends S2 Short 9 | When Ghosty Met TWIRL-E |@Disney Junior @Marvel HQ",,,,youtube,0T4EfDZZgWk,,"2026-10-09 12:57",,https://www.youtube.com/watch?v=0T4EfDZZgWk
"Travis Scott - SICKO MODE (Official Video) ft. Drake",,,,youtube,6ONRf7h3Mdk,,"2026-10-09 12:57",,https://www.youtube.com/watch?v=6ONRf7h3Mdk
"Happy Together - The Turtles (1967)",,,,youtube,9ZEURntrQOg,,"2026-10-09 12:57",,https://www.youtube.com/watch?v=9ZEURntrQOg
"TWICE「Breakthrough」Music Video",,,,youtube,ZdKYi5ekshM,,"2026-10-09 12:57",,https://www.youtube.com/watch?v=ZdKYi5ekshM
"SORRY NOT SORRY",,,,youtube,LSIOcCcEVaE,,"2026-10-09 12:57",,https://www.youtube.com/watch?v=LSIOcCcEVaE
"Sticky PART 2! Tyler The Creator GloRilla Sexyy Red & Lil Wayne - Choreo by Alexander Chung",,,,youtube,yMUaXF9RgMg,,"2026-10-09 12:57",,https://www.youtube.com/watch?v=yMUaXF9RgMg
"WoT Blitz x deadmau5: Familiars (official video)",,,,youtube,X-_E3hxuDuM,,"2026-10-09 12:57",,https://www.youtube.com/watch?v=X-_E3hxuDuM
"Wu-Tang Clan - C.R.E.A.M. (Official HD Video - Edited)",,,,youtube,PBwAxmrE194,,"2026-10-09 12:57",,https://www.youtube.com/watch?v=PBwAxmrE194
"A-League Music Star DJ Young Franco | Studio 10",,,,youtube,YcOUL7qNCqg,,"2026-10-09 12:57",,https://www.youtube.com/watch?v=YcOUL7qNCqg
"Young and Beautiful (Laurant Konrad Mix)","The Young Punx",,,youtube,pR5cgtUhISo,,"2026-10-09 12:57",,https://www.youtube.com/watch?v=pR5cgtUhISo
"ROCK STAR -UNDERSTAND-","The Young Punx",,,youtube,kk_X_T260lw,,"2026-10-09 12:57",,https://www.youtube.com/watch?v=kk_X_T260lw
"I Spent 24 HOURS Being a Reptile Zookeeper",,,,youtube,d6dk54dZ12I,,"2026-10-09 12:57",,https://www.youtube.com/watch?v=d6dk54dZ12I
"ʅ͡͡͡͡͡͡͡͡͡͡͡ (ƟӨ) ʃ͡͡͡͡͡͡͡͡͡͡ ꐑ (ཀ ඊູ...","⣎⡇ꉺლ༽இ•̛)ྀ◞ ༎ຶ ༽ৣৢ؞ৢ؞ؖ ꉺლ",,,youtube,kdvgoLqtWGs,,"2026-10-09 12:57",,https://www.youtube.com/watch?v=kdvgoLqtWGs
"Memories Of Tokyo-To - 12 - Rock The Beat!! [OFFICIAL]",,,,youtube,O4QN_4ssuLE,,"2026-10-09 12:57",,https://www.youtube.com/watch?v=O4QN_4ssuLE
"How to get CUSTOM THEMES on your 3DS #homebrew #nintendo #3ds",,,,youtube,C-zWKhdnzxM,,"2026-10-09 12:57",,https://www.youtube.com/watch?v=C-zWKhdnzxM
"Hate it Love it  ✿ VISUALIZER ✿",,,,youtube,lryF055zuzE,,"2026-10-09 12:57",,https://www.youtube.com/watch?v=lryF055zuzE
"10 AM   Animal Crossing Gamecube OST 62",,,,youtube,NuWrtj2YL1M,,"2026-10-09 12:57",,https://www.youtube.com/watch?v=NuWrtj2YL1M
"Ghost Story Pt. 2","The Avalanches",,,youtube,PXe3I8HrmIE,,"2026-10-09 12:57",,https://www.youtube.com/watch?v=PXe3I8HrmIE
"Here Comes the Sun",,,,youtube,ssBUgHLdrCA,,"2026-10-09 12:57",,https://www.youtube.com/watch?v=ssBUgHLdrCA
"Billie Eilish - Halley’s Comet (Lyrics)",,,,youtube,ix1HjQUW5dw,,"2026-10-09 12:57",,https://www.youtube.com/watch?v=ix1HjQUW5dw
"LAMB - BROCKHAMPTON",,,,youtube,__VkyJWH5ak,,"2026-10-09 12:57",,https://www.youtube.com/watch?v=__VkyJWH5ak
"GOODBYE - BROCKHAMPTON",,,,youtube,2w1JSqIOiWo,,"2026-10-09 12:57",,https://www.youtube.com/watch?v=2w1JSqIOiWo
Whistle,"Cake Pop",,,youtube,Ic_91jRrjKg,,"2026-10-09 12:57",,https://www.youtube.com/watch?v=Ic_91jRrjKg
"Playboi Carti - Cartier ft. Lil Uzi Vert (Official Video)",,,,youtube,pGnurud4BRY,,"2026-10-09 12:57",,https://www.youtube.com/watch?v=pGnurud4BRY
"(High On) Helium - Charli XCX [High Quality]",,,,youtube,6cCYZRGCb1o,,"2026-10-09 12:57",,https://www.youtube.com/watch?v=6cCYZRGCb1o
"Mr. Sandman - The Chordettes",,,,youtube,CX45pYvxDiA,,"2026-10-09 12:57",,https://www.youtube.com/watch?v=CX45pYvxDiA
"Theme Song | Clifford the Big Red Dog | Scholastic Classic",,,,youtube,notTopOJGAs,,"2026-10-09 12:57",,https://www.youtube.com/watch?v=notTopOJGAs
"Kate Wolf - Green Eyes with lyrics",,,,youtube,SMVs2bxrg4I,,"2026-10-09 12:57",,https://www.youtube.com/watch?v=SMVs2bxrg4I
"MIC CHECK",,,,youtube,L5xwwpNwQ70,,"2026-10-09 12:57",,https://www.youtube.com/watch?v=L5xwwpNwQ70
Clash,,,,youtube,tfK7BVsm6XA,,"2026-10-09 12:57",,https://www.youtube.com/watch?v=tfK7BVsm6XA
"Cornelius @ Big Chill",,,,youtube,kJcoxlmoNlk,,"2026-10-09 12:58",,https://www.youtube.com/watch?v=kJcoxlmoNlk
"CXLOE - Sick feat. GNASH (Official Music Video)",,,,youtube,O-nw-bdh97w,,"2026-10-09 12:58",,https://www.youtube.com/watch?v=O-nw-bdh97w
"Fingers and the Outlaws – So it Goes",,,,youtube,86CJz2wTcsM,,"2026-10-09 12:58",,https://www.youtube.com/watch?v=86CJz2wTcsM
"Daft Punk - Digital Love (Boris Dlugosh Remix) (Official Audio)",,,,youtube,WzHjINunubY,,"2026-10-09 12:58",,https://www.youtube.com/watch?v=WzHjINunubY
"44. You Can Always Come Home (DELTARUNE Chapter 2 Soundtrack) - Toby Fox",,,,youtube,K_4zcC2ExaM,,"2026-10-09 12:58",,https://www.youtube.com/watch?v=K_4zcC2ExaM
"Defeated No More",Disclosure,,,youtube,cKbAJAhqg_M,,"2026-10-09 12:58",,https://www.youtube.com/watch?v=cKbAJAhqg_M
"Disclosure - Boiling (feat. Sinead Harnett)",,,,youtube,DV85g8ocTIg,,"2026-10-09 12:58",,https://www.youtube.com/watch?v=DV85g8ocTIg
misplace,"Jane Remover",,,youtube,yxApHA4nmEg,,"2026-10-09 12:58",,https://www.youtube.com/watch?v=yxApHA4nmEg
pretender,"Jane Remover",,,youtube,LZ4avsc4mWY,,"2026-10-09 12:58",,https://www.youtube.com/watch?v=LZ4avsc4mWY
"buzzcut, daisy","Jane Remover",,,youtube,jJ8Gt9Jhaxc,,"2026-10-09 12:58",,https://www.youtube.com/watch?v=jJ8Gt9Jhaxc
"Doechii - HIDENSEEK (Audio)",,,,youtube,mNlUlOyKbPk,,"2026-10-09 12:58",,https://www.youtube.com/watch?v=mNlUlOyKbPk
"Finn Keane - Be Your USA feat. Iiris (Lyric Video)",,,,youtube,3PIldzio0NY,,"2026-10-09 12:58",,https://www.youtube.com/watch?v=3PIldzio0NY
"Eminem - A** Like That (Super Clean Version, Closed Captioned)",,,,youtube,um4-d7VzZiE,,"2026-10-09 12:58",,https://www.youtube.com/watch?v=um4-d7VzZiE
"Empire Of The Sun DNA (Calvin Harris Extended Remix)",,,,youtube,LP6lchDosMQ,,"2026-10-09 12:58",,https://www.youtube.com/watch?v=LP6lchDosMQ
"Fais  - Hey ft. Afrojack (Official Music Video)",,,,youtube,xHUIbFNO0II,,"2026-10-09 12:58",,https://www.youtube.com/watch?v=xHUIbFNO0II
Home,Disasterpeace,,,youtube,ym0l0m5q2uQ,,"2026-10-09 12:58",,https://www.youtube.com/watch?v=ym0l0m5q2uQ
Reflection,Disasterpeace,,,youtube,qz5c7g460Vg,,"2026-10-09 12:58",,https://www.youtube.com/watch?v=qz5c7g460Vg
"Folie - shewontcrash (feat. Cayenne) [Official Full Stream]",,,,youtube,1wtAwl14mkQ,,"2026-10-09 12:58",,https://www.youtube.com/watch?v=1wtAwl14mkQ
"Foo Fighters. Walk.",,,,youtube,4PkcfQtibmU,,"2026-10-09 12:58",,https://www.youtube.com/watch?v=4PkcfQtibmU
"Fred again.. - Kahan (Last Year) (20 November 2021)",,,,youtube,EsPSuQrgBQc,,"2026-10-09 12:58",,https://www.youtube.com/watch?v=EsPSuQrgBQc
"The Rembrandts - I'll Be There For You (Theme From FRIENDS)",,,,youtube,S8PNXgLhkT0,,"2026-10-09 12:58",,https://www.youtube.com/watch?v=S8PNXgLhkT0
"Shh 🤫 umru & warpstr good feeling 🤫 131ʙᴘᴍ",,,,youtube,HALZhFgXq80,,"2026-10-09 12:58",,https://www.youtube.com/watch?v=HALZhFgXq80
"Maddening Shroud","Frou Frou",,,youtube,XLo_Fq4xpvs,,"2026-10-09 12:58",,https://www.youtube.com/watch?v=XLo_Fq4xpvs
kiss,,,,youtube,_RBC2e14Jfc,,"2026-10-09 12:58",,https://www.youtube.com/watch?v=_RBC2e14Jfc
"Geese - 4D Country (Official Music Video)",,,,youtube,0m1abZODAJ0,,"2026-10-09 12:58",,https://www.youtube.com/watch?v=0m1abZODAJ0
"G.R.L. - Vacation (Official Video)",,,,youtube,KgfO-CvSs1g,,"2026-10-09 12:58",,https://www.youtube.com/watch?v=KgfO-CvSs1g
"G.R.L. - Ugly Heart (Official Video)",,,,youtube,BxRQNO8vg2Y,,"2026-10-09 12:58",,https://www.youtube.com/watch?v=BxRQNO8vg2Y
"[MV] HyunA(현아) _ Red(빨개요)",,,,youtube,wg4mV6CapGg,,"2026-10-09 12:58",,https://www.youtube.com/watch?v=wg4mV6CapGg
"ITZY ""달라달라(DALLA DALLA)"" M/V @ITZY",,,,youtube,pNfTK39k55U,,"2026-10-09 12:58",,https://www.youtube.com/watch?v=pNfTK39k55U
"Replay [Official Music Video] - Iyaz",,,,youtube,ZoG5jJ3E8rg,,"2026-10-09 12:58",,https://www.youtube.com/watch?v=ZoG5jJ3E8rg
"Where Are Ü Now (with Justin Bieber) [Ember Island Cover]",,,,youtube,xt3lfFpbbfQ,,"2026-10-09 12:58",,https://www.youtube.com/watch?v=xt3lfFpbbfQ
homeswitcher,"Jane Remover",,,youtube,REA2zBqLTDo,,"2026-10-09 12:58",,https://www.youtube.com/watch?v=REA2zBqLTDo
"Made In America",JAŸ-Z,,,youtube,w7dhWl0XJvQ,,"2026-10-09 12:58",,https://www.youtube.com/watch?v=w7dhWl0XJvQ
"90's GREEN SCREEN - JEAN DAWSON (Official Video)",,,,youtube,Yd7BU8-mYrQ,,"2026-10-09 12:58",,https://www.youtube.com/watch?v=Yd7BU8-mYrQ
"Jerma Twitch Intro / Outro (Design and Music)",,,,youtube,uJ1kC69JVrM,,"2026-10-09 12:58",,https://www.youtube.com/watch?v=uJ1kC69JVrM
"Castle Logical - Mischievous Boy",,,,youtube,1dxiufLDHbo,,"2026-10-09 12:58",,https://www.youtube.com/watch?v=1dxiufLDHbo
"Jet Grind Radio Soundtrack - Rock It On",,,,youtube,8nY23NA25mM,,"2026-10-09 12:58",,https://www.youtube.com/watch?v=8nY23NA25mM
"Rock It On (D.S.Remix)","HIDEKI NAGANUMA",,,youtube,QIzYQOh0QWg,,"2026-10-09 12:58",,https://www.youtube.com/watch?v=QIzYQOh0QWg
"The Sample Edition 3 — “B.E.A.T.” by Justice",,,,youtube,IMEzxaaUljA,,"2026-10-09 12:58",,https://www.youtube.com/watch?v=IMEzxaaUljA
"Justice - Afterimage (Starring RIMON) (Laurence Guy Remix)",,,,youtube,2_eSELPAXVM,,"2026-10-09 12:58",,https://www.youtube.com/watch?v=2_eSELPAXVM
Water,"Kanye West",,,youtube,-YfG1Xbo4OA,,"2026-10-09 12:58",,https://www.youtube.com/watch?v=-YfG1Xbo4OA
"California Gurls - 5AM Ultra-Feminized Global Warming Mix (Gupi Remix)",,,,youtube,4SlvyTEZ4xo,,"2026-10-09 12:58",,https://www.youtube.com/watch?v=4SlvyTEZ4xo
"Kevin MacLeod: Sneaky Adventure",,,,youtube,py2IOtV7lFU,,"2026-10-09 12:58",,https://www.youtube.com/watch?v=py2IOtV7lFU
"Kids Quiz : 50 Things Every Kid Should Know | General Knowledge Quiz for Kids",,,,youtube,SuerEFQVeuE,,"2026-10-09 12:58",,https://www.youtube.com/watch?v=SuerEFQVeuE
"Do Me - Kim Petras (Official Lyric Video)",,,,youtube,LShK0Yhd964,,"2026-10-09 12:58",,https://www.youtube.com/watch?v=LShK0Yhd964
"Reminds Me - Kim Petras (Official Audio)",,,,youtube,i5ifXeu_Qb0,,"2026-10-09 12:58",,https://www.youtube.com/watch?v=i5ifXeu_Qb0
"Kylie Minogue 'Get Outta My Way' (Kris Menace remix)",,,,youtube,xsTJt7el-sE,,"2026-10-09 12:58",,https://www.youtube.com/watch?v=xsTJt7el-sE
"LEGO Racers: High Voltage Software Intro (music only)",,,,youtube,4F6_0dw6_vM,,"2026-10-09 12:58",,https://www.youtube.com/watch?v=4F6_0dw6_vM
"Lizzie McGuire Theme Song 🎧 | @disneychannel",,,,youtube,n_TO9E3ugLM,,"2026-10-09 12:58",,https://www.youtube.com/watch?v=n_TO9E3ugLM
"ラブライブ！2期　「Snow halation」",,,,youtube,2b8yyVczZ10,,"2026-10-09 12:58",,https://www.youtube.com/watch?v=2b8yyVczZ10
"Madeon ft. Dan Smith - La Lune (Official Audio)",,,,youtube,Lg9ynbR8CQI,,"2026-10-09 12:58",,https://www.youtube.com/watch?v=Lg9ynbR8CQI
"Wet Hands","Daniel Rosenfeld",,,youtube,lq1vZxM-Iic,,"2026-10-09 12:59",,https://www.youtube.com/watch?v=lq1vZxM-Iic
"C418 - Blocks (Minecraft Volume Beta)",,,,youtube,JQw8MEqhMRA,,"2026-10-09 12:59",,https://www.youtube.com/watch?v=JQw8MEqhMRA
"MØ - Drum (Official Video)",,,,youtube,-cO43nfWxMA,,"2026-10-09 12:59",,https://www.youtube.com/watch?v=-cO43nfWxMA
"MUSIC BOX - SAM SMITH",,,,youtube,l284hz30OWc,,"2026-10-09 12:59",,https://www.youtube.com/watch?v=l284hz30OWc
"Naughty By Nature - O.P.P. (Official Music Video) [HD]",,,,youtube,7f7FuDagYLU,,"2026-10-09 12:59",,https://www.youtube.com/watch?v=7f7FuDagYLU
"NewJeans (뉴진스) 'Ditto' Performance Video",,,,youtube,Km71Rr9K-Bw,,"2026-10-09 12:59",,https://www.youtube.com/watch?v=Km71Rr9K-Bw
"Noah & Saskia - TV Theme Tune",,,,youtube,2_aSdeRFmNc,,"2026-10-09 12:59",,https://www.youtube.com/watch?v=2_aSdeRFmNc
"Oklou - take me by the hand ft. Bladee (Official Video)",,,,youtube,jdU16tnrt14,,"2026-10-09 12:59",,https://www.youtube.com/watch?v=jdU16tnrt14
"Paramore: Brick By Boring Brick [OFFICIAL VIDEO]",,,,youtube,A63VwWz1ij0,,"2026-10-09 12:59",,https://www.youtube.com/watch?v=A63VwWz1ij0
"Pavement- ""Harness Your Hopes"" (Official Music Video)",,,,youtube,w2Ww_O3ceKU,,"2026-10-09 12:59",,https://www.youtube.com/watch?v=w2Ww_O3ceKU
"Evolution of Pokemon ""Hurry Along"" Theme",,,,youtube,Lf9hWgLrx_I,,"2026-10-09 12:59",,https://www.youtube.com/watch?v=Lf9hWgLrx_I
"Ginuwine - Pony",,,,youtube,lbnoG2dsUk0,,"2026-10-09 12:59",,https://www.youtube.com/watch?v=lbnoG2dsUk0
"Portal 2: End Credits Song 'Want You Gone' by Jonathan Coulton [1080p HD]",,,,youtube,dVVZaZ8yO6o,,"2026-10-09 12:59",,https://www.youtube.com/watch?v=dVVZaZ8yO6o
"Ray Charles - I got a woman",,,,youtube,CnI_LuCJ4Ek,,"2026-10-09 12:59",,https://www.youtube.com/watch?v=CnI_LuCJ4Ek
"[Rhythm Heaven] - Big Rock Finish (Perfect) (English)",,,,youtube,g5uHzCJflgs,,"2026-10-09 12:59",,https://www.youtube.com/watch?v=g5uHzCJflgs
"Rhythm Heaven Custom Remix - Struck by the Rain by Tsunku♂",,,,youtube,hfu-w6LDVXY,,"2026-10-09 12:59",,https://www.youtube.com/watch?v=hfu-w6LDVXY
"Lonely Storm - Rhythm Heaven Fever",,,,youtube,k9NswXHNN9M,,"2026-10-09 12:59",,https://www.youtube.com/watch?v=k9NswXHNN9M
"[Rhythm Heaven Fever] ~ Figure Fighter (Perfect)",,,,youtube,I1quwB54oT8,,"2026-10-09 12:59",,https://www.youtube.com/watch?v=I1quwB54oT8
"Lonely Storm - Rhythm Heaven Fever",,,,youtube,k9NswXHNN9M,,"2026-10-09 12:59",,https://www.youtube.com/watch?v=k9NswXHNN9M
"Remix 6 - Rhythm Heaven Fever",,,,youtube,Fa5_1OKZZlc,,"2026-10-09 12:59",,https://www.youtube.com/watch?v=Fa5_1OKZZlc
"Rhythm Toys - Rhythm Heaven Fever",,,,youtube,D4xDbVa_upo,,"2026-10-09 12:59",,https://www.youtube.com/watch?v=D4xDbVa_upo
"[Rhythm Heaven Fever] ~ The Clappy Trio",,,,youtube,9YdO4_r0o98,,"2026-10-09 12:59",,https://www.youtube.com/watch?v=9YdO4_r0o98
"Rihanna - What's My Name? ft. Drake",,,,youtube,U0CGsw6h60k,,"2026-10-09 12:59",,https://www.youtube.com/watch?v=U0CGsw6h60k
"Roxette - The Look",,,,youtube,LlVI7ZNiFlI,,"2026-10-09 12:59",,https://www.youtube.com/watch?v=LlVI7ZNiFlI
"SIYUN LOVES A JEALOUS JEONGMIN | Dreaming Freedom | WEBTOON",,,,youtube,28hJR5sgOHY,,"2026-10-09 12:59",,https://www.youtube.com/watch?v=28hJR5sgOHY
"Sesame Street: Will.i.am Sings ""What I Am""",,,,youtube,cyVzjoj96vs,,"2026-10-09 12:59",,https://www.youtube.com/watch?v=cyVzjoj96vs
"Shawn Wasabi: Marble Soda in Stepmania",,,,youtube,u5BJhyfEs7c,,"2026-10-09 12:59",,https://www.youtube.com/watch?v=u5BJhyfEs7c
"Fabulous Secret Powers",,,,youtube,FR7wOGyAzpw,,"2026-10-09 12:59",,https://www.youtube.com/watch?v=FR7wOGyAzpw
"Soccer Mommy - rom com 2004 (Official Music Video)",,,,youtube,GQmgPnnf18Y,,"2026-10-09 12:59",,https://www.youtube.com/watch?v=GQmgPnnf18Y
"Wing Fortress Zone - Sonic the Hedgehog 2 [OST]",,,,youtube,SBw_mtXrA4g,,"2026-10-09 12:59",,https://www.youtube.com/watch?v=SBw_mtXrA4g
"Sonic 1 Intro",,,,youtube,iKO9zX_4x6k,,"2026-10-09 12:59",,https://www.youtube.com/watch?v=iKO9zX_4x6k
Undefeatable,SEGA,,,youtube,u_FRDqHT5y0,,"2026-10-09 12:59",,https://www.youtube.com/watch?v=u_FRDqHT5y0
"Right There, Ride On - Sonic Rush [OST]",,,,youtube,hkD7ee0Qz64,,"2026-10-09 12:59",,https://www.youtube.com/watch?v=hkD7ee0Qz64
"A New Day - Sonic Rush [OST]",,,,youtube,NMBL43I3r4g,,"2026-10-09 12:59",,https://www.youtube.com/watch?v=NMBL43I3r4g
"Plaza - Splatoon OST",,,,youtube,kN5dt_eOr-M,,"2026-10-09 12:59",,https://www.youtube.com/watch?v=kN5dt_eOr-M
"Now or Never! (Squid Squad) - Splatoon OST",,,,youtube,m0CoM-2Tt8o,,"2026-10-09 12:59",,https://www.youtube.com/watch?v=m0CoM-2Tt8o
"* Captain Cuttlefish's Theme * Splatoon 2 Octo Expansion",,,,youtube,EZ9PHK2QLhw,,"2026-10-09 12:59",,https://www.youtube.com/watch?v=EZ9PHK2QLhw
"Inkoming! (Cloud Demo) - Wet Floor [Splatoon 2 OST]",,,,youtube,HMchJQDifIc,,"2026-10-09 12:59",,https://www.youtube.com/watch?v=HMchJQDifIc
"Inkopolis Square | Splatoon 2 VS Splatoon 3 COMPARISON",,,,youtube,zB9zgpkeylA,,"2026-10-09 12:59",,https://www.youtube.com/watch?v=zB9zgpkeylA
"【スプラトゥーン3】バトル 3「Headhammer（C-side」）【BGM・プレイ動画】",,,,youtube,mXNvfXatdi8,,"2026-10-09 12:59",,https://www.youtube.com/watch?v=mXNvfXatdi8
"Amalgamania - SashiMori | Splatoon 3 OST | Music 🦑 SPLATOON 3",,,,youtube,kxZdD7DN5A8,,"2026-10-09 12:59",,https://www.youtube.com/watch?v=kxZdD7DN5A8
"Deep Cut: Anarchy Rainbow - Splatoon 3 - Nintendo Switch",,,,youtube,DtMOAvOWTvY,,"2026-10-09 12:59",,https://www.youtube.com/watch?v=DtMOAvOWTvY
"Refractions in the Plastic Pulse - Part 2",,,,youtube,I8SjryX98XU,,"2026-10-09 12:59",,https://www.youtube.com/watch?v=I8SjryX98XU
"Delfino Plaza",,,,youtube,uVCAnYTkyIo,,"2026-10-09 12:59",,https://www.youtube.com/watch?v=uVCAnYTkyIo
"Too Bad!",,,,youtube,KW0Qu-X7mbI,,"2026-10-09 12:59",,https://www.youtube.com/watch?v=KW0Qu-X7mbI
"Timed Event",,,,youtube,V8ay2CNfgd4,,"2026-10-09 12:59",,https://www.youtube.com/watch?v=V8ay2CNfgd4
"Nai’s March",,,,youtube,bhZaWJSt1hE,,"2026-10-09 12:59",,https://www.youtube.com/watch?v=bhZaWJSt1hE
"The A3 Ghost Crash 😱",,,,youtube,3fe7iXa2hP4,,"2026-10-09 12:59",,https://www.youtube.com/watch?v=3fe7iXa2hP4
"Top Gear Theme",,,,youtube,bwX-KS1816c,,"2026-10-09 12:59",,https://www.youtube.com/watch?v=bwX-KS1816c
"HAIRBLOWS - Tyler, The Creator (Cherry Bomb)",,,,youtube,rweZK2F2zew,,"2026-10-09 13:00",,https://www.youtube.com/watch?v=rweZK2F2zew
"OKAGA, CA","Tyler, The Creator",,,youtube,CbUsMUbwi1k,,"2026-10-09 13:00",,https://www.youtube.com/watch?v=CbUsMUbwi1k
"U2 - Beautiful Day (Official Music Video)",,,,youtube,co6WMzDOh1o,,"2026-10-09 13:00",,https://www.youtube.com/watch?v=co6WMzDOh1o
"UA - お茶(Official Video)",,,,youtube,1889oGz8ipo,,"2026-10-09 13:00",,https://www.youtube.com/watch?v=1889oGz8ipo
"underscores 'You don't even know who I am' Official Video",,,,youtube,smkKFurKl7k,,"2026-10-09 13:00",,https://www.youtube.com/watch?v=smkKFurKl7k
"underscores 'Good luck final girl' Lyric Video",,,,youtube,9gVhtz7uuWk,,"2026-10-09 13:00",,https://www.youtube.com/watch?v=9gVhtz7uuWk
"underscores 'Northwest zombie girl' Lyric Video",,,,youtube,rWbHnyZst9s,,"2026-10-09 13:00",,https://www.youtube.com/watch?v=rWbHnyZst9s
"Uwa!! So HEATS!!♫","Toby Fox",,,youtube,jPhuHmjJrzk,,"2026-10-09 13:00",,https://www.youtube.com/watch?v=jPhuHmjJrzk
"Oh! One True Love","Toby Fox",,,youtube,2HZnTNIN648,,"2026-10-09 13:00",,https://www.youtube.com/watch?v=2HZnTNIN648
"Like Soda - Violent Soho",,,,youtube,E7_UYjfbeok,,"2026-10-09 13:00",,https://www.youtube.com/watch?v=E7_UYjfbeok
"CSI:MIAMI Intro",,,,youtube,mR3jnW2kcUs,,"2026-10-09 13:00",,https://www.youtube.com/watch?v=mR3jnW2kcUs
"Toot Toot, Chugga Chugga, Big Red Car 🚗 The Wiggles 'Ready, Steady, Wiggle!' Season 5 📺 Kids TV",,,,youtube,e7vt7U5NXvE,,"2026-10-09 13:00",,https://www.youtube.com/watch?v=e7vt7U5NXvE
"Wii Play - Charge! (Platinum Medal)",,,,youtube,MaUL8Qz5MLk,,"2026-10-09 13:00",,https://www.youtube.com/watch?v=MaUL8Qz5MLk
"Bowling (Results) - Wii Sports OST",,,,youtube,WEGfWyAmHDg,,"2026-10-09 13:00",,https://www.youtube.com/watch?v=WEGfWyAmHDg
"2 mello - t.m.o. (OFFICIAL AUDIO)",,,,youtube,zIpvqtyI538,,"2026-10-09 13:00",,https://www.youtube.com/watch?v=zIpvqtyI538
"Return Of The Soul - 09 - For A Second I'm Cool [OFFICIAL]",,,,youtube,TYNDkZXwCMA,,"2026-10-09 13:00",,https://www.youtube.com/watch?v=TYNDkZXwCMA
"End Of The World (Xilent Remix)","Alex Metric",,,youtube,sP6Vke91GhA,,"2026-10-09 13:00",,https://www.youtube.com/watch?v=sP6Vke91GhA
"Self Defense",Arca,,,youtube,wQTIjfGPnY0,,"2026-10-09 13:00",,https://www.youtube.com/watch?v=wQTIjfGPnY0
"ASAP Rocky - Purple Swag (Official Video)  HD",,,,youtube,FJQjqEmDDAA,,"2026-10-09 13:00",,https://www.youtube.com/watch?v=FJQjqEmDDAA
"🇧🇷 Shark Attack | Rio De Janeiro Atlantic Ocean #shark #travel #subscribe #comedy #brazil #ocean",,,,youtube,R2zJ73ccgfk,,"2026-10-09 13:00",,https://www.youtube.com/watch?v=R2zJ73ccgfk
"The Avalanches - A Different Feeling (Paperclip People Remix - Avalanches Edit)",,,,youtube,fKpHqnuxkb4,,"2026-10-09 13:00",,https://www.youtube.com/watch?v=fKpHqnuxkb4
"I Hate Your Ex-Girlfriend (feat. Doechii) (Official Video)",,,,youtube,ozcTLsAbOdo,,"2026-10-09 13:00",,https://www.youtube.com/watch?v=ozcTLsAbOdo
"Basement Jaxx - Flylife ( Official Video ) Atlantic Jaxx Recordings - A Complication",,,,youtube,SZoFNS4mbn0,,"2026-10-09 13:00",,https://www.youtube.com/watch?v=SZoFNS4mbn0
"bbno$ - top gun (Official Video)",,,,youtube,FZIxKMqrdUo,,"2026-10-09 13:00",,https://www.youtube.com/watch?v=FZIxKMqrdUo
"Beats International - Dub Be Good To Me (93:2 HD) /1990/",,,,youtube,LCzgsZi_zfg,,"2026-10-09 13:00",,https://www.youtube.com/watch?v=LCzgsZi_zfg
"LOOMPA JALVIN",Bejalvin,,,youtube,hCQmVajd8PA,,"2026-10-09 13:00",,https://www.youtube.com/watch?v=hCQmVajd8PA
"Beyoncé - Deja Vu ft. JAŸ-Z",,,,youtube,RQ9BWndKEgs,,"2026-10-09 13:00",,https://www.youtube.com/watch?v=RQ9BWndKEgs
"Blow Remix",Beyoncé,,,youtube,KiHkUS_zVlI,,"2026-10-09 13:00",,https://www.youtube.com/watch?v=KiHkUS_zVlI
"Beyoncé - ENERGY (Official Lyric Video)",,,,youtube,O9rk6ldyFkA,,"2026-10-09 13:00",,https://www.youtube.com/watch?v=O9rk6ldyFkA
"Billie Eilish - BLUE (Official Lyric Video)",,,,youtube,_IjWFq1c5M4,,"2026-10-09 13:00",,https://www.youtube.com/watch?v=_IjWFq1c5M4
"Power Junkie","Billy Idol",,,youtube,R5EUnX5uP40,,"2026-10-09 13:00",,https://www.youtube.com/watch?v=R5EUnX5uP40
"björk : it's in our hands (HD)",,,,youtube,wv_4JnHvOTc,,"2026-10-09 13:00",,https://www.youtube.com/watch?v=wv_4JnHvOTc
"björk : hunter (HD)",,,,youtube,WxL1rw6cw-E,,"2026-10-09 13:00",,https://www.youtube.com/watch?v=WxL1rw6cw-E
"björk: crystalline",,,,youtube,2PNzytx9EV0,,"2026-10-09 13:00",,https://www.youtube.com/watch?v=2PNzytx9EV0
"björk : atopos",,,,youtube,9FD2mUonh5s,,"2026-10-09 13:00",,https://www.youtube.com/watch?v=9FD2mUonh5s
"björk : atopos (sideproject remix)",,,,youtube,R5XkKe3TupY,,"2026-10-09 13:00",,https://www.youtube.com/watch?v=R5XkKe3TupY
"Ashley O - On A Roll (Music Video) [Netflix: Black Mirror]",,,,youtube,IJwKBuaVxvU,,"2026-10-09 13:00",,https://www.youtube.com/watch?v=IJwKBuaVxvU
"Blank Banshee - B:/ Shut Down",,,,youtube,79yb5zY21Fk,,"2026-10-09 13:00",,https://www.youtube.com/watch?v=79yb5zY21Fk
"I Shot The Sheriff (1973) - Bob Marley & The Wailers",,,,youtube,oe2hdbft5-U,,"2026-10-09 13:00",,https://www.youtube.com/watch?v=oe2hdbft5-U
"[DEAD AS DISCO] Funk express - Bomb rush cyberfunk OST",,,,youtube,-_0m6lo8m3w,,"2026-10-09 13:00",,https://www.youtube.com/watch?v=-_0m6lo8m3w
"You Can Say Hi - Soia (Bomb Rush Cyberfunk OST)",,,,youtube,b7A813sGKFc,,"2026-10-09 13:00",,https://www.youtube.com/watch?v=b7A813sGKFc
"Bone Thugs N Harmony - 1st of tha Month",,,,youtube,4j_cOsgRY7w,,"2026-10-09 13:00",,https://www.youtube.com/watch?v=4j_cOsgRY7w
"Boys Noize - & Down (Siriusmo vs. Boys Noize Mix)",,,,youtube,-FkgnDfFoHk,,"2026-10-09 13:00",,https://www.youtube.com/watch?v=-FkgnDfFoHk
"HEAT - BROCKHAMPTON",,,,youtube,Jpu0JZxDz-w,,"2026-10-09 13:00",,https://www.youtube.com/watch?v=Jpu0JZxDz-w
"GUMMY - BROCKHAMPTON",,,,youtube,vWhPimx07H0,,"2026-10-09 13:00",,https://www.youtube.com/watch?v=vWhPimx07H0
"RENTAL - BROCKHAMPTON",,,,youtube,LXuNNqoo1WQ,,"2026-10-09 13:00",,https://www.youtube.com/watch?v=LXuNNqoo1WQ
"1997 DIANA - BROCKHAMPTON",,,,youtube,jq1KXGKFIyc,,"2026-10-09 13:00",,https://www.youtube.com/watch?v=jq1KXGKFIyc
"Heaven Belongs To You - BROCKHAMPTON",,,,youtube,9CBCaagJCI8,,"2026-10-09 13:01",,https://www.youtube.com/watch?v=9CBCaagJCI8
"I Been Born Again - BROCKHAMPTON",,,,youtube,rzgCm2Z66aY,,"2026-10-09 13:01",,https://www.youtube.com/watch?v=rzgCm2Z66aY
"If You Pray Right - BROCKHAMPTON",,,,youtube,30XN_hZLNUg,,"2026-10-09 13:01",,https://www.youtube.com/watch?v=30XN_hZLNUg
"BROCKHAMPTON - I.F.L.",,,,youtube,SvO9ngsLpL8,,"2026-10-09 13:01",,https://www.youtube.com/watch?v=SvO9ngsLpL8
"Gold Teeth  - BROCKHAMPTON",,,,youtube,SUZVc53wHZI,,"2026-10-09 13:01",,https://www.youtube.com/watch?v=SUZVc53wHZI
"LISTERINE - BROCKHAMPTON",,,,youtube,8C-Mmrg6CBQ,,"2026-10-09 13:01",,https://www.youtube.com/watch?v=8C-Mmrg6CBQ
"Burial: Near Dark",,,,youtube,TK7aQmdqCj8,,"2026-10-09 13:01",,https://www.youtube.com/watch?v=TK7aQmdqCj8
"Jungle Fever - Chakachas  (1972)",,,,youtube,LHTLIuNRB2Y,,"2026-10-09 13:01",,https://www.youtube.com/watch?v=LHTLIuNRB2Y
"Song to the Siren - The Chemical Bothers",,,,youtube,t_g4DHxMvu8,,"2026-10-09 13:01",,https://www.youtube.com/watch?v=t_g4DHxMvu8
"Cheryl Lynn - Got To Be Real (Official Audio)",,,,youtube,fI569nw0YUQ,,"2026-10-09 13:01",,https://www.youtube.com/watch?v=fI569nw0YUQ
"Lost And Found [Official Music Video] - Chromeo",,,,youtube,rCsKs6jc8Xs,,"2026-10-09 13:01",,https://www.youtube.com/watch?v=rCsKs6jc8Xs
"Clarence Clarity - Obsessed (With My Shadow Self)",,,,youtube,0mJf1sTKTSg,,"2026-10-09 13:01",,https://www.youtube.com/watch?v=0mJf1sTKTSg
"clipping. - Summertime (Feat. King T)",,,,youtube,Y3WNzTOJZeo,,"2026-10-09 13:01",,https://www.youtube.com/watch?v=Y3WNzTOJZeo
O,Coldplay,,,youtube,-gA3H3clEqk,,"2026-10-09 13:01",,https://www.youtube.com/watch?v=-gA3H3clEqk
"Taylor Cornelius // Oklahoma State // Official Senior Highlights",,,,youtube,CdqagjtqgsM,,"2026-10-09 13:01",,https://www.youtube.com/watch?v=CdqagjtqgsM
"Dead Souls","Nine Inch Nails",,,youtube,8eptioPpo4w,,"2026-10-09 13:01",,https://www.youtube.com/watch?v=8eptioPpo4w
"City Tutorial 04 - Crush",,,,youtube,igqBz5sbJkQ,,"2026-10-09 13:01",,https://www.youtube.com/watch?v=igqBz5sbJkQ
Crush3D,CRUSH3d,,,youtube,NA5YbhDoPOk,,"2026-10-09 13:01",,https://www.youtube.com/watch?v=NA5YbhDoPOk
"Funfair 03 - Crush",,,,youtube,Jtly_4KB97U,,"2026-10-09 13:01",,https://www.youtube.com/watch?v=Jtly_4KB97U
"CRUSH 3D OST - City Level",,,,youtube,STO5-fsENkw,,"2026-10-09 13:01",,https://www.youtube.com/watch?v=STO5-fsENkw
"Crush 3D Music - (Funfair) The Big Climb",,,,youtube,fpn8U8ovoLc,,"2026-10-09 13:01",,https://www.youtube.com/watch?v=fpn8U8ovoLc
"Funfair 01 (B) - Crush",,,,youtube,UQYxBKJ7nPA,,"2026-10-09 13:01",,https://www.youtube.com/watch?v=UQYxBKJ7nPA
"Funfair 03 - Crush",,,,youtube,Jtly_4KB97U,,"2026-10-09 13:01",,https://www.youtube.com/watch?v=Jtly_4KB97U
"Funfair 03 - Crush",,,,youtube,Jtly_4KB97U,,"2026-10-09 13:01",,https://www.youtube.com/watch?v=Jtly_4KB97U
"Crush 3D Music - (Funfair) Snookered",,,,youtube,0SvS_Yc_3G4,,"2026-10-09 13:01",,https://www.youtube.com/watch?v=0SvS_Yc_3G4
"Crystal Castles ""COURTSHIP DATING"" Official",,,,youtube,JwiG9CUDo-I,,"2026-10-09 13:01",,https://www.youtube.com/watch?v=JwiG9CUDo-I
"Flatlander Woman - Lithium (Cyberpunk 2077 88.9 Pacific Dreams)",,,,youtube,xR6tgRnD7nc,,"2026-10-09 13:01",,https://www.youtube.com/watch?v=xR6tgRnD7nc
"Cyberpunk 2077 ""High School Bully"" Konrad OldMoney(UMVN ft.Imp Ra)ft.Cidro Onetoo, Perry Porter",,,,youtube,_uW2Ik3CI-4,,"2026-10-09 13:01",,https://www.youtube.com/watch?v=_uW2Ik3CI-4
"“GR4VES” Konrad OldMoney ft.Johnny Gr4ves (Full Song Lyric Video)",,,,youtube,3emO29Y54Yg,,"2026-10-09 13:01",,https://www.youtube.com/watch?v=3emO29Y54Yg
"Neon Haze – Circus Minimus (Cyberpunk 2077 Soundtrack) (98.7 Body Heat Radio)",,,,youtube,1p_7aGy2vL8,,"2026-10-09 13:01",,https://www.youtube.com/watch?v=1p_7aGy2vL8
"SkinDrifter - Undertow Velocity (Cyberpunk 2077 103.5 Radio Pebkac)",,,,youtube,O-zuCK8RNm8,,"2026-10-09 13:01",,https://www.youtube.com/watch?v=O-zuCK8RNm8
"Cyberpunk 2077 | 99.9 Impulse FM Radio | Private Press DREAMY",,,,youtube,08iSN87CYkM,,"2026-10-09 13:01",,https://www.youtube.com/watch?v=08iSN87CYkM
"Rolla Coaster","Idris Elba",,,youtube,nZ4xG8JMKRQ,,"2026-10-09 13:01",,https://www.youtube.com/watch?v=nZ4xG8JMKRQ
"10. Daft punk - Emotion (Werewolf By Night Remix) - Remix after all [Fan Album]",,,,youtube,cdtydyNGc0o,,"2026-10-09 13:01",,https://www.youtube.com/watch?v=cdtydyNGc0o
"Damian Marley - Welcome To Jamrock",,,,youtube,_GZlJGERbvE,,"2026-10-09 13:01",,https://www.youtube.com/watch?v=_GZlJGERbvE
DANGANRONPA,"Masafumi Takada",,,youtube,DSdjacXO9yE,,"2026-10-09 13:01",,https://www.youtube.com/watch?v=DSdjacXO9yE
"Daughters ""Satan In The Wait""",,,,youtube,tSl4w6PXVbY,,"2026-10-09 13:01",,https://www.youtube.com/watch?v=tSl4w6PXVbY
"deadmau5 ""Hi Friend""",,,,youtube,V9GRu_3hfpM,,"2026-10-09 13:01",,https://www.youtube.com/watch?v=V9GRu_3hfpM
"deadmau5 - Cthulhu Dreams",,,,youtube,2cKYJ-b0nVQ,,"2026-10-09 13:01",,https://www.youtube.com/watch?v=2cKYJ-b0nVQ
"56. Wise words (DELTARUNE Chapter 3+4 Soundtrack) - Toby Fox",,,,youtube,JkEhQ3qJubU,,"2026-10-09 13:01",,https://www.youtube.com/watch?v=JkEhQ3qJubU
"My Name is Jeff [Trap Remix]",,,,youtube,up3XKj7pvIc,,"2026-10-09 13:01",,https://www.youtube.com/watch?v=up3XKj7pvIc
"Cool Guy has Chill Day",,,,youtube,4txVqr1eNwc,,"2026-10-09 13:01",,https://www.youtube.com/watch?v=4txVqr1eNwc
"Digitalism - Pogo",,,,youtube,cZvt23iBVVo,,"2026-10-09 13:01",,https://www.youtube.com/watch?v=cZvt23iBVVo
"Heart Rate Rise",Release,,,youtube,JtgIldGbJ5A,,"2026-10-09 13:01",,https://www.youtube.com/watch?v=JtgIldGbJ5A
"movies for guys","Jane Remover",,,youtube,hoFNK6O3QvE,,"2026-10-09 13:01",,https://www.youtube.com/watch?v=hoFNK6O3QvE
"Sanctuary Guardians",,,,youtube,A_Gj-RJeeng,,"2026-10-09 13:01",,https://www.youtube.com/watch?v=A_Gj-RJeeng
"Eminem - Love The Way You Lie ft. Rihanna",,,,youtube,uelHwf8o7_U,,"2026-10-09 13:01",,https://www.youtube.com/watch?v=uelHwf8o7_U
"Celebrate (Steve Aoki Remix) - Empire of the Sun",,,,youtube,uCc6z3Z7-pw,,"2026-10-09 13:01",,https://www.youtube.com/watch?v=uCc6z3Z7-pw
"Fatboy Slim - The Rockafeller Skank (Mulder's Urban Takeover Remix)",,,,youtube,8oIIyIVzr8U,,"2026-10-09 13:01",,https://www.youtube.com/watch?v=8oIIyIVzr8U
"Fortnite - Lobby Track - Switch Up",,,,youtube,8iW32y0rLzg,,"2026-10-09 13:02",,https://www.youtube.com/watch?v=8iW32y0rLzg
"Fortnite | Take Me Higher Lobby Music (S20 FNCS)",,,,youtube,9pmuxqzajME,,"2026-10-09 13:02",,https://www.youtube.com/watch?v=9pmuxqzajME
"Fortnite | Show Them Who We Are Lobby Music (S21 FNCS)",,,,youtube,-93NoRTMua4,,"2026-10-09 13:02",,https://www.youtube.com/watch?v=-93NoRTMua4
"How to Play Epic Games with a Controller",,,,youtube,mTMMmY-OH5Y,,"2026-10-09 13:02",,https://www.youtube.com/watch?v=mTMMmY-OH5Y
"Hannah (the sun)","Fred again..",,,youtube,zDw9jGg8tRs,,"2026-10-09 13:02",,https://www.youtube.com/watch?v=zDw9jGg8tRs
"Baby again..","Fred again..",,,youtube,uV_QtFVDV-0,,"2026-10-09 13:02",,https://www.youtube.com/watch?v=uV_QtFVDV-0
"Fred again.. - Kammy (like i do) [Visualiser]",,,,youtube,H80SKrO_dIM,,"2026-10-09 13:02",,https://www.youtube.com/watch?v=H80SKrO_dIM
"Fred Again... Again? Elite music taste from the one and only Chris Hemsworth 👏",,,,youtube,wNS3l4iR_eo,,"2026-10-09 13:02",,https://www.youtube.com/watch?v=wNS3l4iR_eo
"Fresh (Chill Mix)",,,,youtube,zui6wlB1hSo,,"2026-10-09 13:02",,https://www.youtube.com/watch?v=zui6wlB1hSo
"Boss Baby","Frost Children",,,youtube,-fbChQ-EDhY,,"2026-10-09 13:02",,https://www.youtube.com/watch?v=-fbChQ-EDhY
"Future - Life Is Good (Lyrics) ft. Drake",,,,youtube,bL9QxQIVPPQ,,"2026-10-09 13:02",,https://www.youtube.com/watch?v=bL9QxQIVPPQ
"G-DRAGON - COUP D'ETAT M/V",,,,youtube,C8T6771Sdj8,,"2026-10-09 13:02",,https://www.youtube.com/watch?v=C8T6771Sdj8
"The Worst Album Ranking I've Ever Seen 😭",,,,youtube,1qqDEKFKw64,,"2026-10-09 13:02",,https://www.youtube.com/watch?v=1qqDEKFKw64
"Gorillaz - El Mañana (Official Video)",,,,youtube,hji4gBuOvIQ,,"2026-10-09 13:02",,https://www.youtube.com/watch?v=hji4gBuOvIQ
"DARE (Junior Sanchez Remix)",Gorillaz,,,youtube,ED7CcGByFJM,,"2026-10-09 13:02",,https://www.youtube.com/watch?v=ED7CcGByFJM
"Gorillaz - PAC-MAN ft. ScHoolboy Q (Episode Five)",,,,youtube,G-7U-FDql1A,,"2026-10-09 13:02",,https://www.youtube.com/watch?v=G-7U-FDql1A
"GTA San Andreas Theme Song Full ! !",,,,youtube,W4VTq0sa9yg,,"2026-10-09 13:02",,https://www.youtube.com/watch?v=W4VTq0sa9yg
"118 million views girl com in India's got letent @SamayRainaOfficial #shorts #samayraina #viral",,,,youtube,8YosGZUm2YU,,"2026-10-09 13:02",,https://www.youtube.com/watch?v=8YosGZUm2YU
"we love our cops nightcore 100gecs remix",,,,youtube,B2l78PrZkcg,,"2026-10-09 13:02",,https://www.youtube.com/watch?v=B2l78PrZkcg
"food house - Thos Moser (Camino 84 Disco Bootleg)",,,,youtube,JptyNM2No0I,,"2026-10-09 13:02",,https://www.youtube.com/watch?v=JptyNM2No0I
"Gupi fashion is so adorable 🦋 #waanjai #mewgulf #mewsuppasit #gulfkanawut #tharntypetheseries",,,,youtube,Bqnws8QYAlE,,"2026-10-09 13:02",,https://www.youtube.com/watch?v=Bqnws8QYAlE
"Utada Hikaru - Simple And Clean (PLANITb Remix) (Virtual Self Edit) [Remake]",,,,youtube,YnuPUXt1X9k,,"2026-10-09 13:02",,https://www.youtube.com/watch?v=YnuPUXt1X9k
宇多田ヒカル「Addicted To You」Music Video(4K UPGRADE),,,,youtube,fZ7JyZyBjjY,,"2026-10-09 13:02",,https://www.youtube.com/watch?v=fZ7JyZyBjjY
"Set The Roof (GRRL Remix)","Hudson Mohawke",,,youtube,-oQ0Efl0iIg,,"2026-10-09 13:02",,https://www.youtube.com/watch?v=-oQ0Efl0iIg
"The Internet - Girl (Official Video) ft. KAYTRANADA",,,,youtube,zmY8mG4_3j4,,"2026-10-09 13:02",,https://www.youtube.com/watch?v=zmY8mG4_3j4
"ITZY “SNEAKERS” M/V @ITZY",,,,youtube,Hbb5GPxXF1w,,"2026-10-09 13:02",,https://www.youtube.com/watch?v=Hbb5GPxXF1w
"ITZY ""Mr. Vampire"" M/V @ITZY",,,,youtube,VkIEfqHFNkU,,"2026-10-09 13:02",,https://www.youtube.com/watch?v=VkIEfqHFNkU
"Won't Do","J Dilla",,,youtube,c2EICDwL7JM,,"2026-10-09 13:02",,https://www.youtube.com/watch?v=c2EICDwL7JM
"Skrillex And Diplo - Jungle Bae (Feat. Bunji Garlin)",,,,youtube,3nKlYUy9yO4,,"2026-10-09 13:02",,https://www.youtube.com/watch?v=3nKlYUy9yO4
"BRUH🫠🫠🫠#subscribe #viral #shorts #sister #comedy #family #siblings",,,,youtube,nlFuxO49qfs,,"2026-10-09 13:02",,https://www.youtube.com/watch?v=nlFuxO49qfs
"Janelle Monáe - Hell You Talmbout (Lyrics)",,,,youtube,MebL6VpxYTo,,"2026-10-09 13:02",,https://www.youtube.com/watch?v=MebL6VpxYTo
"Jay Eazy - “Megaman” (@RARIDIGITAL Exclusive)",,,,youtube,2cXL09xy-N4,,"2026-10-09 13:02",,https://www.youtube.com/watch?v=2cXL09xy-N4
"Jay Rock - Wow Freestlye ft. Kendrick Lamar",,,,youtube,GTe57jQX5Eg,,"2026-10-09 13:02",,https://www.youtube.com/watch?v=GTe57jQX5Eg
"The Joy",JAŸ-Z,,,youtube,P6T4WtT3-uc,,"2026-10-09 13:02",,https://www.youtube.com/watch?v=P6T4WtT3-uc
"Let Mom Sleep","HIDEKI NAGANUMA",,,youtube,t9eAg7Nhq-o,,"2026-10-09 13:02",,https://www.youtube.com/watch?v=t9eAg7Nhq-o
"Everybody Jump Around","Richard Jacques",,,youtube,NqRxzJpeQ0c,,"2026-10-09 13:02",,https://www.youtube.com/watch?v=NqRxzJpeQ0c
"Deavid Soul - On the Bowl (A. Fargus Mix)",,,,youtube,E_E13AAW3iI,,"2026-10-09 13:02",,https://www.youtube.com/watch?v=E_E13AAW3iI
"The Concept of Love","HIDEKI NAGANUMA",,,youtube,HNy_retSME0,,"2026-10-09 13:02",,https://www.youtube.com/watch?v=HNy_retSME0
"Let Mom Sleep (No Sleep Remix)","HIDEKI NAGANUMA",,,youtube,MbAlXqRuxLs,,"2026-10-09 13:02",,https://www.youtube.com/watch?v=MbAlXqRuxLs
"Jidenna - Classic Man (Official Video) ft. Roman GianArthur",,,,youtube,nsiN0W15w0U,,"2026-10-09 13:02",,https://www.youtube.com/watch?v=nsiN0W15w0U
"Jonn Hart - ""Havin' My Baby"" (RMX) ft. Scumbag SaV!",,,,youtube,L1yazURi41Q,,"2026-10-09 13:02",,https://www.youtube.com/watch?v=L1yazURi41Q
"JOJO SONO CHINO SADAME","Tominaga TOMMY Hiroaki",,,youtube,_N_Uqd7JBcM,,"2026-10-09 13:02",,https://www.youtube.com/watch?v=_N_Uqd7JBcM
"【ジョジョ５】ギャングダンス Gang Torture Dance",,,,youtube,AQx_KMoCgJU,,"2026-10-09 13:02",,https://www.youtube.com/watch?v=AQx_KMoCgJU
"Justice - The End (Starring Thundercat) (Official audio)",,,,youtube,arulMUtTy_4,,"2026-10-09 13:02",,https://www.youtube.com/watch?v=arulMUtTy_4
"Exit Sign (Official Audio)",,,,youtube,Gw8uvyfXMoQ,,"2026-10-09 13:02",,https://www.youtube.com/watch?v=Gw8uvyfXMoQ
"Kai Whiston - 'Q' (with Pussy Riot) (Official Visual)",,,,youtube,0sTUJ-weJAU,,"2026-10-09 13:02",,https://www.youtube.com/watch?v=0sTUJ-weJAU
"Pop Smoke - Tell The Vision (Official) ft. Kanye West, Pusha T",,,,youtube,o7jsf2PeYB8,,"2026-10-09 13:02",,https://www.youtube.com/watch?v=o7jsf2PeYB8
"TOO EASY",DONDA,,,youtube,-7Wgr9Sf2ac,,"2026-10-09 13:02",,https://www.youtube.com/watch?v=-7Wgr9Sf2ac
"KATSEYE (캣츠아이) ""Gnarly"" Official MV",,,,youtube,R2-yomhYAj4,,"2026-10-09 13:02",,https://www.youtube.com/watch?v=R2-yomhYAj4
"300 This is Sparta Remix!!!",,,,youtube,KDRAhiBtOrQ,,"2026-10-09 13:03",,https://www.youtube.com/watch?v=KDRAhiBtOrQ
"Keri Hilson - Knock You Down (Official Music Video) ft. Kanye West, Ne-Yo",,,,youtube,p_RqWocthcc,,"2026-10-09 13:03",,https://www.youtube.com/watch?v=p_RqWocthcc
"Clarity - Kim Petras (Official Lyric Video)",,,,youtube,LgYcXRnAOGc,,"2026-10-09 13:03",,https://www.youtube.com/watch?v=LgYcXRnAOGc
"Theme Song 🎶 | Kim Possible | Disney Channel",,,,youtube,GIgLqN_rAXU,,"2026-10-09 13:03",,https://www.youtube.com/watch?v=GIgLqN_rAXU
"THE GOVT. KNOWS - KNOWER",,,,youtube,4zH9Zca1vRM,,"2026-10-09 13:03",,https://www.youtube.com/watch?v=4zH9Zca1vRM
"The Ruler",Kreayshawn,,,youtube,FzXRC0VHQfg,,"2026-10-09 13:03",,https://www.youtube.com/watch?v=FzXRC0VHQfg
"La La Land (2016 Movie) Official Clip – “City Of Stars”",,,,youtube,cZAw8qxn0ZE,,"2026-10-09 13:03",,https://www.youtube.com/watch?v=cZAw8qxn0ZE
"Abracadabra (Gesaffelstein Remix)","Lady Gaga",,,youtube,s-3U-pZb8_s,,"2026-10-09 13:03",,https://www.youtube.com/watch?v=s-3U-pZb8_s
"Potion Shop - The Legend of Zelda: Ocarina of Time Original Soundtrack",,,,youtube,zqf50flVd5Q,,"2026-10-09 13:03",,https://www.youtube.com/watch?v=zqf50flVd5Q
"Legend of Zelda Ocarina of Time N64 How to Beat Dark Link Easily",,,,youtube,ZhW-trvB-Pw,,"2026-10-09 13:03",,https://www.youtube.com/watch?v=ZhW-trvB-Pw
"How to beat a Hinox in Breath of the Wild EASY",,,,youtube,igs8etms7hA,,"2026-10-09 13:03",,https://www.youtube.com/watch?v=igs8etms7hA
"Lemon Demon - The Ultimate Showdown [4K REUPLOAD]",,,,youtube,lrzKT-dFUjE,,"2026-10-09 13:03",,https://www.youtube.com/watch?v=lrzKT-dFUjE
"move for me & the penultimate dagger",,,,youtube,mFep5WgwDyA,,"2026-10-09 13:03",,https://www.youtube.com/watch?v=mFep5WgwDyA
"Cure For The Itch - Linkin Park (Hybrid Theory)",,,,youtube,qqC5sdsHLq8,,"2026-10-09 13:03",,https://www.youtube.com/watch?v=qqC5sdsHLq8
"High Voltage - Linkin Park",,,,youtube,nANdZ2ah9yI,,"2026-10-09 13:03",,https://www.youtube.com/watch?v=nANdZ2ah9yI
"What I've Done (Official Music Video) [4K Upgrade] - Linkin Park",,,,youtube,8sgycukafqQ,,"2026-10-09 13:03",,https://www.youtube.com/watch?v=8sgycukafqQ
"2016 - Logan Paul [Official Music Video]",,,,youtube,tlJSxBFzahY,,"2026-10-09 13:03",,https://www.youtube.com/watch?v=tlJSxBFzahY
"Threw It On The Ground",,,,youtube,gAYL5H46QnQ,,"2026-10-09 13:03",,https://www.youtube.com/watch?v=gAYL5H46QnQ
"Crazy Frog - Axel F (Official Video)",,,,youtube,k85mRPqvMbE,,"2026-10-09 13:03",,https://www.youtube.com/watch?v=k85mRPqvMbE
"Mac Miller - Self Care",,,,youtube,SsKT0s5J8ko,,"2026-10-09 13:03",,https://www.youtube.com/watch?v=SsKT0s5J8ko
"Machine Girl - 覆面調査員 (GabberTrap Mix) [Frenesi remix]  (Music Video)",,,,youtube,ZZr3v6L440g,,"2026-10-09 13:03",,https://www.youtube.com/watch?v=ZZr3v6L440g
"Madeon - Hi! (Official Video)",,,,youtube,HK578NtfM84,,"2026-10-09 13:03",,https://www.youtube.com/watch?v=HK578NtfM84
"Madonna - Music (Official Video)",,,,youtube,Sdz2oW0NMFk,,"2026-10-09 13:03",,https://www.youtube.com/watch?v=Sdz2oW0NMFk
"Mariah Carey - Dreamlover (Def Club Mix Edit 2005 - Official Audio)",,,,youtube,j18vGETe47c,,"2026-10-09 13:03",,https://www.youtube.com/watch?v=j18vGETe47c
"clubbed to death - Matrix soundtrack",,,,youtube,pFS4zYWxzNA,,"2026-10-09 13:03",,https://www.youtube.com/watch?v=pFS4zYWxzNA
"Bruna, Tu Já Parou Pra Pensar",Niack,,,youtube,0w5Z7GNyskg,,"2026-10-09 13:03",,https://www.youtube.com/watch?v=0w5Z7GNyskg
"Mega Shinnosuke - 愛とU(Official Music Video)",,,,youtube,NY1TyFUhbMA,,"2026-10-09 13:03",,https://www.youtube.com/watch?v=NY1TyFUhbMA
"Megan Thee Stallion - Like a Freak B!tch Freestyle [Official Audio]",,,,youtube,I8em9_7_BNY,,"2026-10-09 13:03",,https://www.youtube.com/watch?v=I8em9_7_BNY
"Come Around - MIA feat. Timbaland",,,,youtube,shH8xMZI5sw,,"2026-10-09 13:03",,https://www.youtube.com/watch?v=shH8xMZI5sw
"Mellohi - Minecraft Music Disc - C418",,,,youtube,EAo0YfENwTw,,"2026-10-09 13:03",,https://www.youtube.com/watch?v=EAo0YfENwTw
"One More Day","Lena Raine",,,youtube,Y5KFnQYCdsk,,"2026-10-09 13:03",,https://www.youtube.com/watch?v=Y5KFnQYCdsk
Bromeliad,"Aaron Cherof",,,youtube,TaXlw0OmSOg,,"2026-10-09 13:03",,https://www.youtube.com/watch?v=TaXlw0OmSOg
"MØ - Who Said (Official Video)",,,,youtube,kKPIJ9vrqMA,,"2026-10-09 13:03",,https://www.youtube.com/watch?v=kKPIJ9vrqMA
"[ORIGINAL SONG]  失礼しますが、RIP♡ || “Excuse My Rudeness, But Could You Please RIP?” - Calliope Mori",,,,youtube,5y3xh8gs24c,,"2026-10-09 13:40",,https://www.youtube.com/watch?v=5y3xh8gs24c
"Musiq Soulchild - Radio (Official Video)",,,,youtube,oALIZKBF-f8,,"2026-10-09 13:40",,https://www.youtube.com/watch?v=oALIZKBF-f8
"You Know What They Do to Guys Like Us in Prison","My Chemical Romance",,,youtube,ShQdOf2zAzc,,"2026-10-09 13:40",,https://www.youtube.com/watch?v=ShQdOf2zAzc
"Volcano Theme - New Super Mario Bros. Wii",,,,youtube,cOiPg1ui_XU,,"2026-10-09 13:40",,https://www.youtube.com/watch?v=cOiPg1ui_XU
"N.E.R.D. - Truth or Dare ft. Kelis & Pusha T",,,,youtube,nPEjMiNwrQg,,"2026-10-09 13:40",,https://www.youtube.com/watch?v=nPEjMiNwrQg
"She Wants To Move (Justice Remix)",N.E.R.D.,,,youtube,wyLlqJ0C41s,,"2026-10-09 13:40",,https://www.youtube.com/watch?v=wyLlqJ0C41s
"Anti Matter",N.E.R.D.,,,youtube,fITPcSePtj8,,"2026-10-09 13:40",,https://www.youtube.com/watch?v=fITPcSePtj8
"NMIXX(엔믹스) ""별별별 (See that?)"" Stage Practice",,,,youtube,0M7mayi0cC4,,"2026-10-09 13:40",,https://www.youtube.com/watch?v=0M7mayi0cC4
"No More Heroes - N.M.H. Theme",,,,youtube,BWY_eSrtXX0,,"2026-10-09 13:40",,https://www.youtube.com/watch?v=BWY_eSrtXX0
"Ollie King OST - Too Fast",,,,youtube,lwio-sUr3ow,,"2026-10-09 13:40",,https://www.youtube.com/watch?v=lwio-sUr3ow
"The Concept of Love [The Concept of Passion Mix] - Ollie King",,,,youtube,i3NFbOajwIU,,"2026-10-09 13:40",,https://www.youtube.com/watch?v=i3NFbOajwIU
War,OutKast,,,youtube,iLitPNSnrTo,,"2026-10-09 13:40",,https://www.youtube.com/watch?v=iLitPNSnrTo
"Wake Up, Get Up, Get Out There",Lyn,,,youtube,azNG-AU0eGg,,"2026-10-09 13:40",,https://www.youtube.com/watch?v=azNG-AU0eGg
"Rivers In the Desert",Lyn,,,youtube,lvuHvXsZPrk,,"2026-10-09 13:40",,https://www.youtube.com/watch?v=lvuHvXsZPrk
"Phantogram ""When I'm Small"" [Official Video]",,,,youtube,28tZ-S1LFok,,"2026-10-09 13:40",,https://www.youtube.com/watch?v=28tZ-S1LFok
"Pharrell Williams - Come Get It Bae (Official Video)",,,,youtube,UfGMj10wOzg,,"2026-10-09 13:40",,https://www.youtube.com/watch?v=UfGMj10wOzg
"PinkPantheress ft. Rema - Another Life (Artisan Remix) [unofficial]",,,,youtube,Nw7pDd7TFBg,,"2026-10-09 13:40",,https://www.youtube.com/watch?v=Nw7pDd7TFBg
"Plants vs Zombies Music Video",,,,youtube,0N1_0SUGlDQ,,"2026-10-09 13:40",,https://www.youtube.com/watch?v=0N1_0SUGlDQ
"Play Paul - Spaced Out II [DIGITAL MASTER]",,,,youtube,g5QPUjGrL2k,,"2026-10-09 13:40",,https://www.youtube.com/watch?v=g5QPUjGrL2k
"Fell In Luv","Playboi Carti",,,youtube,HRbgGQ7rHi0,,"2026-10-09 13:40",,https://www.youtube.com/watch?v=HRbgGQ7rHi0
"Middle Of The Summer","Playboi Carti",,,youtube,wTKKB0WGbIE,,"2026-10-09 13:40",,https://www.youtube.com/watch?v=wTKKB0WGbIE
"Original Pokemon Theme Singer Jason Paige In Studio Full Pokemon Theme Song",,,,youtube,fCkeLBGSINs,,"2026-10-09 13:40",,https://www.youtube.com/watch?v=fCkeLBGSINs
"PTAF - Boss Ass Bitch (Original Version)",,,,youtube,N6ihCQZK-r0,,"2026-10-09 13:40",,https://www.youtube.com/watch?v=N6ihCQZK-r0
"Puff Daddy - It's All About The Benjamins (Remix) (Official Music Video) [HD]",,,,youtube,0c58ppLPJcQ,,"2026-10-09 13:40",,https://www.youtube.com/watch?v=0c58ppLPJcQ
"Puff Daddy - It's All About The Benjamins (Rock Remix) (Official Music Video) [HD]",,,,youtube,PaEMpAlppNE,,"2026-10-09 13:40",,https://www.youtube.com/watch?v=PaEMpAlppNE
"[Rhythm Heaven Fever] ~ Remix 2 (Perfect)",,,,youtube,qqcBhL8XxYI,,"2026-10-09 13:40",,https://www.youtube.com/watch?v=qqcBhL8XxYI
"Love Rap explained [Rhythm Heaven Fever]",,,,youtube,oipzqBWQljE,,"2026-10-09 13:40",,https://www.youtube.com/watch?v=oipzqBWQljE
"Lonely Storm - Rhythm Heaven Fever",,,,youtube,k9NswXHNN9M,,"2026-10-09 13:40",,https://www.youtube.com/watch?v=k9NswXHNN9M
"Character Credits - Rhythm Heaven Fever",,,,youtube,m_DJzzRm-gA,,"2026-10-09 13:40",,https://www.youtube.com/watch?v=m_DJzzRm-gA
"Lonely Storm - Rhythm Heaven Fever",,,,youtube,k9NswXHNN9M,,"2026-10-09 13:40",,https://www.youtube.com/watch?v=k9NswXHNN9M
0khz_-_130_molly_annoying.mp3,,,,youtube,w9JNNGk5JzA,,"2026-10-09 13:40",,https://www.youtube.com/watch?v=w9JNNGk5JzA
"S Club - Don't Stop Movin'",,,,youtube,vm262cXxRrU,,"2026-10-09 13:40",,https://www.youtube.com/watch?v=vm262cXxRrU
"SAINT PEPSI: SKYLAR SPENCE",,,,youtube,AJA77S11BmM,,"2026-10-09 13:40",,https://www.youtube.com/watch?v=AJA77S11BmM
"SAYGRACE - You Don't Own Me ft. G-Eazy (Official Video)",,,,youtube,8SeRU_ZPDkE,,"2026-10-09 13:40",,https://www.youtube.com/watch?v=8SeRU_ZPDkE
"BED INTRUDER SONG!!!",,,,youtube,hMtZfW2z9dw,,"2026-10-09 13:40",,https://www.youtube.com/watch?v=hMtZfW2z9dw
"Sesame Street: Pinball #12 New",,,,youtube,i5uR3FxBGd8,,"2026-10-09 13:40",,https://www.youtube.com/watch?v=i5uR3FxBGd8
"SEVDALIZA - NOTHING LASTS FOREVER FT. GRIMES",,,,youtube,UFoS4Vs7ukY,,"2026-10-09 13:40",,https://www.youtube.com/watch?v=UFoS4Vs7ukY
"Shinichi Osawa / Push",,,,youtube,PJTHbh4AT_U,,"2026-10-09 13:40",,https://www.youtube.com/watch?v=PJTHbh4AT_U
"SHINICHI OSAWA maximum joy",,,,youtube,6m4IfqejVxg,,"2026-10-09 13:40",,https://www.youtube.com/watch?v=6m4IfqejVxg
"Siriusmo-High Together",,,,youtube,NdmwPadDlgQ,,"2026-10-09 13:40",,https://www.youtube.com/watch?v=NdmwPadDlgQ
"SCARY MONSTERS & NICE SPRITES (THE JUGGERNAUT REMIX) - SKRILLEX",,,,youtube,KQO48JnteDQ,,"2026-10-09 13:40",,https://www.youtube.com/watch?v=KQO48JnteDQ
"SCARY MONSTERS & NICE SPRITES (KASKADE REMIX) - SKRILLEX",,,,youtube,wvcD4wJ9vZ0,,"2026-10-09 13:40",,https://www.youtube.com/watch?v=wvcD4wJ9vZ0
"Noisia & Skrillex - Horizon [Official Audio]",,,,youtube,d6WoNmDzNCM,,"2026-10-09 13:41",,https://www.youtube.com/watch?v=d6WoNmDzNCM
"Snow Strippers- Keep Holding On (Official Video)",,,,youtube,j3jNcAaiarQ,,"2026-10-09 13:41",,https://www.youtube.com/watch?v=j3jNcAaiarQ
"Sonic the Hedgehog 3 Complete: Death Egg Zone Act 1 (Sonic) [1080 HD]",,,,youtube,MMm3UiVvsmg,,"2026-10-09 13:41",,https://www.youtube.com/watch?v=MMm3UiVvsmg
"Sonic the Hedgehog 3 Complete: Death Egg Zone Act 2 (Sonic) [1080 HD]",,,,youtube,pX0OgJe-Z9k,,"2026-10-09 13:41",,https://www.youtube.com/watch?v=pX0OgJe-Z9k
"Get Edgy - Sonic Rush [OST]",,,,youtube,U03fecc5NXo,,"2026-10-09 13:41",,https://www.youtube.com/watch?v=U03fecc5NXo
"Wiz Khalifa, Ty Dolla $ign, Lil Yachty & Sueco the Child - Speed Me Up (Sonic The Hedgehog) [Video]",,,,youtube,dCuCpVPkWDY,,"2026-10-09 13:41",,https://www.youtube.com/watch?v=dCuCpVPkWDY
"Any minute now",Soulwax,,,youtube,e_tbEMT0mFI,,"2026-10-09 13:41",,https://www.youtube.com/watch?v=e_tbEMT0mFI
"Soulwax - E-Talking (Soulwax Nite Version)",,,,youtube,cAO81vIsmSc,,"2026-10-09 13:41",,https://www.youtube.com/watch?v=cAO81vIsmSc
"E Talking (Tiga's Disco Drama Remix) -- Soulwax",,,,youtube,5XGV4idL6Ag,,"2026-10-09 13:41",,https://www.youtube.com/watch?v=5XGV4idL6Ag
"Ladies and gentlemen we are floating in space",Spiritualized,,,youtube,-UGbOqadHb0,,"2026-10-09 13:41",,https://www.youtube.com/watch?v=-UGbOqadHb0
"Plaza Speakers K - Splatoon OST",,,,youtube,PrOpsPE8860,,"2026-10-09 13:41",,https://www.youtube.com/watch?v=PrOpsPE8860
"Plaza Speakers K - Splatoon OST",,,,youtube,PrOpsPE8860,,"2026-10-09 13:41",,https://www.youtube.com/watch?v=PrOpsPE8860
"Octo Valley (Area 1) - Splatoon OST",,,,youtube,iowAZp6fzpY,,"2026-10-09 13:41",,https://www.youtube.com/watch?v=iowAZp6fzpY
"Octo Valley (Area 2)-Splatoon [OST]",,,,youtube,M74yrgFiaRU,,"2026-10-09 13:41",,https://www.youtube.com/watch?v=M74yrgFiaRU
"Octo Valley (Area 3) - Splatoon OST",,,,youtube,6_aZuSEfCW8,,"2026-10-09 13:41",,https://www.youtube.com/watch?v=6_aZuSEfCW8
"Octo Valley (Area 4)-Splatoon [OST]",,,,youtube,NBmAXp5JtKo,,"2026-10-09 13:41",,https://www.youtube.com/watch?v=NBmAXp5JtKo
"Octo Valley (Area 5)-Splatoon [OST]",,,,youtube,v9I5vmkAl_M,,"2026-10-09 13:41",,https://www.youtube.com/watch?v=v9I5vmkAl_M
"Inkstrike Shuffle (Turquoise October) - Splatoon OST",,,,youtube,6Cslr9QBozY,,"2026-10-09 13:41",,https://www.youtube.com/watch?v=6Cslr9QBozY
"FrostyFest Pre-Battle Jingle - Splatoon 2",,,,youtube,Cgrt7_719ck,,"2026-10-09 13:41",,https://www.youtube.com/watch?v=Cgrt7_719ck
"Splatoon 2: Octo Expansion [Music] Last battle opening (FinalFest) - Off The Hook",,,,youtube,Z29tlJ35ZGU,,"2026-10-09 13:41",,https://www.youtube.com/watch?v=Z29tlJ35ZGU
"♪ Muck Warfare ♫ Caitlin Koi Music Video - Splatoon 2",,,,youtube,wyEyfNsq8hw,,"2026-10-09 13:41",,https://www.youtube.com/watch?v=wyEyfNsq8hw
"Splatoon 2: Octo Expansion [Music] Inside Deepsea Metro «Full»",,,,youtube,QApnbXswdp0,,"2026-10-09 13:41",,https://www.youtube.com/watch?v=QApnbXswdp0
"Splatoon 2: Octo Expansion [Music] Inside Deepsea Metro «Full»",,,,youtube,QApnbXswdp0,,"2026-10-09 13:41",,https://www.youtube.com/watch?v=QApnbXswdp0
"Splatoon 2: Octo Expansion [Music] Inside Deepsea Metro «Full»",,,,youtube,QApnbXswdp0,,"2026-10-09 13:41",,https://www.youtube.com/watch?v=QApnbXswdp0
"Nasty Majesty - [Off the Hook]",,,,youtube,XvUUNhJ7ihw,,"2026-10-09 13:41",,https://www.youtube.com/watch?v=XvUUNhJ7ihw
"Yoko & The Gold Bazookas - Ska-BLAM (Unofficial Lyrics) - Splatoon 3",,,,youtube,PxlEYLQuGSU,,"2026-10-09 13:41",,https://www.youtube.com/watch?v=PxlEYLQuGSU
"H2Whoa - Ripstop & Go (Unofficial Lyrics) - Splatoon 3",,,,youtube,RelG0505I_Q,,"2026-10-09 13:41",,https://www.youtube.com/watch?v=RelG0505I_Q
"Splatoon 3 - We're So Back - Nintendo Switch",,,,youtube,sVP-SwBwU3c,,"2026-10-09 13:41",,https://www.youtube.com/watch?v=sVP-SwBwU3c
"Splatoon 3 - Suffer No Fools - Nintendo Switch",,,,youtube,5L1ddMgCfAc,,"2026-10-09 13:41",,https://www.youtube.com/watch?v=5L1ddMgCfAc
"Calamari Inkantation 3MIX (Feat. DJ Octavio & Deep Cut) - Splatoon 3",,,,youtube,UnwEna-OmYY,,"2026-10-09 13:41",,https://www.youtube.com/watch?v=UnwEna-OmYY
"John Williams & Vienna Philharmonic – Williams: Imperial March (from “Star Wars”)",,,,youtube,vsMWVW4xtwI,,"2026-10-09 13:41",,https://www.youtube.com/watch?v=vsMWVW4xtwI
"Lapti Nek (Club Mix)",,,,youtube,yrOSuY12Rrs,,"2026-10-09 13:41",,https://www.youtube.com/watch?v=yrOSuY12Rrs
"Kevin Gates - Know Better (From Suicide Squad: The Album) [Official Audio]",,,,youtube,wZXjHXcwOVk,,"2026-10-09 13:41",,https://www.youtube.com/watch?v=wZXjHXcwOVk
"SAYGRACE - You Don't Own Me ft. G-Eazy (Official Video)",,,,youtube,8SeRU_ZPDkE,,"2026-10-09 13:41",,https://www.youtube.com/watch?v=8SeRU_ZPDkE
"Super Mario Sunshine - Court Cutscene (NTSC)",,,,youtube,u6AKeMxIY14,,"2026-10-09 13:41",,https://www.youtube.com/watch?v=u6AKeMxIY14
"Vs  Boss",,,,youtube,2XJ7e2CyI1w,,"2026-10-09 13:41",,https://www.youtube.com/watch?v=2XJ7e2CyI1w
"sleep deprived (w/ Snappy) [Original Audio]",,,,youtube,dcLi769woXA,,"2026-10-09 13:41",,https://www.youtube.com/watch?v=dcLi769woXA
"Tokyo Ghoul Opening | ""Unravel"" by TK from Ling Toshite Sigure",,,,youtube,7aMOurgDB-o,,"2026-10-09 13:41",,https://www.youtube.com/watch?v=7aMOurgDB-o
"Transvolta - Disco Computer",,,,youtube,NETuCMeQds8,,"2026-10-09 13:41",,https://www.youtube.com/watch?v=NETuCMeQds8
"Travis Scott - STARGAZING (Audio)",,,,youtube,2a8PgqWrc_4,,"2026-10-09 13:41",,https://www.youtube.com/watch?v=2a8PgqWrc_4
"Travis Scott - SICKO MODE (Official Video) ft. Drake",,,,youtube,6ONRf7h3Mdk,,"2026-10-09 13:41",,https://www.youtube.com/watch?v=6ONRf7h3Mdk
"Travis Scott - MY EYES (Official Audio)",,,,youtube,pildU9lK6vM,,"2026-10-09 13:41",,https://www.youtube.com/watch?v=pildU9lK6vM
"Travis Scott - MELTDOWN (Official Audio) ft. Drake",,,,youtube,LuKm4L9ryB0,,"2026-10-09 13:41",,https://www.youtube.com/watch?v=LuKm4L9ryB0
"Trina - Don't Trip (feat. Lil Wayne) (Album Version) [Explicit Version]",,,,youtube,zPREPiho9XY,,"2026-10-09 13:41",,https://www.youtube.com/watch?v=zPREPiho9XY
"Troye Sivan - Got Me Started (Bag Raiders Remix / Official Audio)",,,,youtube,WU_dzs7AF0w,,"2026-10-09 13:41",,https://www.youtube.com/watch?v=WU_dzs7AF0w
"2SEATER - Tyler, The Creator (Fanmade Music Video)",,,,youtube,jmAKxiyW3xw,,"2026-10-09 13:41",,https://www.youtube.com/watch?v=jmAKxiyW3xw
"SIR BAUDELAIRE (Audio)",,,,youtube,Z-lCE23e12I,,"2026-10-09 13:41",,https://www.youtube.com/watch?v=Z-lCE23e12I
"010. Ghost Fight (UNDERTALE Soundtrack) - Toby Fox",,,,youtube,C_5enfN8V8w,,"2026-10-09 13:41",,https://www.youtube.com/watch?v=C_5enfN8V8w
"Song That Might Play When You Fight Sans","Toby Fox",,,youtube,47GvY9rOMUs,,"2026-10-09 13:41",,https://www.youtube.com/watch?v=47GvY9rOMUs
"Unghetto - HI (Official Music Video)",,,,youtube,ewGyRiC0oAQ,,"2026-10-09 13:42",,https://www.youtube.com/watch?v=ewGyRiC0oAQ
"Usher - DJ Got Us Fallin' In Love (Official Video) ft. Pitbull",,,,youtube,C-dvTjK_07c,,"2026-10-09 13:42",,https://www.youtube.com/watch?v=C-dvTjK_07c
"Yung Bleu ""Uzi Vert"" (Official Audio)",,,,youtube,-9XMKB5Djeo,,"2026-10-09 13:42",,https://www.youtube.com/watch?v=-9XMKB5Djeo
"How To Make The Astronomia Sound (Coffin Dance Anthem)",,,,youtube,QURCstMlEaE,,"2026-10-09 13:42",,https://www.youtube.com/watch?v=QURCstMlEaE
"White Town - Your Woman (Official HD Video)",,,,youtube,lVL-zZnD3VU,,"2026-10-09 13:42",,https://www.youtube.com/watch?v=lVL-zZnD3VU
"Wild Cherry - Play That Funky Music (Audio)",,,,youtube,JTvlujbJ5vg,,"2026-10-09 13:42",,https://www.youtube.com/watch?v=JTvlujbJ5vg
"Scream & Shout (Remix) (Explicit)",,,,youtube,lEKOWKcUxdU,,"2026-10-09 13:42",,https://www.youtube.com/watch?v=lEKOWKcUxdU
"wiz khalifa Eiffel 65 - Blue (Da Ba Dee)",,,,youtube,-WTJAw_Ygm4,,"2026-10-09 13:42",,https://www.youtube.com/watch?v=-WTJAw_Ygm4
"X&G - Like It [Official Audio]",,,,youtube,bq5kNyWW_hs,,"2026-10-09 13:42",,https://www.youtube.com/watch?v=bq5kNyWW_hs
"Florence + The Machine - You've Got the Love",,,,youtube,PQZhN65vq9E,,"2026-10-09 13:42",,https://www.youtube.com/watch?v=PQZhN65vq9E
"pick up the phone","Young Thug",,,youtube,VAybGW3DI9Q,,"2026-10-09 13:42",,https://www.youtube.com/watch?v=VAybGW3DI9Q
"Young Thug ""Best Friend""",,,,youtube,Tz6OUIjtM6E,,"2026-10-09 13:42",,https://www.youtube.com/watch?v=Tz6OUIjtM6E
"Yung Lean ♦ Ginseng Strip 2002 ♦",,,,youtube,vrQWhFysPKY,,"2026-10-09 13:42",,https://www.youtube.com/watch?v=vrQWhFysPKY
"20th Century Fox Intro HD",,,,youtube,fFPHaHmt8I0,,"2026-10-09 13:42",,https://www.youtube.com/watch?v=fFPHaHmt8I0
"Alice Longyu Gao - Rich Bitch Juice (Official Music Video)",,,,youtube,sV_NWUa91kI,,"2026-10-09 13:42",,https://www.youtube.com/watch?v=sV_NWUa91kI
"A$AP Rocky - A$AP Forever (Official Video) ft. Moby",,,,youtube,BNzc6hG3yN4,,"2026-10-09 13:42",,https://www.youtube.com/watch?v=BNzc6hG3yN4
"THE MUFFIN SONG (asdfmovie feat. Schmoyoho)",,,,youtube,LACbVhgtx9I,,"2026-10-09 13:42",,https://www.youtube.com/watch?v=LACbVhgtx9I
"Solitary Ceremonies","The Avalanches",,,youtube,XqXL0eslMiA,,"2026-10-09 13:42",,https://www.youtube.com/watch?v=XqXL0eslMiA
"Charli XCX - Speed Drive (From Barbie The Album) [Official Music Video]",,,,youtube,y7jzzvKxgZ8,,"2026-10-09 13:42",,https://www.youtube.com/watch?v=y7jzzvKxgZ8
"The Riddler (From ""Batman Forever"")","Method Man",,,youtube,4vxGjndMYzg,,"2026-10-09 13:42",,https://www.youtube.com/watch?v=4vxGjndMYzg
"i'm a huge gamer most of the time",,,,youtube,mai8KdlzTPo,,"2026-10-09 13:42",,https://www.youtube.com/watch?v=mai8KdlzTPo
"i like to wear soft clothing (cause it makes me feel like i'm rough in comparison)",,,,youtube,dvrBEyKdIiU,,"2026-10-09 13:42",,https://www.youtube.com/watch?v=dvrBEyKdIiU
"Nirvana - Breed (Audio)",,,,youtube,J6EDW5WFb2M,,"2026-10-09 13:42",,https://www.youtube.com/watch?v=J6EDW5WFb2M
"Björk - 06. 5 Years",,,,youtube,7TkdB29csAM,,"2026-10-09 13:42",,https://www.youtube.com/watch?v=7TkdB29csAM
"New Math",,,,youtube,obIGsb-IZMo,,"2026-10-09 13:42",,https://www.youtube.com/watch?v=obIGsb-IZMo
"B.o.B - Nothin' On You (feat. Bruno Mars) [Official Video]",,,,youtube,8PTDv_szmL0,,"2026-10-09 13:42",,https://www.youtube.com/watch?v=8PTDv_szmL0
"Bob Sinclar ‎– Rock This Party (Everybody Dance Now) (Original)",,,,youtube,540TZqL5lxM,,"2026-10-09 13:42",,https://www.youtube.com/watch?v=540TZqL5lxM
"Britney Spears - I Wanna Go (Official Video)",,,,youtube,T-sxSd1uwoU,,"2026-10-09 13:42",,https://www.youtube.com/watch?v=T-sxSd1uwoU
"Good Time - BROCKHAMPTON",,,,youtube,bl93PiH0Mtw,,"2026-10-09 13:42",,https://www.youtube.com/watch?v=bl93PiH0Mtw
"BTS (방탄소년단) 'Film out' Official MV",,,,youtube,zFT3f9biz68,,"2026-10-09 13:42",,https://www.youtube.com/watch?v=zFT3f9biz68
"Cake Pop & Lewis Grant - Candy Floss (Official Full Stream)",,,,youtube,Mku4PZtGKX0,,"2026-10-09 13:42",,https://www.youtube.com/watch?v=Mku4PZtGKX0
"Electro Man","Calvin Harris",,,youtube,ykqJDaglXhU,,"2026-10-09 13:42",,https://www.youtube.com/watch?v=ykqJDaglXhU
"Camila Cabello - B.O.A.T. (Official Visualizer)",,,,youtube,wRPIQd9zSpo,,"2026-10-09 13:42",,https://www.youtube.com/watch?v=wRPIQd9zSpo
"Caroline Polachek - Look At Me Now (Live in Nashville)",,,,youtube,q9XqIsaA73w,,"2026-10-09 13:42",,https://www.youtube.com/watch?v=q9XqIsaA73w
"Kero Kero Bonito @ Heaven 24/09/2021 - Flamingo",,,,youtube,K-TW1SQoaR4,,"2026-10-09 13:42",,https://www.youtube.com/watch?v=K-TW1SQoaR4
"Clifford The Big Red Dog | Theme Song!",,,,youtube,pEcSpvQmLFw,,"2026-10-09 13:42",,https://www.youtube.com/watch?v=pEcSpvQmLFw
"CLYPSO - Middle Ground feat. Kwame",,,,youtube,vIC6fCdrU0U,,"2026-10-09 13:42",,https://www.youtube.com/watch?v=vIC6fCdrU0U
"Cornershop - Brimful Of Asha, Norman Cook Mix (Tjinder Singh) Official Music Video",,,,youtube,5LBnMRWeV-E,,"2026-10-09 13:42",,https://www.youtube.com/watch?v=5LBnMRWeV-E
"WITCH DOCTOR (David Seville)  1958 original version",,,,youtube,cmjrTcYMqBM,,"2026-10-09 13:42",,https://www.youtube.com/watch?v=cmjrTcYMqBM
"Hey Baby  - DJ Ötzi",,,,youtube,CfHHv7yOYX0,,"2026-10-09 13:42",,https://www.youtube.com/watch?v=CfHHv7yOYX0
"You Don't Wanna Call","The Donnas",,,youtube,CdBoEpf0rB4,,"2026-10-09 13:42",,https://www.youtube.com/watch?v=CdBoEpf0rB4
"Finn Keane - Monopoly feat. Noonie Bao",,,,youtube,U0dT0BujwAU,,"2026-10-09 13:42",,https://www.youtube.com/watch?v=U0dT0BujwAU
"Florida Georgia Line - H.O.L.Y.",,,,youtube,zXDAYlhdkyg,,"2026-10-09 13:42",,https://www.youtube.com/watch?v=zXDAYlhdkyg
"hot problems","food house",,,youtube,hh6DmAkMivs,,"2026-10-09 13:42",,https://www.youtube.com/watch?v=hh6DmAkMivs
"Fred Astaire - I Won't Dance, from Roberta",,,,youtube,6CTR3d2Ly80,,"2026-10-09 13:42",,https://www.youtube.com/watch?v=6CTR3d2Ly80
"Breakfast (Pause Menu) - Friday Night Funkin' OST",,,,youtube,lY3ujnPRfrU,,"2026-10-09 13:42",,https://www.youtube.com/watch?v=lY3ujnPRfrU
"MYKA FINALLY OPENED IN HONG KONG 🍦 #frozenyogurt #greek #hongkong #food #fyp #fypシ #viral #asia",,,,youtube,oqNl-N65kP4,,"2026-10-09 13:42",,https://www.youtube.com/watch?v=oqNl-N65kP4
"Bloom   Charm Syndicate (Complete Song)",,,,youtube,P-mwCnrqmO4,,"2026-10-09 13:42",,https://www.youtube.com/watch?v=P-mwCnrqmO4
"George Clanton: ""Livin' loose""",,,,youtube,8YUAmVvLM-0,,"2026-10-09 13:43",,https://www.youtube.com/watch?v=8YUAmVvLM-0
"Giga & KIRA - 'GETCHA!' ft.初音ミク & GUMI【MV】",,,,youtube,KRVFPPYcJUc,,"2026-10-09 13:43",,https://www.youtube.com/watch?v=KRVFPPYcJUc
"Gorillaz - Some Kind of Nature - Plastic Beach",,,,youtube,1KC2-EZ1ee0,,"2026-10-09 13:43",,https://www.youtube.com/watch?v=1KC2-EZ1ee0
"The Yatta Song Now, with subtitles! Be afraid Be VERY afraid",,,,youtube,KUOwbcdZozQ,,"2026-10-09 13:43",,https://www.youtube.com/watch?v=KUOwbcdZozQ
"Kingdom Hearts Intro Song - Simple And Clean (Full Version)",,,,youtube,_Hl3W4HB254,,"2026-10-09 13:43",,https://www.youtube.com/watch?v=_Hl3W4HB254
"宇多田ヒカル - 光",,,,youtube,AlMdDpUWFFI,,"2026-10-09 13:43",,https://www.youtube.com/watch?v=AlMdDpUWFFI
"Jet Grind Radio Soundtrack - That's Enough",,,,youtube,YqFG6sV-vC4,,"2026-10-09 13:43",,https://www.youtube.com/watch?v=YqFG6sV-vC4
"Like It Like This Like That","HIDEKI NAGANUMA",,,youtube,yQ33VVAEdnE,,"2026-10-09 13:43",,https://www.youtube.com/watch?v=yQ33VVAEdnE
"That's Enough (B.B.Rights Mix)","HIDEKI NAGANUMA",,,youtube,MPfZvizXfJQ,,"2026-10-09 13:43",,https://www.youtube.com/watch?v=MPfZvizXfJQ
"JoJo Siwa - D.R.E.A.M. (THE MUSIC VIDEO)",,,,youtube,HJt9xW-2GXI,,"2026-10-09 13:43",,https://www.youtube.com/watch?v=HJt9xW-2GXI
"JoJo's Bizarre Adventure Stardust Crusaders ED4  Last Train Home",,,,youtube,XUbBd4uOFHM,,"2026-10-09 13:43",,https://www.youtube.com/watch?v=XUbBd4uOFHM
"Kero Kero Bonito - Intro Bonito",,,,youtube,B42S91e2U-4,,"2026-10-09 13:43",,https://www.youtube.com/watch?v=B42S91e2U-4
"BIG DOG - KEVIN ABSTRACT",,,,youtube,t5VL1UbL9pw,,"2026-10-09 13:43",,https://www.youtube.com/watch?v=t5VL1UbL9pw
"Solving Problems - Building Resilience with Hunter and Eve",,,,youtube,Sd9MZdB1ItU,,"2026-10-09 13:43",,https://www.youtube.com/watch?v=Sd9MZdB1ItU
"Samuel E. Wright - Under the Sea (from The Little Mermaid) (Official Video)",,,,youtube,GC_mV1IpjWA,,"2026-10-09 13:43",,https://www.youtube.com/watch?v=GC_mV1IpjWA
"Junior Senior - Shake Your Coconuts (Official Music Video)",,,,youtube,6UCr5tPh_mc,,"2026-10-09 13:43",,https://www.youtube.com/watch?v=6UCr5tPh_mc
"Madeon - You're On (ft. Kyan)",,,,youtube,xp0NOjZlNlo,,"2026-10-09 13:43",,https://www.youtube.com/watch?v=xp0NOjZlNlo
"Marshmello - Ritual (feat. Wrabel) [Official Music Video]",,,,youtube,VEou0QBeHlk,,"2026-10-09 13:43",,https://www.youtube.com/watch?v=VEou0QBeHlk
"IT TAKES A MUSCLE",M.I.A.,,,youtube,Q9ah1gcELKQ,,"2026-10-09 13:43",,https://www.youtube.com/watch?v=Q9ah1gcELKQ
"Internet Connection- M.I.A",,,,youtube,5b6mn1cUBo4,,"2026-10-09 13:43",,https://www.youtube.com/watch?v=5b6mn1cUBo4
"The Final C418 Music In Minecraft",,,,youtube,L6nYc1UwH4U,,"2026-10-09 13:43",,https://www.youtube.com/watch?v=L6nYc1UwH4U
"C418 - Blind Spots (Minecraft Volume Beta)",,,,youtube,77Fv8gtZyuA,,"2026-10-09 13:43",,https://www.youtube.com/watch?v=77Fv8gtZyuA
"NYC's A GRAVEYARD @angel__emoji Edit 128bpm",,,,youtube,f2_V-VQZ5ic,,"2026-10-09 13:43",,https://www.youtube.com/watch?v=f2_V-VQZ5ic
"Rip It up","Nadia Oh",,,youtube,QB2y3zGp6ks,,"2026-10-09 13:43",,https://www.youtube.com/watch?v=QB2y3zGp6ks
"[Happy Hardcore] - nanobii - Rainbow Road [Monstercat Release]",,,,youtube,a0Aauep0VWs,,"2026-10-09 13:43",,https://www.youtube.com/watch?v=a0Aauep0VWs
"Potter Puppet Pals: The Mysterious Ticking Noise",,,,youtube,Tx1XIm6q4r4,,"2026-10-09 13:43",,https://www.youtube.com/watch?v=Tx1XIm6q4r4
"KOMM, SUSSER TOD M-10 Director's Edit Version | Evangelion Finally",,,,youtube,hoKluzn07eQ,,"2026-10-09 13:43",,https://www.youtube.com/watch?v=hoKluzn07eQ
"Jungle - New Super Mario Bros. Wii Music",,,,youtube,Kqx94MzTcF0,,"2026-10-09 13:43",,https://www.youtube.com/watch?v=Kqx94MzTcF0
"Panda Bear ""Comfy In Nautica""",,,,youtube,MT3NVv7IZ8Q,,"2026-10-09 13:43",,https://www.youtube.com/watch?v=MT3NVv7IZ8Q
"PAT METHENY Last Train Home",,,,youtube,V9vQ_y9JJ1E,,"2026-10-09 13:43",,https://www.youtube.com/watch?v=V9vQ_y9JJ1E
"Pavement- ""Harness Your Hopes"" (Official Music Video)",,,,youtube,w2Ww_O3ceKU,,"2026-10-09 13:43",,https://www.youtube.com/watch?v=w2Ww_O3ceKU
"Postman Pat Opening Theme",,,,youtube,fmfriXprSRk,,"2026-10-09 13:43",,https://www.youtube.com/watch?v=fmfriXprSRk
"Quincy Jones | Soul Bossa Nova (Austin Powers Theme) [HQ]",,,,youtube,SaCiaQR8x4c,,"2026-10-09 13:43",,https://www.youtube.com/watch?v=SaCiaQR8x4c
"It's My Belly Button (Song)",,,,youtube,TO8gAvl59Kw,,"2026-10-09 13:43",,https://www.youtube.com/watch?v=TO8gAvl59Kw
"Game Select 2 - Rhythm Heaven",,,,youtube,Ynr7Fy4cbFM,,"2026-10-09 13:43",,https://www.youtube.com/watch?v=Ynr7Fy4cbFM
"Rhythm Heaven Fever - I Love You, My One and Only [ENG] [LYRICS]",,,,youtube,R3Kt9-P2lOg,,"2026-10-09 13:43",,https://www.youtube.com/watch?v=R3Kt9-P2lOg
"[Rhythm Heaven Fever] ~ Launch Party (Perfect)",,,,youtube,e4JNDEafStE,,"2026-10-09 13:43",,https://www.youtube.com/watch?v=e4JNDEafStE
"Lonely Storm - Rhythm Heaven Fever",,,,youtube,k9NswXHNN9M,,"2026-10-09 13:43",,https://www.youtube.com/watch?v=k9NswXHNN9M
"Rhythm Heaven Fever - Beautiful one Day [ENG] [LYRICS]",,,,youtube,YcrdIHlylHI,,"2026-10-09 13:43",,https://www.youtube.com/watch?v=YcrdIHlylHI
"Everybody Jam Scatman John",,,,youtube,0h1X5Mir85M,,"2026-10-09 13:43",,https://www.youtube.com/watch?v=0h1X5Mir85M
"Shawn Mendes ""Lost In Japan"" (Audio)",,,,youtube,ycy30LIbq4w,,"2026-10-09 13:43",,https://www.youtube.com/watch?v=ycy30LIbq4w
"Push (Tronik Youth Remix)","MONDO GROSSO",,,youtube,0ssgnKcULKU,,"2026-10-09 13:43",,https://www.youtube.com/watch?v=0ssgnKcULKU
"'SilverSun' TV show intro",,,,youtube,Nr57X4v0-2o,,"2026-10-09 13:43",,https://www.youtube.com/watch?v=Nr57X4v0-2o
"There She Goes (Official)",,,,youtube,68MKLkNSMN4,,"2026-10-09 13:43",,https://www.youtube.com/watch?v=68MKLkNSMN4
"Skrillex & Poo Bear - Would You Ever (Branchez & Charlie Klarsfeld Remix)",,,,youtube,3lzXQMONyDI,,"2026-10-09 13:43",,https://www.youtube.com/watch?v=3lzXQMONyDI
"Sleigh Bells - Infinity Guitars",,,,youtube,LhYYd5adVY4,,"2026-10-09 13:43",,https://www.youtube.com/watch?v=LhYYd5adVY4
"Sonic the Hedgehog (2020) - Final Battle scene | HD Movie Clip",,,,youtube,M5d-CGyYpqM,,"2026-10-09 13:43",,https://www.youtube.com/watch?v=M5d-CGyYpqM
"Kraken Up (Squid Squad) - Splatoon OST",,,,youtube,T63b4MU_4-0,,"2026-10-09 13:43",,https://www.youtube.com/watch?v=T63b4MU_4-0
"Now or Never! (Squid Sisters) - Splatoon OST",,,,youtube,ftibM112VcM,,"2026-10-09 13:43",,https://www.youtube.com/watch?v=ftibM112VcM
"Inkopolis Square Comparison: Splatoon 2 / Splatoon 3",,,,youtube,nJrjDhlM2JI,,"2026-10-09 13:43",,https://www.youtube.com/watch?v=nJrjDhlM2JI
"Dubble Bath (DIY Remix) (Bob Dub) - Splatoon 2 OST",,,,youtube,psupHUN9Yv4,,"2026-10-09 13:44",,https://www.youtube.com/watch?v=psupHUN9Yv4
"Splatoon 2 OST - Happy Little Workers",,,,youtube,PCmQJ1cfwyE,,"2026-10-09 13:44",,https://www.youtube.com/watch?v=PCmQJ1cfwyE
"XTRAWAVE Victory - Grizzco Indsutries [Splatoon 3 OST]",,,,youtube,k-vjiP9sCYQ,,"2026-10-09 13:44",,https://www.youtube.com/watch?v=k-vjiP9sCYQ
"Splatoon 2 OST - Ever Further",,,,youtube,C0vwwg8jmPs,,"2026-10-09 13:44",,https://www.youtube.com/watch?v=C0vwwg8jmPs
"Not Bad (Do Better) - Grizzco Industries [Splatoon 3 OST]",,,,youtube,LSQ-cN6B264,,"2026-10-09 13:44",,https://www.youtube.com/watch?v=LSQ-cN6B264
"Star Wars (Main Theme)","John Williams",,,youtube,MNMSAIG0dfQ,,"2026-10-09 13:44",,https://www.youtube.com/watch?v=MNMSAIG0dfQ
"Best possible hand in Picture Poker",,,,youtube,WjoBIdzmyXg,,"2026-10-09 13:44",,https://www.youtube.com/watch?v=WjoBIdzmyXg
"Super Mario Odyssey Lost Kingdom Trick Jump! (True Cage Triple 6/10)",,,,youtube,W1cRfqCminM,,"2026-10-09 13:44",,https://www.youtube.com/watch?v=W1cRfqCminM
"Odyssey's Biggest Mystery",,,,youtube,u3oUHfJKb3Q,,"2026-10-09 13:44",,https://www.youtube.com/watch?v=u3oUHfJKb3Q
"WUSYANAME (Audio)",,,,youtube,EQ3DBh8N3s8,,"2026-10-09 13:44",,https://www.youtube.com/watch?v=EQ3DBh8N3s8
"Uwa!! So Holiday♫","Toby Fox",,,youtube,XjM_w5cjIaY,,"2026-10-09 13:44",,https://www.youtube.com/watch?v=XjM_w5cjIaY
"ANTONYMPH (Official Music Video) » EPILEPSY WARNING",,,,youtube,CNPdO5TZ1DQ,,"2026-10-09 13:44",,https://www.youtube.com/watch?v=CNPdO5TZ1DQ
"Whethan - Radar (feat. HONNE) [Official Music Video]",,,,youtube,2gCt_CNQXQY,,"2026-10-09 13:44",,https://www.youtube.com/watch?v=2gCt_CNQXQY
"Wii Play - Shooting Range - 999 Points*",,,,youtube,p1uZ0j3A4Aw,,"2026-10-09 13:44",,https://www.youtube.com/watch?v=p1uZ0j3A4Aw
"Interplanetary (The Young Punx Club Mix)","The Young Punx",,,youtube,5jTlmp997Jo,,"2026-10-09 13:44",,https://www.youtube.com/watch?v=5jTlmp997Jo
"Memories Of Tokyo-To - 06 - Reach Out [OFFICIAL]",,,,youtube,vMBWN-gVeYs,,"2026-10-09 13:44",,https://www.youtube.com/watch?v=vMBWN-gVeYs
"Return Of The Soul - 05 - Progress [OFFICIAL]",,,,youtube,V7R9hXAnVKo,,"2026-10-09 13:44",,https://www.youtube.com/watch?v=V7R9hXAnVKo
"3D Space Cadet Pinball Music full",,,,youtube,Zyyn5rvmJ9I,,"2026-10-09 13:44",,https://www.youtube.com/watch?v=Zyyn5rvmJ9I
"Aaliyah -Try Again (Original Video)",,,,youtube,qTA0RuZoIxM,,"2026-10-09 13:44",,https://www.youtube.com/watch?v=qTA0RuZoIxM
"VOGUE MAG Ft FRESH HEX @iheartcallie-x [Official Visualiser]",,,,youtube,ZjmBPnjxzy4,,"2026-10-09 13:44",,https://www.youtube.com/watch?v=ZjmBPnjxzy4
"Alice Deejay - Better Off Alone (Official Video)",,,,youtube,Lgs9QUtWc3M,,"2026-10-09 13:44",,https://www.youtube.com/watch?v=Lgs9QUtWc3M
"Aloe Blacc - I Need A Dollar",,,,youtube,nFZP8zQ5kzk,,"2026-10-09 13:44",,https://www.youtube.com/watch?v=nFZP8zQ5kzk
"[Spectrogram] Aphex Twin / ΔMi−1 = −∂Σn=1NDi[n][Σj∈C{i}Fji[n − 1] + Fexti[[n−1]]",,,,youtube,wSYAZnQmffg,,"2026-10-09 13:44",,https://www.youtube.com/watch?v=wSYAZnQmffg
"Cyberpunk 2077 - Teaser Trailer",,,,youtube,DvVjkqB3LH0,,"2026-10-09 13:44",,https://www.youtube.com/watch?v=DvVjkqB3LH0
"BabyTron - 100 Bars (Official Music Video)",,,,youtube,v77ajUleJ5c,,"2026-10-09 13:44",,https://www.youtube.com/watch?v=v77ajUleJ5c
"SPEED UP",Bejalvin,,,youtube,mZap_1oo9Uw,,"2026-10-09 13:44",,https://www.youtube.com/watch?v=mZap_1oo9Uw
"Beyoncé, Madonna - BREAK MY SOUL (THE QUEENS REMIX - Official Visualizer)",,,,youtube,7UgIGVDEs_8,,"2026-10-09 13:44",,https://www.youtube.com/watch?v=7UgIGVDEs_8
"Beyoncé, will.i.am - BREAK MY SOUL (will.i.am Remix - Official Visualizer)",,,,youtube,UBD_qDmKhns,,"2026-10-09 13:44",,https://www.youtube.com/watch?v=UBD_qDmKhns
"Billie Eilish - you should see me in a crown (Vertical Video)",,,,youtube,Ah0Ys50CqO8,,"2026-10-09 13:44",,https://www.youtube.com/watch?v=Ah0Ys50CqO8
insane-(milkfish-normal-mix).ₘₚ₃,,,,youtube,orzu2OVlGjc,,"2026-10-09 13:44",,https://www.youtube.com/watch?v=orzu2OVlGjc
"Tiga - Bugatti / Gta 5 / The Black Madonna LSUR",,,,youtube,T8UOVvQ9HE0,,"2026-10-09 13:44",,https://www.youtube.com/watch?v=T8UOVvQ9HE0
"The Blessed Madonna - Serotonin Moonbeams  (Official Audio)",,,,youtube,2psyvlePohU,,"2026-10-09 13:44",,https://www.youtube.com/watch?v=2psyvlePohU
Avalanche,"Boys Noize",,,youtube,qeHzNqCbSJo,,"2026-10-09 13:44",,https://www.youtube.com/watch?v=qeHzNqCbSJo
argyle,,,,youtube,hQrmtwhztnc,,"2026-10-09 13:44",,https://www.youtube.com/watch?v=hQrmtwhztnc
"J'OUVERT - BROCKHAMPTON",,,,youtube,PkLPFi4fmug,,"2026-10-09 13:44",,https://www.youtube.com/watch?v=PkLPFi4fmug
"Boy Bye - BROCKHAMPTON",,,,youtube,hQoN8Daltfc,,"2026-10-09 13:44",,https://www.youtube.com/watch?v=hQoN8Daltfc
"THE LIGHT - BROCKHAMPTON",,,,youtube,VZo7YyffGNs,,"2026-10-09 13:44",,https://www.youtube.com/watch?v=VZo7YyffGNs
"Take It Back - BROCKHAMPTON",,,,youtube,FXXhzribAqw,,"2026-10-09 13:44",,https://www.youtube.com/watch?v=FXXhzribAqw
"Basement - BROCKHAMPTON",,,,youtube,VEncMjufCr0,,"2026-10-09 13:44",,https://www.youtube.com/watch?v=VEncMjufCr0
"Burial: Dog Shelter (Hyperdub 2007)",,,,youtube,PSTv1WjHBn8,,"2026-10-09 13:44",,https://www.youtube.com/watch?v=PSTv1WjHBn8
"The Cataracs - Top Of The World (Closed-Captioned) ft. DEV",,,,youtube,33lLpK2KPCQ,,"2026-10-09 13:44",,https://www.youtube.com/watch?v=33lLpK2KPCQ
"The Chainsmokers - Don't Let Me Down (Official Video) ft. Daya",,,,youtube,Io0fBr1XBUA,,"2026-10-09 13:44",,https://www.youtube.com/watch?v=Io0fBr1XBUA
"Drake - Hotline Bling (Charlie Puth & Kehlani Cover) [Wildfellaz & Arman Cekin Remix]",,,,youtube,PPMW_355CUs,,"2026-10-09 13:44",,https://www.youtube.com/watch?v=PPMW_355CUs
"Childish Gambino - 3005",,,,youtube,tG35R8F2j8k,,"2026-10-09 13:44",,https://www.youtube.com/watch?v=tG35R8F2j8k
"【VOCALOID Original】ECHO【Gumi English】",,,,youtube,cQKGUgOfD8U,,"2026-10-09 13:44",,https://www.youtube.com/watch?v=cQKGUgOfD8U
"【VOCALOID Original】Again【Gumi English】",,,,youtube,jdQWia3fwMU,,"2026-10-09 13:44",,https://www.youtube.com/watch?v=jdQWia3fwMU
"SOPHIE & Shygirl & Clockwork Venus - BM | Cyberpunk 2077 OST",,,,youtube,xFRLxZ3e62o,,"2026-10-09 13:44",,https://www.youtube.com/watch?v=xFRLxZ3e62o
"Retinal Scam - Across the Floor (Cyberpunk 2077 103.5 Radio Pebkac)",,,,youtube,tJS8To2sg7A,,"2026-10-09 13:44",,https://www.youtube.com/watch?v=tJS8To2sg7A
"Cyberpunk 2077: Phantom Liberty – All In (feat. Idris Elba)",,,,youtube,P39n86v-T7w,,"2026-10-09 13:44",,https://www.youtube.com/watch?v=P39n86v-T7w
"Cyberpunk 2077 - Impulse Radio 99.9 - The Private Press - WOOZEE",,,,youtube,PIGiJtZ1Nu4,,"2026-10-09 13:44",,https://www.youtube.com/watch?v=PIGiJtZ1Nu4
"Daft Punk - Face to Face (Official Audio)",,,,youtube,UKYWWfR_GKA,,"2026-10-09 13:44",,https://www.youtube.com/watch?v=UKYWWfR_GKA
"deadmau5 - Strobe (Michael Woods 2014 remix)",,,,youtube,m2SfAzJHhsA,,"2026-10-09 13:45",,https://www.youtube.com/watch?v=m2SfAzJHhsA
"Vs. Susie","Toby Fox",,,youtube,cGuDpoJNImA,,"2026-10-09 13:45",,https://www.youtube.com/watch?v=cGuDpoJNImA
"THE WORLD REVOLVING","Toby Fox",,,youtube,Z01Tsgwe2dQ,,"2026-10-09 13:45",,https://www.youtube.com/watch?v=Z01Tsgwe2dQ
"Pharrell Williams - Double Life (From ""Despicable Me 4"" - Official Lyric Video)",,,,youtube,kSjGtfcaTjU,,"2026-10-09 13:45",,https://www.youtube.com/watch?v=kSjGtfcaTjU
"Destiny's Child - Survivor (Official HD Video)",,,,youtube,Wmc8bQoL-J0,,"2026-10-09 13:45",,https://www.youtube.com/watch?v=Wmc8bQoL-J0
"I Remember","Yo Gotti",,,youtube,t1xniUcmVR8,,"2026-10-09 13:45",,https://www.youtube.com/watch?v=t1xniUcmVR8
Jumpman,Drake,,,youtube,drprt4Dft7Y,,"2026-10-09 13:45",,https://www.youtube.com/watch?v=drprt4Dft7Y
"Ed Sheeran - Sing [Official Music Video]",,,,youtube,tlYcUqEPN58,,"2026-10-09 13:45",,https://www.youtube.com/watch?v=tlYcUqEPN58
"Ellie Goulding - Lights (Bassnectar Remix / Official Video)",,,,youtube,Imixg3jrJS8,,"2026-10-09 13:45",,https://www.youtube.com/watch?v=Imixg3jrJS8
"Eminem - Stan (Long Version) ft. Dido",,,,youtube,gOMhN-hfMtY,,"2026-10-09 13:45",,https://www.youtube.com/watch?v=gOMhN-hfMtY
"宇多田ヒカル『One Last Kiss』",,,,youtube,0Uhh62MUEic,,"2026-10-09 13:45",,https://www.youtube.com/watch?v=0Uhh62MUEic
"Lil Uzi Vert, Quavo & Travis Scott - Go Off (from The Fate of the Furious: The Album) [MUSIC VIDEO]",,,,youtube,0TxcJ3Ud-To,,"2026-10-09 13:45",,https://www.youtube.com/watch?v=0TxcJ3Ud-To
"Feder - Goodbye feat. Lyse (Official Video)",,,,youtube,Mptdcx36qZU,,"2026-10-09 13:45",,https://www.youtube.com/watch?v=Mptdcx36qZU
"femtanyl - MURDER EVERY 1 U KNOW! (feat. takihasdied)",,,,youtube,ZGCckws9SJI,,"2026-10-09 13:45",,https://www.youtube.com/watch?v=ZGCckws9SJI
"FKA twigs - Oh my Love at Montreux Jazz Festival in Switzerland (July 13, 2025)",,,,youtube,uSYBEptQV_w,,"2026-10-09 13:45",,https://www.youtube.com/watch?v=uSYBEptQV_w
"one you know","food house",,,youtube,lxwK4ILnccU,,"2026-10-09 13:45",,https://www.youtube.com/watch?v=lxwK4ILnccU
curses,"food house",,,youtube,OMhMPbRrqrY,,"2026-10-09 13:45",,https://www.youtube.com/watch?v=OMhMPbRrqrY
"Gupi & Fraxiom - Thos Moser (Official Music Video)",,,,youtube,khmjbZtMrJQ,,"2026-10-09 13:45",,https://www.youtube.com/watch?v=khmjbZtMrJQ
"TOBACCO - Fresh Hex (ft. Beck) - (Unofficial Video)",,,,youtube,Frnp_vuj-us,,"2026-10-09 13:45",,https://www.youtube.com/watch?v=Frnp_vuj-us
"Gesaffelstein - Opr",,,,youtube,_XhLIXjUtFg,,"2026-10-09 13:45",,https://www.youtube.com/watch?v=_XhLIXjUtFg
"Reusing 3D printer waste as arts material",,,,youtube,TS5nT6GL5ac,,"2026-10-09 13:45",,https://www.youtube.com/watch?v=TS5nT6GL5ac
"DROP IT LIKE IT'S HOT! (Prod. Luga)",,,,youtube,CGLGXkEyE3w,,"2026-10-09 13:45",,https://www.youtube.com/watch?v=CGLGXkEyE3w
"Herve Pagez, Diplo - Spicy (Official Video) ft. Charli XCX",,,,youtube,bGrxBmyiMls,,"2026-10-09 13:45",,https://www.youtube.com/watch?v=bGrxBmyiMls
"B-Boy Document '99 - The High & Mighty ft. Mos Def & Mad Skillz",,,,youtube,QmoCPz5p938,,"2026-10-09 13:45",,https://www.youtube.com/watch?v=QmoCPz5p938
"宇多田ヒカル『One Last Kiss』",,,,youtube,0Uhh62MUEic,,"2026-10-09 13:45",,https://www.youtube.com/watch?v=0Uhh62MUEic
"Get Ready","Cédric Menendez",,,youtube,XHH8LtmHToE,,"2026-10-09 13:45",,https://www.youtube.com/watch?v=XHH8LtmHToE
"Lorde - Yellow Flicker Beat (Hunger Games)",,,,youtube,3PdILZ_1P74,,"2026-10-09 13:45",,https://www.youtube.com/watch?v=3PdILZ_1P74
"iDubbbz - Asian Jake Paul ft. Boyinaband (Official RiceGum Diss Track Music Video) | Terrabyte Music",,,,youtube,0_HF1n44FzI,,"2026-10-09 13:45",,https://www.youtube.com/watch?v=0_HF1n44FzI
"j-hope ‘Killin' It Girl (feat. GloRilla)’ Official MV",,,,youtube,q9leDzlNEaY,,"2026-10-09 13:45",,https://www.youtube.com/watch?v=q9leDzlNEaY
"Goldfinger • Theme Song • Shirley Bassey",,,,youtube,Hn2oPN1cDQg,,"2026-10-09 13:45",,https://www.youtube.com/watch?v=Hn2oPN1cDQg
"JAŸ-Z - Family Feud ft. Beyoncé",,,,youtube,z2kEKZ6jyQQ,,"2026-10-09 13:45",,https://www.youtube.com/watch?v=z2kEKZ6jyQQ
"Aisle 10 (Hello Allison)","Scapegoat Wax",,,youtube,DPUfKfxe8Zo,,"2026-10-09 13:45",,https://www.youtube.com/watch?v=DPUfKfxe8Zo
"The Prunes ft. Freestyle - Rockin' the Mic (The Latch Brothers Remix)",,,,youtube,uNhyRKfWZl0,,"2026-10-09 13:45",,https://www.youtube.com/watch?v=uNhyRKfWZl0
"JPEGMAFIA x Danny Brown - Garbage Pale Kids",,,,youtube,fnHA9LyF6IA,,"2026-10-09 13:45",,https://www.youtube.com/watch?v=fnHA9LyF6IA
"Livin' It Up","Ja Rule",,,youtube,SFMy2NuOVic,,"2026-10-09 13:45",,https://www.youtube.com/watch?v=SFMy2NuOVic
"Justice - Afterimage (Starring RIMON) (Official Video)",,,,youtube,T4gNbo5goRc,,"2026-10-09 13:45",,https://www.youtube.com/watch?v=T4gNbo5goRc
"Afterimage (Jersey Remix)",Justice,,,youtube,J_8-GWUVUMA,,"2026-10-09 13:45",,https://www.youtube.com/watch?v=J_8-GWUVUMA
"Kanye west met his match at his own audition 😂#fypシ゚viral",,,,youtube,GmKo_Lhc9PE,,"2026-10-09 13:45",,https://www.youtube.com/watch?v=GmKo_Lhc9PE
"So Appalled","Kanye West",,,youtube,0o9HzQ3zAcE,,"2026-10-09 13:45",,https://www.youtube.com/watch?v=0o9HzQ3zAcE
"RICK ROSS - DEVIL IN A NEW DRESS",,,,youtube,50GVPFj66CY,,"2026-10-09 13:45",,https://www.youtube.com/watch?v=50GVPFj66CY
"Kelis - Millionaire (Official Music Video)",,,,youtube,8qImH-0UCHI,,"2026-10-09 13:45",,https://www.youtube.com/watch?v=8qImH-0UCHI
"倖田來未 / Crazy 4 U",,,,youtube,2cDwT7QJkrw,,"2026-10-09 13:45",,https://www.youtube.com/watch?v=2cDwT7QJkrw
"Kraftwerk   Boing Bumm Tschak [HD]",,,,youtube,dWvNYDA0hkU,,"2026-10-09 13:45",,https://www.youtube.com/watch?v=dWvNYDA0hkU
"KUČKA - One More Night (ft Flume)",,,,youtube,w8bVV3zUIuU,,"2026-10-09 13:45",,https://www.youtube.com/watch?v=w8bVV3zUIuU
"Lady Gaga - ""Applause"" - Purity Ring Remix",,,,youtube,__IR7jc9O6o,,"2026-10-09 13:45",,https://www.youtube.com/watch?v=__IR7jc9O6o
"Bloodlust - Left at London (single)",,,,youtube,W2cdKVQhT6U,,"2026-10-09 13:45",,https://www.youtube.com/watch?v=W2cdKVQhT6U
"By Myself - Linkin Park (Hybrid Theory)",,,,youtube,wWBp-nlGX1o,,"2026-10-09 13:45",,https://www.youtube.com/watch?v=wWBp-nlGX1o
"Forgotten - Linkin Park (Hybrid Theory)",,,,youtube,HNCgBuI2eJc,,"2026-10-09 13:45",,https://www.youtube.com/watch?v=HNCgBuI2eJc
"Excruciating Deth",Release,,,youtube,LFXX2GSzJjs,,"2026-10-09 13:45",,https://www.youtube.com/watch?v=LFXX2GSzJjs
"Mario Kart 8 Deluxe - Intro (Ver. 2.0.0)",,,,youtube,5-5Y3S0nrko,,"2026-10-09 13:45",,https://www.youtube.com/watch?v=5-5Y3S0nrko
"Dance (The Young Punx Mix)",Release,,,youtube,XAIUQr_35Ok,,"2026-10-09 13:46",,https://www.youtube.com/watch?v=XAIUQr_35Ok
"10 Dollar",M.I.A.,,,youtube,YVJ1PPKFUgQ,,"2026-10-09 13:46",,https://www.youtube.com/watch?v=YVJ1PPKFUgQ
"STORY TO BE TOLD",M.I.A.,,,youtube,F8Ot0V8NMMk,,"2026-10-09 13:46",,https://www.youtube.com/watch?v=F8Ot0V8NMMk
"M.I.A. - Popular (Official Video)",,,,youtube,m9AzBzHBXok,,"2026-10-09 13:46",,https://www.youtube.com/watch?v=m9AzBzHBXok
"𝙸 𝙰𝙼 𝙸𝙽 𝚃𝙷𝙴 𝙼𝙰𝚃𝚁𝙸𝚇 𝙰𝙽𝙳 𝙸 𝙹𝚄𝚂𝚃 𝚃𝙾𝙾𝙺 𝚃𝙷𝙴 𝙱𝙻𝚄𝙴 𝙿𝙸𝙻𝙻",,,,youtube,kSo45_0b1B0,,"2026-10-09 13:46",,https://www.youtube.com/watch?v=kSo45_0b1B0
"Ballad of the Cats","Daniel Rosenfeld",,,youtube,a_ivGUneSVo,,"2026-10-09 13:46",,https://www.youtube.com/watch?v=a_ivGUneSVo
"Nadia Oh 'Amsterdam'",,,,youtube,ss-A5-C50FI,,"2026-10-09 13:46",,https://www.youtube.com/watch?v=ss-A5-C50FI
"Intro / Time For Some Action",N.E.R.D.,,,youtube,vkNskvWB1hc,,"2026-10-09 13:46",,https://www.youtube.com/watch?v=vkNskvWB1hc
Happy,N.E.R.D.,,,youtube,VCF4g2U_Oi0,,"2026-10-09 13:46",,https://www.youtube.com/watch?v=VCF4g2U_Oi0
"You Know What",N.E.R.D.,,,youtube,tQDEf0pTjhk,,"2026-10-09 13:46",,https://www.youtube.com/watch?v=tQDEf0pTjhk
"Yeah Yeah Yeahs - Heads Will Roll (A-Trak remix)",,,,youtube,umAL-6-j1Ew,,"2026-10-09 13:46",,https://www.youtube.com/watch?v=umAL-6-j1Ew
Blazin,"Nicki Minaj",,,youtube,72BlWUYSugM,,"2026-10-09 13:46",,https://www.youtube.com/watch?v=72BlWUYSugM
"Nirvana- Rape Me (Audio)",,,,youtube,b_ty7PVtHgY,,"2026-10-09 13:46",,https://www.youtube.com/watch?v=b_ty7PVtHgY
"Nirvana- Pennyroyal Tea (Audio)",,,,youtube,OUZZ_ZT8_TU,,"2026-10-09 13:46",,https://www.youtube.com/watch?v=OUZZ_ZT8_TU
"Nirvana - Radio-Friendly Unit Shifter",,,,youtube,P7B-AlKTdGQ,,"2026-10-09 13:46",,https://www.youtube.com/watch?v=P7B-AlKTdGQ
"N.W.A. - Fuk Da Police",,,,youtube,qZuxPKUVGiw,,"2026-10-09 13:46",,https://www.youtube.com/watch?v=qZuxPKUVGiw
"orlando voorm and  paco di bango's world",,,,youtube,XjxdwXsM-GE,,"2026-10-09 13:46",,https://www.youtube.com/watch?v=XjxdwXsM-GE
"PIERI ""Si Me Ven"" (Official Video)",,,,youtube,zZHxDQgX0ZU,,"2026-10-09 13:46",,https://www.youtube.com/watch?v=zZHxDQgX0ZU
"Poppy - Time Is Up (feat. Diplo) [Official Music Video]",,,,youtube,gg2pS9KN28U,,"2026-10-09 13:46",,https://www.youtube.com/watch?v=gg2pS9KN28U
"The presets - Talk like that live at take 40 stars of summer 2012",,,,youtube,dvWwiHBELnA,,"2026-10-09 13:46",,https://www.youtube.com/watch?v=dvWwiHBELnA
"The Prodigy - Voodoo People (Pendulum Remix)",,,,youtube,XQEBzauVIlA,,"2026-10-09 13:46",,https://www.youtube.com/watch?v=XQEBzauVIlA
"Anthrax, Public Enemy - Bring Tha Noize (Official Music Video)",,,,youtube,FQ3WZaKjHNQ,,"2026-10-09 13:46",,https://www.youtube.com/watch?v=FQ3WZaKjHNQ
"Ravenna Golden- Racecar. (prod. umru and Drew Telly)",,,,youtube,bTLCTBGVsUE,,"2026-10-09 13:46",,https://www.youtube.com/watch?v=bTLCTBGVsUE
"[Rhythm Heaven] - Big Rock Finish (Perfect) (English)",,,,youtube,g5uHzCJflgs,,"2026-10-09 13:46",,https://www.youtube.com/watch?v=g5uHzCJflgs
"Endless Remix - Rhythm Heaven Fever",,,,youtube,ybF0KlGYMPI,,"2026-10-09 13:46",,https://www.youtube.com/watch?v=ybF0KlGYMPI
"Skip To The Good Bit - Rizzle Kicks (Original Audio)",,,,youtube,RaljppB3azs,,"2026-10-09 13:46",,https://www.youtube.com/watch?v=RaljppB3azs
"Rozalla - Everybody's Free (To Feel Good) [Official HD Music Video]",,,,youtube,95_dAQHui94,,"2026-10-09 13:46",,https://www.youtube.com/watch?v=95_dAQHui94
"The Rubens: Hoops (Official Video)",,,,youtube,LFBe_wP2_gw,,"2026-10-09 13:46",,https://www.youtube.com/watch?v=LFBe_wP2_gw
櫻坂46『承認欲求』,,,,youtube,x_BjvhMW9TE,,"2026-10-09 13:46",,https://www.youtube.com/watch?v=x_BjvhMW9TE
"CTFO With No Pants On",,,,youtube,wD6W_p6mPqA,,"2026-10-09 13:46",,https://www.youtube.com/watch?v=wD6W_p6mPqA
"SebastiAn - Sober feat. Bakar (Official Music Video)",,,,youtube,CfDlGoOqf-Y,,"2026-10-09 13:46",,https://www.youtube.com/watch?v=CfDlGoOqf-Y
"Shygirl - F*Me ft. Yseult",,,,youtube,6JfhBKTPotc,,"2026-10-09 13:46",,https://www.youtube.com/watch?v=6JfhBKTPotc
"Stevie Wonder - Faith ft. Ariana Grande",,,,youtube,hNMMN46uFCc,,"2026-10-09 13:46",,https://www.youtube.com/watch?v=hNMMN46uFCc
"DRAGONFIST DELTAX9",,,,youtube,9Oot5FkEAlM,,"2026-10-09 13:46",,https://www.youtube.com/watch?v=9Oot5FkEAlM
"slowthai - Inglorious ft. Skepta",,,,youtube,kHTX4i31rBw,,"2026-10-09 13:46",,https://www.youtube.com/watch?v=kHTX4i31rBw
"Sonic CD (JP) OST: Stardust Speedway (Past)",,,,youtube,_D7bMId72dI,,"2026-10-09 13:46",,https://www.youtube.com/watch?v=_D7bMId72dI
"SONIKKU - Sweat ft. LIZ (SOPHIE Remix) [Official Audio] *epilepsy warning",,,,youtube,4aQtbi6svTU,,"2026-10-09 13:46",,https://www.youtube.com/watch?v=4aQtbi6svTU
"SOPHIE - L.O.V.E. (Official Stream)",,,,youtube,BY9ejw1728w,,"2026-10-09 13:46",,https://www.youtube.com/watch?v=BY9ejw1728w
"SOPHIE NOTHING MORE TO SAY / EEEHHH",,,,youtube,byyQsLaCAdk,,"2026-10-09 13:46",,https://www.youtube.com/watch?v=byyQsLaCAdk
"SOPHIE - Is It Cold In The Water? (Flume & Eprom Remix)",,,,youtube,coXTMUhWFmY,,"2026-10-09 13:46",,https://www.youtube.com/watch?v=coXTMUhWFmY
"NY Excuse",Soulwax,,,youtube,a74-ZqWN_5c,,"2026-10-09 13:46",,https://www.youtube.com/watch?v=a74-ZqWN_5c
"The Story Behind Splatoon 3's Splatsville",,,,youtube,bDwLDxySQI4,,"2026-10-09 13:46",,https://www.youtube.com/watch?v=bDwLDxySQI4
"Fuzzy Dazzler - Splatoon 3 OST",,,,youtube,8_j74jkaHyE,,"2026-10-09 13:46",,https://www.youtube.com/watch?v=8_j74jkaHyE
"Splattack! - [C-Side]",,,,youtube,N-aHclReIVQ,,"2026-10-09 13:46",,https://www.youtube.com/watch?v=N-aHclReIVQ
"Steve Lacy - Sunshine (Official Video) ft. Fousheé",,,,youtube,RC8u7RJe-TE,,"2026-10-09 13:46",,https://www.youtube.com/watch?v=RC8u7RJe-TE
"Timbaland - Give It To Me ft. Nelly Furtado, Justin Timberlake (HYALYTE Baile Remix)",,,,youtube,-VQPGmDu2A4,,"2026-10-09 13:46",,https://www.youtube.com/watch?v=-VQPGmDu2A4
"Nasty (Match My Speed Remix)",Tinashe,,,youtube,X0dfn3sv9Qo,,"2026-10-09 13:46",,https://www.youtube.com/watch?v=X0dfn3sv9Qo
"Tkay Maidza - 24k (Official Video)",,,,youtube,vuK5UUokdFs,,"2026-10-09 13:46",,https://www.youtube.com/watch?v=vuK5UUokdFs
"Todd Edwards - No Scrubs",,,,youtube,t-JCmPUHp3Q,,"2026-10-09 13:46",,https://www.youtube.com/watch?v=t-JCmPUHp3Q
"""MIND WALL"" TOWA TEI",,,,youtube,sgJjgs3l8pY,,"2026-10-09 13:46",,https://www.youtube.com/watch?v=sgJjgs3l8pY
"BLESSED (Audio)",,,,youtube,opm2OTKAffE,,"2026-10-09 13:47",,https://www.youtube.com/watch?v=opm2OTKAffE
DOGTOOTH,,,,youtube,2TVXi_9Bvlg,,"2026-10-09 13:47",,https://www.youtube.com/watch?v=2TVXi_9Bvlg
"Loansharks (feat. gabby start)",,,,youtube,2U4UOH7mSpU,,"2026-10-09 13:47",,https://www.youtube.com/watch?v=2U4UOH7mSpU
"Imogen Heap - Headlock (Official Video)",,,,youtube,roPiy2JydwA,,"2026-10-09 13:47",,https://www.youtube.com/watch?v=roPiy2JydwA
"038. Spooktune (UNDERTALE Soundtrack) - Toby Fox",,,,youtube,lV65zxK61cI,,"2026-10-09 13:47",,https://www.youtube.com/watch?v=lV65zxK61cI
"The Veronicas- Untouched (Dj Phunk Remix)",,,,youtube,CSzDeJDYYpA,,"2026-10-09 13:47",,https://www.youtube.com/watch?v=CSzDeJDYYpA
"Your Music Is Killing Me (Olav Basoski Mix)","The Young Punx",,,youtube,G00QaQo2h-8,,"2026-10-09 13:47",,https://www.youtube.com/watch?v=G00QaQo2h-8
"The Young Punx – Got Your Number (The Young Punx' Hedkore Mix)",,,,youtube,bns1zes5st4,,"2026-10-09 13:47",,https://www.youtube.com/watch?v=bns1zes5st4
"Niamos! (Coruscant Lounge Mix)","Nicholas Britell",,,youtube,weAAWcQtcj0,,"2026-10-09 13:47",,https://www.youtube.com/watch?v=weAAWcQtcj0
"Animal Collective's ""Banshee Beat"" (studio)",,,,youtube,jj-0vMrZJbo,,"2026-10-09 13:47",,https://www.youtube.com/watch?v=jj-0vMrZJbo
"nothing says “it’s time for bed” more than the 3am music 😵‍💫 #acnh #animalcrossing",,,,youtube,QotZbOji_DM,,"2026-10-09 13:47",,https://www.youtube.com/watch?v=QotZbOji_DM
"11pm - Animal Crossing Wild World",,,,youtube,L1bjugMqKZE,,"2026-10-09 13:47",,https://www.youtube.com/watch?v=L1bjugMqKZE
"at the corner store",,,,youtube,0_wzpkwIM2A,,"2026-10-09 13:47",,https://www.youtube.com/watch?v=0_wzpkwIM2A
"Billie Eilish - Halley’s Comet (Official Lyric Video)",,,,youtube,geUYm3f6ZA4,,"2026-10-09 13:47",,https://www.youtube.com/watch?v=geUYm3f6ZA4
"björk : possibly maybe (HD)",,,,youtube,iyqKy5P1Y0Q,,"2026-10-09 13:47",,https://www.youtube.com/watch?v=iyqKy5P1Y0Q
"B.o.B - Magic (feat. Rivers Cuomo) [Official Video]",,,,youtube,Cq-NShfefks,,"2026-10-09 13:47",,https://www.youtube.com/watch?v=Cq-NShfefks
"Bomb Rush Cyberfunk Condensed Milk combo",,,,youtube,ec2ygRx7qAw,,"2026-10-09 13:47",,https://www.youtube.com/watch?v=ec2ygRx7qAw
argyle,,,,youtube,hQrmtwhztnc,,"2026-10-09 13:47",,https://www.youtube.com/watch?v=hQrmtwhztnc
"BROCKHAMPTON - M.O.B.",,,,youtube,xdh2EDsKsBc,,"2026-10-09 13:47",,https://www.youtube.com/watch?v=xdh2EDsKsBc
"Boyband - BROCKHAMPTON",,,,youtube,v7memJpmTag,,"2026-10-09 13:47",,https://www.youtube.com/watch?v=v7memJpmTag
"Any Way You Want Me - BROCKHAMPTON",,,,youtube,r-3m7Qk3D-Q,,"2026-10-09 13:47",,https://www.youtube.com/watch?v=r-3m7Qk3D-Q
"Bunnings Warehouse Theme",,,,youtube,-zlsjzT7n9A,,"2026-10-09 13:47",,https://www.youtube.com/watch?v=-zlsjzT7n9A
"CactusTeam - flutterbies (feat. MixAndMash)",,,,youtube,wWEXSfz--RM,,"2026-10-09 13:47",,https://www.youtube.com/watch?v=wWEXSfz--RM
"Charli xcx - party 4 u (official video)",,,,youtube,agu22bqGHto,,"2026-10-09 13:47",,https://www.youtube.com/watch?v=agu22bqGHto
"Charli xcx - b2b (qyurisuu remix)",,,,youtube,DQ22Uayxc-c,,"2026-10-09 13:47",,https://www.youtube.com/watch?v=DQ22Uayxc-c
"Chris Brown - Forever (Official HD Video)",,,,youtube,5sMKX22BHeE,,"2026-10-09 13:47",,https://www.youtube.com/watch?v=5sMKX22BHeE
"【Official Music Video】Nyan Cat - daniwellP【Nyanyanyanyanyanyanya!】",,,,youtube,LfKCLdPTqtM,,"2026-10-09 13:47",,https://www.youtube.com/watch?v=LfKCLdPTqtM
"Don't Forget","Toby Fox",,,youtube,YLeid-bIRQA,,"2026-10-09 13:47",,https://www.youtube.com/watch?v=YLeid-bIRQA
"Cyber Battle (Solo)","Toby Fox",,,youtube,10yw5Q0mPPw,,"2026-10-09 13:47",,https://www.youtube.com/watch?v=10yw5Q0mPPw
"11. Ruder Buster (DELTARUNE Chapter 3+4 Soundtrack) - Toby Fox",,,,youtube,N117e1Ub39A,,"2026-10-09 13:47",,https://www.youtube.com/watch?v=N117e1Ub39A
"let's go home","Jane Remover",,,youtube,GjeIkUIm10U,,"2026-10-09 13:47",,https://www.youtube.com/watch?v=GjeIkUIm10U
"Donatachi - bad 4 me ft. hearteyes",,,,youtube,cTGs3b1deNY,,"2026-10-09 13:47",,https://www.youtube.com/watch?v=cTGs3b1deNY
"Santa Cruz by Fatboy Slim [Official Video]",,,,youtube,D06ZivsDJmc,,"2026-10-09 13:47",,https://www.youtube.com/watch?v=D06ZivsDJmc
"Behind Flume's cover of 'Shooting Stars' for Like A Version (Interview)",,,,youtube,-w1eK0AutcQ,,"2026-10-09 13:47",,https://www.youtube.com/watch?v=-w1eK0AutcQ
"kutna hora","food house",,,youtube,dok_tRJPAng,,"2026-10-09 13:47",,https://www.youtube.com/watch?v=dok_tRJPAng
"Fortnite | Winterfest Wish Lobby Music",,,,youtube,ImDa2MB_hoQ,,"2026-10-09 13:47",,https://www.youtube.com/watch?v=ImDa2MB_hoQ
"Bad Reputation - Joan Jett (Official Music Video) [Remastered HD]",,,,youtube,nO6YL09T8Fw,,"2026-10-09 13:47",,https://www.youtube.com/watch?v=nO6YL09T8Fw
"The Who (feat. Eyas)",JPEGMAFIA,,,youtube,5mkZlkz_Wbo,,"2026-10-09 13:47",,https://www.youtube.com/watch?v=5mkZlkz_Wbo
"Animaux - Can I be the one?  D'olcinium Kite Beach, Ulcinj, Montenegro",,,,youtube,CNPcLVfqCJ8,,"2026-10-09 13:47",,https://www.youtube.com/watch?v=CNPcLVfqCJ8
"Heart to Break - Kim Petras (Official Music Video)",,,,youtube,5CPeHQHAQyo,,"2026-10-09 13:47",,https://www.youtube.com/watch?v=5CPeHQHAQyo
"Zelda: Ocarina Of Time (Music) - Inside The Deku Tree",,,,youtube,BOzKT8POnso,,"2026-10-09 13:47",,https://www.youtube.com/watch?v=BOzKT8POnso
"Lightning Crashes.avi",,,,youtube,Q2upxT9MX9o,,"2026-10-09 13:47",,https://www.youtube.com/watch?v=Q2upxT9MX9o
"Ludacris - Pimpin' All Over The World (AOL Sessions) ft. Bobby V.",,,,youtube,7sAkmksb4HQ,,"2026-10-09 13:47",,https://www.youtube.com/watch?v=7sAkmksb4HQ
"mgk - 9 lives (Official Music Video)",,,,youtube,doEjuluqimA,,"2026-10-09 13:47",,https://www.youtube.com/watch?v=doEjuluqimA
"MIKI from Guitar Vader & Hideki Naganuma - Juku Nanka Ikanai [Nanka Samba Mix]",,,,youtube,m0usxI9ftUk,,"2026-10-09 13:47",,https://www.youtube.com/watch?v=m0usxI9ftUk
"C418 - Floating Trees (Minecraft Volume Beta)",,,,youtube,j1Z_Ihkluek,,"2026-10-09 13:47",,https://www.youtube.com/watch?v=j1Z_Ihkluek
"Part 2 disc plays C418 - ward",,,,youtube,cwLCip0UdZI,,"2026-10-09 13:47",,https://www.youtube.com/watch?v=cwLCip0UdZI
"Echo in the Wind","Aaron Cherof",,,youtube,Uu3dshFseaU,,"2026-10-09 13:47",,https://www.youtube.com/watch?v=Uu3dshFseaU
"[DnB] - Neil Diamond - Sweet Caroline (Diagnostix Bootleg)",,,,youtube,M14yIdVRBic,,"2026-10-09 13:47",,https://www.youtube.com/watch?v=M14yIdVRBic
"N.E.R.D. - Sooner or Later (Official Music Video)",,,,youtube,E6frJ5IEA2Q,,"2026-10-09 13:47",,https://www.youtube.com/watch?v=E6frJ5IEA2Q
"Oklou - take me by the hand ft. Bladee (Official Video)",,,,youtube,jdU16tnrt14,,"2026-10-09 13:48",,https://www.youtube.com/watch?v=jdU16tnrt14
"Pete Cannon & Wizard - 'So Excited' @PeteCannonBeats @WizardBeats",,,,youtube,ljhG5guKjNg,,"2026-10-09 13:48",,https://www.youtube.com/watch?v=ljhG5guKjNg
"Caroline Polachek - Door (Official Video)",,,,youtube,7w6R4I7I3wA,,"2026-10-09 13:48",,https://www.youtube.com/watch?v=7w6R4I7I3wA
"Paramore: The Only Exception [OFFICIAL VIDEO]",,,,youtube,-J7J_IWUhls,,"2026-10-09 13:48",,https://www.youtube.com/watch?v=-J7J_IWUhls
"Young Girl / I Really Like You",Pharrell,,,youtube,WnTes2JkhjI,,"2026-10-09 13:48",,https://www.youtube.com/watch?v=WnTes2JkhjI
Mileage,"Playboi Carti",,,youtube,5ep6XUPtbHM,,"2026-10-09 13:48",,https://www.youtube.com/watch?v=5ep6XUPtbHM
"PATCH 5.01 vs 5.00c Performance Test | The Witcher 3 Remastered —  RTX 5080",,,,youtube,dJr5yAvf1qI,,"2026-10-09 13:48",,https://www.youtube.com/watch?v=dJr5yAvf1qI
"The Satellites - Wayward Pup",,,,youtube,0QtskgnVn8s,,"2026-10-09 13:48",,https://www.youtube.com/watch?v=0QtskgnVn8s
"Rema - Calm Down (Official Music Video)",,,,youtube,CQLsdm1ZYAw,,"2026-10-09 13:48",,https://www.youtube.com/watch?v=CQLsdm1ZYAw
"Rhythm Heaven Custom Remix - Struck by the Rain by Tsunku♂",,,,youtube,hfu-w6LDVXY,,"2026-10-09 13:48",,https://www.youtube.com/watch?v=hfu-w6LDVXY
"[Rhythm Heaven] - Big Rock Finish (Perfect) (English)",,,,youtube,g5uHzCJflgs,,"2026-10-09 13:48",,https://www.youtube.com/watch?v=g5uHzCJflgs
"Remix 1 - Rhythm Heaven Fever",,,,youtube,NJCsV5EIC0g,,"2026-10-09 13:48",,https://www.youtube.com/watch?v=NJCsV5EIC0g
"Lady Cupid (JP Version) - Rhythm Heaven Fever",,,,youtube,gG2uR8wyPf4,,"2026-10-09 13:48",,https://www.youtube.com/watch?v=gG2uR8wyPf4
"Rihanna - Work (Explicit) ft. Drake",,,,youtube,HL1UzIK-flA,,"2026-10-09 13:48",,https://www.youtube.com/watch?v=HL1UzIK-flA
"Shinichi Osawa / Our Song (A Lonely Girl Version)",,,,youtube,qI2I25gSbnE,,"2026-10-09 13:48",,https://www.youtube.com/watch?v=qI2I25gSbnE
"SONIA DADA-  'LOVER, you dont treat me no good no more.'",,,,youtube,Lqw1Q19i_vQ,,"2026-10-09 13:48",,https://www.youtube.com/watch?v=Lqw1Q19i_vQ
"Escape From the City (City Escape) - Sonic Adventure 2 [OST]",,,,youtube,5WcyVvWZJU4,,"2026-10-09 13:48",,https://www.youtube.com/watch?v=5WcyVvWZJU4
"Jeh Jeh Rocket - Sonic Rush [OST]",,,,youtube,e5BG14-5WXA,,"2026-10-09 13:48",,https://www.youtube.com/watch?v=e5BG14-5WXA
"♪ Squid Squad ᴘʟᴀʏʟɪsᴛ ♫ Caitlin Koi Lyric Video - Splatoon",,,,youtube,2f0qRjAUla8,,"2026-10-09 13:48",,https://www.youtube.com/watch?v=2f0qRjAUla8
"Wii U - Splatoon: ""Shellfie"" by the Chirpy Chips",,,,youtube,xsfg8FOKxBs,,"2026-10-09 13:48",,https://www.youtube.com/watch?v=xsfg8FOKxBs
"Splatoon 2 - Splatfest Inkopolis Square Walkthrough (All details)",,,,youtube,MdTZmI6L_n0,,"2026-10-09 13:48",,https://www.youtube.com/watch?v=MdTZmI6L_n0
"Inkopolis News - Off the Hook [Splatoon 2 OST]",,,,youtube,VFi70wytzmY,,"2026-10-09 13:48",,https://www.youtube.com/watch?v=VFi70wytzmY
"Splatoon 2 OST - Buoyant Boogie (w/ Final Checkpoint)",,,,youtube,txuqakdTPaY,,"2026-10-09 13:48",,https://www.youtube.com/watch?v=txuqakdTPaY
"No Quarters - [Chirpy Chips]",,,,youtube,8r2qxTrRQco,,"2026-10-09 13:48",,https://www.youtube.com/watch?v=8r2qxTrRQco
"#47 onward - Dedf1sh feat. Off the Hook [Ending Credits/Theme] - Splatoon 3: Side Order (Staff Roll)",,,,youtube,5sx60QiLGJ0,,"2026-10-09 13:48",,https://www.youtube.com/watch?v=5sx60QiLGJ0
"Tableturf Three Turns Remaining - Ancho-V Games [Splatoon 3 OST]",,,,youtube,jRRJ0wo47tk,,"2026-10-09 13:48",,https://www.youtube.com/watch?v=jRRJ0wo47tk
"Tableturf Win Theme - Ancho-V Games [Splatoon 3 OST]",,,,youtube,pSqaSDu0qeE,,"2026-10-09 13:48",,https://www.youtube.com/watch?v=pSqaSDu0qeE
"Casino Delfino",,,,youtube,6u2nrmzXn74,,"2026-10-09 13:48",,https://www.youtube.com/watch?v=6u2nrmzXn74
"Into Yesterday (Album Version)","Sugar Ray",,,youtube,hgahgpDrIQQ,,"2026-10-09 13:48",,https://www.youtube.com/watch?v=hgahgpDrIQQ
"NEW 📀 Wipe Out - The Surfaris {DES Stereo} 1963",,,,youtube,m4IfxAQ4TqQ,,"2026-10-09 13:48",,https://www.youtube.com/watch?v=m4IfxAQ4TqQ
"DARLING, I (Official Video)",,,,youtube,kZfz5UlsHlQ,,"2026-10-09 13:48",,https://www.youtube.com/watch?v=kZfz5UlsHlQ
"His Theme","Toby Fox",,,youtube,8tf-gVaHdag,,"2026-10-09 13:48",,https://www.youtube.com/watch?v=8tf-gVaHdag
"Vince Staples - Yeah Right (Audio)",,,,youtube,C6iAzyhm0p0,,"2026-10-09 13:48",,https://www.youtube.com/watch?v=C6iAzyhm0p0
"Weezer - My Name Is Jonas (2024 Remaster)",,,,youtube,qsXmTBTcHz8,,"2026-10-09 13:48",,https://www.youtube.com/watch?v=qsXmTBTcHz8
"Wii Sports - Title (HQ)",,,,youtube,2qvAxPqy2wA,,"2026-10-09 13:48",,https://www.youtube.com/watch?v=2qvAxPqy2wA
"Forever Young - Alphaville - cover Hasta Martes feat. Carina Mennitto",,,,youtube,bRzf-QbhtLU,,"2026-10-09 13:48",,https://www.youtube.com/watch?v=bRzf-QbhtLU
Perfection,Gesaffelstein,,,youtube,RZU5xx0fuvo,,"2026-10-09 13:48",,https://www.youtube.com/watch?v=RZU5xx0fuvo
"Coin Toss (No SFX) - Rhythm Heaven",,,,youtube,HQasl3kuKiw,,"2026-10-09 13:48",,https://www.youtube.com/watch?v=HQasl3kuKiw
"Splatoon Booting up Theme (Drum theme)",,,,youtube,NlbeXKz8Lyo,,"2026-10-09 13:48",,https://www.youtube.com/watch?v=NlbeXKz8Lyo
"Plaza Speakers B - Splatoon OST",,,,youtube,fSUDyuYWZ5o,,"2026-10-09 13:48",,https://www.youtube.com/watch?v=fSUDyuYWZ5o
"Plaza Speakers C - Splatoon OST",,,,youtube,JBXjDF2GOI8,,"2026-10-09 13:48",,https://www.youtube.com/watch?v=JBXjDF2GOI8
"Plaza Speakers H - Splatoon OST",,,,youtube,PJZrkiq8tUU,,"2026-10-09 13:48",,https://www.youtube.com/watch?v=PJZrkiq8tUU
"Plaza Speakers K - Splatoon OST",,,,youtube,PrOpsPE8860,,"2026-10-09 13:48",,https://www.youtube.com/watch?v=PrOpsPE8860
"Splatoon 2 Title Screen - Splatfest",,,,youtube,ndMf1kWaoAE,,"2026-10-09 13:48",,https://www.youtube.com/watch?v=ndMf1kWaoAE
"Fishing Frenzy - ω-3 [Splatoon 2 OST]",,,,youtube,wzYD094syiA,,"2026-10-09 13:48",,https://www.youtube.com/watch?v=wzYD094syiA
"(NEW Salmon Run Track) “Frantic Aspic” - ω-3",,,,youtube,df6Oi-ODo6A,,"2026-10-09 13:48",,https://www.youtube.com/watch?v=df6Oi-ODo6A
"Don't Flinch - Octoplush [Splatoon 3 OST]",,,,youtube,6qdccSI2hsQ,,"2026-10-09 13:48",,https://www.youtube.com/watch?v=6qdccSI2hsQ
"Tyler, The Creator SMUCKERS Music Video",,,,youtube,BcrTXAbcTy8,,"2026-10-09 13:48",,https://www.youtube.com/watch?v=BcrTXAbcTy8
Chill,"Toby Fox",,,youtube,jx8xEu-Cz_s,,"2026-10-09 13:48",,https://www.youtube.com/watch?v=jx8xEu-Cz_s
