title,artist,album,isrc,platform,trackId,duration,addedDate,addedBy,url
"What's Wrong With Me",N.E.R.D.,,,youtube,9gLnyR2VsXU,,"2026-10-09 11:25",,https://www.youtube.com/watch?v=9gLnyR2VsXU
"William C & Chiggz - Back Down (Video - 2016)",,,,youtube,LaPn4oypzwk,,"2026-10-09 11:25",,https://www.youtube.com/watch?v=LaPn4oypzwk
"Go! feat. Sharon Muscat",,,,youtube,5tpV46AO3Ek,,"2026-10-09 11:25",,https://www.youtube.com/watch?v=5tpV46AO3Ek
"The Notorious B.I.G. - Mo Money Mo Problems (Official Music Video) [4K]",,,,youtube,gUhRKVIjJtw,,"2026-10-09 11:25",,https://www.youtube.com/watch?v=gUhRKVIjJtw
"Panic! At The Disco: Don't Threaten Me With A Good Time [OFFICIAL VIDEO]",,,,youtube,H5NqIsnyTG8,,"2026-10-09 11:25",,https://www.youtube.com/watch?v=H5NqIsnyTG8
"Paramore: crushcrushcrush [OFFICIAL VIDEO]",,,,youtube,ei8hPkyJ0bU,,"2026-10-09 11:25",,https://www.youtube.com/watch?v=ei8hPkyJ0bU
"Paul Oakenfold - Ready, Steady, Go (Official Music Video) | Warner Records",,,,youtube,MSv3Oez4O-4,,"2026-10-09 11:25",,https://www.youtube.com/watch?v=MSv3Oez4O-4
"[Official Music Video] Perfume 「シークレットシークレット」",,,,youtube,th8H34qOk30,,"2026-10-09 11:25",,https://www.youtube.com/watch?v=th8H34qOk30
"Phoenix - Winter Solstice (Official Video)",,,,youtube,IkqA-X82P_4,,"2026-10-09 11:25",,https://www.youtube.com/watch?v=IkqA-X82P_4
"Right Now","Playboi Carti",,,youtube,9bp0Dzjaeg8,,"2026-10-09 11:25",,https://www.youtube.com/watch?v=9bp0Dzjaeg8
"Prince swanny catch 22",,,,youtube,_uloKPKRw08,,"2026-10-09 11:25",,https://www.youtube.com/watch?v=_uloKPKRw08
Y.O.U.,Proux,,,youtube,0G6V9sqbZog,,"2026-10-09 11:25",,https://www.youtube.com/watch?v=0G6V9sqbZog
"Red Velvet 레드벨벳 '피카부 (Peek-A-Boo)' MV",,,,youtube,6uJf2IT2Zh8,,"2026-10-09 11:25",,https://www.youtube.com/watch?v=6uJf2IT2Zh8
"Drummer Duel - Rhythm Heaven [HD WIDESCREEN]  -  Gameplay Demonstration",,,,youtube,lAOXLtshAow,,"2026-10-09 11:25",,https://www.youtube.com/watch?v=lAOXLtshAow
"[Rhythm Heaven] - Big Rock Finish (Perfect) (English)",,,,youtube,g5uHzCJflgs,,"2026-10-09 11:25",,https://www.youtube.com/watch?v=g5uHzCJflgs
"[Rhythm Tengoku] - Samurai Slice GBA (Perfect) (English) (HQ)",,,,youtube,vp2wuo0ZOaQ,,"2026-10-09 11:25",,https://www.youtube.com/watch?v=vp2wuo0ZOaQ
"[Rhythm Heaven Fever] ~ Working Dough (Perfect)",,,,youtube,ocjL-chxrRw,,"2026-10-09 11:26",,https://www.youtube.com/watch?v=ocjL-chxrRw
"[Rhythm Heaven Fever] ~ Ringside (Perfect)",,,,youtube,gWy1utqHD0s,,"2026-10-09 11:26",,https://www.youtube.com/watch?v=gWy1utqHD0s
"TSUNKU - TOUCH ME (Custom Remix)",,,,youtube,P8dqWQBcVB4,,"2026-10-09 11:26",,https://www.youtube.com/watch?v=P8dqWQBcVB4
"Unholy (ACRAZE Remix)","Sam Smith",,,youtube,hzipqvq-MMc,,"2026-10-09 11:26",,https://www.youtube.com/watch?v=hzipqvq-MMc
"SebastiAn - H.A.L. (Official Audio)",,,,youtube,cvei4_mPus4,,"2026-10-09 11:26",,https://www.youtube.com/watch?v=cvei4_mPus4
"SebastiAn - Wars",,,,youtube,8QaVu30g6mo,,"2026-10-09 11:26",,https://www.youtube.com/watch?v=8QaVu30g6mo
"Red Rubber Ball",Release,,,youtube,wB3Sv_RDH4Y,,"2026-10-09 11:26",,https://www.youtube.com/watch?v=wB3Sv_RDH4Y
"Shakira - La La La (Brazil 2014) ft. Carlinhos Brown",,,,youtube,7-7knsP2n5w,,"2026-10-09 11:26",,https://www.youtube.com/watch?v=7-7knsP2n5w
"ShibayanRecords garota de venda medicamento but without the drums",,,,youtube,ukxLMYqzpRE,,"2026-10-09 11:26",,https://www.youtube.com/watch?v=ukxLMYqzpRE
"Detonator/Herve's UXB Remix (The One+)","MONDO GROSSO",,,youtube,gtaHzDsPya0,,"2026-10-09 11:26",,https://www.youtube.com/watch?v=gtaHzDsPya0
"Shinichi Osawa - Electro 411",,,,youtube,96zB0oeWFXE,,"2026-10-09 11:26",,https://www.youtube.com/watch?v=96zB0oeWFXE
BAPACONDA,,,,youtube,z4xmyQI09xU,,"2026-10-09 11:26",,https://www.youtube.com/watch?v=z4xmyQI09xU
"Skrillex & Fred again.. & Flowdan - Rumble (Chase & Status Remix) [Cut Edit]",,,,youtube,W-o1KxkBdig,,"2026-10-09 11:26",,https://www.youtube.com/watch?v=W-o1KxkBdig
"Skrillex, Fred again.. & Flowdan - Rumble [Official Audio]",,,,youtube,7z25ZZ3DHds,,"2026-10-09 11:26",,https://www.youtube.com/watch?v=7z25ZZ3DHds
"Raise It Up",,,,youtube,-kSY-cSUvHk,,"2026-10-09 11:26",,https://www.youtube.com/watch?v=-kSY-cSUvHk
"Smile - Butterfly (Official Music Video)",,,,youtube,QzcvRDWgRIE,,"2026-10-09 11:26",,https://www.youtube.com/watch?v=QzcvRDWgRIE
"Sonic CD Metallic Madness Bad Future JP/EU HD",,,,youtube,-XYFNulUbQA,,"2026-10-09 11:26",,https://www.youtube.com/watch?v=-XYFNulUbQA
"Live & Learn","Crush 40",,,youtube,My-WSM-6QlE,,"2026-10-09 11:26",,https://www.youtube.com/watch?v=My-WSM-6QlE
"Splatoon OST - Eight-Legged Advance (w/ Final Checkpoint)",,,,youtube,xduj0Db0hA4,,"2026-10-09 11:26",,https://www.youtube.com/watch?v=xduj0Db0hA4
"The Girl from Inkopolis - [Turquoise October]",,,,youtube,Vr0cABZIyg4,,"2026-10-09 11:26",,https://www.youtube.com/watch?v=Vr0cABZIyg4
"Heliocentri City - Splatoon 3 OST",,,,youtube,YFhAccsNlw8,,"2026-10-09 11:26",,https://www.youtube.com/watch?v=YFhAccsNlw8
"Splatoon 3 – SashiMori – Seasource (Nintendo Switch)",,,,youtube,Z2ib8wvdlu0,,"2026-10-09 11:26",,https://www.youtube.com/watch?v=Z2ib8wvdlu0
"Splatoon 3 - Marina Agitando (Unconscience) - With Lyrics",,,,youtube,w5kxbZ5jSZY,,"2026-10-09 11:26",,https://www.youtube.com/watch?v=w5kxbZ5jSZY
"EchΘ Θnslaught - Free Association",,,,youtube,nSAfnrcIUYU,,"2026-10-09 11:26",,https://www.youtube.com/watch?v=nSAfnrcIUYU
"【サイドオーダー】ラスボス戦（初期フェーズ）「New World Order」【スプラトゥーン3 DLC】【BGM・プレイ動画】",,,,youtube,6ocnSdqIULM,,"2026-10-09 11:26",,https://www.youtube.com/watch?v=6ocnSdqIULM
"Ode To The Bouncer - Studio Killers",,,,youtube,Lo-EmtXbFRg,,"2026-10-09 11:26",,https://www.youtube.com/watch?v=Lo-EmtXbFRg
"FAIL! 🤣😭 Done with your ex ❤️‍🔥 | Cadel and Mia VIRAL TIKTOK DANCE 🔥 #shorts #trending",,,,youtube,mnRqEnaEw1k,,"2026-10-09 11:26",,https://www.youtube.com/watch?v=mnRqEnaEw1k
"Back In The Day (disctr4k Remix)","Swami Sound",,,youtube,-1UvrEX6-5g,,"2026-10-09 11:26",,https://www.youtube.com/watch?v=-1UvrEX6-5g
"System 7 - PositiveNoise",,,,youtube,TUFz5b-cCPs,,"2026-10-09 11:26",,https://www.youtube.com/watch?v=TUFz5b-cCPs
"System Of A Down - B.Y.O.B. (Official HD Video)",,,,youtube,zUzd9KyIDrM,,"2026-10-09 11:26",,https://www.youtube.com/watch?v=zUzd9KyIDrM
"t.A.T.u. - Not Gonna Get Us (EN)",,,,youtube,0HL-N9oOjcs,,"2026-10-09 11:26",,https://www.youtube.com/watch?v=0HL-N9oOjcs
"Why You Wanna - T.I. (Original Sample Intro) (Gypsy Woman (She's Homeless) - Crystal Waters)",,,,youtube,X_6oXhv-6XQ,,"2026-10-09 11:26",,https://www.youtube.com/watch?v=X_6oXhv-6XQ
"Nasty Girl Remix (feat. Chlöe)",Tinashe,,,youtube,3sXAenVcs-c,,"2026-10-09 11:26",,https://www.youtube.com/watch?v=3sXAenVcs-c
"Tisa--BateOnnaBo---umru clewb tewl 「136bpm」",,,,youtube,a5_Js37V4D8,,"2026-10-09 11:26",,https://www.youtube.com/watch?v=a5_Js37V4D8
"JUST CANT GET ENOUGH DUBBED",,,,youtube,r17xq1NGmXg,,"2026-10-09 11:26",,https://www.youtube.com/watch?v=r17xq1NGmXg
"LOST FOREVER v2 - Eminem, Kendrick Lamar, Travis Scott, Westside Gunn (Nitin Randhawa Version)",,,,youtube,liZAhhRgDNs,,"2026-10-09 11:26",,https://www.youtube.com/watch?v=liZAhhRgDNs
"TWICE ""CHEER UP"" M/V",,,,youtube,c7rCyll5AeY,,"2026-10-09 11:26",,https://www.youtube.com/watch?v=c7rCyll5AeY
"St. Chroma","Tyler, The Creator",,,youtube,33b53NUGF_Q,,"2026-10-09 11:26",,https://www.youtube.com/watch?v=33b53NUGF_Q
NOID,,,,youtube,Qer3lwd5hyA,,"2026-10-09 11:26",,https://www.youtube.com/watch?v=Qer3lwd5hyA
Balloon,"Tyler, The Creator",,,youtube,eZNxD4NbxLA,,"2026-10-09 11:26",,https://www.youtube.com/watch?v=eZNxD4NbxLA
"Uffie - MCs Can Kiss (Starkey Redid) [Official audio]",,,,youtube,LFPaU9rvjQk,,"2026-10-09 11:26",,https://www.youtube.com/watch?v=LFPaU9rvjQk
"umru, Tommy Cash & 645AR - check1 (Cali Cartier & william crooks Remix) (Official Visualiser)",,,,youtube,J3ZbtrPh9P4,,"2026-10-09 11:26",,https://www.youtube.com/watch?v=J3ZbtrPh9P4
"Bozo bozo bozo",,,,youtube,EhcIpIEKPFw,,"2026-10-09 11:26",,https://www.youtube.com/watch?v=EhcIpIEKPFw
"Where did you fall",,,,youtube,KWCToO9z6zY,,"2026-10-09 11:26",,https://www.youtube.com/watch?v=KWCToO9z6zY
"077. ASGORE (UNDERTALE Soundtrack) - Toby Fox",,,,youtube,42kI2lT0x6U,,"2026-10-09 11:26",,https://www.youtube.com/watch?v=42kI2lT0x6U
"The Weeknd - Die For You",,,,youtube,uPD0QOGTmMI,,"2026-10-09 11:26",,https://www.youtube.com/watch?v=uPD0QOGTmMI
bobTF,whoTF,,,youtube,BK_A2rRZ2cU,,"2026-10-09 11:26",,https://www.youtube.com/watch?v=BK_A2rRZ2cU
"Little boy sleeps wearing multiple layers of underwear in Neimenggu, China",,,,youtube,jeSkiLRMYgI,,"2026-10-09 11:26",,https://www.youtube.com/watch?v=jeSkiLRMYgI
"I ᐸ3 Harajuku ft. Fraxiom (OFFICIAL MUSIC VIDEO)",,,,youtube,JtR9JkVk9aU,,"2026-10-09 11:26",,https://www.youtube.com/watch?v=JtR9JkVk9aU
"300,000 NOTE SONG",,,,youtube,XOCgs_nMxDc,,"2026-10-09 11:26",,https://www.youtube.com/watch?v=XOCgs_nMxDc
"Winters Love","Animal Collective",,,youtube,T2ShTIcETEs,,"2026-10-09 11:26",,https://www.youtube.com/watch?v=T2ShTIcETEs
"1pm - Animal Crossing Wild World",,,,youtube,ocqfrT4iDBs,,"2026-10-09 11:27",,https://www.youtube.com/watch?v=ocqfrT4iDBs
"10pm - Animal Crossing Wild World",,,,youtube,2VQqTN-zyYg,,"2026-10-09 11:27",,https://www.youtube.com/watch?v=2VQqTN-zyYg
"Anri-Shyness Boy",,,,youtube,ckRSn2zWt_o,,"2026-10-09 11:27",,https://www.youtube.com/watch?v=ckRSn2zWt_o
"Arca - Born Yesterday feat. Sia",,,,youtube,_Ed8EpTp-NI,,"2026-10-09 11:27",,https://www.youtube.com/watch?v=_Ed8EpTp-NI
"Art vs Science // A.I.M. FIRE! (Official Video)",,,,youtube,ZCHy2tAKO5k,,"2026-10-09 11:27",,https://www.youtube.com/watch?v=ZCHy2tAKO5k
"We Are The World 25 For Haiti - Official Video",,,,youtube,Glny4jSciVI,,"2026-10-09 11:27",,https://www.youtube.com/watch?v=Glny4jSciVI
"Bluey Theme Song! | Bluey",,,,youtube,8nv1m-aTCZI,,"2026-10-09 11:27",,https://www.youtube.com/watch?v=8nv1m-aTCZI
"i'm bo yo.",,,,youtube,Z-ap5Fp2T6c,,"2026-10-09 11:27",,https://www.youtube.com/watch?v=Z-ap5Fp2T6c
"Bo Burnham's Lower Your Expectations Song | Netflix Is A Joke",,,,youtube,llGvsgN17CQ,,"2026-10-09 11:27",,https://www.youtube.com/watch?v=llGvsgN17CQ
"The Chicken - Bo Burnham (from THE INSIDE OUTTAKES - album out now)",,,,youtube,NeOhV4zOxJ4,,"2026-10-09 11:27",,https://www.youtube.com/watch?v=NeOhV4zOxJ4
"Bob the Builder Theme Song | CBeebies",,,,youtube,HdVg-2jn2OU,,"2026-10-09 11:27",,https://www.youtube.com/watch?v=HdVg-2jn2OU
"That Funny Feeling -- Bo Burnham (from ""Inside"")",,,,youtube,ObOqq1knVxs,,"2026-10-09 11:27",,https://www.youtube.com/watch?v=ObOqq1knVxs
"DEAR LORD - BROCKHAMPTON",,,,youtube,ANudEo3HGdQ,,"2026-10-09 11:27",,https://www.youtube.com/watch?v=ANudEo3HGdQ
"Brodinski - Fast (Kai Whiston Remix) (Official Video)",,,,youtube,MsTKCXvadxQ,,"2026-10-09 11:27",,https://www.youtube.com/watch?v=MsTKCXvadxQ
"BTS (방탄소년단) 'Dynamite' Official MV",,,,youtube,gdZLi9oWNZg,,"2026-10-09 11:27",,https://www.youtube.com/watch?v=gdZLi9oWNZg
"BTS (방탄소년단) 'Permission to Dance' Official MV",,,,youtube,CuklIb9d3fI,,"2026-10-09 11:27",,https://www.youtube.com/watch?v=CuklIb9d3fI
"Calvin Harris - The Girls (Official Video)",,,,youtube,DwZVZ5qZnoA,,"2026-10-09 11:27",,https://www.youtube.com/watch?v=DwZVZ5qZnoA
"Hopedrunk Everasking","Caroline Polachek",,,youtube,c5RnQYDEapQ,,"2026-10-09 11:27",,https://www.youtube.com/watch?v=c5RnQYDEapQ
"THE CARS ― JUST WHAT I NEEDED (1978)",,,,youtube,Z5-rdr0qhWk,,"2026-10-09 11:27",,https://www.youtube.com/watch?v=Z5-rdr0qhWk
"Charli XCX - Forever (Himera Remix)",,,,youtube,U-wfwMNkrGE,,"2026-10-09 11:27",,https://www.youtube.com/watch?v=U-wfwMNkrGE
"Tennis Court - CO2",,,,youtube,u8nxxtPYTy0,,"2026-10-09 11:27",,https://www.youtube.com/watch?v=u8nxxtPYTy0
"Coco & Clair Clair - 8AM [Official Audio]",,,,youtube,8-6rdqRYYHU,,"2026-10-09 11:27",,https://www.youtube.com/watch?v=8-6rdqRYYHU
"Das Modul - Computerliebe",,,,youtube,4hX8L4R9Yk8,,"2026-10-09 11:27",,https://www.youtube.com/watch?v=4hX8L4R9Yk8
"Takenobu Mitsuyosh - Daytona USA: Let's Go Away!!",,,,youtube,1J9ffRgADRU,,"2026-10-09 11:27",,https://www.youtube.com/watch?v=1J9ffRgADRU
"Dragon - Rain (Official Music Video)",,,,youtube,WuSCiJofGhk,,"2026-10-09 11:27",,https://www.youtube.com/watch?v=WuSCiJofGhk
"Lady Diana - Candle in the wind (Goodbye Englands rose) - Elton John - Lyrics in text",,,,youtube,OefdqK3jKi0,,"2026-10-09 11:27",,https://www.youtube.com/watch?v=OefdqK3jKi0
Laplander,"Finn Keane",,,youtube,RR45KhIqnIQ,,"2026-10-09 11:27",,https://www.youtube.com/watch?v=RR45KhIqnIQ
"The Flaming Lips It Overtakes Me",,,,youtube,B4O7aI87E3g,,"2026-10-09 11:27",,https://www.youtube.com/watch?v=B4O7aI87E3g
"Full House Opening Credits and Theme Song",,,,youtube,TJsPgsYbFDg,,"2026-10-09 11:27",,https://www.youtube.com/watch?v=TJsPgsYbFDg
"Futurama (1999-2013) - Intro",,,,youtube,6F1QNfmiqHc,,"2026-10-09 11:27",,https://www.youtube.com/watch?v=6F1QNfmiqHc
"Gorillaz-Doncamatic (Lonsdale Boys Club Remix)",,,,youtube,KmpKOiyM9qM,,"2026-10-09 11:27",,https://www.youtube.com/watch?v=KmpKOiyM9qM
"Hampton the Hampster - The Hampsterdance Song",,,,youtube,M1uDWMz1v3M,,"2026-10-09 11:27",,https://www.youtube.com/watch?v=M1uDWMz1v3M
"Hannah Diamond - Pink and Blue (Remix)",,,,youtube,zXM0dEwtd_w,,"2026-10-09 11:27",,https://www.youtube.com/watch?v=zXM0dEwtd_w
"宇多田ヒカル「Gold　～また逢う日まで～」Music Video",,,,youtube,u-8R5n54toE,,"2026-10-09 11:27",,https://www.youtube.com/watch?v=u-8R5n54toE
"宇多田ヒカル「Electricity (salute remix) 」official visualizer",,,,youtube,8Thb79G0f5g,,"2026-10-09 11:27",,https://www.youtube.com/watch?v=8Thb79G0f5g
"James Blake - Playing Robots Into Heaven (Official Video)",,,,youtube,S7PzmPbZGoU,,"2026-10-09 11:27",,https://www.youtube.com/watch?v=S7PzmPbZGoU
"BRUISE BOY - Jean Dawson (Official Video)",,,,youtube,elSZfsrjOxQ,,"2026-10-09 11:27",,https://www.youtube.com/watch?v=elSZfsrjOxQ
"Guitar Vader remixed by Hideki Naganuma - I Love Love You [Love Love Super Dimension Mix]",,,,youtube,GqKUjgtPzn4,,"2026-10-09 11:27",,https://www.youtube.com/watch?v=GqKUjgtPzn4
"I Love Love You - Guitar Vader (1998)",,,,youtube,CBHGO-EOf_U,,"2026-10-09 11:27",,https://www.youtube.com/watch?v=CBHGO-EOf_U
"Renai Circulation | Kana Hanazawa [LYRICS] Romaji + English",,,,youtube,jDR0JMyoQGA,,"2026-10-09 11:27",,https://www.youtube.com/watch?v=jDR0JMyoQGA
"Twista - Slow Jamz (Feat. Kanye West & Jamie Foxx)",,,,youtube,jI-w4gvkCkQ,,"2026-10-09 11:27",,https://www.youtube.com/watch?v=jI-w4gvkCkQ
"Kanye West - Christmas In Harlem (feat. Cam'Ron, Jim Jones, Vado, CyHi Da Prynce, Pusha T, Musiq So",,,,youtube,vcwR1Z-_KYk,,"2026-10-09 11:27",,https://www.youtube.com/watch?v=vcwR1Z-_KYk
"Katamari Damacy Soundtrack - 10 - Wanda Wanda",,,,youtube,nD3LDEHuaxo,,"2026-10-09 11:27",,https://www.youtube.com/watch?v=nD3LDEHuaxo
"Katamari Fortissimo Damacy - 13 - Angel Gifts (Angel Flavor's Present)",,,,youtube,FBohDgmghes,,"2026-10-09 11:27",,https://www.youtube.com/watch?v=FBohDgmghes
"The Love of God | HLA Athens VBS | Group Publishing",,,,youtube,dAOeoAUEkUI,,"2026-10-09 11:27",,https://www.youtube.com/watch?v=dAOeoAUEkUI
"How A Billionaire Taught His Kids Money Skills",,,,youtube,Sm56aKWVVoU,,"2026-10-09 11:27",,https://www.youtube.com/watch?v=Sm56aKWVVoU
Summerboy,"Lady Gaga",,,youtube,BHTCCrGCeIY,,"2026-10-09 11:27",,https://www.youtube.com/watch?v=BHTCCrGCeIY
"Lady Gaga - Babylon (Haus Labs Version) (Official Audio)",,,,youtube,UOvl-tlK008,,"2026-10-09 11:27",,https://www.youtube.com/watch?v=UOvl-tlK008
"Lana Del Rey - Burning Desire - Audiosurf",,,,youtube,UJ7utraBNSQ,,"2026-10-09 11:27",,https://www.youtube.com/watch?v=UJ7utraBNSQ
"LCD Soundsystem - Dance Yourself Clean. HD Music Video",,,,youtube,60gl-M38xFI,,"2026-10-09 11:27",,https://www.youtube.com/watch?v=60gl-M38xFI
"Final Battle Against Ganon - The Legend of Zelda  Ocarina of Time",,,,youtube,-xRi2Nf2TDo,,"2026-10-09 11:27",,https://www.youtube.com/watch?v=-xRi2Nf2TDo
"Lego Racers Intro",,,,youtube,8c_e29oM8Kc,,"2026-10-09 11:27",,https://www.youtube.com/watch?v=8c_e29oM8Kc
"A Teens - I Can't Help Falling In Love (Lilo and Stitch Version) HQ",,,,youtube,10LyncJlJpE,,"2026-10-09 11:27",,https://www.youtube.com/watch?v=10LyncJlJpE
"Waiting For The End (Official Music Video) [4K Upgrade] - Linkin Park",,,,youtube,5qF_qbaWt3Q,,"2026-10-09 11:27",,https://www.youtube.com/watch?v=5qF_qbaWt3Q
"Bollywood - Liz Phair",,,,youtube,qtjFzDqRC64,,"2026-10-09 11:27",,https://www.youtube.com/watch?v=qtjFzDqRC64
"3-Way (The Golden Rule) (feat. Justin Timberlake & Lady Gaga)",,,,youtube,Pi7gwX7rjOw,,"2026-10-09 11:27",,https://www.youtube.com/watch?v=Pi7gwX7rjOw
"CBeebies - Lunar Jim (Theme Song)",,,,youtube,SC9Lc4d3yeE,,"2026-10-09 11:27",,https://www.youtube.com/watch?v=SC9Lc4d3yeE
"Mount Wario [150cc] - 1:40.545 - F (Mario Kart 8 Deluxe World Record)",,,,youtube,3ZnHO8Q0464,,"2026-10-09 11:28",,https://www.youtube.com/watch?v=3ZnHO8Q0464
"Metric “Combat Baby” (Official Video)",,,,youtube,6rMfPvv3BMs,,"2026-10-09 11:28",,https://www.youtube.com/watch?v=6rMfPvv3BMs
"Minecraft - Dreiton, but only the second half of the song",,,,youtube,YUnkapnd3K0,,"2026-10-09 11:28",,https://www.youtube.com/watch?v=YUnkapnd3K0
"CHVRCHES - Warning Call (Lyric Video)",,,,youtube,fB4gjiMVKFI,,"2026-10-09 11:28",,https://www.youtube.com/watch?v=fB4gjiMVKFI
"MØ - Kamikaze (Official Video)",,,,youtube,eVD9j36Ke94,,"2026-10-09 11:28",,https://www.youtube.com/watch?v=eVD9j36Ke94
"MØ - Final Song (Official Video)",,,,youtube,WUcXQ--yGWQ,,"2026-10-09 11:28",,https://www.youtube.com/watch?v=WUcXQ--yGWQ
"MØ - Final Song (Jauz & Diplo Remix)",,,,youtube,6W6nUQYhcfU,,"2026-10-09 11:28",,https://www.youtube.com/watch?v=6W6nUQYhcfU
"MØ - Nights With You (Official Video)",,,,youtube,wwqpA_tQcXQ,,"2026-10-09 11:28",,https://www.youtube.com/watch?v=wwqpA_tQcXQ
"Nadia Oh 'Colours'",,,,youtube,NRwqJ-6WXT8,,"2026-10-09 11:28",,https://www.youtube.com/watch?v=NRwqJ-6WXT8
"NENA | 99 Luftballons [1983] [Offizielles HD Musikvideo]",,,,youtube,Fpu5a0Bl8eY,,"2026-10-09 11:28",,https://www.youtube.com/watch?v=Fpu5a0Bl8eY
"Soda Jungle 4 Secret Exit - How to get to the Soda Jungle's Boss in New Super Mario Bros U Deluxe",,,,youtube,D7dYGqBV32A,,"2026-10-09 11:28",,https://www.youtube.com/watch?v=D7dYGqBV32A
"The 3DS Activity Log",,,,youtube,537iSca1t28,,"2026-10-09 11:28",,https://www.youtube.com/watch?v=537iSca1t28
"🤯Ocean Odyssey Era Is Back | 4.6 Underwater Theme Mode Confirmed Trident,Stingray,Kraken Explained",,,,youtube,IsJi1Sy0Auw,,"2026-10-09 11:28",,https://www.youtube.com/watch?v=IsJi1Sy0Auw
"Panic! At The Disco: LA Devotee [OFFICIAL VIDEO]",,,,youtube,r5dNcKTcnPA,,"2026-10-09 11:28",,https://www.youtube.com/watch?v=r5dNcKTcnPA
"Paramore: Ain't It Fun [OFFICIAL VIDEO]",,,,youtube,EFEmTsfFL5A,,"2026-10-09 11:28",,https://www.youtube.com/watch?v=EFEmTsfFL5A
"george clinton- we got the funk",,,,youtube,l4nOHdUntyM,,"2026-10-09 11:28",,https://www.youtube.com/watch?v=l4nOHdUntyM
"Paul Oakenfold - Starry Eyed Surprise (Official Video) ft. Shifty ShellShock",,,,youtube,7odMzSb6WUQ,,"2026-10-09 11:28",,https://www.youtube.com/watch?v=7odMzSb6WUQ
"[Official Music Video] Perfume「VOICE」",,,,youtube,9_ifx-Dmv9g,,"2026-10-09 11:28",,https://www.youtube.com/watch?v=9_ifx-Dmv9g
"[Official Music Video] Perfume 「Time Warp」",,,,youtube,7M4EwGf-lH0,,"2026-10-09 11:28",,https://www.youtube.com/watch?v=7M4EwGf-lH0
"What is your actual name | SPIDER MAN - NO WAY HOME",,,,youtube,68VXx1GrmX8,,"2026-10-09 11:28",,https://www.youtube.com/watch?v=68VXx1GrmX8
"Pokémon Red, Blue and, Yellow OST Deconstructed: Item Obtained Fanfare",,,,youtube,bpDIfIchHf0,,"2026-10-09 11:28",,https://www.youtube.com/watch?v=bpDIfIchHf0
"Pokemon red/blue original 8 bit healing sound",,,,youtube,ea8c1cm4fpc,,"2026-10-09 11:28",,https://www.youtube.com/watch?v=ea8c1cm4fpc
"Jigglypuff Song",,,,youtube,d2NTtbusUso,,"2026-10-09 11:28",,https://www.youtube.com/watch?v=d2NTtbusUso
"Pokemon Yellow GBC Intro",,,,youtube,Fj_cCNy_Zmo,,"2026-10-09 11:28",,https://www.youtube.com/watch?v=Fj_cCNy_Zmo
"20-Printer Menu (Pokémon Red Blue & Yellow)(GB)",,,,youtube,CzUp4AcJYk4,,"2026-10-09 11:28",,https://www.youtube.com/watch?v=CzUp4AcJYk4
"How to Unlock the Surfing Pikachu Mini-game in Pokemon Yellow (Pikachu's Beach)",,,,youtube,Da_--IS-6d0,,"2026-10-09 11:28",,https://www.youtube.com/watch?v=Da_--IS-6d0
"Power of Makeup (Poppy Playtime)",,,,youtube,Iu4yT2Ih028,,"2026-10-09 11:28",,https://www.youtube.com/watch?v=Iu4yT2Ih028
"BassDubbers & Matt Pulsar - One Of Us [TESREC008]",,,,youtube,bOA6Eq3GJCc,,"2026-10-09 11:28",,https://www.youtube.com/watch?v=bOA6Eq3GJCc
"パンチパンチフォーエバー! (feat. 逃げ水あむ)","Kissa Sasaki",,,youtube,-rL72SNA0Nk,,"2026-10-09 11:28",,https://www.youtube.com/watch?v=-rL72SNA0Nk
"Open My Eyes","Ravenna Golden",,,youtube,Seju1xTcfY8,,"2026-10-09 11:28",,https://www.youtube.com/watch?v=Seju1xTcfY8
"R.E.M. - Shiny Happy People (Official Music Video)",,,,youtube,YYOKMUTTDdA,,"2026-10-09 11:28",,https://www.youtube.com/watch?v=YYOKMUTTDdA
"[Rhythm Heaven] - Big Rock Finish (Perfect) (English)",,,,youtube,g5uHzCJflgs,,"2026-10-09 11:28",,https://www.youtube.com/watch?v=g5uHzCJflgs
"I Don’t Know About Him - Mixed (Audio)",,,,youtube,3TXcitcroQo,,"2026-10-09 11:28",,https://www.youtube.com/watch?v=3TXcitcroQo
"The Rubens - Never Ever (feat. Sarah) (Official Video)",,,,youtube,5RtMam-4pdg,,"2026-10-09 11:28",,https://www.youtube.com/watch?v=5RtMam-4pdg
"S Club - Bring It All Back",,,,youtube,GLQ0biK-ZgA,,"2026-10-09 11:28",,https://www.youtube.com/watch?v=GLQ0biK-ZgA
"Santigold - Who Be Lovin' Me (feat. ILOVEMAKONNEN) (Official Music Video)",,,,youtube,i0PD1nVz0kA,,"2026-10-09 11:28",,https://www.youtube.com/watch?v=i0PD1nVz0kA
"SAYGRACE - Boys Ain't Shit (Official Video)",,,,youtube,LxGCeaoR-V4,,"2026-10-09 11:28",,https://www.youtube.com/watch?v=LxGCeaoR-V4
"Seinfeld Official Soundtrack | Seinfeld Theme - Jonathan Wolff | WaterTower",,,,youtube,RWak0i_iqnM,,"2026-10-09 11:28",,https://www.youtube.com/watch?v=RWak0i_iqnM
"Shawn Mendes - Wonder",,,,youtube,fHeQemJJQII,,"2026-10-09 11:28",,https://www.youtube.com/watch?v=fHeQemJJQII
"SKEGSS -  L.S.D",,,,youtube,MoDiRV4oHms,,"2026-10-09 11:28",,https://www.youtube.com/watch?v=MoDiRV4oHms
"Skrillex- Warped Tour '05 with pete WENTZ [Official Visualizer]",,,,youtube,ZXMITozT3_8,,"2026-10-09 11:28",,https://www.youtube.com/watch?v=ZXMITozT3_8
"Murder On The Dancefloor (PNAU Remix",,,,youtube,rqT04Poa9DA,,"2026-10-09 11:28",,https://www.youtube.com/watch?v=rqT04Poa9DA
"Sonic CD JPN/EU Title Screen",,,,youtube,q3eTkXt3zGQ,,"2026-10-09 11:28",,https://www.youtube.com/watch?v=q3eTkXt3zGQ
"Sonic ~ You Can Do Anything - Sonic the Hedgehog CD [OST]",,,,youtube,7fzMxxyklTw,,"2026-10-09 11:28",,https://www.youtube.com/watch?v=7fzMxxyklTw
"Bonus Stage: Glowball - Sonic the Hedgehog 3 [OST]",,,,youtube,kCYHo2ML2Xw,,"2026-10-09 11:28",,https://www.youtube.com/watch?v=kCYHo2ML2Xw
"Ska Cha Cha - Sonic Rush [OST]",,,,youtube,0XFXoWTn9iA,,"2026-10-09 11:28",,https://www.youtube.com/watch?v=0XFXoWTn9iA
"Spacehog - In the Meantime (Official Music Video)",,,,youtube,PCsGRCf8T9Y,,"2026-10-09 11:28",,https://www.youtube.com/watch?v=PCsGRCf8T9Y
"Plaza Speakers D - Splatoon OST",,,,youtube,ND1B1D1jhtY,,"2026-10-09 11:28",,https://www.youtube.com/watch?v=ND1B1D1jhtY
"Opening - Splatoon 3 OST",,,,youtube,pUydF6Kyh8I,,"2026-10-09 11:28",,https://www.youtube.com/watch?v=pUydF6Kyh8I
"Splatoon 3 - Squid Sisters - City of Color (2023) - Nintendo Switch",,,,youtube,kvwnmjrqWA8,,"2026-10-09 11:28",,https://www.youtube.com/watch?v=kvwnmjrqWA8
"How Inkopolis Square Changed - DLC Comparison (Splatoon 2 vs 3)",,,,youtube,JFaVPgOw1MY,,"2026-10-09 11:28",,https://www.youtube.com/watch?v=JFaVPgOw1MY
"Wave Prism - Splatoon 2 [Chirpy Chips]",,,,youtube,_zFL3EMfO2A,,"2026-10-09 11:28",,https://www.youtube.com/watch?v=_zFL3EMfO2A
"Ink Another Day (Wet Floor) Splatoon 2 Soundtrack",,,,youtube,qvO2Fp3Cqqc,,"2026-10-09 11:28",,https://www.youtube.com/watch?v=qvO2Fp3Cqqc
"H2Whoa – Aquasonic (Splatoon 3)",,,,youtube,t2sNgpFgFC0,,"2026-10-09 11:28",,https://www.youtube.com/watch?v=t2sNgpFgFC0
"Tableturf Card List - Ancho-V Games [Splatoon 3 OST]",,,,youtube,QebCcVFv5Zc,,"2026-10-09 11:29",,https://www.youtube.com/watch?v=QebCcVFv5Zc
"SpongeBob SquarePants: Closing Theme Song (INCOMPLETE)",,,,youtube,MiKuhfDjims,,"2026-10-09 11:29",,https://www.youtube.com/watch?v=MiKuhfDjims
"Steve Lacy - Sunshine (Official Video) ft. Fousheé",,,,youtube,RC8u7RJe-TE,,"2026-10-09 11:29",,https://www.youtube.com/watch?v=RC8u7RJe-TE
"Someday - Sugar Ray",,,,youtube,dPcX-5Tmqt8,,"2026-10-09 11:29",,https://www.youtube.com/watch?v=dPcX-5Tmqt8
"Swami Sound, CVMILLE - Back In The Day (Soulecta Dub) [Official Music Video]",,,,youtube,aiSr5rxA6Po,,"2026-10-09 11:29",,https://www.youtube.com/watch?v=aiSr5rxA6Po
"3 against 4 - Jump Bink!",,,,youtube,P8jFQM1P9zQ,,"2026-10-09 11:29",,https://www.youtube.com/watch?v=P8jFQM1P9zQ
"TONI BASIL - Mickey",,,,youtube,3E-Zrg9CB_Q,,"2026-10-09 11:29",,https://www.youtube.com/watch?v=3E-Zrg9CB_Q
"SIR BAUDELAIRE (Audio)",,,,youtube,Z-lCE23e12I,,"2026-10-09 11:29",,https://www.youtube.com/watch?v=Z-lCE23e12I
"WHARF TALK",,,,youtube,27FswS3KESk,,"2026-10-09 11:29",,https://www.youtube.com/watch?v=27FswS3KESk
"Take Your Mask Off","Tyler, The Creator",,,youtube,JPOjiXoPmOk,,"2026-10-09 11:29",,https://www.youtube.com/watch?v=JPOjiXoPmOk
"The fish song",,,,youtube,bzlh22IYYzE,,"2026-10-09 11:29",,https://www.youtube.com/watch?v=bzlh22IYYzE
"I Know What Boys Like  -  The Waitresses (HQ Audio)",,,,youtube,bsneH0mOq-0,,"2026-10-09 11:29",,https://www.youtube.com/watch?v=bsneH0mOq-0
"The unsolved Wii game you've probably played before",,,,youtube,9Zay5lEeMlk,,"2026-10-09 11:29",,https://www.youtube.com/watch?v=9Zay5lEeMlk
"Charge! Sad Results - Wii Play",,,,youtube,uHYrS2Sbwhg,,"2026-10-09 11:29",,https://www.youtube.com/watch?v=uHYrS2Sbwhg
"Wii Play - Charge! (304 pts./Gold Medal)",,,,youtube,oGbKt1V3TA0,,"2026-10-09 11:29",,https://www.youtube.com/watch?v=oGbKt1V3TA0
"Hailee Steinfeld, Grey - Starving ft. Zedd (Official Video) ft. Zedd",,,,youtube,xwjwCFZpdns,,"2026-10-09 11:29",,https://www.youtube.com/watch?v=xwjwCFZpdns
"100 gecs - 757 {OFFICIAL AUDIO}",,,,youtube,M6MV1nxxGf8,,"2026-10-09 11:29",,https://www.youtube.com/watch?v=M6MV1nxxGf8
"Memories Of Tokyo-To 08 - 24 Hour Party People [OFFICIAL]",,,,youtube,6vKzZ5taMew,,"2026-10-09 11:29",,https://www.youtube.com/watch?v=6vKzZ5taMew
"Will Smith - Friend Like Me (from Aladdin) (Official Video)",,,,youtube,1at7kKzBYxI,,"2026-10-09 11:29",,https://www.youtube.com/watch?v=1at7kKzBYxI
"The Angels Shadow Boxer",,,,youtube,u_XOnngmbpo,,"2026-10-09 11:29",,https://www.youtube.com/watch?v=u_XOnngmbpo
Arca-Failed,,,,youtube,-XrplIcHiO8,,"2026-10-09 11:29",,https://www.youtube.com/watch?v=-XrplIcHiO8
"ABC Theme - Pendulum Remix (3 min track with fade out) proper ABC logo",,,,youtube,3iysSJ51sRc,,"2026-10-09 11:29",,https://www.youtube.com/watch?v=3iysSJ51sRc
"The Wozard Of Iz","The Avalanches",,,youtube,Hfu101Rg08Y,,"2026-10-09 11:29",,https://www.youtube.com/watch?v=Hfu101Rg08Y
"The Weeknd - Nothing Is Lost (You Give Me Strength) (Lyric Video)",,,,youtube,bDHD1ueL4a4,,"2026-10-09 11:29",,https://www.youtube.com/watch?v=bDHD1ueL4a4
"1991 - Azealia Banks",,,,youtube,0oM_9ca8hxE,,"2026-10-09 11:29",,https://www.youtube.com/watch?v=0oM_9ca8hxE
"BABii - Sweet Tooth (Official Audio)",,,,youtube,d2DzfFmmoPc,,"2026-10-09 11:29",,https://www.youtube.com/watch?v=d2DzfFmmoPc
"Baby Keem, Kendrick Lamar - family ties (Official Video)",,,,youtube,v6HBZC9pZHQ,,"2026-10-09 11:29",,https://www.youtube.com/watch?v=v6HBZC9pZHQ
"Baby Keem - vent (Official Audio)",,,,youtube,iAJmq7y_ieg,,"2026-10-09 11:29",,https://www.youtube.com/watch?v=iAJmq7y_ieg
"Bad Religion - ""21st Century (Digital Boy)""",,,,youtube,v-D-fn-Z04w,,"2026-10-09 11:29",,https://www.youtube.com/watch?v=v-D-fn-Z04w
"Halsey & Amy Lee - Hand That Feeds (from The World of John Wick: Ballerina) (Official Video)",,,,youtube,gXcLuhXj4LU,,"2026-10-09 11:29",,https://www.youtube.com/watch?v=gXcLuhXj4LU
"SHMAKIN TOWN (GASZIA FOOTWORK SPEEDRUN) ᵀᴴᴵˢ ˢᴼᴺᴳ ᵂᴵᴸᴸ ᴾᴼˢˢᴱˢˢ ʸᴼᵁᴿ ˢᴼᵁᴸ",,,,youtube,OeeL5EPm4eo,,"2026-10-09 11:29",,https://www.youtube.com/watch?v=OeeL5EPm4eo
"Beyoncé - Crazy In Love ft. JAY Z",,,,youtube,ViwtNLUqkMY,,"2026-10-09 11:29",,https://www.youtube.com/watch?v=ViwtNLUqkMY
"Danielle Bregoli is BHAD BHABIE “Hi Bich / Whachu Know” (Official Music Video)",,,,youtube,1NyMSWqIJDQ,,"2026-10-09 11:29",,https://www.youtube.com/watch?v=1NyMSWqIJDQ
"BICEP | AYAYA",,,,youtube,Egspe1aP_oI,,"2026-10-09 11:29",,https://www.youtube.com/watch?v=Egspe1aP_oI
"BICEP | DRIFT",,,,youtube,6HWVQByFwTk,,"2026-10-09 11:29",,https://www.youtube.com/watch?v=6HWVQByFwTk
"9 8 7",,,,youtube,vrEG1osAzbM,,"2026-10-09 11:29",,https://www.youtube.com/watch?v=vrEG1osAzbM
"Birdy Nam Nam - U.R.A.O  [Official Music Video]",,,,youtube,3eLYUMLk_3o,,"2026-10-09 11:29",,https://www.youtube.com/watch?v=3eLYUMLk_3o
"SHAKIRA || BZRP Music Sessions #53/66",,,,youtube,CocEMWdc7Ck,,"2026-10-09 11:29",,https://www.youtube.com/watch?v=CocEMWdc7Ck
"björk: pluto",,,,youtube,GmwZdlUSerU,,"2026-10-09 11:29",,https://www.youtube.com/watch?v=GmwZdlUSerU
"björk : hidden place (HD)",,,,youtube,54LQ_AO1gDI,,"2026-10-09 11:29",,https://www.youtube.com/watch?v=54LQ_AO1gDI
"björk: lionsong",,,,youtube,MWHpoJT3qK4,,"2026-10-09 11:29",,https://www.youtube.com/watch?v=MWHpoJT3qK4
"The World’s Biggest Shawarma?! #romeoeats #RomeyReacts #shorts #shawarma",,,,youtube,dLMd9VJxOSw,,"2026-10-09 11:29",,https://www.youtube.com/watch?v=dLMd9VJxOSw
"When Your Man Joins A Gang 😂 #shorts",,,,youtube,3pydiq1Phxs,,"2026-10-09 11:29",,https://www.youtube.com/watch?v=3pydiq1Phxs
"Welcome to the Internet - Bo Burnham (from ""Inside"" -- ALBUM OUT NOW)",,,,youtube,k1BneeJTDcU,,"2026-10-09 11:29",,https://www.youtube.com/watch?v=k1BneeJTDcU
"Bomb Rush Cyberfunk OST - Iridium",,,,youtube,n8Tc2gw0aL0,,"2026-10-09 11:29",,https://www.youtube.com/watch?v=n8Tc2gw0aL0
"Bomb Rush Cyberfunk OST - In The Pocket",,,,youtube,LIfZUMkykz4,,"2026-10-09 11:29",,https://www.youtube.com/watch?v=LIfZUMkykz4
"Bomb Rush Cyberfunk OST - Two Days Off",,,,youtube,dK9oCBXX6Ec,,"2026-10-09 11:29",,https://www.youtube.com/watch?v=dK9oCBXX6Ec
"Breakbot - Baby I'm Yours (feat. Irfane) [Official Video]",,,,youtube,6okxuiiHx2w,,"2026-10-09 11:29",,https://www.youtube.com/watch?v=6okxuiiHx2w
"Breaking Bad Full Intro Title Sequence",,,,youtube,3U6PSWyv5sc,,"2026-10-09 11:29",,https://www.youtube.com/watch?v=3U6PSWyv5sc
"1999 WILDFIRE - BROCKHAMPTON",,,,youtube,dwk0juwZJk8,,"2026-10-09 11:29",,https://www.youtube.com/watch?v=dwk0juwZJk8
"Southside - BROCKHAMPTON",,,,youtube,EKa-lZ8b4Mo,,"2026-10-09 11:29",,https://www.youtube.com/watch?v=EKa-lZ8b4Mo
"BROOKE CANDY ""DAS ME"" OFFICIAL VIDEO",,,,youtube,dHULK1M-P08,,"2026-10-09 11:29",,https://www.youtube.com/watch?v=dHULK1M-P08
"BTS (방탄소년단) 'FAKE LOVE' Official MV",,,,youtube,7C2z4GqqS5E,,"2026-10-09 11:30",,https://www.youtube.com/watch?v=7C2z4GqqS5E
"BTS (방탄소년단) 'Black Swan' Official MV",,,,youtube,0lapF4DQPKQ,,"2026-10-09 11:30",,https://www.youtube.com/watch?v=0lapF4DQPKQ
"Mobb Deep - Get Away (Official Video)",,,,youtube,xBGPNNMztqk,,"2026-10-09 11:30",,https://www.youtube.com/watch?v=xBGPNNMztqk
Friend,"Daniel Rosenfeld",,,youtube,eXwVDqKOBA4,,"2026-10-09 11:30",,https://www.youtube.com/watch?v=eXwVDqKOBA4
"Cappella U Got 2 Let The Music",,,,youtube,y3KihWJRh6U,,"2026-10-09 11:30",,https://www.youtube.com/watch?v=y3KihWJRh6U
"anything goes",Release,,,youtube,Trp3yN2AuzI,,"2026-10-09 11:30",,https://www.youtube.com/watch?v=Trp3yN2AuzI
"Chalk Zone Intro",,,,youtube,DWWic5ikS2Q,,"2026-10-09 11:30",,https://www.youtube.com/watch?v=DWWic5ikS2Q
"Charli XCX ft. Brooke Candy - Cloud (Official Music Video)",,,,youtube,7LJOg-yLWbI,,"2026-10-09 11:30",,https://www.youtube.com/watch?v=7LJOg-yLWbI
"The Chemical Brothers - Elektrobank (Official Music Video)",,,,youtube,L0dxByaPWhM,,"2026-10-09 11:30",,https://www.youtube.com/watch?v=L0dxByaPWhM
"Swoon (Boys Noize Summer Remix)","The Chemical Brothers",,,youtube,1hDDECads8A,,"2026-10-09 11:30",,https://www.youtube.com/watch?v=1hDDECads8A
"I. Pink Toes","Childish Gambino",,,youtube,pi61TZsxa_8,,"2026-10-09 11:30",,https://www.youtube.com/watch?v=pi61TZsxa_8
"Interior Crocodile Alligator (Benny Wonder Remix)","King Chip",,,youtube,fuZpCMjcTN0,,"2026-10-09 11:30",,https://www.youtube.com/watch?v=fuZpCMjcTN0
"abyss - chloe moriondo (live from Starland Ballroom NJ 11/22/25)",,,,youtube,ML3I_UauzL8,,"2026-10-09 11:30",,https://www.youtube.com/watch?v=ML3I_UauzL8
"Benefits of short height",,,,youtube,EQWqEfHCHV8,,"2026-10-09 11:30",,https://www.youtube.com/watch?v=EQWqEfHCHV8
"Crush 3D Music - (Funfair) Rush Job",,,,youtube,zu-DMi8zkRA,,"2026-10-09 11:30",,https://www.youtube.com/watch?v=zu-DMi8zkRA
"Funfair 01 (B) - Crush",,,,youtube,UQYxBKJ7nPA,,"2026-10-09 11:30",,https://www.youtube.com/watch?v=UQYxBKJ7nPA
"City Grrrl - CSS feat. Ssion [Official Music Video]",,,,youtube,nZmF9fxTIIA,,"2026-10-09 11:30",,https://www.youtube.com/watch?v=nZmF9fxTIIA
"CYBERPUNK 2077 - RESIST AND DISORDER by Rezodrone (Jason Charles Miller & Jamison Boaz)",,,,youtube,XfUo2mPYQ2E,,"2026-10-09 11:30",,https://www.youtube.com/watch?v=XfUo2mPYQ2E
"CYBERPUNK 2077 SOUNDTRACK - REAKTION by Rezodrone (Jason Charles Miller & Jamison Boaz)",,,,youtube,BaXCr9KuOoM,,"2026-10-09 11:30",,https://www.youtube.com/watch?v=BaXCr9KuOoM
"Fist Of Satan / Arthur Rumiński and Haldor Grunberg  - Black Concrete - Ritual FM",,,,youtube,Na1uVqwYTZk,,"2026-10-09 11:30",,https://www.youtube.com/watch?v=Na1uVqwYTZk
"Inferno Corps (Antigama) - Fuelled By Poison",,,,youtube,LD5GXlHDBK8,,"2026-10-09 11:30",,https://www.youtube.com/watch?v=LD5GXlHDBK8
"Nuclear Aura - Witches of the Harz Mountains | by Marcin Rybicki | Cyberpunk 2077",,,,youtube,Vhc8LYI1yqM,,"2026-10-09 11:30",,https://www.youtube.com/watch?v=Vhc8LYI1yqM
"Inferno Corps / Antigama - Kevin - Ritual FM",,,,youtube,_Jmg4WiIJxE,,"2026-10-09 11:30",,https://www.youtube.com/watch?v=_Jmg4WiIJxE
"Fist Of Satan / Arthur Rumiński; Haldor Grunberg - Abandoned Land - Ritual FM",,,,youtube,cLxYLxa3lEE,,"2026-10-09 11:30",,https://www.youtube.com/watch?v=cLxYLxa3lEE
"V3RM1N / Piotr Maciejewski - Finis - Ritual FM",,,,youtube,FrEcA8f8hts,,"2026-10-09 11:30",,https://www.youtube.com/watch?v=FrEcA8f8hts
"Grimes – 4ÆM",,,,youtube,mrZC1Jcv0dw,,"2026-10-09 11:30",,https://www.youtube.com/watch?v=mrZC1Jcv0dw
"[flesh]reactor - Move Dat (Cyberpunk 2077 103.5 Radio Pebkac)",,,,youtube,Cvufq4wnV8s,,"2026-10-09 11:30",,https://www.youtube.com/watch?v=Cvufq4wnV8s
"Cyberpunk 2077 — The Ballad of Buck Ravers by SAMURAI (Refused)",,,,youtube,XiHw7MrTx30,,"2026-10-09 11:30",,https://www.youtube.com/watch?v=XiHw7MrTx30
"UNDENIABLY CHANGES - 99.9 Impulse Radio",,,,youtube,TfJfuIJNVaQ,,"2026-10-09 11:30",,https://www.youtube.com/watch?v=TfJfuIJNVaQ
"Połoz & Łotr - Memories of Mzuzu (Cyberpunk 2077 107.5 Dark Star Radio)",,,,youtube,oXnB4n036_Q,,"2026-10-09 11:30",,https://www.youtube.com/watch?v=oXnB4n036_Q
"C.L.U. (From ""TRON: Legacy""/Score)","Daft Punk",,,youtube,QrSLugN8WHc,,"2026-10-09 11:30",,https://www.youtube.com/watch?v=QrSLugN8WHc
"Daniel Merriweather - Water And A Flame (Official Video)",,,,youtube,BV5yRQO1zm0,,"2026-10-09 11:30",,https://www.youtube.com/watch?v=BV5yRQO1zm0
"Danny Brown - Y.B.P. (feat. Bruiser Wolf) (Official Video)",,,,youtube,6CUr6lMnwCc,,"2026-10-09 11:30",,https://www.youtube.com/watch?v=6CUr6lMnwCc
"deadmau5 / Faxing Berlin (Chris Lake Edit)",,,,youtube,yljH8j4Ji_U,,"2026-10-09 11:30",,https://www.youtube.com/watch?v=yljH8j4Ji_U
"Deadmau5 - I Said (Michael Woods Remix) (1080p) || HD",,,,youtube,YaFQezHF_8A,,"2026-10-09 11:30",,https://www.youtube.com/watch?v=YaFQezHF_8A
"22. Basement (DELTARUNE Chapter 1 Soundtrack) - Toby Fox",,,,youtube,s6UbYc2Z_Fw,,"2026-10-09 11:30",,https://www.youtube.com/watch?v=s6UbYc2Z_Fw
"Card Castle","Toby Fox",,,youtube,tvjuTn9LZwY,,"2026-10-09 11:30",,https://www.youtube.com/watch?v=tvjuTn9LZwY
"Disclosure, slowthai - My High",,,,youtube,LKVazT09YQI,,"2026-10-09 11:30",,https://www.youtube.com/watch?v=LKVazT09YQI
"Blood Box (feat. tracey brakes)","DJ Re:Code",,,youtube,Dfj7ufZcSpo,,"2026-10-09 11:30",,https://www.youtube.com/watch?v=Dfj7ufZcSpo
"DJ UNIC RIKITI (OFFICIAL VIDEO) ► CHACAL, EL MICHA, CHOCOLATE, EL TAIGER, DAMIAN, LOS DESIGUALES",,,,youtube,kx4sUGAQvXI,,"2026-10-09 11:30",,https://www.youtube.com/watch?v=kx4sUGAQvXI
"Doechii - Alter Ego with JT (Official Video)",,,,youtube,tJkPh2vluFQ,,"2026-10-09 11:30",,https://www.youtube.com/watch?v=tJkPh2vluFQ
"Doechii - FIREFLIES (Audio)",,,,youtube,oDOmKBkFvdI,,"2026-10-09 11:30",,https://www.youtube.com/watch?v=oDOmKBkFvdI
"Dorian Electra - Ram It Down (Official Music Video)",,,,youtube,vxkhwJCoq84,,"2026-10-09 11:30",,https://www.youtube.com/watch?v=vxkhwJCoq84
"Eminem - Won't Back Down (Ft. P!nk) [Lyric Video] ft. P!nk",,,,youtube,NI4qHvsjz7I,,"2026-10-09 11:30",,https://www.youtube.com/watch?v=NI4qHvsjz7I
"Empire Of The Sun  Alive (David Guetta Remix)",,,,youtube,KjdPh4o_2hM,,"2026-10-09 11:30",,https://www.youtube.com/watch?v=KjdPh4o_2hM
"The Good, the Bad and the Ugly • Main Theme • Ennio Morricone",,,,youtube,J9EZGHcu3E8,,"2026-10-09 11:30",,https://www.youtube.com/watch?v=J9EZGHcu3E8
Puzzle,Disasterpeace,,,youtube,5YJ0qXD4AQg,,"2026-10-09 11:30",,https://www.youtube.com/watch?v=5YJ0qXD4AQg
"Disasterpeace - Knowledge (day) (FEZ OST)",,,,youtube,rw24iHejUME,,"2026-10-09 11:30",,https://www.youtube.com/watch?v=rw24iHejUME
"Flume - Say Nothing (Tchami Remix)",,,,youtube,sOwj-HgVrL4,,"2026-10-09 11:30",,https://www.youtube.com/watch?v=sOwj-HgVrL4
"Flume - Say Nothing (feat. MAY-A) [Millbrook Remix]",,,,youtube,kUwjxAIKn7A,,"2026-10-09 11:30",,https://www.youtube.com/watch?v=kUwjxAIKn7A
pharmacy,"food house",,,youtube,RkkVdO7h8SI,,"2026-10-09 11:30",,https://www.youtube.com/watch?v=RkkVdO7h8SI
metal,"food house",,,youtube,9iKltFVAMm4,,"2026-10-09 11:30",,https://www.youtube.com/watch?v=9iKltFVAMm4
foresight,"food house",,,youtube,MpCnW0DBYhI,,"2026-10-09 11:30",,https://www.youtube.com/watch?v=MpCnW0DBYhI
"butterfly knife","food house",,,youtube,pnOTNiB41tI,,"2026-10-09 11:30",,https://www.youtube.com/watch?v=pnOTNiB41tI
"Fortnite - Lobby Track - Butter Barn Hoedown",,,,youtube,P4Q3MacMfLA,,"2026-10-09 11:30",,https://www.youtube.com/watch?v=P4Q3MacMfLA
"Fortnite | Brace For Chaos Lobby Music (S24 FNCS)",,,,youtube,a_zaT7y8Ywg,,"2026-10-09 11:30",,https://www.youtube.com/watch?v=a_zaT7y8Ywg
"Dad Battle - Friday Night Funkin' OST",,,,youtube,w0WyKTSuX4U,,"2026-10-09 11:31",,https://www.youtube.com/watch?v=w0WyKTSuX4U
"Galantis - Spaceship feat. Uffie (Official Music Video)",,,,youtube,fGATYOMajig,,"2026-10-09 11:31",,https://www.youtube.com/watch?v=fGATYOMajig
"Galantis - Spaceship feat. Uffie (MOTi Remix)",,,,youtube,mCNQi7Wxue0,,"2026-10-09 11:31",,https://www.youtube.com/watch?v=mCNQi7Wxue0
"Garbage - Androgyny (The Neptunes Remix)",,,,youtube,_03l3bK_xJQ,,"2026-10-09 11:31",,https://www.youtube.com/watch?v=_03l3bK_xJQ
"𒅒PSYCHO (KAVARI CLUB MIX)𒈔",,,,youtube,VaDsVm3xn3c,,"2026-10-09 11:31",,https://www.youtube.com/watch?v=VaDsVm3xn3c
"globe / Love again　#ラヴ上等 主題歌　#BADLY_IN_LOVE  #불량연애",,,,youtube,FEkgOG5lg7s,,"2026-10-09 11:31",,https://www.youtube.com/watch?v=FEkgOG5lg7s
"Lux 2","Kai Whiston",,,youtube,Zcj5EZtzkFg,,"2026-10-09 11:31",,https://www.youtube.com/watch?v=Zcj5EZtzkFg
"Drown U",BABii,,,youtube,rpcz43psWSo,,"2026-10-09 11:31",,https://www.youtube.com/watch?v=rpcz43psWSo
"Teef Chizzel",Iglooghost,,,youtube,F1cxuPbe4k4,,"2026-10-09 11:31",,https://www.youtube.com/watch?v=F1cxuPbe4k4
"Gotye - Somebody That I Used To Know (feat. Kimbra) [Official Music Video]",,,,youtube,8UVNT4wvIGY,,"2026-10-09 11:31",,https://www.youtube.com/watch?v=8UVNT4wvIGY
"Gotye - Somebody That I Used To Know (modish. Remix)",,,,youtube,TW55m2TuZhs,,"2026-10-09 11:31",,https://www.youtube.com/watch?v=TW55m2TuZhs
"Gotye - Somebody That I Used To Know (feat. Kimbra) - Bibio remix",,,,youtube,FB2xyzh4aAo,,"2026-10-09 11:31",,https://www.youtube.com/watch?v=FB2xyzh4aAo
"Gotye - Somebody That I Used To Know (M-Phazes Remix)",,,,youtube,fO30U2N_1iw,,"2026-10-09 11:31",,https://www.youtube.com/watch?v=fO30U2N_1iw
"Gotye - Somebody That I Used To Know (modish. Remix)",,,,youtube,TW55m2TuZhs,,"2026-10-09 11:31",,https://www.youtube.com/watch?v=TW55m2TuZhs
"Gotye - Somebody That I Used To Know (Feat. Kimbra) (4FRNT Remix)",,,,youtube,-d_PZikUT2I,,"2026-10-09 11:31",,https://www.youtube.com/watch?v=-d_PZikUT2I
"Gotye - Somebody That I Used To Know (feat. Kimbra) (Tiesto Remix)",,,,youtube,fDWbuuyTM0Y,,"2026-10-09 11:31",,https://www.youtube.com/watch?v=fDWbuuyTM0Y
"Gotye- Somebody That I Used To Know feat. Kimbra- (Dan Aux Remix) official remix",,,,youtube,19KCZg7T7OQ,,"2026-10-09 11:31",,https://www.youtube.com/watch?v=19KCZg7T7OQ
"Gorillaz - Cracker Island ft. Thundercat (Official Video)",,,,youtube,S03T47hapAc,,"2026-10-09 11:31",,https://www.youtube.com/watch?v=S03T47hapAc
"POV: kind popular girl uses makeup magic before first period",,,,youtube,S338Zz5Ifdg,,"2026-10-09 11:31",,https://www.youtube.com/watch?v=S338Zz5Ifdg
"Gunna - fukumean (sped up) [Official Visualizer]",,,,youtube,Ux9eHne26cQ,,"2026-10-09 11:31",,https://www.youtube.com/watch?v=Ux9eHne26cQ
"Boogie Wonderland","Brittany Murphy",,,youtube,KDVA1EmHung,,"2026-10-09 11:31",,https://www.youtube.com/watch?v=KDVA1EmHung
"Dragula (Hayden Jason Mix)",,,,youtube,nim5UZ2V13I,,"2026-10-09 11:31",,https://www.youtube.com/watch?v=nim5UZ2V13I
宇多田ヒカル『Time』,,,,youtube,1ksh8x9bIPI,,"2026-10-09 11:31",,https://www.youtube.com/watch?v=1ksh8x9bIPI
"宇多田ヒカル「Somewhere Near Marseilles -マルセイユ辺り- (Sci-Fi Edit)」Music Video Panorama ver.",,,,youtube,eOpyGNkhi1Q,,"2026-10-09 11:31",,https://www.youtube.com/watch?v=eOpyGNkhi1Q
"宇多田ヒカル「Somewhere Near Marseilles -マルセイユ辺り- (Sci-Fi Edit)」Music Video",,,,youtube,miYNI5hvcdo,,"2026-10-09 11:31",,https://www.youtube.com/watch?v=miYNI5hvcdo
Hi-Jump,"Cédric Menendez",,,youtube,lElOjJmW4UA,,"2026-10-09 11:31",,https://www.youtube.com/watch?v=lElOjJmW4UA
"Ice Spice - Think U The Shit (Fart)",,,,youtube,Ou7c8Sg9YVg,,"2026-10-09 11:31",,https://www.youtube.com/watch?v=Ou7c8Sg9YVg
"Teal Yomi / Olivine",Iglooghost,,,youtube,sxC_nOwV48c,,"2026-10-09 11:31",,https://www.youtube.com/watch?v=sxC_nOwV48c
"🔥¡La OBRA MAESTRA de Enter Shikari!💥| Reseña de 'Nothing Is True & Everything Is Possible'",,,,youtube,PvOxCz8kjFg,,"2026-10-09 11:31",,https://www.youtube.com/watch?v=PvOxCz8kjFg
PPtrap,,,,youtube,-zjPjVzNLys,,"2026-10-09 11:31",,https://www.youtube.com/watch?v=-zjPjVzNLys
"J Dilla- E=MC² (feat Common)",,,,youtube,Hizl_SEn9dM,,"2026-10-09 11:31",,https://www.youtube.com/watch?v=Hizl_SEn9dM
"Jack Ü - Take Ü There (feat. Kiesza) (TJR Remix)",,,,youtube,vtmDGbAIgJE,,"2026-10-09 11:31",,https://www.youtube.com/watch?v=vtmDGbAIgJE
B,Jaden,,,youtube,U7lCIcLGkL8,,"2026-10-09 11:31",,https://www.youtube.com/watch?v=U7lCIcLGkL8
L,Jaden,,,youtube,SzfjyiYp5JA,,"2026-10-09 11:31",,https://www.youtube.com/watch?v=SzfjyiYp5JA
"Jimi Hendrix (Falling Down)",,,,youtube,BFrmajJu3DY,,"2026-10-09 11:31",,https://www.youtube.com/watch?v=BFrmajJu3DY
"Jaden - BYE (Official Visualizer)",,,,youtube,1pBiCChscGY,,"2026-10-09 11:31",,https://www.youtube.com/watch?v=1pBiCChscGY
"Jamiroquai - Canned Heat (Official Video)",,,,youtube,vE4VlA_9OrI,,"2026-10-09 11:31",,https://www.youtube.com/watch?v=vE4VlA_9OrI
"Janet Jackson - Got Til It's Gone",,,,youtube,uznTHSEgx4U,,"2026-10-09 11:31",,https://www.youtube.com/watch?v=uznTHSEgx4U
"Jeremih - Don't Tell 'Em (Audio) ft. YG",,,,youtube,MqyCoAgiGnI,,"2026-10-09 11:31",,https://www.youtube.com/watch?v=MqyCoAgiGnI
"Professional Murder Music - Slow",,,,youtube,o6jbJYcPypc,,"2026-10-09 11:31",,https://www.youtube.com/watch?v=o6jbJYcPypc
"O.B. One - Many Styles",,,,youtube,GEyoKg-52tA,,"2026-10-09 11:31",,https://www.youtube.com/watch?v=GEyoKg-52tA
"The Latch Brothers - Latch Brother Bounce",,,,youtube,eCj0IIsy57A,,"2026-10-09 11:31",,https://www.youtube.com/watch?v=eCj0IIsy57A
"The Latch Brothers - Koto Stomp",,,,youtube,ntU5K-MxkgM,,"2026-10-09 11:31",,https://www.youtube.com/watch?v=ntU5K-MxkgM
"BS 2000 - The Scrappy (The Latch Brothers Remix)",,,,youtube,IaTZ5g1nERQ,,"2026-10-09 11:31",,https://www.youtube.com/watch?v=IaTZ5g1nERQ
"Joji - Gimme Love (Official Video)",,,,youtube,jPan651rVMs,,"2026-10-09 11:31",,https://www.youtube.com/watch?v=jPan651rVMs
"JoJo-  You Take Me Around the World 2009",,,,youtube,bJ7OriCvPSg,,"2026-10-09 11:31",,https://www.youtube.com/watch?v=bJ7OriCvPSg
"Fighting Gold",Coda,,,youtube,ub3EI4xw48c,,"2026-10-09 11:31",,https://www.youtube.com/watch?v=ub3EI4xw48c
"JPEGMAFIA - HAZARD DUTY PAY!",,,,youtube,2CGFU1lBdCI,,"2026-10-09 11:31",,https://www.youtube.com/watch?v=2CGFU1lBdCI
"정국 (Jung Kook) 'Standing Next to You' Official MV",,,,youtube,UNo0TG9LwwI,,"2026-10-09 11:31",,https://www.youtube.com/watch?v=UNo0TG9LwwI
"Justice - Genesis (GEN.KLOUD Remix)",,,,youtube,1KCu13ls4-4,,"2026-10-09 11:31",,https://www.youtube.com/watch?v=1KCu13ls4-4
"Justice - On'n'On (Official Audio)",,,,youtube,u6RqBUa3nq8,,"2026-10-09 11:31",,https://www.youtube.com/watch?v=u6RqBUa3nq8
"Damn Girl","Justin Timberlake",,,youtube,3MxZoxUSv5M,,"2026-10-09 11:31",,https://www.youtube.com/watch?v=3MxZoxUSv5M
"Justin Timberlake feat  T. I. -  My Love (Steve Angello & Sebastian Ingrosso Remix)",,,,youtube,fY96FzPOCGU,,"2026-10-09 11:31",,https://www.youtube.com/watch?v=fY96FzPOCGU
"Kai Whiston - 'T.F.J.' (Official Video)",,,,youtube,rDQ8cX3jlbY,,"2026-10-09 11:32",,https://www.youtube.com/watch?v=rDQ8cX3jlbY
FML,"Kanye West",,,youtube,SHfB5HBFeTc,,"2026-10-09 11:32",,https://www.youtube.com/watch?v=SHfB5HBFeTc
"Kanye West feat. The Weeknd & Lil Baby - Hurricane (Lyrics)",,,,youtube,zWQRP93cp3I,,"2026-10-09 11:32",,https://www.youtube.com/watch?v=zWQRP93cp3I
"Kaskade - C-3P0's Plight (Audio Only)",,,,youtube,QMPIsogVd0Y,,"2026-10-09 11:32",,https://www.youtube.com/watch?v=QMPIsogVd0Y
"Katamari Fortissimo Damacy - 14 - Roll Me In (Katamaritaino)",,,,youtube,ENcKvDZwjOU,,"2026-10-09 11:32",,https://www.youtube.com/watch?v=ENcKvDZwjOU
"ESCAPE - My Digital Life",,,,youtube,aPtkwC17zsY,,"2026-10-09 11:32",,https://www.youtube.com/watch?v=aPtkwC17zsY
"Shoes the Full Version",,,,youtube,wCF3ywukQYA,,"2026-10-09 11:32",,https://www.youtube.com/watch?v=wCF3ywukQYA
"Kendrick Lamar - DNA.",,,,youtube,NLZRYQMLDW4,,"2026-10-09 11:32",,https://www.youtube.com/watch?v=NLZRYQMLDW4
u,"Kendrick Lamar",,,youtube,xqS2di2QdhQ,,"2026-10-09 11:32",,https://www.youtube.com/watch?v=xqS2di2QdhQ
"kendrick lamar - euphoria part ii",,,,youtube,X-m_kauGDyE,,"2026-10-09 11:32",,https://www.youtube.com/watch?v=X-m_kauGDyE
"Kendrick Lamar - tv off (Official Audio)",,,,youtube,U8F5G5wR1mk,,"2026-10-09 11:32",,https://www.youtube.com/watch?v=U8F5G5wR1mk
"4th Dimension","KIDS SEE GHOSTS",,,youtube,6Hj5tucYv1Q,,"2026-10-09 11:32",,https://www.youtube.com/watch?v=6Hj5tucYv1Q
"Kids See Ghosts","KIDS SEE GHOSTS",,,youtube,cHFzyFMT0pw,,"2026-10-09 11:32",,https://www.youtube.com/watch?v=cHFzyFMT0pw
"Kraftwerk -͇ ͇T͇h͇e͇ ͇R͇o͇b͇o͇t͇s͇ ͇(͇1͇9͇7͇8͇)͇",,,,youtube,-wop47G2qeY,,"2026-10-09 11:32",,https://www.youtube.com/watch?v=-wop47G2qeY
"Lady GaGa Dance in The Dark (Monarchy 'Stylites' Remix)",,,,youtube,N376g77nuAg,,"2026-10-09 11:32",,https://www.youtube.com/watch?v=N376g77nuAg
"Lady Gaga & Elton John #ARTPOP 720pHD",,,,youtube,jKAA_INzDGo,,"2026-10-09 11:32",,https://www.youtube.com/watch?v=jKAA_INzDGo
"Lazy Rich feat. Sue Cho - Hello (Schoolboy Remix)",,,,youtube,UHO7HFuyS1k,,"2026-10-09 11:32",,https://www.youtube.com/watch?v=UHO7HFuyS1k
"Shuffle Music (Not Hardstyle) #8",,,,youtube,DbtNGjGzgpk,,"2026-10-09 11:32",,https://www.youtube.com/watch?v=DbtNGjGzgpk
"Lazy Rich ""Get Out"" (JeffT Remix)",,,,youtube,B7U6hyI9lts,,"2026-10-09 11:32",,https://www.youtube.com/watch?v=B7U6hyI9lts
"Hello (Dirtyloud Monday Nite Remix)","Lazy Rich",,,youtube,SPv2PyTIy_8,,"2026-10-09 11:32",,https://www.youtube.com/watch?v=SPv2PyTIy_8
"Hello (Chrizz Luvly & Rocket Pimp Remix)","Lazy Rich",,,youtube,oTQbNf009wc,,"2026-10-09 11:32",,https://www.youtube.com/watch?v=oTQbNf009wc
"Hello (Dilemn Remix)","Lazy Rich",,,youtube,x9wicspTnvw,,"2026-10-09 11:32",,https://www.youtube.com/watch?v=x9wicspTnvw
"Inside a House   The Legend of Zelda  Ocarina of Time",,,,youtube,MRUyud4oYd8,,"2026-10-09 11:32",,https://www.youtube.com/watch?v=MRUyud4oYd8
"Middle Boss Battle  -   The Legend of Zelda  Ocarina of Time",,,,youtube,Jy5m2kz3jM8,,"2026-10-09 11:32",,https://www.youtube.com/watch?v=Jy5m2kz3jM8
"The Forest Temple in Ocarina of Time Has the Most Perfect Atmospheric Music in a Video Game.",,,,youtube,KnUqlRLaKnA,,"2026-10-09 11:32",,https://www.youtube.com/watch?v=KnUqlRLaKnA
"Windmill Hut - The Legend of Zelda: Ocarina Of Time",,,,youtube,N3OZoErzJg0,,"2026-10-09 11:32",,https://www.youtube.com/watch?v=N3OZoErzJg0
"Shadow Temple - The Legend of Zelda: Ocarina of Time OST",,,,youtube,B4JTOabD4jA,,"2026-10-09 11:32",,https://www.youtube.com/watch?v=B4JTOabD4jA
"50 Cent - Magic Stick (feat. Lil' Kim)",,,,youtube,ZUm96Zij-tE,,"2026-10-09 11:32",,https://www.youtube.com/watch?v=ZUm96Zij-tE
"Lil' Wayne- Upgrade U Freestyle",,,,youtube,QmZV662IMSo,,"2026-10-09 11:32",,https://www.youtube.com/watch?v=QmZV662IMSo
"Linkin Park - FRGT10 (Forgotten - Reanimation Remix) [Official video]",,,,youtube,NtJdSIpLyng,,"2026-10-09 11:32",,https://www.youtube.com/watch?v=NtJdSIpLyng
"X-Ecutioner Style - Linkin Park (Reanimation)",,,,youtube,PzWc5DOj7CU,,"2026-10-09 11:32",,https://www.youtube.com/watch?v=PzWc5DOj7CU
"My December - Linkin Park (Hybrid Theory)",,,,youtube,9DCdCoQ49u8,,"2026-10-09 11:32",,https://www.youtube.com/watch?v=9DCdCoQ49u8
"MyᐸDsmbr/Mickey P. [feat. Kelli Ali] - Linkin Park",,,,youtube,H9l5FpluLwY,,"2026-10-09 11:32",,https://www.youtube.com/watch?v=H9l5FpluLwY
"Nobody's Listening - Linkin Park (Meteora)",,,,youtube,QJ87793QXes,,"2026-10-09 11:32",,https://www.youtube.com/watch?v=QJ87793QXes
"The Catalyst [Official Music Video] - Linkin Park",,,,youtube,51iquRYKPbs,,"2026-10-09 11:32",,https://www.youtube.com/watch?v=51iquRYKPbs
"The Emptiness Machine (Official Music Video) - Linkin Park",,,,youtube,SRXH9AbT280,,"2026-10-09 11:32",,https://www.youtube.com/watch?v=SRXH9AbT280
"Barcode Brothers  - Dooh Dooh (1999)",,,,youtube,cdGVkMj0N0g,,"2026-10-09 11:32",,https://www.youtube.com/watch?v=cdGVkMj0N0g
Perfect,Logic,,,youtube,cjXGqlxs6Zw,,"2026-10-09 11:32",,https://www.youtube.com/watch?v=cjXGqlxs6Zw
"TRIPOD BABY  (SHADOW THE HEDGEHOG MIX) トライポッド・ベイビー 『シャドウ・ザ・ヘッジホッグMIX』",,,,youtube,wwz2Y9Zfd3o,,"2026-10-09 11:32",,https://www.youtube.com/watch?v=wwz2Y9Zfd3o
Mg2,Release,,,youtube,eHFxP2FmP2A,,"2026-10-09 11:32",,https://www.youtube.com/watch?v=eHFxP2FmP2A
"【MKW WR】 SNES Ghost Valley 2 (No Glitch) - 52.746 - Sosis",,,,youtube,jWRsMWo-55g,,"2026-10-09 11:32",,https://www.youtube.com/watch?v=jWRsMWo-55g
"竹内まりや -  Plastic Love (Official Music Video)",,,,youtube,T_lC2O1oIew,,"2026-10-09 11:32",,https://www.youtube.com/watch?v=T_lC2O1oIew
Reload,"Rob Zombie",,,youtube,9-IcSZOSMdE,,"2026-10-09 11:32",,https://www.youtube.com/watch?v=9-IcSZOSMdE
"RULES OF NATURE",,,,youtube,WM33Hr94SKw,,"2026-10-09 11:32",,https://www.youtube.com/watch?v=WM33Hr94SKw
"Banana (Skit)",M.I.A.,,,youtube,VzjLrkCG-cg,,"2026-10-09 11:32",,https://www.youtube.com/watch?v=VzjLrkCG-cg
"20 Dollar",M.I.A.,,,youtube,V3d2QqjcrRQ,,"2026-10-09 11:32",,https://www.youtube.com/watch?v=V3d2QqjcrRQ
XR2,M.I.A.,,,youtube,kcTvHtC3lMM,,"2026-10-09 11:32",,https://www.youtube.com/watch?v=kcTvHtC3lMM
"M.I.A. - Bring The Noize (Matangi Street Edition)",,,,youtube,RvUVxYndYuU,,"2026-10-09 11:32",,https://www.youtube.com/watch?v=RvUVxYndYuU
ILLYGIRL,M.I.A.,,,youtube,zV1NgEWrbIs,,"2026-10-09 11:32",,https://www.youtube.com/watch?v=zV1NgEWrbIs
"M.I.A - SAFE (Official Video)",,,,youtube,-IS46VRxMFo,,"2026-10-09 11:32",,https://www.youtube.com/watch?v=-IS46VRxMFo
"Migos - Walk It Talk It ft. Drake (Official Video)",,,,youtube,fGqdIPer-ms,,"2026-10-09 11:32",,https://www.youtube.com/watch?v=fGqdIPer-ms
２０２４ₘᵤₛᵢc,,,,youtube,AaV735l3MG0,,"2026-10-09 11:33",,https://www.youtube.com/watch?v=AaV735l3MG0
"Millionaires (Alcohol) Official Music Video",,,,youtube,AOVK_iQvvsw,,"2026-10-09 11:33",,https://www.youtube.com/watch?v=AOVK_iQvvsw
"Haunt Muskie","Daniel Rosenfeld",,,youtube,YYfBJBj3emg,,"2026-10-09 11:33",,https://www.youtube.com/watch?v=YYfBJBj3emg
"C418 - Warmth (Minecraft Volume Beta)",,,,youtube,tMjk9wgrPAc,,"2026-10-09 11:33",,https://www.youtube.com/watch?v=tMjk9wgrPAc
"C418 - Stal (Minecraft Volume Beta)",,,,youtube,0E5l2GHBxB8,,"2026-10-09 11:33",,https://www.youtube.com/watch?v=0E5l2GHBxB8
"C418 - Mall (Minecraft Volume Beta)",,,,youtube,xmBfruermmo,,"2026-10-09 11:33",,https://www.youtube.com/watch?v=xmBfruermmo
Chrysopoeia,"Lena Raine",,,youtube,qHDuedbZYbc,,"2026-10-09 11:33",,https://www.youtube.com/watch?v=qHDuedbZYbc
Ancestry,"Lena Raine",,,youtube,TzcwvQ0MDCo,,"2026-10-09 11:33",,https://www.youtube.com/watch?v=TzcwvQ0MDCo
"MØ - I Want You (Official Video)",,,,youtube,gVbwozoa2PY,,"2026-10-09 11:33",,https://www.youtube.com/watch?v=gVbwozoa2PY
"Bullying_ Bullying_ Bullying_ Bullying_ but Did You Know... How Much Heaven Loves You_ (umru edit)",,,,youtube,jntcgVwXRC8,,"2026-10-09 11:33",,https://www.youtube.com/watch?v=jntcgVwXRC8
"Mr. Oizo - Z (Official Audio)",,,,youtube,KtVZAHo_Hb0,,"2026-10-09 11:33",,https://www.youtube.com/watch?v=KtVZAHo_Hb0
"Nine Inch Nails: Burn (1994)",,,,youtube,XdhKnAw6VZw,,"2026-10-09 11:33",,https://www.youtube.com/watch?v=XdhKnAw6VZw
"Run To The Sun",N.E.R.D.,,,youtube,GfWZYD8ueQg,,"2026-10-09 11:33",,https://www.youtube.com/watch?v=GfWZYD8ueQg
"Baby Doll",N.E.R.D.,,,youtube,knRxbt9lpJI,,"2026-10-09 11:33",,https://www.youtube.com/watch?v=knRxbt9lpJI
"Backseat Love",N.E.R.D.,,,youtube,GWKXBdoblQw,,"2026-10-09 11:33",,https://www.youtube.com/watch?v=GWKXBdoblQw
"Chariot Of Fire",N.E.R.D.,,,youtube,tbgymQIHywM,,"2026-10-09 11:33",,https://www.youtube.com/watch?v=tbgymQIHywM
"Laugh About It",N.E.R.D.,,,youtube,ptFA-ruy0eA,,"2026-10-09 11:33",,https://www.youtube.com/watch?v=ptFA-ruy0eA
"New Order - Blue Monday (Official Lyric Video)",,,,youtube,c1GxjzHm5us,,"2026-10-09 11:33",,https://www.youtube.com/watch?v=c1GxjzHm5us
"Desert - New Super Mario Bros. Wii Music",,,,youtube,_Ofwl7PJn7U,,"2026-10-09 11:33",,https://www.youtube.com/watch?v=_Ofwl7PJn7U
"NewJeans (뉴진스) 'OMG' Official MV (Performance ver.1)",,,,youtube,sVTy_wmn5SU,,"2026-10-09 11:33",,https://www.youtube.com/watch?v=sVTy_wmn5SU
"Friend List - Nintendo 3DS",,,,youtube,51YIW8RKmP8,,"2026-10-09 11:33",,https://www.youtube.com/watch?v=51YIW8RKmP8
"Ö - Good Things On The Way (2022)",,,,youtube,MeputuWooJo,,"2026-10-09 11:33",,https://www.youtube.com/watch?v=MeputuWooJo
"Oklou - harvest sky ft. underscores (Milkfish Remix)",,,,youtube,GJR-rX1nx1A,,"2026-10-09 11:33",,https://www.youtube.com/watch?v=GJR-rX1nx1A
"Sticky Drama - Music Video",,,,youtube,td-e4i2BL_Q,,"2026-10-09 11:33",,https://www.youtube.com/watch?v=td-e4i2BL_Q
"Panic! At The Disco - Crazy = Genius (Official Audio)",,,,youtube,nLPTNumhyAY,,"2026-10-09 11:33",,https://www.youtube.com/watch?v=nLPTNumhyAY
"Last Surprise",Lyn,,,youtube,ZNGqBDRJgvo,,"2026-10-09 11:33",,https://www.youtube.com/watch?v=ZNGqBDRJgvo
"The Whims of Fate",Lyn,,,youtube,69Km895ntNc,,"2026-10-09 11:33",,https://www.youtube.com/watch?v=69Km895ntNc
"It's U (Diamond Version)","Petal Supply",,,youtube,fiXvBV_qU7M,,"2026-10-09 11:33",,https://www.youtube.com/watch?v=fiXvBV_qU7M
"How Does It Feel?",Pharrell,,,youtube,3vDRDwwYi_E,,"2026-10-09 11:33",,https://www.youtube.com/watch?v=3vDRDwwYi_E
"The Kraken","Hans Zimmer",,,youtube,GFY7i7pJAXg,,"2026-10-09 11:33",,https://www.youtube.com/watch?v=GFY7i7pJAXg
"Playboi Carti - Sky [Official Video]",,,,youtube,KnumAWWWgUE,,"2026-10-09 11:33",,https://www.youtube.com/watch?v=KnumAWWWgUE
"Playboi Carti - MOJO JOJO (Official Audio)",,,,youtube,w5U7hemoc28,,"2026-10-09 11:33",,https://www.youtube.com/watch?v=w5U7hemoc28
"Playboi Carti - CHARGE DEM HOES A FEE (Official Audio)",,,,youtube,Q_ad3KnUDvM,,"2026-10-09 11:33",,https://www.youtube.com/watch?v=Q_ad3KnUDvM
"ROBOT ROCK feat. duuzu",,,,youtube,m0SoO9R8ZcQ,,"2026-10-09 11:33",,https://www.youtube.com/watch?v=m0SoO9R8ZcQ
"P.O.D. - Alive (Official Music Video) [4K]",,,,youtube,ce2KN06dS7c,,"2026-10-09 11:33",,https://www.youtube.com/watch?v=ce2KN06dS7c
"POKEMON RED INTRO",,,,youtube,C19O5xm51dk,,"2026-10-09 11:33",,https://www.youtube.com/watch?v=C19O5xm51dk
"Pokemon Red / Blue Unused Trade Song Restorations",,,,youtube,ZSuvvgGjHlU,,"2026-10-09 11:33",,https://www.youtube.com/watch?v=ZSuvvgGjHlU
"35-Trainer Appears (Rocket Duo)(Pokémon Red Blue & Yellow)(GB)",,,,youtube,NjuG7lMPXZk,,"2026-10-09 11:33",,https://www.youtube.com/watch?v=NjuG7lMPXZk
"The Presets - Get The F**k Outta Here",,,,youtube,cMA4m7_ERZ0,,"2026-10-09 11:33",,https://www.youtube.com/watch?v=cMA4m7_ERZ0
"The Presets -  If I Кnow You (Tania & Jori Version)",,,,youtube,TJ44j6g-P54,,"2026-10-09 11:33",,https://www.youtube.com/watch?v=TJ44j6g-P54
"Primus - Wynonna's Big Brown Beaver",,,,youtube,aYDfwUJzYQg,,"2026-10-09 11:33",,https://www.youtube.com/watch?v=aYDfwUJzYQg
"Rezz - Sacrificial (Official Video) ft. PVRIS",,,,youtube,Uj6HcobebE8,,"2026-10-09 11:33",,https://www.youtube.com/watch?v=Uj6HcobebE8
"I'm a Textpert (Rap Battle)",,,,youtube,FWj42BxDXCU,,"2026-10-09 11:33",,https://www.youtube.com/watch?v=FWj42BxDXCU
"[Rhythm Heaven] - Blue Birds (Perfect) (English)",,,,youtube,ysa7BtXQdyM,,"2026-10-09 11:33",,https://www.youtube.com/watch?v=ysa7BtXQdyM
"[Rhythm Heaven] - Blue Birds 2 (Perfect) (English)",,,,youtube,1K0cZwphyz4,,"2026-10-09 11:33",,https://www.youtube.com/watch?v=1K0cZwphyz4
"Remix 4 (Alpha Mix) - Rhythm Heaven Fever",,,,youtube,poONXOKEGew,,"2026-10-09 11:33",,https://www.youtube.com/watch?v=poONXOKEGew
"Manzai - Rhythm Heaven Fever",,,,youtube,Iz_qs-mArSI,,"2026-10-09 11:33",,https://www.youtube.com/watch?v=Iz_qs-mArSI
"Kung Fu Ball - Rhythm Heaven Fever",,,,youtube,iz9CK3_DyqY,,"2026-10-09 11:33",,https://www.youtube.com/watch?v=iz9CK3_DyqY
"Pirate Crew | Rhythm Heaven Fever",,,,youtube,HJ70t-0VnY4,,"2026-10-09 11:33",,https://www.youtube.com/watch?v=HJ70t-0VnY4
"Hi-Hat (Blue Birds) - Rhythm Heaven Fever (Buildup Version)",,,,youtube,qn1yhCEYbXU,,"2026-10-09 11:33",,https://www.youtube.com/watch?v=qn1yhCEYbXU
"Hi-Hat (Rhythm Tweezers) - Rhythm Heaven Fever (Buildup Version)",,,,youtube,HdGFPnpfIrY,,"2026-10-09 11:33",,https://www.youtube.com/watch?v=HdGFPnpfIrY
"Rhythm Heaven Fever - Manzai Birds",,,,youtube,btvdIbTgUi8,,"2026-10-09 11:33",,https://www.youtube.com/watch?v=btvdIbTgUi8
"Saw Theme Song- Hello Zepp",,,,youtube,vhSHXGM7kgE,,"2026-10-09 11:33",,https://www.youtube.com/watch?v=vhSHXGM7kgE
"Shygirl – SIREN (Basement Jaxx Cruise remix)",,,,youtube,4qat4tOYrW0,,"2026-10-09 11:34",,https://www.youtube.com/watch?v=4qat4tOYrW0
"SIAMES ¨NO LULLABY¨ (Official Animated Video)",,,,youtube,dYgrDcXHLwA,,"2026-10-09 11:34",,https://www.youtube.com/watch?v=dYgrDcXHLwA
"Slayyyter - Self Destruct ft Wuki (Official Video)",,,,youtube,VRXUtrHta5E,,"2026-10-09 11:34",,https://www.youtube.com/watch?v=VRXUtrHta5E
"Slim Thug - 3 Kings",,,,youtube,WXE2LHZDgAE,,"2026-10-09 11:34",,https://www.youtube.com/watch?v=WXE2LHZDgAE
"Sonic CD   Palmtree Panic Bad Future JP/EU HD",,,,youtube,QXCQYdqdD4A,,"2026-10-09 11:34",,https://www.youtube.com/watch?v=QXCQYdqdD4A
"Sonic CD Wacky Workbench Bad Future JP/EU HD",,,,youtube,z0eIndDM3PU,,"2026-10-09 11:34",,https://www.youtube.com/watch?v=z0eIndDM3PU
"Metallic Madness - Sonic the Hedgehog CD [OST]",,,,youtube,8v26dA0kcsQ,,"2026-10-09 11:34",,https://www.youtube.com/watch?v=8v26dA0kcsQ
"Sonic CD: Boss Theme (Japanese version)",,,,youtube,wXLQHs89c-U,,"2026-10-09 11:34",,https://www.youtube.com/watch?v=wXLQHs89c-U
"Sonic CD D.A. Garden JP/EU HD",,,,youtube,kf0qEBwQP4Y,,"2026-10-09 11:34",,https://www.youtube.com/watch?v=kf0qEBwQP4Y
"Sonic & Knuckles Music: The Doomsday Zone",,,,youtube,7FAffWEmB3I,,"2026-10-09 11:46",,https://www.youtube.com/watch?v=7FAffWEmB3I
Krack,Soulwax,,,youtube,NQus0bbHOvk,,"2026-10-09 11:46",,https://www.youtube.com/watch?v=NQus0bbHOvk
"Accidents and Compliments",Soulwax,,,youtube,ghJUe3SitWU,,"2026-10-09 11:46",,https://www.youtube.com/watch?v=ghJUe3SitWU
"Soulwax - Accidents And Compliments (Nite Version) (HQ)",,,,youtube,p90Go3wxdXY,,"2026-10-09 11:46",,https://www.youtube.com/watch?v=p90Go3wxdXY
"NY Excuse (fast Version)",Soulwax,,,youtube,JFRcwmcQ05I,,"2026-10-09 11:46",,https://www.youtube.com/watch?v=JFRcwmcQ05I
"Space Ghost Coast To Coast INTRO",,,,youtube,N0v_Ckb0xAY,,"2026-10-09 11:46",,https://www.youtube.com/watch?v=N0v_Ckb0xAY
"Hooked (Hightide Era) - Splatoon OST",,,,youtube,LZofopsIF1U,,"2026-10-09 11:46",,https://www.youtube.com/watch?v=LZofopsIF1U
"Tutorial ~ Surge & Submerge (ω-3) - Splatoon 3",,,,youtube,tHTXKPOqhdU,,"2026-10-09 11:46",,https://www.youtube.com/watch?v=tHTXKPOqhdU
"Deluge Dirge (ω-3) - Splatoon 3",,,,youtube,w1XfXLsnwdw,,"2026-10-09 11:46",,https://www.youtube.com/watch?v=w1XfXLsnwdw
"Shark Bytes 𝓡𝓮𝓭𝓾𝔁 Lyric Music Video (English) - Splatoon 2 Octo Expansion",,,,youtube,JjsEvKpVP6I,,"2026-10-09 11:46",,https://www.youtube.com/watch?v=JjsEvKpVP6I
"Shark Bytes 𝓡𝓮𝓭𝓾𝔁 Lyric Music Video (English) - Splatoon 2 Octo Expansion",,,,youtube,JjsEvKpVP6I,,"2026-10-09 11:46",,https://www.youtube.com/watch?v=JjsEvKpVP6I
"Splatoon2 DLC OST 31 : Actually It's Commander Tartar's Theme",,,,youtube,LrB_XQhIFjM,,"2026-10-09 11:46",,https://www.youtube.com/watch?v=LrB_XQhIFjM
"Splatoon 3 OST - Crevasse - Slick Moves",,,,youtube,AeqR-9zd5Ow,,"2026-10-09 11:46",,https://www.youtube.com/watch?v=AeqR-9zd5Ow
"Pour It On - Splatoon 3 OST",,,,youtube,uROvUKTGwvE,,"2026-10-09 11:46",,https://www.youtube.com/watch?v=uROvUKTGwvE
"C-Side Clickbait!- Test Character Animation (Splatoon 3)",,,,youtube,EDrkSp44Fp0,,"2026-10-09 11:46",,https://www.youtube.com/watch?v=EDrkSp44Fp0
"Triple Dip [C-Side] / Unofficial English Lyrics / Splatoon 3",,,,youtube,7EQQ9-TFgrM,,"2026-10-09 11:46",,https://www.youtube.com/watch?v=7EQQ9-TFgrM
"Paintscraper - [C-Side]",,,,youtube,zsLSzS1q6EU,,"2026-10-09 11:46",,https://www.youtube.com/watch?v=zsLSzS1q6EU
"🌞 Daybreaker Anthem 🎵 Caitlin Koi Lyric Video - Splatoon 3",,,,youtube,UeO5oMxxalI,,"2026-10-09 11:46",,https://www.youtube.com/watch?v=UeO5oMxxalI
"Sandcastles (Future Utopia Island) – Splatoon 3 Soundtrack [Return of the Mammalians]",,,,youtube,YkpRTzQaOnI,,"2026-10-09 11:46",,https://www.youtube.com/watch?v=YkpRTzQaOnI
"Hero Mode Alterna Mission Clear - Splatoon 3 OST",,,,youtube,xTKZc386Ak4,,"2026-10-09 11:46",,https://www.youtube.com/watch?v=xTKZc386Ak4
"In Filtration - [Octoplush]",,,,youtube,tnJCUSNMGUE,,"2026-10-09 11:46",,https://www.youtube.com/watch?v=tnJCUSNMGUE
"Hide and Sleek - Splatoon 3 [Deep Cut]",,,,youtube,tiEwunWKawo,,"2026-10-09 11:46",,https://www.youtube.com/watch?v=tiEwunWKawo
"Cantina Band","John Williams",,,youtube,EsvfptdFXf4,,"2026-10-09 11:46",,https://www.youtube.com/watch?v=EsvfptdFXf4
"Fun way to sneak food 🎉  |  Listen “SUE DJ, POLAR - BUSY BEE” on YT Music",,,,youtube,LATr5g9nzOQ,,"2026-10-09 11:46",,https://www.youtube.com/watch?v=LATr5g9nzOQ
"Back In The Day (Optic Core Remix)","Swami Sound",,,youtube,v6KG66Mm7kA,,"2026-10-09 11:46",,https://www.youtube.com/watch?v=v6KG66Mm7kA
"swami sound - back in the day (album trailer)",,,,youtube,LoiNSCI4CBA,,"2026-10-09 11:46",,https://www.youtube.com/watch?v=LoiNSCI4CBA
"Swedish House Mafia - One (Your Name) (Official Video)",,,,youtube,PkQ5rEJaTmk,,"2026-10-09 11:46",,https://www.youtube.com/watch?v=PkQ5rEJaTmk
"LiSA - Crossing Field",,,,youtube,KId6eunoiWk,,"2026-10-09 11:46",,https://www.youtube.com/watch?v=KId6eunoiWk
"T-Pain - Chopped N Skrewed (Official Video) ft. Ludacris",,,,youtube,QtP6arjZmzI,,"2026-10-09 11:46",,https://www.youtube.com/watch?v=QtP6arjZmzI
"T.I. - Whatever You Like (Official Video)",,,,youtube,Kgdr2uytpDI,,"2026-10-09 11:46",,https://www.youtube.com/watch?v=Kgdr2uytpDI
"T.I. - Memories Back Then (Official Video) ft. B.o.B., Kendrick Lamar",,,,youtube,a2Gh3VdnXQs,,"2026-10-09 11:46",,https://www.youtube.com/watch?v=a2Gh3VdnXQs
"dubstep boy","tracey brakes",,,youtube,dT6hDlRmElo,,"2026-10-09 11:46",,https://www.youtube.com/watch?v=dT6hDlRmElo
"Travis Scott - NC-17 (Audio)",,,,youtube,K2taklQnVzY,,"2026-10-09 11:46",,https://www.youtube.com/watch?v=K2taklQnVzY
"Trina - B R Right (feat. Ludacris) [Official Video]",,,,youtube,vw7ukmZVQHg,,"2026-10-09 11:46",,https://www.youtube.com/watch?v=vw7ukmZVQHg
"Tyler, The Creator / The Brown Stains + Special (CD Version)",,,,youtube,W3PPaEpMvLk,,"2026-10-09 11:46",,https://www.youtube.com/watch?v=W3PPaEpMvLk
"THE BROWN STAINS OF DARKEESE LATIFAH PART 6-12 (Remix)","Tyler, The Creator",,,youtube,Y8SaaNqHCN4,,"2026-10-09 11:46",,https://www.youtube.com/watch?v=Y8SaaNqHCN4
"Tyler, The Creator - Tell Me How (Coca-Cola Commercial) (Lyrics)",,,,youtube,cBa1pe-cp6A,,"2026-10-09 11:46",,https://www.youtube.com/watch?v=cBa1pe-cp6A
"HOT WIND BLOWS (Audio)",,,,youtube,fwGs72ihIeI,,"2026-10-09 11:46",,https://www.youtube.com/watch?v=fwGs72ihIeI
STUNTMAN,"Tyler, The Creator",,,youtube,lgLLWXMTsUA,,"2026-10-09 11:46",,https://www.youtube.com/watch?v=lgLLWXMTsUA
"come_a_little_closer_wip_150_bpm ~~Recorded with www.BANDICAM.com~~",,,,youtube,1xLK37_fWSY,,"2026-10-09 11:46",,https://www.youtube.com/watch?v=1xLK37_fWSY
"recovery girl - ftfoi (prod. bean boy & umru)",,,,youtube,NS-DyWWCcFM,,"2026-10-09 11:46",,https://www.youtube.com/watch?v=NS-DyWWCcFM
"Find You ft. BABii (dontloveme euphoric club mix) ᯓ.𖥔",,,,youtube,oawbZZuRNcA,,"2026-10-09 11:46",,https://www.youtube.com/watch?v=oawbZZuRNcA
"Turmoil - Underscores (originally by Sonny)",,,,youtube,gG0ZqRb-UPU,,"2026-10-09 11:46",,https://www.youtube.com/watch?v=gG0ZqRb-UPU
MEGALOVANIA,"Toby Fox",,,youtube,0FCvzsVlXpQ,,"2026-10-09 11:46",,https://www.youtube.com/watch?v=0FCvzsVlXpQ
"5 Warning Signs You Have Low Self Esteem || 5 Signs of Low Self Esteem || #lowselfesteem #signs",,,,youtube,XQwK9zEcdOQ,,"2026-10-09 11:46",,https://www.youtube.com/watch?v=XQwK9zEcdOQ
"Jeff Wayne - The War Of The Worlds - The Eve Of The War • TopPop",,,,youtube,pdRpSuOzpCY,,"2026-10-09 11:46",,https://www.youtube.com/watch?v=pdRpSuOzpCY
"HIDEKI NAGANUMA - PUMPIN' JUMPIN'",,,,youtube,9S3yBqxCxB0,,"2026-10-09 11:46",,https://www.youtube.com/watch?v=9S3yBqxCxB0
LOU,whoTF,,,youtube,bZRMP3jfQ3A,,"2026-10-09 11:46",,https://www.youtube.com/watch?v=bZRMP3jfQ3A
"WILLOW - PURGE ft. Siiickbrain",,,,youtube,0kCf1s6vZzE,,"2026-10-09 11:46",,https://www.youtube.com/watch?v=0kCf1s6vZzE
"Wii Play: Table Tennis Platinum Medal 60fps",,,,youtube,_kqQSNjyglI,,"2026-10-09 11:47",,https://www.youtube.com/watch?v=_kqQSNjyglI
"Wii Play - Two-Player Laser Hockey",,,,youtube,jjrLeE9Ip7Q,,"2026-10-09 11:47",,https://www.youtube.com/watch?v=jjrLeE9Ip7Q
"Wii Play - Billiards",,,,youtube,btAdyxUUH6g,,"2026-10-09 11:47",,https://www.youtube.com/watch?v=btAdyxUUH6g
"Will Smith - Will 2K ft. K-Ci",,,,youtube,VT_GG7q3vhs,,"2026-10-09 11:47",,https://www.youtube.com/watch?v=VT_GG7q3vhs
"RYDEEN (2001)",,,,youtube,MQcVTPwMHes,,"2026-10-09 11:47",,https://www.youtube.com/watch?v=MQcVTPwMHes
"YOGI - Burial (feat. Pusha T)",,,,youtube,UxZU4F7wHQM,,"2026-10-09 11:47",,https://www.youtube.com/watch?v=UxZU4F7wHQM
"Yoshi's Island OST - Underground",,,,youtube,tnYYq41fCjs,,"2026-10-09 11:47",,https://www.youtube.com/watch?v=tnYYq41fCjs
"Got Your Number (Vigi Mix)","The Young Punx",,,youtube,KcBBOk689lU,,"2026-10-09 11:47",,https://www.youtube.com/watch?v=KcBBOk689lU
"100 gecs - 800db cloud (live at fishcenter) {OFFICIAL AUDIO}",,,,youtube,cD7m4EKgytg,,"2026-10-09 11:47",,https://www.youtube.com/watch?v=cD7m4EKgytg
"Post and Carpenter: A-Team: Main Theme (Encore) · Prague Film Orchestra",,,,youtube,0bn72XU05PI,,"2026-10-09 11:47",,https://www.youtube.com/watch?v=0bn72XU05PI
"ABBA - SOS (Official Music Video)",,,,youtube,cvChjHcABPA,,"2026-10-09 11:47",,https://www.youtube.com/watch?v=cvChjHcABPA
"alba rose: the rule stops after practice[video]",,,,youtube,-s3-v-DhhFc,,"2026-10-09 11:47",,https://www.youtube.com/watch?v=-s3-v-DhhFc
"alt-J (∆) Breezeblocks",,,,youtube,rVeMiVU77wo,,"2026-10-09 11:47",,https://www.youtube.com/watch?v=rVeMiVU77wo
"Animal Crossing: New Horizons - Theme Song Performance - Nintendo Switch",,,,youtube,lWKdsawDSvU,,"2026-10-09 11:47",,https://www.youtube.com/watch?v=lWKdsawDSvU
"How to unlock Isabelle and Resident Services In Animal Crossing New Horizons",,,,youtube,jxRpYW-JtDY,,"2026-10-09 11:47",,https://www.youtube.com/watch?v=jxRpYW-JtDY
"Christopher Cross - Arthur's Theme (Best That You Can Do) [Official Music Video]",,,,youtube,DVbx0KVwfao,,"2026-10-09 11:47",,https://www.youtube.com/watch?v=DVbx0KVwfao
"If I Was A Folkstar","The Avalanches",,,youtube,H86doZD9OMQ,,"2026-10-09 11:47",,https://www.youtube.com/watch?v=H86doZD9OMQ
"The Avalanches sampling always so seamless 🧠",,,,youtube,uhokRWC-fd0,,"2026-10-09 11:47",,https://www.youtube.com/watch?v=uhokRWC-fd0
"Ghost Story","The Avalanches",,,youtube,c9tgCR_VjSM,,"2026-10-09 11:47",,https://www.youtube.com/watch?v=c9tgCR_VjSM
"""Castaways"" Song w/ Pablo, Uniqua & Tyrone | The Backyardigans",,,,youtube,6KoTs-Ks2YQ,,"2026-10-09 11:47",,https://www.youtube.com/watch?v=6KoTs-Ks2YQ
"BiBi-Billionhappy+Ninajirachi(Official Music Video)",,,,youtube,ObMSTzOI-zU,,"2026-10-09 11:47",,https://www.youtube.com/watch?v=ObMSTzOI-zU
"Alarm Call (Rhythmic Phonetics Mix)",Björk,,,youtube,7Op6M_Zv9DU,,"2026-10-09 11:47",,https://www.youtube.com/watch?v=7Op6M_Zv9DU
"björk: tabula rasa",,,,youtube,mYbZw04ba78,,"2026-10-09 11:47",,https://www.youtube.com/watch?v=mYbZw04ba78
"björk : ancestress",,,,youtube,1QRIgD1bAjI,,"2026-10-09 11:47",,https://www.youtube.com/watch?v=1QRIgD1bAjI
"bladee - * The Fool Intro *",,,,youtube,MbuHfR4KreQ,,"2026-10-09 11:47",,https://www.youtube.com/watch?v=MbuHfR4KreQ
"Bo Burnham's Problem Solving Song | Netflix Is A Joke",,,,youtube,J-zC46Tiygk,,"2026-10-09 11:47",,https://www.youtube.com/watch?v=J-zC46Tiygk
"White Woman's Instagram -- Bo Burnham (from ""Inside"" -- ALBUM OUT NOW)",,,,youtube,xHotXbGZiFY,,"2026-10-09 11:47",,https://www.youtube.com/watch?v=xHotXbGZiFY
"LARRY OWENS - INTERLUDE (BOB ROSS THE JOY OF PAINTING FULL THEME TUNE)",,,,youtube,Urc9lKFe-m8,,"2026-10-09 11:47",,https://www.youtube.com/watch?v=Urc9lKFe-m8
"STAR - BROCKHAMPTON",,,,youtube,PMZZUyos1kI,,"2026-10-09 11:47",,https://www.youtube.com/watch?v=PMZZUyos1kI
"My American Life - BROCKHAMPTON",,,,youtube,v-PrnNjD_I8,,"2026-10-09 11:47",,https://www.youtube.com/watch?v=v-PrnNjD_I8
"ANIMAL - BROCKHAMPTON",,,,youtube,PHf4RFR40WE,,"2026-10-09 11:47",,https://www.youtube.com/watch?v=PHf4RFR40WE
"Just the Way You Are (Skrillex BatBoi Remix)","Bruno Mars",,,youtube,t3fTSiW6Yc0,,"2026-10-09 11:47",,https://www.youtube.com/watch?v=t3fTSiW6Yc0
"The Duck Song 4 By Bryant Oden: Official Lyric Video",,,,youtube,hVfF_LGGN-Q,,"2026-10-09 11:47",,https://www.youtube.com/watch?v=hVfF_LGGN-Q
"Chairlift ""I Belong In Your Arms""",,,,youtube,3e8Ql9qFA2o,,"2026-10-09 11:47",,https://www.youtube.com/watch?v=3e8Ql9qFA2o
"Chappell Roan - “Good Luck, Babe!” (Live From The 2024 MTV VMAs)",,,,youtube,6ENzV125lWc,,"2026-10-09 11:47",,https://www.youtube.com/watch?v=6ENzV125lWc
"Charli XCX - Track10 [Official Audio]",,,,youtube,Rj6dwEBmBJA,,"2026-10-09 11:47",,https://www.youtube.com/watch?v=Rj6dwEBmBJA
"Coldplay - Amazing Day (Lyrics)",,,,youtube,7o5R02bM5ow,,"2026-10-09 11:47",,https://www.youtube.com/watch?v=7o5R02bM5ow
"Cornelius / New Music Machine",,,,youtube,j1dbfGERSt4,,"2026-10-09 11:47",,https://www.youtube.com/watch?v=j1dbfGERSt4
"Magoo Opening",,,,youtube,YXZAhyttZK0,,"2026-10-09 11:47",,https://www.youtube.com/watch?v=YXZAhyttZK0
till_we_drop_unmixed,,,,youtube,RpDMXsB39Q8,,"2026-10-09 11:47",,https://www.youtube.com/watch?v=RpDMXsB39Q8
"The Best of Eurobeat Disney ~Non Stop Megamix - Nº26 It's a Small World",,,,youtube,ej8qL_0nN_8,,"2026-10-09 11:47",,https://www.youtube.com/watch?v=ej8qL_0nN_8
"movies for guys","Jane Remover",,,youtube,hoFNK6O3QvE,,"2026-10-09 11:47",,https://www.youtube.com/watch?v=hoFNK6O3QvE
"Donatachi - pisces rising feat. Chymes",,,,youtube,mTlFUZkDFUw,,"2026-10-09 11:47",,https://www.youtube.com/watch?v=mTlFUZkDFUw
"NEW Family Guy Intro - (HD)",,,,youtube,WJOAvttDJ-Q,,"2026-10-09 11:47",,https://www.youtube.com/watch?v=WJOAvttDJ-Q
"jumpin the cacc","food house",,,youtube,zGeGz-6g3Rk,,"2026-10-09 11:47",,https://www.youtube.com/watch?v=zGeGz-6g3Rk
"Fred again.. - Danielle (smile on my face)",,,,youtube,qJ1GBL1TPLg,,"2026-10-09 11:47",,https://www.youtube.com/watch?v=qJ1GBL1TPLg
"Tutorial -  Friday Night Funkin' OST",,,,youtube,V-7nSV5M3Bk,,"2026-10-09 11:47",,https://www.youtube.com/watch?v=V-7nSV5M3Bk
"Fun.: We Are Young ft. Janelle Monáe [OFFICIAL VIDEO]",,,,youtube,Sv6dMFF_yts,,"2026-10-09 11:47",,https://www.youtube.com/watch?v=Sv6dMFF_yts
"Henry Mancini - Baby Elephant Walk (Best Of Both Worlds, October 4th 1964)",,,,youtube,jIMTMb4iJ1I,,"2026-10-09 11:47",,https://www.youtube.com/watch?v=jIMTMb4iJ1I
"HIGH POWERED BOYS - ""Hoes Get Down""",,,,youtube,gtJzYfozfw0,,"2026-10-09 11:47",,https://www.youtube.com/watch?v=gtJzYfozfw0
"Distance -Utada Hikaru",,,,youtube,jI5N4dStkv0,,"2026-10-09 11:47",,https://www.youtube.com/watch?v=jI5N4dStkv0
"Utada Hikaru -Final Distance (M-Flo Remix)",,,,youtube,OAdKepqYzzQ,,"2026-10-09 11:47",,https://www.youtube.com/watch?v=OAdKepqYzzQ
"宇多田ヒカル - Keep Tryin'",,,,youtube,cjio2Yrim4w,,"2026-10-09 11:47",,https://www.youtube.com/watch?v=cjio2Yrim4w
"I dream of Jeannie theme song",,,,youtube,szECpTGoXFk,,"2026-10-09 11:47",,https://www.youtube.com/watch?v=szECpTGoXFk
"JAŸ-Z - Change Clothes ft. Pharrell",,,,youtube,j6G1uwe20wg,,"2026-10-09 11:47",,https://www.youtube.com/watch?v=j6G1uwe20wg
"Lift Off",JAŸ-Z,,,youtube,ToqxFUCq6ik,,"2026-10-09 11:47",,https://www.youtube.com/watch?v=ToqxFUCq6ik
"Jess Kent- No One Else",,,,youtube,-8tk_UPYKXU,,"2026-10-09 11:47",,https://www.youtube.com/watch?v=-8tk_UPYKXU
"Joji - Gimme Love (Official Video)",,,,youtube,jPan651rVMs,,"2026-10-09 11:47",,https://www.youtube.com/watch?v=jPan651rVMs
"Katamari Fortissimo Damacy - 07 - Walking on a Star! (The Wonderful Star's Walk is Wonderful)",,,,youtube,fJYBcA9gOGU,,"2026-10-09 11:47",,https://www.youtube.com/watch?v=fJYBcA9gOGU
"The Mask You're good kid real good, but as long as I'm around you'll always be second best SEE?",,,,youtube,PmFJtt67C1Y,,"2026-10-09 11:48",,https://www.youtube.com/watch?v=PmFJtt67C1Y
"Great Fairy's Fountain   The Legend of Zelda  Ocarina of Time",,,,youtube,Dac_6-edN4E,,"2026-10-09 11:48",,https://www.youtube.com/watch?v=Dac_6-edN4E
"Horse Race   The Legend of Zelda  Ocarina of Time",,,,youtube,6BlaYUwCWO4,,"2026-10-09 11:48",,https://www.youtube.com/watch?v=6BlaYUwCWO4
"Ingo - SoundTrack - The Legend Of Zelda: Ocarina Of Time",,,,youtube,FOOYM6XGojI,,"2026-10-09 11:48",,https://www.youtube.com/watch?v=FOOYM6XGojI
"Koji Kondo - Kakariko Village [The Legend of Zelda: Ocarina of Time]",,,,youtube,2lwhL0Todq0,,"2026-10-09 11:48",,https://www.youtube.com/watch?v=2lwhL0Todq0
"Ice Cavern - The Legend of Zelda: Ocarina of Time OST",,,,youtube,KInZMgeD1ec,,"2026-10-09 11:48",,https://www.youtube.com/watch?v=KInZMgeD1ec
"All Great Fairy Locations In Zelda: Breath Of The Wild",,,,youtube,10BcY_8gkpA,,"2026-10-09 11:48",,https://www.youtube.com/watch?v=10BcY_8gkpA
"lego media logo",,,,youtube,45Cv0XFYaRM,,"2026-10-09 11:48",,https://www.youtube.com/watch?v=45Cv0XFYaRM
"Lego Racers - Circuit 4: Johnny Thunder (1999) - 4K/60",,,,youtube,P-euAonmna8,,"2026-10-09 11:48",,https://www.youtube.com/watch?v=P-euAonmna8
"Lily Allen | LDN (Official Video)",,,,youtube,wmYT79tPvLg,,"2026-10-09 11:48",,https://www.youtube.com/watch?v=wmYT79tPvLg
"Lily Allen | Not Fair (Official Video)",,,,youtube,fUYaosyR4bE,,"2026-10-09 11:48",,https://www.youtube.com/watch?v=fUYaosyR4bE
"Lily Allen | Smile (Official Video)",,,,youtube,0WxDrVUrSvI,,"2026-10-09 11:48",,https://www.youtube.com/watch?v=0WxDrVUrSvI
"Jodi Benson - Part of Your World (From ""The Little Mermaid"")",,,,youtube,SXKlJuO07eM,,"2026-10-09 11:48",,https://www.youtube.com/watch?v=SXKlJuO07eM
"YOLO (feat. Adam Levine & Kendrick Lamar)",,,,youtube,z5Otla5157c,,"2026-10-09 11:48",,https://www.youtube.com/watch?v=z5Otla5157c
"[MV] 이달의 소녀/이브 (LOONA/Yves) ""new""",,,,youtube,LIDe-yTxda0,,"2026-10-09 11:48",,https://www.youtube.com/watch?v=LIDe-yTxda0
"LunchMoney Lewis - Bills (Official Video)",,,,youtube,_IrQHeDcMi8,,"2026-10-09 11:48",,https://www.youtube.com/watch?v=_IrQHeDcMi8
"Manfred Mann - Blinded by the Light",,,,youtube,lcWVL4B-4pI,,"2026-10-09 11:48",,https://www.youtube.com/watch?v=lcWVL4B-4pI
"Mario Kart Wii - Wi-Fi Menu",,,,youtube,DGRDesEf4fw,,"2026-10-09 11:48",,https://www.youtube.com/watch?v=DGRDesEf4fw
"Mario Kart 8 Deluxe - Booster Course Pass - Credits [Switch]",,,,youtube,ZNrQol6fZBE,,"2026-10-09 11:48",,https://www.youtube.com/watch?v=ZNrQol6fZBE
"Yoshi's Island (Results Screen) - Mario Kart 8 Deluxe Booster Course Pass Music",,,,youtube,TPoENBM6Gzs,,"2026-10-09 11:48",,https://www.youtube.com/watch?v=TPoENBM6Gzs
"Marvel Vs. Capcom 2: Character Select",,,,youtube,yPjjnfGKrPc,,"2026-10-09 11:48",,https://www.youtube.com/watch?v=yPjjnfGKrPc
"One for the Head (Skit)",M.I.A.,,,youtube,s4iIaNX9tpY,,"2026-10-09 11:48",,https://www.youtube.com/watch?v=s4iIaNX9tpY
"Minecraft Music 11/12 - Key (nuance1.ogg)",,,,youtube,oAFN3CyB430,,"2026-10-09 11:48",,https://www.youtube.com/watch?v=oAFN3CyB430
"MØ - Heartbreak (Official Video)",,,,youtube,_FXa-GCaghM,,"2026-10-09 11:48",,https://www.youtube.com/watch?v=_FXa-GCaghM
"HOUSEMEISTER@ BNR XMAS dropped MR OIZO",,,,youtube,xcukKvDS8BA,,"2026-10-09 11:48",,https://www.youtube.com/watch?v=xcukKvDS8BA
"Nadia Oh 'Jump Out The Window'",,,,youtube,-vmtUv20gjQ,,"2026-10-09 11:48",,https://www.youtube.com/watch?v=-vmtUv20gjQ
"Nadia Oh 'Taking Over The Dancefloor' (Kate Middleton)",,,,youtube,39w8QLVba_M,,"2026-10-09 11:48",,https://www.youtube.com/watch?v=39w8QLVba_M
"Nardwuar theme song",,,,youtube,17HvDtZdJGY,,"2026-10-09 11:48",,https://www.youtube.com/watch?v=17HvDtZdJGY
"Natasha Bedingfield - Unwritten (Official Video) (as featured in Anyone But You)",,,,youtube,b7k0a5hYnSI,,"2026-10-09 11:48",,https://www.youtube.com/watch?v=b7k0a5hYnSI
"Stay Together",N.E.R.D.,,,youtube,EYeDZPxWN5o,,"2026-10-09 11:48",,https://www.youtube.com/watch?v=EYeDZPxWN5o
"Paramore: Still Into You [OFFICIAL VIDEO]",,,,youtube,OblL026SvD4,,"2026-10-09 11:48",,https://www.youtube.com/watch?v=OblL026SvD4
"[Official Music Video] Perfume「ねぇ」",,,,youtube,nbeGeXgjh9Q,,"2026-10-09 11:48",,https://www.youtube.com/watch?v=nbeGeXgjh9Q
"Pictureplane - Gothstar , official video",,,,youtube,NuxE7TjYuo4,,"2026-10-09 11:48",,https://www.youtube.com/watch?v=NuxE7TjYuo4
"""2024"" prod. ojivolta, earlonthebeat, and Kanye West",,,,youtube,YG3EhWlBaoI,,"2026-10-09 11:48",,https://www.youtube.com/watch?v=YG3EhWlBaoI
"Pocoyo Theme Song",,,,youtube,OqS6JXM_TmA,,"2026-10-09 11:48",,https://www.youtube.com/watch?v=OqS6JXM_TmA
"Pokémon Capture Fanfare - Pokémon Red & Blue",,,,youtube,_jDKA0YsZtE,,"2026-10-09 11:48",,https://www.youtube.com/watch?v=_jDKA0YsZtE
"Seasons of Love (HD)",,,,youtube,UvyHuse6buY,,"2026-10-09 11:48",,https://www.youtube.com/watch?v=UvyHuse6buY
"2 Guys 600 Pillows (Backwards) - Rhett & Link",,,,youtube,01TL9bUWr6I,,"2026-10-09 11:48",,https://www.youtube.com/watch?v=01TL9bUWr6I
"[Rhythm Heaven] - Frog Hop (Perfect) (English)",,,,youtube,S0ohqqrarLg,,"2026-10-09 11:48",,https://www.youtube.com/watch?v=S0ohqqrarLg
"[Rhythm Heaven] - Frog Hop 2 (Perfect) (English)",,,,youtube,h1A4ZwF1-Z4,,"2026-10-09 11:48",,https://www.youtube.com/watch?v=h1A4ZwF1-Z4
"[Rhythm Heaven Fever] ~ Flock Step (Perfect)",,,,youtube,uuAgccyZVJ8,,"2026-10-09 11:48",,https://www.youtube.com/watch?v=uuAgccyZVJ8
"Roachford Cuddly Toy Original Video",,,,youtube,gZvpVYm2kxI,,"2026-10-09 11:48",,https://www.youtube.com/watch?v=gZvpVYm2kxI
"Fred Astaire - I Won't Dance, from Roberta",,,,youtube,6CTR3d2Ly80,,"2026-10-09 11:48",,https://www.youtube.com/watch?v=6CTR3d2Ly80
"Round The Twist - TV Theme Tune",,,,youtube,XbnVVZjOSXM,,"2026-10-09 11:48",,https://www.youtube.com/watch?v=XbnVVZjOSXM
"SAINT PEPSI: HIT VIBES",,,,youtube,iqVntkhTuJs,,"2026-10-09 11:48",,https://www.youtube.com/watch?v=iqVntkhTuJs
"Shinichi Osawa - Star Guitar (Armand van Helden Rmx)",,,,youtube,EglZmp2oykE,,"2026-10-09 11:48",,https://www.youtube.com/watch?v=EglZmp2oykE
"Star Guitar/Popular Computer Remix (The One+)","MONDO GROSSO",,,youtube,2m1Rfzr1KUg,,"2026-10-09 11:48",,https://www.youtube.com/watch?v=2m1Rfzr1KUg
"Snakehips - Cruel (Official Video) ft. ZAYN",,,,youtube,WfqDSnCkaro,,"2026-10-09 11:48",,https://www.youtube.com/watch?v=WfqDSnCkaro
"Back 2 Back - Sonic Rush [OST]",,,,youtube,0JY3W5J2UeI,,"2026-10-09 11:48",,https://www.youtube.com/watch?v=0JY3W5J2UeI
"Sonic Heroes - Sonic Heroes [OST]",,,,youtube,WMiELYCfyJA,,"2026-10-09 11:48",,https://www.youtube.com/watch?v=WMiELYCfyJA
"Victory! (Jingle) - Wet Floor [Splatoon 2 OST]",,,,youtube,bLzTEbG7kDE,,"2026-10-09 11:48",,https://www.youtube.com/watch?v=bLzTEbG7kDE
"Splatoon 2 - Off the Hook introduction",,,,youtube,okIlIvHnaNw,,"2026-10-09 11:48",,https://www.youtube.com/watch?v=okIlIvHnaNw
"Splatoon 3 – Three Wishes – Nintendo Switch",,,,youtube,k2N9rVrIb6s,,"2026-10-09 11:48",,https://www.youtube.com/watch?v=k2N9rVrIb6s
"Sweet Victory","David Glen Eisley",,,youtube,Ci_M-DIkpeE,,"2026-10-09 11:48",,https://www.youtube.com/watch?v=Ci_M-DIkpeE
"Overworld Theme - Super Mario: World",,,,youtube,tAaGKo4XVvM,,"2026-10-09 11:48",,https://www.youtube.com/watch?v=tAaGKo4XVvM
"Underwater Theme - Super Mario World",,,,youtube,prsgdfF7sBM,,"2026-10-09 11:48",,https://www.youtube.com/watch?v=prsgdfF7sBM
"Super Mario World - Bonus (Restored)",,,,youtube,EMUh6vPjBXc,,"2026-10-09 11:48",,https://www.youtube.com/watch?v=EMUh6vPjBXc
"Super Mario Sunshine's Full Opening Cutscene - Super Mario 3D All-Stars",,,,youtube,IreyyC7fuq4,,"2026-10-09 11:49",,https://www.youtube.com/watch?v=IreyyC7fuq4
Event,,,,youtube,fKRCb_n6ssM,,"2026-10-09 11:49",,https://www.youtube.com/watch?v=fKRCb_n6ssM
"feels like we only go backwards - tame impala (dorian electra cover)",,,,youtube,3G_rxMlAzeE,,"2026-10-09 11:49",,https://www.youtube.com/watch?v=3G_rxMlAzeE
"TEENAGE MUTANTS (feat. MIHO HATORI)",,,,youtube,QXSZuKl4r_U,,"2026-10-09 11:49",,https://www.youtube.com/watch?v=QXSZuKl4r_U
"Tyler, The Creator - Glitter",,,,youtube,reZsYIVmWy8,,"2026-10-09 11:49",,https://www.youtube.com/watch?v=reZsYIVmWy8
"Enjoy Right Now, Today | Tyler The Creator Edit (alb5rt Remake)",,,,youtube,u2hJxKDVR-s,,"2026-10-09 11:49",,https://www.youtube.com/watch?v=u2hJxKDVR-s
"WILSHIRE (Audio)",,,,youtube,LxGVyJLjbiY,,"2026-10-09 11:49",,https://www.youtube.com/watch?v=LxGVyJLjbiY
"Underscores - Your Favorite Sidekick (Virtual Riot Remix)",,,,youtube,OdK_ALgfeWU,,"2026-10-09 11:49",,https://www.youtube.com/watch?v=OdK_ALgfeWU
"Once Upon a Time","Toby Fox",,,youtube,3BR7-AzE2dQ,,"2026-10-09 11:49",,https://www.youtube.com/watch?v=3BR7-AzE2dQ
"VeggieTales Theme Song",,,,youtube,MreUtmdNqpc,,"2026-10-09 11:49",,https://www.youtube.com/watch?v=MreUtmdNqpc
"Vib-Ribbon intro and tutorial",,,,youtube,pDSptPcImGE,,"2026-10-09 11:49",,https://www.youtube.com/watch?v=pDSptPcImGE
"01. Wallace and Gromit Theme",,,,youtube,VimZfYsDHkc,,"2026-10-09 11:49",,https://www.youtube.com/watch?v=VimZfYsDHkc
"Julian Nott: Wallace & Gromit Theme Tune - BBC Proms 2012",,,,youtube,kz2DCgIgK8Y,,"2026-10-09 11:49",,https://www.youtube.com/watch?v=kz2DCgIgK8Y
"Wavedash - Status Quo feat. fknsyd (Official Music Video)",,,,youtube,6D9bJhOKtSs,,"2026-10-09 11:49",,https://www.youtube.com/watch?v=6D9bJhOKtSs
"All Medal Jingles In Wii Play and Wii Play Motion",,,,youtube,7WkvyLqWLpU,,"2026-10-09 11:49",,https://www.youtube.com/watch?v=7WkvyLqWLpU
"Playing Wii Baseball the Right Way",,,,youtube,FWDvYgflQHg,,"2026-10-09 11:49",,https://www.youtube.com/watch?v=FWDvYgflQHg
"Yoshi's Island OST - Goal & Score",,,,youtube,u1pHkjyuWKU,,"2026-10-09 11:49",,https://www.youtube.com/watch?v=u1pHkjyuWKU
"Memories Of Tokyo-To - 03 - Say Somethin [OFFICIAL]",,,,youtube,Uk-PAb0b6jM,,"2026-10-09 11:49",,https://www.youtube.com/watch?v=Uk-PAb0b6jM
"Memories Of Tokyo-To - 11 - Benten-cho Boogie [OFFICIAL]",,,,youtube,UE6iennwfzI,,"2026-10-09 11:49",,https://www.youtube.com/watch?v=UE6iennwfzI
P.I.M.P.,"50 Cent",,,youtube,Jy1D6caG8nU,,"2026-10-09 11:49",,https://www.youtube.com/watch?v=Jy1D6caG8nU
"6IX9INE- GOOBA (Official Music Video)",,,,youtube,pPw_izFr5PA,,"2026-10-09 11:49",,https://www.youtube.com/watch?v=pPw_izFr5PA
"Stay Up! (Viagra)",88-Keys,,,youtube,Uxb3tNnM4Fk,,"2026-10-09 11:49",,https://www.youtube.com/watch?v=Uxb3tNnM4Fk
T.N.T.,AC/DC,,,youtube,NhsK5WExrnE,,"2026-10-09 11:49",,https://www.youtube.com/watch?v=NhsK5WExrnE
"Run Away With Me, reharmonized (feat. Kate Steinberg)",,,,youtube,uRsZhLpHtEA,,"2026-10-09 11:49",,https://www.youtube.com/watch?v=uRsZhLpHtEA
"Alex C. & Yass - Angel Of Darkness (Official Video)",,,,youtube,DXuVPgWl0ho,,"2026-10-09 11:49",,https://www.youtube.com/watch?v=DXuVPgWl0ho
"Anthrax, Public Enemy - Bring Tha Noize (Official Music Video)",,,,youtube,FQ3WZaKjHNQ,,"2026-10-09 11:49",,https://www.youtube.com/watch?v=FQ3WZaKjHNQ
"Aphex Twin - On",,,,youtube,38RMZ9H7Cg8,,"2026-10-09 11:49",,https://www.youtube.com/watch?v=38RMZ9H7Cg8
"Ariana Grande - no tears left to cry (Official Video)",,,,youtube,ffxKSjUwKdU,,"2026-10-09 11:49",,https://www.youtube.com/watch?v=ffxKSjUwKdU
"浜崎あゆみ / Bold & Delicious",,,,youtube,b2PX-IiG_FY,,"2026-10-09 11:49",,https://www.youtube.com/watch?v=b2PX-IiG_FY
"BabyTron - 100 Bars (Official Music Video)",,,,youtube,v77ajUleJ5c,,"2026-10-09 11:49",,https://www.youtube.com/watch?v=v77ajUleJ5c
"Bas - Fried Rice ft. JID (Audio)",,,,youtube,UAUX-Yhdy0k,,"2026-10-09 11:49",,https://www.youtube.com/watch?v=UAUX-Yhdy0k
"7 year old pitcher #baseball #pitcher #baseballlove #basebroz #pitching #baseballlife #giannimolfese",,,,youtube,xnTdgf9Vt18,,"2026-10-09 11:49",,https://www.youtube.com/watch?v=xnTdgf9Vt18
"Feels Like Home","Basement Jaxx",,,youtube,i9vIfPFUyLQ,,"2026-10-09 11:49",,https://www.youtube.com/watch?v=i9vIfPFUyLQ
"Bebe Rexha- I'm The Drama (Official Music Video)",,,,youtube,q4AHJ22hz-E,,"2026-10-09 11:49",,https://www.youtube.com/watch?v=q4AHJ22hz-E
"EAR DISINTEGRATOR (feat. Soulkeeper)",Bejalvin,,,youtube,RKqJVHrqF2Q,,"2026-10-09 11:49",,https://www.youtube.com/watch?v=RKqJVHrqF2Q
"PASS OUT",Bejalvin,,,youtube,4SDI-qNCM2Q,,"2026-10-09 11:49",,https://www.youtube.com/watch?v=4SDI-qNCM2Q
"BEN 10- Official theme | Sunidhi Chauhan #sunidhilive",,,,youtube,iESy3uj4sjE,,"2026-10-09 11:49",,https://www.youtube.com/watch?v=iESy3uj4sjE
"Lady Gaga - Telephone ft. Beyoncé (Official Music Video) ft. Beyoncé",,,,youtube,EVBsypHzF3U,,"2026-10-09 11:49",,https://www.youtube.com/watch?v=EVBsypHzF3U
"BICEP | AURA",,,,youtube,Xvlym4g9SQQ,,"2026-10-09 11:49",,https://www.youtube.com/watch?v=Xvlym4g9SQQ
"Billy Preston ~ Outa  Space 1971 Funky Purrfection Version",,,,youtube,CIi6AwMzERs,,"2026-10-09 11:49",,https://www.youtube.com/watch?v=CIi6AwMzERs
"Killing Machines (The BIONICLE Music) [Full Ver.]",,,,youtube,g3dFNs-DtQk,,"2026-10-09 11:49",,https://www.youtube.com/watch?v=g3dFNs-DtQk
"björk : mutual core",,,,youtube,-WnzRqCK6Fs,,"2026-10-09 11:49",,https://www.youtube.com/watch?v=-WnzRqCK6Fs
"adidas ZX 8000 deadHYPE Pre-Release by OVERKILL - Recap",,,,youtube,neo2BwFX6A4,,"2026-10-09 11:49",,https://www.youtube.com/watch?v=neo2BwFX6A4
"Bomb Rush Cyberfunk OST - Big City Life ft OV (written by G. Roberts and P. Mukhi)",,,,youtube,5t4KSZw_ekA,,"2026-10-09 11:49",,https://www.youtube.com/watch?v=5t4KSZw_ekA
"2 Mello - I Wanna Kno (Official Audio)",,,,youtube,nbogUmJkeBI,,"2026-10-09 11:49",,https://www.youtube.com/watch?v=nbogUmJkeBI
"Bomb Rush Cyberfunk OST - Precious Thing",,,,youtube,lVDEkCbG_S8,,"2026-10-09 11:49",,https://www.youtube.com/watch?v=lVDEkCbG_S8
"BORIS ""ibitsu""(official video)",,,,youtube,6T_mxtyPjDQ,,"2026-10-09 11:49",,https://www.youtube.com/watch?v=6T_mxtyPjDQ
"BORIS ""PINK""(official video)",,,,youtube,bREC4gvH5Gw,,"2026-10-09 11:49",,https://www.youtube.com/watch?v=bREC4gvH5Gw
"Boys Noize Oh! (A-Trak remix)",,,,youtube,LK3jGjiaLho,,"2026-10-09 11:49",,https://www.youtube.com/watch?v=LK3jGjiaLho
"CANNON - BROCKHAMPTON",,,,youtube,WeXbERVaj6w,,"2026-10-09 11:49",,https://www.youtube.com/watch?v=WeXbERVaj6w
BOOGIE,BROCKHAMPTON,,,youtube,GtCa-f7X2T8,,"2026-10-09 11:49",,https://www.youtube.com/watch?v=GtCa-f7X2T8
"RZA - BROCKHAMPTON",,,,youtube,5Ww4RG1pCO8,,"2026-10-09 11:49",,https://www.youtube.com/watch?v=5Ww4RG1pCO8
"FMG - BROCKHAMPTON",,,,youtube,LHIuT9rdcs8,,"2026-10-09 11:49",,https://www.youtube.com/watch?v=LHIuT9rdcs8
"KEEP IT SOUTHERN - BROCKHAMPTON",,,,youtube,5RgQSN78OuM,,"2026-10-09 11:49",,https://www.youtube.com/watch?v=5RgQSN78OuM
"BTS (방탄소년단) 'MIC Drop (Steve Aoki Remix)' Official MV",,,,youtube,kTlv5_Bs8aw,,"2026-10-09 11:49",,https://www.youtube.com/watch?v=kTlv5_Bs8aw
"CactusTeam - how do i stop seeing floaters?",,,,youtube,trQswVLueXM,,"2026-10-09 11:49",,https://www.youtube.com/watch?v=trQswVLueXM
"Calvin Harris I'm Not Alone DEADMAU5 REMIX",,,,youtube,O2jj3YbgX_w,,"2026-10-09 11:49",,https://www.youtube.com/watch?v=O2jj3YbgX_w
"JUMPER / capsule",,,,youtube,viycVSrrCXk,,"2026-10-09 11:50",,https://www.youtube.com/watch?v=viycVSrrCXk
"Gone (Clarence Clarity Remix)","Charli XCX",,,youtube,UnFFWy_G6LU,,"2026-10-09 11:50",,https://www.youtube.com/watch?v=UnFFWy_G6LU
"Alastor - Betty Boop (Charlie Puth) || Hazbin Hotel AMV",,,,youtube,7zqlOToK05w,,"2026-10-09 11:50",,https://www.youtube.com/watch?v=7zqlOToK05w
"Chip Da Ripper freestyle (Interior Crocodile Alligator full song)",,,,youtube,ZIfSaDNVjXI,,"2026-10-09 11:50",,https://www.youtube.com/watch?v=ZIfSaDNVjXI
"COUCOU CHLOE - DRIFT (prod. COUCOU CHLOE)",,,,youtube,sf9ZLNM3uw0,,"2026-10-09 11:50",,https://www.youtube.com/watch?v=sf9ZLNM3uw0
"Hagop Tchaparian & No Strings Attached - Orbital Insertion (Cyberpunk 2077 107.5 Dark Star Radio)",,,,youtube,zvwP7EUprNA,,"2026-10-09 11:50",,https://www.youtube.com/watch?v=zvwP7EUprNA
"julek ploski & DJ papergekko - Bigger Crimes (Cyberpunk 2077 107.5 Dark Star Radio)",,,,youtube,mk294wGRvYY,,"2026-10-09 11:50",,https://www.youtube.com/watch?v=mk294wGRvYY
"daft punk - make love 〈slowed X reverb〉",,,,youtube,PqE-mvfKhfI,,"2026-10-09 11:50",,https://www.youtube.com/watch?v=PqE-mvfKhfI
"Daft Punk - Touch It / Technologic (Live 2007 - Official Audio)",,,,youtube,NFxyYYRqobw,,"2026-10-09 11:50",,https://www.youtube.com/watch?v=NFxyYYRqobw
"Prime time of your life x Television rules the nation (aweSoMe Very remix)",,,,youtube,yc1_yfOV0Gs,,"2026-10-09 11:50",,https://www.youtube.com/watch?v=yc1_yfOV0Gs
"Daft Punk - Lose Yourself to Dance (Official Version)",,,,youtube,NF-kLy44Hls,,"2026-10-09 11:50",,https://www.youtube.com/watch?v=NF-kLy44Hls
"Tunak Tunak Tun Video | Daler Mehndi | Full Song | Daler Mehndi Music",,,,youtube,92ydUdqWE1g,,"2026-10-09 11:50",,https://www.youtube.com/watch?v=92ydUdqWE1g
"Danny L Harle - Me4U (A. G. Cook Remix)",,,,youtube,If77CW_aZsY,,"2026-10-09 11:50",,https://www.youtube.com/watch?v=If77CW_aZsY
"One Trick Pony ft. Sofi - Deadmau5",,,,youtube,T50ucVLKON4,,"2026-10-09 11:50",,https://www.youtube.com/watch?v=T50ucVLKON4
"Delta Goodrem - You Will Only Break My Heart",,,,youtube,UCIcac5CnSE,,"2026-10-09 11:50",,https://www.youtube.com/watch?v=UCIcac5CnSE
"46. Before the Story (DELTARUNE Chapter 2 Soundtrack) - Toby Fox",,,,youtube,HIa5FXeROdw,,"2026-10-09 11:50",,https://www.youtube.com/watch?v=HIa5FXeROdw
"Before the Story","Toby Fox",,,youtube,_0pFoKrY5TU,,"2026-10-09 11:50",,https://www.youtube.com/watch?v=_0pFoKrY5TU
"Denzel Curry - SIRENS | Z1RENZ from TA13OO Act 2: Gray",,,,youtube,8TCrqTL5STg,,"2026-10-09 11:50",,https://www.youtube.com/watch?v=8TCrqTL5STg
"Dizzee Rascal & Calvin Harris - Dance Wiv Me",,,,youtube,c2MiyZx8MTY,,"2026-10-09 11:50",,https://www.youtube.com/watch?v=c2MiyZx8MTY
"Dua Lipa - Dance The Night (From Barbie The Album) [Official Music Video]",,,,youtube,OiC1rgCPmUQ,,"2026-10-09 11:50",,https://www.youtube.com/watch?v=OiC1rgCPmUQ
"Doja Cat - Vegas (From the Original Motion Picture Soundtrack ELVIS) (Official Video)",,,,youtube,QZp2biJul1c,,"2026-10-09 11:50",,https://www.youtube.com/watch?v=QZp2biJul1c
"Enrique Iglesias, USHER, Lil Wayne - Dirty Dancer",,,,youtube,vHJAUuicC0Q,,"2026-10-09 11:50",,https://www.youtube.com/watch?v=vHJAUuicC0Q
"Ericka June- Work The Middle",,,,youtube,7L3hg1BD_A8,,"2026-10-09 11:50",,https://www.youtube.com/watch?v=7L3hg1BD_A8
"The Prodigy - Breathe (feat. RZA) [Liam H and Rene LaVice Re-Amp] (Official Audio)",,,,youtube,PwSd1_K8bjQ,,"2026-10-09 11:50",,https://www.youtube.com/watch?v=PwSd1_K8bjQ
Flow,Disasterpeace,,,youtube,8WK0ydDWQR4,,"2026-10-09 11:50",,https://www.youtube.com/watch?v=8WK0ydDWQR4
Formations,Disasterpeace,,,youtube,8QjL2toMnMY,,"2026-10-09 11:50",,https://www.youtube.com/watch?v=8QjL2toMnMY
Forgotten,Disasterpeace,,,youtube,UbTZlpxorbs,,"2026-10-09 11:50",,https://www.youtube.com/watch?v=UbTZlpxorbs
Nature,Disasterpeace,,,youtube,LXBft4MKYmQ,,"2026-10-09 11:50",,https://www.youtube.com/watch?v=LXBft4MKYmQ
Age,Disasterpeace,,,youtube,4Il8XoLWGvw,,"2026-10-09 11:50",,https://www.youtube.com/watch?v=4Il8XoLWGvw
"dancing on your grave","food house",,,youtube,LeRBwI2eHAw,,"2026-10-09 11:50",,https://www.youtube.com/watch?v=LeRBwI2eHAw
"Frank Ocean - Nights (Part 2) 2017",,,,youtube,VEuD6GxxXvw,,"2026-10-09 11:50",,https://www.youtube.com/watch?v=VEuD6GxxXvw
"Money and Bands","Frost Children",,,youtube,aOKJ7WvfQY0,,"2026-10-09 11:50",,https://www.youtube.com/watch?v=aOKJ7WvfQY0
"Fortnite | Return Of The Tiger Lobby Music (C5S1 Battle Pass)",,,,youtube,w-yq8uFuXOY,,"2026-10-09 11:50",,https://www.youtube.com/watch?v=w-yq8uFuXOY
"Fortnite - Street Ignite",,,,youtube,FPzp38uaq8A,,"2026-10-09 11:50",,https://www.youtube.com/watch?v=FPzp38uaq8A
"Fortnite is CHANGING It's Name...",,,,youtube,qtLdbNqH_CM,,"2026-10-09 11:50",,https://www.youtube.com/watch?v=qtLdbNqH_CM
"Fortnite - Where My Wookies At? (Fortnite Music Video)",,,,youtube,E6LTSlwV7OY,,"2026-10-09 11:50",,https://www.youtube.com/watch?v=E6LTSlwV7OY
"four tet = sleep, food, have visions",,,,youtube,FIFK3xvxkGU,,"2026-10-09 11:50",,https://www.youtube.com/watch?v=FIFK3xvxkGU
"The Game, Kanye West - Eazy (Official Music Video)",,,,youtube,qy7sci2az88,,"2026-10-09 11:50",,https://www.youtube.com/watch?v=qy7sci2az88
"Gaspard Augé - Force Majeure (Official Audio)",,,,youtube,CwvLsq1mGMM,,"2026-10-09 11:50",,https://www.youtube.com/watch?v=CwvLsq1mGMM
"Kai Whiston, BABii, Iglooghost - Lockii",,,,youtube,HvgG-kifQnI,,"2026-10-09 11:50",,https://www.youtube.com/watch?v=HvgG-kifQnI
"Opium (feat. EARTHGANG)",Gorillaz,,,youtube,Idt5gNZGi9Q,,"2026-10-09 11:50",,https://www.youtube.com/watch?v=Idt5gNZGi9Q
"HEALTH :: ASHAMED (OF BEING BORN) :: MUSIC VIDEO",,,,youtube,PZL1_sImzKY,,"2026-10-09 11:50",,https://www.youtube.com/watch?v=PZL1_sImzKY
"Daniel Woods on the highball line that wasn’t repeated for 9 years",,,,youtube,5ZJW5IcTaA4,,"2026-10-09 11:50",,https://www.youtube.com/watch?v=5ZJW5IcTaA4
"宇多田ヒカル『PINK BLOOD』",,,,youtube,U_Ry2dM0B34,,"2026-10-09 11:50",,https://www.youtube.com/watch?v=U_Ry2dM0B34
宇多田ヒカル『君に夢中』,,,,youtube,5YKBgBMynbI,,"2026-10-09 11:50",,https://www.youtube.com/watch?v=5YKBgBMynbI
"RescueCyberParty w/ Pixelord, Anki, Iglooghost, Dillatronic, Chesh and more!",,,,youtube,HM-hRLHe6Gs,,"2026-10-09 11:50",,https://www.youtube.com/watch?v=HM-hRLHe6Gs
"Duran Duran - A View To A Kill",,,,youtube,Fp4CR2HcHLQ,,"2026-10-09 11:50",,https://www.youtube.com/watch?v=Fp4CR2HcHLQ
"james brown sexy machine",,,,youtube,ZNaXb3uuekk,,"2026-10-09 11:50",,https://www.youtube.com/watch?v=ZNaXb3uuekk
"Jamiroquai - Little L (Wounded Buffalo Remix - Official Audio)",,,,youtube,dTwIabv0274,,"2026-10-09 11:50",,https://www.youtube.com/watch?v=dTwIabv0274
"Jamiroquai - Little L (Blaze Shelter Mix - Official Audio)",,,,youtube,Qyc8Bsox3-U,,"2026-10-09 11:50",,https://www.youtube.com/watch?v=Qyc8Bsox3-U
"Jay-Z - Brookly we go hard",,,,youtube,COG8HMDlrAs,,"2026-10-09 11:50",,https://www.youtube.com/watch?v=COG8HMDlrAs
ReDoin,,,,youtube,rjRV0G6qWgw,,"2026-10-09 11:50",,https://www.youtube.com/watch?v=rjRV0G6qWgw
"Funky Dealer","HIDEKI NAGANUMA",,,youtube,CwE2k0HMDfo,,"2026-10-09 11:50",,https://www.youtube.com/watch?v=CwE2k0HMDfo
"Bran Van 3000 - The Answer (The Latch Brothers Remix)",,,,youtube,rruZImk5yj8,,"2026-10-09 11:50",,https://www.youtube.com/watch?v=rruZImk5yj8
"Humming The Bassline (D.S.Remix)","HIDEKI NAGANUMA",,,youtube,JgCxAZjR1Ew,,"2026-10-09 11:51",,https://www.youtube.com/watch?v=JgCxAZjR1Ew
"Grace and Glory (B.B.M.H.Mix)","HIDEKI NAGANUMA",,,youtube,pPrbwl6Ld1w,,"2026-10-09 11:51",,https://www.youtube.com/watch?v=pPrbwl6Ld1w
"J.I.D - Off Deez ft. J. Cole (Official Music Video)",,,,youtube,ZiADuDjueJc,,"2026-10-09 11:51",,https://www.youtube.com/watch?v=ZiADuDjueJc
"Justice - DVNO (Sunshine Brothers Remix)",,,,youtube,RZQ3XESItRo,,"2026-10-09 11:51",,https://www.youtube.com/watch?v=RZQ3XESItRo
"Chop Me Up","Justin Timberlake",,,youtube,WEfgzRP5YOQ,,"2026-10-09 11:51",,https://www.youtube.com/watch?v=WEfgzRP5YOQ
"Kanye West - Stronger (Caprii Remix) [Kanye Video]",,,,youtube,YtpK1Tp4y34,,"2026-10-09 11:51",,https://www.youtube.com/watch?v=YtpK1Tp4y34
"Kavinsky - Odd Look ft. The Weeknd",,,,youtube,N70DRo8_WwA,,"2026-10-09 11:51",,https://www.youtube.com/watch?v=N70DRo8_WwA
"Kelis - Bossy (SebastiAn Remix) [Official Audio]",,,,youtube,XMNjHy6aRxg,,"2026-10-09 11:51",,https://www.youtube.com/watch?v=XMNjHy6aRxg
DUCKWORTH.,"Kendrick Lamar",,,youtube,Dm-foWGDBF0,,"2026-10-09 11:51",,https://www.youtube.com/watch?v=Dm-foWGDBF0
DUCKWORTH.,"Kendrick Lamar",,,youtube,Dm-foWGDBF0,,"2026-10-09 11:51",,https://www.youtube.com/watch?v=Dm-foWGDBF0
"How Ya Like Me Now by Kill The Noise, Wolfgang Gartner, Ericka Guitron",,,,youtube,FGrAZ2rkt6c,,"2026-10-09 11:51",,https://www.youtube.com/watch?v=FGrAZ2rkt6c
"Chip Da Ripper freestyle (Interior Crocodile Alligator full song)",,,,youtube,ZIfSaDNVjXI,,"2026-10-09 11:51",,https://www.youtube.com/watch?v=ZIfSaDNVjXI
"Ch00k Ch00k Tare",Kreayshawn,,,youtube,3WguReYbqNk,,"2026-10-09 11:51",,https://www.youtube.com/watch?v=3WguReYbqNk
"Aserejé (The Ketchup Song) [Spanish Version] - Las Ketchup",,,,youtube,arZZw8NyPq8,,"2026-10-09 11:51",,https://www.youtube.com/watch?v=arZZw8NyPq8
"Lil Wayne - Love Me (Explicit Version/Closed Captioned) ft. Drake, Future",,,,youtube,KY44zvhWhp4,,"2026-10-09 11:51",,https://www.youtube.com/watch?v=KY44zvhWhp4
"Points Of Authority [Official HD Music Video] - Linkin Park",,,,youtube,jZSPAp8kCl4,,"2026-10-09 11:51",,https://www.youtube.com/watch?v=jZSPAp8kCl4
"Linkin Park - Pts.Of.Athrty (Demo) (Remix by Jay Gordon)",,,,youtube,RD3rrq52OfI,,"2026-10-09 11:51",,https://www.youtube.com/watch?v=RD3rrq52OfI
"In The End [Official HD Music Video] - Linkin Park",,,,youtube,eVTXPUF4Oz4,,"2026-10-09 11:51",,https://www.youtube.com/watch?v=eVTXPUF4Oz4
"Enth E Nd (Official Video) - Linkin Park",,,,youtube,Y1IMfvF8aQ0,,"2026-10-09 11:51",,https://www.youtube.com/watch?v=Y1IMfvF8aQ0
"A Place For My Head (Official Audio) - Linkin Park",,,,youtube,3t2WkCudwfY,,"2026-10-09 11:51",,https://www.youtube.com/watch?v=3t2WkCudwfY
"Plc.4 Mie HædAmp Live [feat. Zion] - Linkin Park",,,,youtube,arIr7nzLol0,,"2026-10-09 11:51",,https://www.youtube.com/watch?v=arIr7nzLol0
"Pushing Me Away - Linkin Park (Hybrid Theory)",,,,youtube,Ve1LNJEIKUE,,"2026-10-09 11:51",,https://www.youtube.com/watch?v=Ve1LNJEIKUE
"Linkin Park - P5hng Me A*wy (Live In Texas)",,,,youtube,M_drUmLQFwU,,"2026-10-09 11:51",,https://www.youtube.com/watch?v=M_drUmLQFwU
"Lying From You - Linkin Park (Meteora)",,,,youtube,NjdgcHdzvac,,"2026-10-09 11:51",,https://www.youtube.com/watch?v=NjdgcHdzvac
"Easier To Run - Linkin Park (Meteora)",,,,youtube,U5zdmjVeQzE,,"2026-10-09 11:51",,https://www.youtube.com/watch?v=U5zdmjVeQzE
"Hugs (feat. Pharrell)",,,,youtube,0JVwfJGfins,,"2026-10-09 11:51",,https://www.youtube.com/watch?v=0JVwfJGfins
"LSD - Audio (Official Video) ft. Sia, Diplo, Labrinth",,,,youtube,tjA7nAHOAww,,"2026-10-09 11:51",,https://www.youtube.com/watch?v=tjA7nAHOAww
"Spectator - Mario Kart 8 Deluxe OST",,,,youtube,j44OcGBuUDM,,"2026-10-09 11:51",,https://www.youtube.com/watch?v=j44OcGBuUDM
"MBE Study Tips From AdaptiBar's MBE Expert Jonathan Grossman - Part 1",,,,youtube,yoJhDU3J0bc,,"2026-10-09 11:51",,https://www.youtube.com/watch?v=yoJhDU3J0bc
BELIEVER,M.I.A.,,,youtube,eCYFx2JVwCw,,"2026-10-09 11:51",,https://www.youtube.com/watch?v=eCYFx2JVwCw
"C418 - Beginning 2 (Minecraft Volume Beta)",,,,youtube,2vRBjHY7ReE,,"2026-10-09 11:51",,https://www.youtube.com/watch?v=2vRBjHY7ReE
"C418 - Ki (Minecraft Volume Beta)",,,,youtube,0y53iF8BTSU,,"2026-10-09 11:51",,https://www.youtube.com/watch?v=0y53iF8BTSU
"Minecraft Nether Music 1/4 - Concrete Halls (Nether1.ogg)",,,,youtube,gMoS2FvkyLE,,"2026-10-09 11:51",,https://www.youtube.com/watch?v=gMoS2FvkyLE
"C418 - Mutation (Minecraft Volume Beta)",,,,youtube,5ChvaSe6aK0,,"2026-10-09 11:51",,https://www.youtube.com/watch?v=5ChvaSe6aK0
"Beginning 2","Daniel Rosenfeld",,,youtube,ZayVhzI8ANE,,"2026-10-09 11:51",,https://www.youtube.com/watch?v=ZayVhzI8ANE
"C418 - Far (Minecraft Volume Beta)",,,,youtube,UqKcX87h3c0,,"2026-10-09 11:51",,https://www.youtube.com/watch?v=UqKcX87h3c0
"So Below","Lena Raine",,,youtube,32jUaAgflXc,,"2026-10-09 11:51",,https://www.youtube.com/watch?v=32jUaAgflXc
"""Still Alive"" - The Theme Song from Mirror's Edge",,,,youtube,SzmUde_EK5Y,,"2026-10-09 11:51",,https://www.youtube.com/watch?v=SzmUde_EK5Y
"MØ - Live to Survive (Official Video)",,,,youtube,VdZwSxJDQ5A,,"2026-10-09 11:51",,https://www.youtube.com/watch?v=VdZwSxJDQ5A
"MØ - Wake Me Up (Official Video)",,,,youtube,_RWcevVCk84,,"2026-10-09 11:51",,https://www.youtube.com/watch?v=_RWcevVCk84
"[MV] MOMOLAND (모모랜드) _ BBoom BBoom (뿜뿜)",,,,youtube,JQGRg8XBnB4,,"2026-10-09 11:51",,https://www.youtube.com/watch?v=JQGRg8XBnB4
"NAYEON ""ABCD"" M/V",,,,youtube,oUZttxRcPZw,,"2026-10-09 11:51",,https://www.youtube.com/watch?v=oUZttxRcPZw
"NERD- yeah you",,,,youtube,c9aVgX1m0Lo,,"2026-10-09 11:51",,https://www.youtube.com/watch?v=c9aVgX1m0Lo
"Netta - TOY - Israel - Official Music Video - Eurovision 2018",,,,youtube,CziHrYYSyPc,,"2026-10-09 11:51",,https://www.youtube.com/watch?v=CziHrYYSyPc
"Ninajirachi - iPod Touch (Terminal 5, NYC 5/3/26)",,,,youtube,tnY-_vjJkxA,,"2026-10-09 11:51",,https://www.youtube.com/watch?v=tnY-_vjJkxA
"N.W.A. - Straight Outta Compton (Official Music Video)",,,,youtube,TMZi25Pq3T8,,"2026-10-09 11:51",,https://www.youtube.com/watch?v=TMZi25Pq3T8
"Just out of curiosity, which clubs did you geniuses pick to DJ? (Heaven NYC, October 31, 2022)",,,,youtube,PBuTPer_w9w,,"2026-10-09 11:51",,https://www.youtube.com/watch?v=PBuTPer_w9w
"Oklou - blade bird",,,,youtube,Tgw9cFdCPxU,,"2026-10-09 11:51",,https://www.youtube.com/watch?v=Tgw9cFdCPxU
21_questionable_breakbeats_180bpm,,,,youtube,v2jXcQmwm7Q,,"2026-10-09 11:51",,https://www.youtube.com/watch?v=v2jXcQmwm7Q
War,OutKast,,,youtube,iLitPNSnrTo,,"2026-10-09 11:51",,https://www.youtube.com/watch?v=iLitPNSnrTo
"Panic! At The Disco: Emperor's New Clothes [OFFICIAL VIDEO]",,,,youtube,7qFF2v8VsaA,,"2026-10-09 11:51",,https://www.youtube.com/watch?v=7qFF2v8VsaA
"October in Rome 2026: Things Happening In Rome That Are Worth Planning Your Trip Around",,,,youtube,it9g3SnXsi0,,"2026-10-09 11:51",,https://www.youtube.com/watch?v=it9g3SnXsi0
"Young Girl / I Really Like You",Pharrell,,,youtube,WnTes2JkhjI,,"2026-10-09 11:51",,https://www.youtube.com/watch?v=WnTes2JkhjI
"Pierce The Veil ""Caraphernelia"" (Official Music Video)",,,,youtube,FZVYOriINwc,,"2026-10-09 11:51",,https://www.youtube.com/watch?v=FZVYOriINwc
"Playboi Carti - R.I.P.",,,,youtube,GRoa6w-wnT4,,"2026-10-09 11:51",,https://www.youtube.com/watch?v=GRoa6w-wnT4
"Playstation 2 Startup Intro (PS2)",,,,youtube,y9Ln-qyvX_I,,"2026-10-09 11:51",,https://www.youtube.com/watch?v=y9Ln-qyvX_I
"The Presets - No Fun (Official Video)",,,,youtube,HZ-KMzRWrI8,,"2026-10-09 11:51",,https://www.youtube.com/watch?v=HZ-KMzRWrI8
"Out Of Your Mind","The Presets",,,youtube,88jhTVFt7eE,,"2026-10-09 11:51",,https://www.youtube.com/watch?v=88jhTVFt7eE
"Prince - Batdance (Official Music Video)",,,,youtube,ulOLYnOthIw,,"2026-10-09 11:52",,https://www.youtube.com/watch?v=ulOLYnOthIw
"The Prodigy - Breathe (Official Video)",,,,youtube,6_PAHbqq-o4,,"2026-10-09 11:52",,https://www.youtube.com/watch?v=6_PAHbqq-o4
"New God Flow","Pusha T",,,youtube,GjuhKczCgSI,,"2026-10-09 11:52",,https://www.youtube.com/watch?v=GjuhKczCgSI
"God Of Ink","Hiroyuki SAWANO",,,youtube,q1_mpwbwlHQ,,"2026-10-09 11:52",,https://www.youtube.com/watch?v=q1_mpwbwlHQ
"Brick City Mashin'! By Redman | InMyWordTV",,,,youtube,dsKaCYj561k,,"2026-10-09 11:52",,https://www.youtube.com/watch?v=dsKaCYj561k
"Super Smash Heaven (Rhythm Heaven x Smash Bros Animation)",,,,youtube,DJJmpVvEQ94,,"2026-10-09 11:52",,https://www.youtube.com/watch?v=DJJmpVvEQ94
"TSUNKU - TOUCH ME (Custom Remix)",,,,youtube,P8dqWQBcVB4,,"2026-10-09 11:52",,https://www.youtube.com/watch?v=P8dqWQBcVB4
"Rihanna - S&M",,,,youtube,KdS6HFQ_LUc,,"2026-10-09 11:52",,https://www.youtube.com/watch?v=KdS6HFQ_LUc
"RM 'LOST!' Official MV",,,,youtube,kq6UVL3H6SI,,"2026-10-09 11:52",,https://www.youtube.com/watch?v=kq6UVL3H6SI
"Someone You Like | Stardew Valley Sebastian Animation",,,,youtube,-oHNeIcJ_rc,,"2026-10-09 11:52",,https://www.youtube.com/watch?v=-oHNeIcJ_rc
"SebastiAn - Pleasant",,,,youtube,5jPq5ngkIaI,,"2026-10-09 11:52",,https://www.youtube.com/watch?v=5jPq5ngkIaI
"Handcuffed to a Parking Meter",SebastiAn,,,youtube,Wd7amqnnQ3k,,"2026-10-09 11:52",,https://www.youtube.com/watch?v=Wd7amqnnQ3k
"while you were sleeping",Skrillex,,,youtube,GS_9nf555dw,,"2026-10-09 11:52",,https://www.youtube.com/watch?v=GS_9nf555dw
"Kendrick Lamar - HUMBLE. (Skrillex Remix) [Official Audio]",,,,youtube,gh72dXr4fTM,,"2026-10-09 11:52",,https://www.youtube.com/watch?v=gh72dXr4fTM
"skrillex - druids",,,,youtube,k75Xn95Ubt0,,"2026-10-09 11:52",,https://www.youtube.com/watch?v=k75Xn95Ubt0
"Skrillex - DnB Ting",,,,youtube,t5aA-tEQ_mM,,"2026-10-09 11:52",,https://www.youtube.com/watch?v=t5aA-tEQ_mM
"Sonic CD (JP) OST: Act Clear",,,,youtube,EgFKDfprVck,,"2026-10-09 11:52",,https://www.youtube.com/watch?v=EgFKDfprVck
"Cosmic Eternity ~ Believe in Yourself - Sonic the Hedgehog CD [OST]",,,,youtube,5AW7xQ_Dxjk,,"2026-10-09 11:52",,https://www.youtube.com/watch?v=5AW7xQ_Dxjk
"Metal Scratchin' - Sonic Rush [OST]",,,,youtube,oo9pylkO42w,,"2026-10-09 11:52",,https://www.youtube.com/watch?v=oo9pylkO42w
"SOPHIE - BIPP (A. G. Cook remix)",,,,youtube,2C5uKjyIy4w,,"2026-10-09 11:52",,https://www.youtube.com/watch?v=2C5uKjyIy4w
"Sophie Rain had to look away after realising how good Breckie Hill eye contact was #sophierain #bop",,,,youtube,STgvh57W3BM,,"2026-10-09 11:52",,https://www.youtube.com/watch?v=STgvh57W3BM
"Any minute now",Soulwax,,,youtube,e_tbEMT0mFI,,"2026-10-09 11:52",,https://www.youtube.com/watch?v=e_tbEMT0mFI
Compute,Soulwax,,,youtube,X9b5TN2VI9E,,"2026-10-09 11:52",,https://www.youtube.com/watch?v=X9b5TN2VI9E
Krack,Soulwax,,,youtube,NQus0bbHOvk,,"2026-10-09 11:52",,https://www.youtube.com/watch?v=NQus0bbHOvk
"Plaza - Splatoon OST",,,,youtube,kN5dt_eOr-M,,"2026-10-09 11:52",,https://www.youtube.com/watch?v=kN5dt_eOr-M
"♪ Spicy Calamari Inkantation ♫ [OLD] Caitlin Koi Music Video - Splatoon 2",,,,youtube,oyAi0qScNnk,,"2026-10-09 11:52",,https://www.youtube.com/watch?v=oyAi0qScNnk
"♪ Spicy Calamari Inkantation ♫ [OLD] Caitlin Koi Music Video - Splatoon 2",,,,youtube,oyAi0qScNnk,,"2026-10-09 11:52",,https://www.youtube.com/watch?v=oyAi0qScNnk
"Splatoon OST - Octoling Rendezvous (Battle Beat) (w/ Final Checkpoint)",,,,youtube,gWqJJqb3uAE,,"2026-10-09 11:52",,https://www.youtube.com/watch?v=gWqJJqb3uAE
"Shooting Starfish - [Turquoise October]",,,,youtube,ibgJanJWCbc,,"2026-10-09 11:52",,https://www.youtube.com/watch?v=ibgJanJWCbc
"♪ Spicy Calamari Inkantation ♫ [OLD] Caitlin Koi Music Video - Splatoon 2",,,,youtube,oyAi0qScNnk,,"2026-10-09 11:52",,https://www.youtube.com/watch?v=oyAi0qScNnk
"♪ Spicy Calamari Inkantation ♫ [OLD] Caitlin Koi Music Video - Splatoon 2",,,,youtube,oyAi0qScNnk,,"2026-10-09 11:52",,https://www.youtube.com/watch?v=oyAi0qScNnk
"Splatoon 3 OST - Chroma Chaos - Pop 'n' Shlock",,,,youtube,1Z79Xew_70Y,,"2026-10-09 11:52",,https://www.youtube.com/watch?v=1Z79Xew_70Y
"Dead Sea - Firefly [Splatoon 3 OST]",,,,youtube,xsvnS46LqX4,,"2026-10-09 11:52",,https://www.youtube.com/watch?v=xsvnS46LqX4
"Calamari Inkantation 3MIX (Feat. DJ Octavio & Deep Cut) - Splatoon 3",,,,youtube,UnwEna-OmYY,,"2026-10-09 11:52",,https://www.youtube.com/watch?v=UnwEna-OmYY
"Routin3s - Free Association",,,,youtube,1dSGrv_vxOk,,"2026-10-09 11:52",,https://www.youtube.com/watch?v=1dSGrv_vxOk
"Stevie Wonder Superstition",,,,youtube,0CFuCYNx-1g,,"2026-10-09 11:52",,https://www.youtube.com/watch?v=0CFuCYNx-1g
"Skrillex & Rick Ross - Purple Lamborghini [Official Video]",,,,youtube,ZkqyIoYAXV8,,"2026-10-09 11:52",,https://www.youtube.com/watch?v=ZkqyIoYAXV8
"Skylar Grey - Wreak Havoc (from Suicide Squad: The Album) [Official Audio]",,,,youtube,E1mFLiZ0t6c,,"2026-10-09 11:52",,https://www.youtube.com/watch?v=E1mFLiZ0t6c
"Swami Sound - HEART OF THE MAN (feat. Yourszlf)",,,,youtube,kbOmgatMGDg,,"2026-10-09 11:52",,https://www.youtube.com/watch?v=kbOmgatMGDg
"Three 6 Mafia - Stay Fly (Official Video)",,,,youtube,vBjzAdpZzf0,,"2026-10-09 11:52",,https://www.youtube.com/watch?v=vBjzAdpZzf0
"T.I. - Bring Em Out (Official Video)",,,,youtube,UZckXxpGNa8,,"2026-10-09 11:52",,https://www.youtube.com/watch?v=UZckXxpGNa8
"Kenny Loggins - Danger Zone (Official Video - Top Gun)",,,,youtube,siwpn14IE7E,,"2026-10-09 11:52",,https://www.youtube.com/watch?v=siwpn14IE7E
"Travis Scott - SICKO MODE (Official Video) ft. Drake",,,,youtube,6ONRf7h3Mdk,,"2026-10-09 11:52",,https://www.youtube.com/watch?v=6ONRf7h3Mdk
"Travis Scott - CAN'T SAY (Official Video)",,,,youtube,2LegcNVM_nM,,"2026-10-09 11:52",,https://www.youtube.com/watch?v=2LegcNVM_nM
"Travis Scott - WHO? WHAT! (Audio)",,,,youtube,gLkQA7iLNUk,,"2026-10-09 11:52",,https://www.youtube.com/watch?v=gLkQA7iLNUk
"Travis Scott - LOST FOREVER (Official Audio) ft. Westside Gunn",,,,youtube,AppJbl-wODs,,"2026-10-09 11:52",,https://www.youtube.com/watch?v=AppJbl-wODs
"TroyBoi - WARLORDZ (feat. Skrillex) [Official Audio]",,,,youtube,5_Bn7j-H2Eg,,"2026-10-09 11:52",,https://www.youtube.com/watch?v=5_Bn7j-H2Eg
"FKA twigs x Skrillex - Ego Death (Yoseppi's Club Edit)",,,,youtube,DOEdWXoBkHE,,"2026-10-09 11:52",,https://www.youtube.com/watch?v=DOEdWXoBkHE
DEATHCAMP,"Tyler, The Creator",,,youtube,Yk1HipdhdCU,,"2026-10-09 11:52",,https://www.youtube.com/watch?v=Yk1HipdhdCU
BUFFALO,"Tyler, The Creator",,,youtube,2QlVtadoZCA,,"2026-10-09 11:52",,https://www.youtube.com/watch?v=2QlVtadoZCA
"Tyler, The Creator - PERFECT Featuring Kali Uchis And Austin Feinstein",,,,youtube,XIqVCJWSoeE,,"2026-10-09 11:52",,https://www.youtube.com/watch?v=XIqVCJWSoeE
"Tyler, The Creator - 911 / Mr. Lonely (Audio)",,,,youtube,khMb3k-Wwvg,,"2026-10-09 11:52",,https://www.youtube.com/watch?v=khMb3k-Wwvg
"I THINK",,,,youtube,rkRdgFvuiYk,,"2026-10-09 11:52",,https://www.youtube.com/watch?v=rkRdgFvuiYk
"MASSA (Audio)",,,,youtube,0vGz0bFutZs,,"2026-10-09 11:52",,https://www.youtube.com/watch?v=0vGz0bFutZs
"Tyler, The Creator - JUGGERNAUT (Official Video)",,,,youtube,icoOOiSlKK0,,"2026-10-09 11:53",,https://www.youtube.com/watch?v=icoOOiSlKK0
"COME ON, LET'S GO",,,,youtube,6zxnoT3XBu0,,"2026-10-09 11:53",,https://www.youtube.com/watch?v=6zxnoT3XBu0
STICKY...,,,,youtube,5_eRCI0Qzw4,,"2026-10-09 11:53",,https://www.youtube.com/watch?v=5_eRCI0Qzw4
"THAT GUY (Official Video)",,,,youtube,M0qiZHV4E3U,,"2026-10-09 11:53",,https://www.youtube.com/watch?v=M0qiZHV4E3U
"Uffie - ADD SUV (feat. Pharrell Williams - Armand Van Helden Club Remix) [Official Audio]",,,,youtube,I9vytD4Emb4,,"2026-10-09 11:53",,https://www.youtube.com/watch?v=I9vytD4Emb4
"Uffie - Add Suv (Hudson Mohawke's Spam Fajita Remix)",,,,youtube,cyFSDvagKfs,,"2026-10-09 11:53",,https://www.youtube.com/watch?v=cyFSDvagKfs
"underscores 'Duhhhhhhhhhhhhhhhhh' Lyric Video",,,,youtube,WzJF7BBiqC8,,"2026-10-09 11:53",,https://www.youtube.com/watch?v=WzJF7BBiqC8
Determination,"Toby Fox",,,youtube,h1wSPmlZV-w,,"2026-10-09 11:53",,https://www.youtube.com/watch?v=h1wSPmlZV-w
"UNK WALK IT OUT VIDEO",,,,youtube,pxjZM-d_ShI,,"2026-10-09 11:53",,https://www.youtube.com/watch?v=pxjZM-d_ShI
"The Weeknd - The Zone ft. Drake (Official Video)",,,,youtube,tfrWuiQ4QNc,,"2026-10-09 11:53",,https://www.youtube.com/watch?v=tfrWuiQ4QNc
"coconut rice",wev,,,youtube,36c_mOX9cyQ,,"2026-10-09 11:53",,https://www.youtube.com/watch?v=36c_mOX9cyQ
"Gët Busy [Official Music Video]",,,,youtube,bd5l5NtzoWc,,"2026-10-09 11:53",,https://www.youtube.com/watch?v=bd5l5NtzoWc
"Breathe [Official Music Video]",,,,youtube,zWaVz9m3S_k,,"2026-10-09 11:53",,https://www.youtube.com/watch?v=zWaVz9m3S_k
"浜崎あゆみ / BLUE BIRD",,,,youtube,ZJVyorAFeqg,,"2026-10-09 11:53",,https://www.youtube.com/watch?v=ZJVyorAFeqg
"A$AP Rocky - Wild for the Night (Explicit - Official Video) ft. Skrillex, Birdy Nam Nam",,,,youtube,1eWdbMBYlH4,,"2026-10-09 11:53",,https://www.youtube.com/watch?v=1eWdbMBYlH4
"negro swan by blood orange but it's just janet mock",,,,youtube,el11whKdFSo,,"2026-10-09 11:53",,https://www.youtube.com/watch?v=el11whKdFSo
"Bow Wow - Let Me Hold You ft. Omarion",,,,youtube,CX2Acz35XWY,,"2026-10-09 11:53",,https://www.youtube.com/watch?v=CX2Acz35XWY
TEAM,BROCKHAMPTON,,,youtube,uOpgaOqJrEg,,"2026-10-09 11:53",,https://www.youtube.com/watch?v=uOpgaOqJrEg
"(Back From The) Road - BROCKHAMPTON",,,,youtube,e2HxjswMfWA,,"2026-10-09 11:53",,https://www.youtube.com/watch?v=e2HxjswMfWA
"Waar Wacht Je Op - Broederliefde - [We moeten door 2]",,,,youtube,qgHEAhoOlDQ,,"2026-10-09 11:53",,https://www.youtube.com/watch?v=qgHEAhoOlDQ
"Bugsy Malone - Bad Guys",,,,youtube,w1FgpBxXho4,,"2026-10-09 11:53",,https://www.youtube.com/watch?v=w1FgpBxXho4
"Cake Happy","Cake Pop",,,youtube,kIkuZ6Mc90M,,"2026-10-09 11:53",,https://www.youtube.com/watch?v=kIkuZ6Mc90M
"Chvrches - Bury It (Feat Hayley Williams)",,,,youtube,38j3cLg1UpI,,"2026-10-09 11:53",,https://www.youtube.com/watch?v=38j3cLg1UpI
"Cyberpunk: Edgerunners | “I Really Want to Stay At Your House” by Rosa Walton | Music Video",,,,youtube,KvMY1uzSC1E,,"2026-10-09 11:53",,https://www.youtube.com/watch?v=KvMY1uzSC1E
"deadmau5 - Brazil (Second Edit) (HQ)",,,,youtube,a2PM5iTlmRE,,"2026-10-09 11:53",,https://www.youtube.com/watch?v=a2PM5iTlmRE
"CHVRCHES - Death Stranding (Lyric Video)",,,,youtube,tae8F4gkfiw,,"2026-10-09 11:53",,https://www.youtube.com/watch?v=tae8F4gkfiw
Spirit,Disasterpeace,,,youtube,BKMme-DG23s,,"2026-10-09 11:53",,https://www.youtube.com/watch?v=BKMme-DG23s
Love,Disasterpeace,,,youtube,DFVolnofeHc,,"2026-10-09 11:53",,https://www.youtube.com/watch?v=DFVolnofeHc
"FKA twigs -­ Glass & Patron (Official Music Video­ YTMAs)",,,,youtube,cNbFc-fa-ww,,"2026-10-09 11:53",,https://www.youtube.com/watch?v=cNbFc-fa-ww
"Flume - Tiny Cities feat. Beck",,,,youtube,p_6In1gr36A,,"2026-10-09 11:53",,https://www.youtube.com/watch?v=p_6In1gr36A
"dumb ways to die","food house",,,youtube,cSPy6Mf0F5k,,"2026-10-09 11:53",,https://www.youtube.com/watch?v=cSPy6Mf0F5k
"Frank Ocean - Godspeed",,,,youtube,P18g4rKns6Q,,"2026-10-09 11:53",,https://www.youtube.com/watch?v=P18g4rKns6Q
"(FREE ITEM) How To Get DUCK O LANTERN (Unlimited Stock) | Roblox Halloween Event",,,,youtube,FDhKPoDM65o,,"2026-10-09 11:53",,https://www.youtube.com/watch?v=FDhKPoDM65o
"Everyone's A V.I.P. To Someone","The Go! Team",,,youtube,7HOtWxosM_Y,,"2026-10-09 11:53",,https://www.youtube.com/watch?v=7HOtWxosM_Y
"Grimes | Genesis",,,,youtube,WizNXQGBMEk,,"2026-10-09 11:53",,https://www.youtube.com/watch?v=WizNXQGBMEk
"It's A Great Summer - Gummibär - The Gummy Bear",,,,youtube,pV0WjlIKlSU,,"2026-10-09 11:53",,https://www.youtube.com/watch?v=pV0WjlIKlSU
"Reps - 'Bout the City",,,,youtube,PdRkWAE25Ag,,"2026-10-09 11:53",,https://www.youtube.com/watch?v=PdRkWAE25Ag
"Featurecast - Recipe for the Perfect Afro",,,,youtube,LZasvSbIlrM,,"2026-10-09 11:53",,https://www.youtube.com/watch?v=LZasvSbIlrM
"Kanye West - Jesus Lord (Audio)",,,,youtube,Fmz2IjrQiWM,,"2026-10-09 11:53",,https://www.youtube.com/watch?v=Fmz2IjrQiWM
"Ranking the Funniest Baby Swearing Moments Ever 😅",,,,youtube,He3A4qRPBoo,,"2026-10-09 11:53",,https://www.youtube.com/watch?v=He3A4qRPBoo
"Lil Wayne - Mrs. Officer/Comfortable ft. Bobby V.",,,,youtube,UmM8RPKCrak,,"2026-10-09 11:53",,https://www.youtube.com/watch?v=UmM8RPKCrak
"Lil Yachty - Love Music (Official Audio)",,,,youtube,a-E03nxH6HI,,"2026-10-09 11:53",,https://www.youtube.com/watch?v=a-E03nxH6HI
"Heavy Heart","Loco Dice",,,youtube,X9cs5XlAs7U,,"2026-10-09 11:53",,https://www.youtube.com/watch?v=X9cs5XlAs7U
"I Just Had Sex (feat. Akon)",,,,youtube,lQlIhraqL7o,,"2026-10-09 11:53",,https://www.youtube.com/watch?v=lQlIhraqL7o
"TNGHT - Higher Ground played by Lunice @ Wavefiles XL Amsterdam",,,,youtube,eFPTB4SuL3Y,,"2026-10-09 11:53",,https://www.youtube.com/watch?v=eFPTB4SuL3Y
"m-flo / How You Like Me Now?",,,,youtube,ung-YlfB0qs,,"2026-10-09 11:53",,https://www.youtube.com/watch?v=ung-YlfB0qs
"Mariah Carey - All I Want for Christmas Is You (J.D. Remix Animated)",,,,youtube,rx0tYzkkasY,,"2026-10-09 11:53",,https://www.youtube.com/watch?v=rx0tYzkkasY
"M.I.A. - U.R.A.Q.T.",,,,youtube,KYNWrw7xIA4,,"2026-10-09 11:53",,https://www.youtube.com/watch?v=KYNWrw7xIA4
"C418 - Door - Minecraft Volume Alpha",,,,youtube,sCvARLz0rjI,,"2026-10-09 11:53",,https://www.youtube.com/watch?v=sCvARLz0rjI
"Minecraft Music 1/12 - Minecraft (calm1.ogg) *MUSIC SELECTION*",,,,youtube,Am3An-iuzYY,,"2026-10-09 11:53",,https://www.youtube.com/watch?v=Am3An-iuzYY
"C418 - Wait (Minecraft Volume Beta)",,,,youtube,sBl9qcaQos4,,"2026-10-09 11:53",,https://www.youtube.com/watch?v=sBl9qcaQos4
"安室奈美恵×初音ミクのMVが遂に公開、 NYLON TVだけのメイキング映像も到着！",,,,youtube,kIyb6H9Bp-s,,"2026-10-09 11:53",,https://www.youtube.com/watch?v=kIyb6H9Bp-s
"N.E.R.D  Badass Rams Head",,,,youtube,oRZN6-gyzac,,"2026-10-09 11:53",,https://www.youtube.com/watch?v=oRZN6-gyzac
"Multiplayer Results - New Super Mario Bros. Wii",,,,youtube,EmwODOAR8e0,,"2026-10-09 11:53",,https://www.youtube.com/watch?v=EmwODOAR8e0
"“Only Tom, just Tom.” ❤️ #tomholland #zendaya #shortsfeed #celebrity",,,,youtube,MSgsnH0Neww,,"2026-10-09 11:54",,https://www.youtube.com/watch?v=MSgsnH0Neww
"""Otis McMusic"" - Otis McDonald [Copyright Free]",,,,youtube,KxIe_riWrhE,,"2026-10-09 11:54",,https://www.youtube.com/watch?v=KxIe_riWrhE
"Pitbull - Don't Stop The Party ft. TJR",,,,youtube,i0vFid2tKbI,,"2026-10-09 11:54",,https://www.youtube.com/watch?v=i0vFid2tKbI
"Planet 1999 - dune (Official Lyric Video)",,,,youtube,S94LWiHnFYs,,"2026-10-09 11:54",,https://www.youtube.com/watch?v=S94LWiHnFYs
Enemies,"Post Malone",,,youtube,qT_y5Yc8jSA,,"2026-10-09 11:54",,https://www.youtube.com/watch?v=qT_y5Yc8jSA
"Try Again Theme - Rhythm Heaven",,,,youtube,7vitd5WOX0s,,"2026-10-09 11:54",,https://www.youtube.com/watch?v=7vitd5WOX0s
"Introduction - Rhythm Heaven Fever",,,,youtube,0-zE9tXN33E,,"2026-10-09 11:54",,https://www.youtube.com/watch?v=0-zE9tXN33E
"[Rhythm Heaven Fever] ~ Monkey Watch (Perfect)",,,,youtube,kBIg7LEHs-0,,"2026-10-09 11:54",,https://www.youtube.com/watch?v=kBIg7LEHs-0
"Game Select 2 - Rhythm Heaven",,,,youtube,Ynr7Fy4cbFM,,"2026-10-09 11:54",,https://www.youtube.com/watch?v=Ynr7Fy4cbFM
"Saint Pepsi // I Tried",,,,youtube,MSzJ28_T4DQ,,"2026-10-09 11:54",,https://www.youtube.com/watch?v=MSzJ28_T4DQ
"SAINT PEPSI: STRAWBERRY LEMONADE",,,,youtube,-gBbqXgTakA,,"2026-10-09 11:54",,https://www.youtube.com/watch?v=-gBbqXgTakA
"NEW MUSIC FRIDAY™(𝔸𝕝𝕘𝕠𝕣𝕚𝕥𝕙𝕞&𝔹𝕝𝕦𝕖𝕤) - 𝚂𝚎𝚌𝚘𝚗𝚍𝚜 𝙵𝚕𝚊𝚝©𝐖𝐎𝐑𝐒𝐄 𝐑𝐄𝐂𝐎𝐑𝐃𝐒",,,,youtube,OTx2UchoplQ,,"2026-10-09 11:54",,https://www.youtube.com/watch?v=OTx2UchoplQ
"Shaggy - Angel ft. Rayvon",,,,youtube,XWJrPzAUzAs,,"2026-10-09 12:25",,https://www.youtube.com/watch?v=XWJrPzAUzAs
"skrillex - g2g",,,,youtube,1p_TtwoSZOQ,,"2026-10-09 12:25",,https://www.youtube.com/watch?v=1p_TtwoSZOQ
"Britney Spears - Ooh La La (From The Smurfs 2) (Official Video)",,,,youtube,NVcSNnqRD0c,,"2026-10-09 12:25",,https://www.youtube.com/watch?v=NVcSNnqRD0c
"Snow Man「HELLO HELLO」Music Video YouTube Ver.",,,,youtube,VpjkFGiRQO8,,"2026-10-09 12:25",,https://www.youtube.com/watch?v=VpjkFGiRQO8
"What U Need - Sonic Rush [OST]",,,,youtube,neN6N5tKTTU,,"2026-10-09 12:25",,https://www.youtube.com/watch?v=neN6N5tKTTU
"Splatoon 3 OST - C-Side - Headhammer",,,,youtube,xRy_O0ckQGo,,"2026-10-09 12:25",,https://www.youtube.com/watch?v=xRy_O0ckQGo
"Pinna Park Beach",,,,youtube,4dekvtChpdI,,"2026-10-09 12:25",,https://www.youtube.com/watch?v=4dekvtChpdI
"Tove Lo - Disco Tits (Live)",,,,youtube,B4isjsTWozU,,"2026-10-09 12:25",,https://www.youtube.com/watch?v=B4isjsTWozU
"Happy Together - The Turtles (1967)",,,,youtube,9ZEURntrQOg,,"2026-10-09 12:25",,https://www.youtube.com/watch?v=9ZEURntrQOg
"SEE YOU AGAIN featuring Kali Uchis",,,,youtube,TGgcC5xg9YI,,"2026-10-09 12:25",,https://www.youtube.com/watch?v=TGgcC5xg9YI
"RUNITUP (Audio)",,,,youtube,uLXPCPkQBh0,,"2026-10-09 12:25",,https://www.youtube.com/watch?v=uLXPCPkQBh0
"HEAVEN TO ME",,,,youtube,wm_hfvgakcM,,"2026-10-09 12:25",,https://www.youtube.com/watch?v=wm_hfvgakcM
"Tyler, The Creator — sticky_-nikki_nair_edit_v0_loud",,,,youtube,9hEYkHzcE2Y,,"2026-10-09 12:25",,https://www.youtube.com/watch?v=9hEYkHzcE2Y
"Your favorite sidekick (feat. 8485)",,,,youtube,79Ll_65fbFg,,"2026-10-09 12:25",,https://www.youtube.com/watch?v=79Ll_65fbFg
"Tem Shop","Toby Fox",,,youtube,lIDOhM4Yf_M,,"2026-10-09 12:25",,https://www.youtube.com/watch?v=lIDOhM4Yf_M
"Can You Really Call This A Hotel, I Didn't Receive A Mint On My Pillow Or Anything","Toby Fox",,,youtube,ltzrV-_v-tI,,"2026-10-09 12:25",,https://www.youtube.com/watch?v=ltzrV-_v-tI
"Wallows - Are You Bored Yet? (feat. Clairo) [Official Video]",,,,youtube,wIgmyE5Juzw,,"2026-10-09 12:25",,https://www.youtube.com/watch?v=wIgmyE5Juzw
࿃ूੂ࿃ूੂੂ࿃ूੂOOOOOOOOOOOO...,"⣎⡇ꉺლ༽இ•̛)ྀ◞ ༎ຶ ༽ৣৢ؞ৢ؞ؖ ꉺლ",,,youtube,CEi7SRWU1lc,,"2026-10-09 12:25",,https://www.youtube.com/watch?v=CEi7SRWU1lc
"100 gecs - Doritos & Fritos {OFFICIAL MUSIC VIDEO}",,,,youtube,2PWMiy4RysI,,"2026-10-09 12:25",,https://www.youtube.com/watch?v=2PWMiy4RysI
"1300 - Steve Jobs (feat. Kwame) [Official Music Video]",,,,youtube,hh9ZJnkE1j0,,"2026-10-09 12:25",,https://www.youtube.com/watch?v=hh9ZJnkE1j0
"Memories Of Tokyo-To - 01 - Pump Up The Love [OFFICIAL]",,,,youtube,X5BRutwcgmw,,"2026-10-09 12:25",,https://www.youtube.com/watch?v=X5BRutwcgmw
"Memories Of Tokyo-To - 04 - Midnight In Tokyo-To (feat. Anton Corazza) [OFFICIAL]",,,,youtube,MMy5FXN50T4,,"2026-10-09 12:25",,https://www.youtube.com/watch?v=MMy5FXN50T4
"Memories Of Tokyo-To - 10 - Getaway [OFFICIAL]",,,,youtube,_X-7yWo1vXE,,"2026-10-09 12:25",,https://www.youtube.com/watch?v=_X-7yWo1vXE
"Goin In","2 Mello",,,youtube,-H8WPjQIqjw,,"2026-10-09 12:25",,https://www.youtube.com/watch?v=-H8WPjQIqjw
"""Get Ready (Steve Aoki Remix)"" OFFICIAL AUDIO - 2 Unlimited",,,,youtube,_hwylByJzag,,"2026-10-09 12:25",,https://www.youtube.com/watch?v=_hwylByJzag
"6IX9INE- PUNANI (Official Music Video)",,,,youtube,AY1bA23hGMU,,"2026-10-09 12:25",,https://www.youtube.com/watch?v=AY1bA23hGMU
"Show Me What","A. G. Cook",,,youtube,1BEbfV6Bp4c,,"2026-10-09 12:25",,https://www.youtube.com/watch?v=1BEbfV6Bp4c
"A.B. Original - January 26 (Official Video)",,,,youtube,tZ9qeX4gUeo,,"2026-10-09 12:25",,https://www.youtube.com/watch?v=tZ9qeX4gUeo
"Afroki - Everything You Do (ft. Aviella) [OFFICIAL MUSIC VIDEO]",,,,youtube,lf28qB0WrHg,,"2026-10-09 12:25",,https://www.youtube.com/watch?v=lf28qB0WrHg
"We Bring The BOOM! 💥",,,,youtube,btnZ-segFG0,,"2026-10-09 12:25",,https://www.youtube.com/watch?v=btnZ-segFG0
"Ali head movement",,,,youtube,SEd-p86Tha0,,"2026-10-09 12:25",,https://www.youtube.com/watch?v=SEd-p86Tha0
"NIAMOS! (Chandrilian Club Mix) (From ""Andor (Season 2)"")","Nicholas Britell",,,youtube,WxLBOwdTKjI,,"2026-10-09 12:25",,https://www.youtube.com/watch?v=WxLBOwdTKjI
"Angry Birds Theme Song",,,,youtube,DehK_Y0TUbE,,"2026-10-09 12:25",,https://www.youtube.com/watch?v=DehK_Y0TUbE
"ANVIL This Is Thirteen",,,,youtube,uPNBzvhNvSc,,"2026-10-09 12:25",,https://www.youtube.com/watch?v=uPNBzvhNvSc
"Aphex Twin - I",,,,youtube,rHRVvyzMBI4,,"2026-10-09 12:25",,https://www.youtube.com/watch?v=rHRVvyzMBI4
"Aphex Twin aisatsana [102]",,,,youtube,3_MRe3JwFc8,,"2026-10-09 12:25",,https://www.youtube.com/watch?v=3_MRe3JwFc8
"Arca - Prada/Rakata",,,,youtube,NL-tvd8jeBc,,"2026-10-09 12:25",,https://www.youtube.com/watch?v=NL-tvd8jeBc
"Arcane: Season 2 | ""Paint The Town Blue"" | Music Video | Netflix",,,,youtube,pl2K9rvsS74,,"2026-10-09 12:25",,https://www.youtube.com/watch?v=pl2K9rvsS74
"ATARASHII GAKKO! - オトナブルー (Official Music Video)",,,,youtube,l446hUqQ7GY,,"2026-10-09 12:25",,https://www.youtube.com/watch?v=l446hUqQ7GY
"Oh The Sunn!","The Avalanches",,,youtube,tihqDy-avVA,,"2026-10-09 12:25",,https://www.youtube.com/watch?v=tihqDy-avVA
"Baby Keem, Kendrick Lamar - range brothers (Official Audio)",,,,youtube,IkuBYRUwWdg,,"2026-10-09 12:26",,https://www.youtube.com/watch?v=IkuBYRUwWdg
"Balatro Explained In 5 Minutes",,,,youtube,EFEauLTZZJ0,,"2026-10-09 12:26",,https://www.youtube.com/watch?v=EFEauLTZZJ0
"ROOF IS ON FIRE   BEAT BOY",,,,youtube,98IBgKbzCRE,,"2026-10-09 12:26",,https://www.youtube.com/watch?v=98IBgKbzCRE
"Becky G, KAROL G - MAMIII (Official Video)",,,,youtube,flL8ZMqIWGA,,"2026-10-09 12:26",,https://www.youtube.com/watch?v=flL8ZMqIWGA
"BEJALVIN LIVE FROM THE DUNGEON",,,,youtube,sNCVib8r9_4,,"2026-10-09 12:26",,https://www.youtube.com/watch?v=sNCVib8r9_4
"IN LINE",Bejalvin,,,youtube,orgBKC5KtA4,,"2026-10-09 12:26",,https://www.youtube.com/watch?v=orgBKC5KtA4
"WEIRD STUFF",Bejalvin,,,youtube,CocSoHRSpx4,,"2026-10-09 12:26",,https://www.youtube.com/watch?v=CocSoHRSpx4
"Beyoncé - VIRGO'S GROOVE (Official Lyric Video)",,,,youtube,aD3HgrfjrAw,,"2026-10-09 12:26",,https://www.youtube.com/watch?v=aD3HgrfjrAw
"BICEP | GLUE (Official Video)",,,,youtube,A7ZxRs45tTg,,"2026-10-09 12:26",,https://www.youtube.com/watch?v=A7ZxRs45tTg
"Billie Eilish - BITTERSUITE (Official Lyric Video)",,,,youtube,LmVw3u3SxoA,,"2026-10-09 12:26",,https://www.youtube.com/watch?v=LmVw3u3SxoA
"Billie Eilish - BLUE (Official Lyric Video)",,,,youtube,_IjWFq1c5M4,,"2026-10-09 12:26",,https://www.youtube.com/watch?v=_IjWFq1c5M4
"björk: moon",,,,youtube,br2s0xJyFEM,,"2026-10-09 12:26",,https://www.youtube.com/watch?v=br2s0xJyFEM
"Black Sabbath ~ War Pigs",,,,youtube,LQUXuQ6Zd9w,,"2026-10-09 12:26",,https://www.youtube.com/watch?v=LQUXuQ6Zd9w
"Ecco2k & bladee - Amygdala (Official Video)",,,,youtube,4An4oR035j8,,"2026-10-09 12:26",,https://www.youtube.com/watch?v=4An4oR035j8
"Bomb Rush Cyberfunk OST - Scraped On The Way Out",,,,youtube,eu2eZjT-vDI,,"2026-10-09 12:26",,https://www.youtube.com/watch?v=eu2eZjT-vDI
"Bounce Upon A Time",Skalp,,,youtube,Hp-2mTCQUGo,,"2026-10-09 12:26",,https://www.youtube.com/watch?v=Hp-2mTCQUGo
Trinitron,GRRL,,,youtube,OcJD6jC7NGE,,"2026-10-09 12:26",,https://www.youtube.com/watch?v=OcJD6jC7NGE
Spectres,Reso,,,youtube,jgXDwyPxB8g,,"2026-10-09 12:26",,https://www.youtube.com/watch?v=jgXDwyPxB8g
"Para One Remix","Boys Noize",,,youtube,sBTeffS0UYU,,"2026-10-09 12:26",,https://www.youtube.com/watch?v=sBTeffS0UYU
"FACE - BROCKHAMPTON",,,,youtube,_nWYiEq4wd0,,"2026-10-09 12:26",,https://www.youtube.com/watch?v=_nWYiEq4wd0
"SWAMP - BROCKHAMPTON",,,,youtube,BU86VPLan_Y,,"2026-10-09 12:26",,https://www.youtube.com/watch?v=BU86VPLan_Y
TEAM,BROCKHAMPTON,,,youtube,uOpgaOqJrEg,,"2026-10-09 12:26",,https://www.youtube.com/watch?v=uOpgaOqJrEg
"NEW ORLEANS - BROCKHAMPTON",,,,youtube,8CfWTV5kQUM,,"2026-10-09 12:26",,https://www.youtube.com/watch?v=8CfWTV5kQUM
"BTS (방탄소년단) 'Make It Right (feat. Lauv)' Official MV",,,,youtube,eXBu09fwe3I,,"2026-10-09 12:26",,https://www.youtube.com/watch?v=eXBu09fwe3I
"Burial,  Ghost Hardware",,,,youtube,ZCvu1QQ2Slg,,"2026-10-09 12:26",,https://www.youtube.com/watch?v=ZCvu1QQ2Slg
"Make It Clap","Busta Rhymes",,,youtube,NRGKTWcyDGI,,"2026-10-09 12:26",,https://www.youtube.com/watch?v=NRGKTWcyDGI
"Stranger Things Theme Song (C418 REMIX)",,,,youtube,Jmv5pTyz--I,,"2026-10-09 12:26",,https://www.youtube.com/watch?v=Jmv5pTyz--I
"MOST Nostalgic Songs Of All Time?👀",,,,youtube,YUxVApi5fLM,,"2026-10-09 12:26",,https://www.youtube.com/watch?v=YUxVApi5fLM
"Cassius - Cassius 1999 (Official Music Video HD)",,,,youtube,QXSlkjPbpkA,,"2026-10-09 12:26",,https://www.youtube.com/watch?v=QXSlkjPbpkA
"fisherrr (lyric video)",,,,youtube,jgyx3r-559s,,"2026-10-09 12:26",,https://www.youtube.com/watch?v=jgyx3r-559s
"CASSIUS - Don't Let Me Be feat. Owlle (Official Video)",,,,youtube,WSzhvRjhwvY,,"2026-10-09 12:26",,https://www.youtube.com/watch?v=WSzhvRjhwvY
"Charli XCX - Club Classics (Satisfaction Remix) [Zephyr Extended Edit]",,,,youtube,5tsIOM-ctE4,,"2026-10-09 12:26",,https://www.youtube.com/watch?v=5tsIOM-ctE4
"The Chemical Brothers - Elektrobank (Official Music Video)",,,,youtube,L0dxByaPWhM,,"2026-10-09 12:26",,https://www.youtube.com/watch?v=L0dxByaPWhM
"Clean Bandit - Stronger [Official Video]",,,,youtube,_c_n0A3BFVE,,"2026-10-09 12:26",,https://www.youtube.com/watch?v=_c_n0A3BFVE
"The Clipse - Popular Demand (Popeyes) Feat Camron & Pharrell",,,,youtube,QT-zrnRfuCA,,"2026-10-09 12:26",,https://www.youtube.com/watch?v=QT-zrnRfuCA
"Abandoned Pools - Clone High (HQ)",,,,youtube,ffVJxhrspo4,,"2026-10-09 12:26",,https://www.youtube.com/watch?v=ffVJxhrspo4
"Daft Punk Skrillex Remix - Conte",,,,youtube,kXpn8thEGbE,,"2026-10-09 12:26",,https://www.youtube.com/watch?v=kXpn8thEGbE
"Pedals Music Video (featuring REAL robots) - Conte",,,,youtube,mZ02alEkbLw,,"2026-10-09 12:26",,https://www.youtube.com/watch?v=mZ02alEkbLw
"COUNT FIVE OR SIX",,,,youtube,NxOiDLk45eA,,"2026-10-09 12:26",,https://www.youtube.com/watch?v=NxOiDLk45eA
"Cornelius ""MIND TRAIN""",,,,youtube,XTyeV_On_Q8,,"2026-10-09 12:26",,https://www.youtube.com/watch?v=XTyeV_On_Q8
"Crush 3D - The Basics Gameplay Tutorial",,,,youtube,mqzS_xRhJiA,,"2026-10-09 12:26",,https://www.youtube.com/watch?v=mqzS_xRhJiA
"Crystal Castles 'BAPTISM' //official video",,,,youtube,vStjmYxetY0,,"2026-10-09 12:26",,https://www.youtube.com/watch?v=vStjmYxetY0
"Wydech / Ugory - Zurawie - Ritual FM",,,,youtube,lGYlj-VsM2s,,"2026-10-09 12:26",,https://www.youtube.com/watch?v=lGYlj-VsM2s
"A$AP Rocky - Flacko Loko [Cyberpunk Soundtrack] (Lyrics)",,,,youtube,mQo6zomYVY0,,"2026-10-09 12:26",,https://www.youtube.com/watch?v=mQo6zomYVY0
"Cyber Coorayber - Brain-Damaged (Cyberpunk 2077 92.9 Night FM)",,,,youtube,zlnOjPj5m7k,,"2026-10-09 12:26",,https://www.youtube.com/watch?v=zlnOjPj5m7k
"Crustpunk - IBDY (RAT BOY) (CYBERPUNK 2077)",,,,youtube,Mutz2DgRofw,,"2026-10-09 12:26",,https://www.youtube.com/watch?v=Mutz2DgRofw
"“I Will Follow” by Snot Abundance — Cyberpunk: Edgerunners [OST]",,,,youtube,TGE5SEmib9k,,"2026-10-09 12:26",,https://www.youtube.com/watch?v=TGE5SEmib9k
"Krushchev's Ghosts (Pissed Jeans) - No Convenient Apocalypse/Testmaster",,,,youtube,Pi4N89lNSuo,,"2026-10-09 12:26",,https://www.youtube.com/watch?v=Pi4N89lNSuo
"The Unfit & Artificial Kids - To the Fullest | Cyberpunk 2077 OST",,,,youtube,1kuTWNy_Az8,,"2026-10-09 12:26",,https://www.youtube.com/watch?v=1kuTWNy_Az8
"julek ploski & DJ papergekko - NUCLEAR DREAMLAND (Cyberpunk 2077 107.5 Dark Star Radio)",,,,youtube,Zaf8_ZhWwGc,,"2026-10-09 12:26",,https://www.youtube.com/watch?v=Zaf8_ZhWwGc
"drukhari webway path",Release,,,youtube,tMSgzYQGFkI,,"2026-10-09 12:26",,https://www.youtube.com/watch?v=tMSgzYQGFkI
"13. Board Clear! (DELTARUNE Chapter 3+4 Soundtrack) - Toby Fox",,,,youtube,i-4IKSA19UI,,"2026-10-09 12:26",,https://www.youtube.com/watch?v=i-4IKSA19UI
"Deez Nuts! [Trap Remix]",,,,youtube,Fb9_yYYRi5g,,"2026-10-09 12:26",,https://www.youtube.com/watch?v=Fb9_yYYRi5g
"DEV - Bass Down Low (Explicit) ft. The Cataracs",,,,youtube,OOAMfUJ3tsc,,"2026-10-09 12:26",,https://www.youtube.com/watch?v=OOAMfUJ3tsc
"Dick Dale & The Del Tones ""Misirlou"" 1963",,,,youtube,ZIU0RMV_II8,,"2026-10-09 12:26",,https://www.youtube.com/watch?v=ZIU0RMV_II8
"Digitalism - Zdarlight / I Want I Want [Live]",,,,youtube,vDxCFzGE4hU,,"2026-10-09 12:26",,https://www.youtube.com/watch?v=vDxCFzGE4hU
"Funky Sensation - Disclosure feat. Gwen McCrae",,,,youtube,UTes1D-IoWE,,"2026-10-09 12:27",,https://www.youtube.com/watch?v=UTes1D-IoWE
"Doctor Who (1963) -  Original Theme music video",,,,youtube,75V4ClJZME4,,"2026-10-09 12:27",,https://www.youtube.com/watch?v=75V4ClJZME4
"Doja Cat - Streets (Ape Drums Remix - Official Audio)",,,,youtube,-dzAvDF7v-4,,"2026-10-09 12:27",,https://www.youtube.com/watch?v=-dzAvDF7v-4
"Pound Cake / Paris Morton Music 2",Drake,,,youtube,Qz3LK267YVI,,"2026-10-09 12:27",,https://www.youtube.com/watch?v=Qz3LK267YVI
"Drake - First Person Shooter ft. J. Cole",,,,youtube,Xty2gi5cMa8,,"2026-10-09 12:27",,https://www.youtube.com/watch?v=Xty2gi5cMa8
"DRAKE - FAMILY MATTERS",,,,youtube,ZkXG3ZrXlbc,,"2026-10-09 12:27",,https://www.youtube.com/watch?v=ZkXG3ZrXlbc
"Biggest Face Reveals in History😨!",,,,youtube,4rpyAT_AXD4,,"2026-10-09 12:27",,https://www.youtube.com/watch?v=4rpyAT_AXD4
"Elliphant - Only Getting Younger ft. Skrillex",,,,youtube,bw5pi9nUGJ8,,"2026-10-09 12:27",,https://www.youtube.com/watch?v=bw5pi9nUGJ8
"We Are The People (The Shapeshifters Vocal Remix) - Empire Of The Sun",,,,youtube,9sqaiNp3MsU,,"2026-10-09 12:27",,https://www.youtube.com/watch?v=9sqaiNp3MsU
"We Are The People (The Golden Filters Remix) - Empire Of The Sun",,,,youtube,S-5uDSp5sO8,,"2026-10-09 12:27",,https://www.youtube.com/watch?v=S-5uDSp5sO8
"Empire of the Sun - We are the People (Cagedbaby Remix)",,,,youtube,fML-5zWd_go,,"2026-10-09 12:27",,https://www.youtube.com/watch?v=fML-5zWd_go
"Empire Of The Sun 'We Are The People' (WAWA Remix Edit)",,,,youtube,DFrDXlKiGw0,,"2026-10-09 12:27",,https://www.youtube.com/watch?v=DFrDXlKiGw0
"BIG CHUNGUS | Official Main Theme | Song by Endigo",,,,youtube,cB4dYfFgaME,,"2026-10-09 12:27",,https://www.youtube.com/watch?v=cB4dYfFgaME
"Faithless - One Step Too Far (Official Video) ft. Dido",,,,youtube,67maHVfZuDs,,"2026-10-09 12:27",,https://www.youtube.com/watch?v=67maHVfZuDs
"TheFatRat - Unity",,,,youtube,n8X9_MgEdCg,,"2026-10-09 12:27",,https://www.youtube.com/watch?v=n8X9_MgEdCg
"Fez - Original Game Soundtrack - Pressure [HD]",,,,youtube,aw8W2mYhAMA,,"2026-10-09 12:27",,https://www.youtube.com/watch?v=aw8W2mYhAMA
Continuum,Disasterpeace,,,youtube,JuIBR6z4uvE,,"2026-10-09 12:27",,https://www.youtube.com/watch?v=JuIBR6z4uvE
"Flume - Like Water feat. MNDR",,,,youtube,pQKsIi8W60Y,,"2026-10-09 12:27",,https://www.youtube.com/watch?v=pQKsIi8W60Y
"get it","food house",,,youtube,ojEJcTkCjbE,,"2026-10-09 12:27",,https://www.youtube.com/watch?v=ojEJcTkCjbE
"Fortnite | Flickering Flame Lobby Music (C5S1 Battle Pass)",,,,youtube,Vej83fO9two,,"2026-10-09 12:27",,https://www.youtube.com/watch?v=Vej83fO9two
"Fortnite | You're All Mine Lobby Music (C5S2 Battle Pass)",,,,youtube,GYdE9EanQ6A,,"2026-10-09 12:27",,https://www.youtube.com/watch?v=GYdE9EanQ6A
"Fortnite | The Hunting Ground Lobby Music (C5S2 Battle Pass)",,,,youtube,xpfcbBorXUs,,"2026-10-09 12:27",,https://www.youtube.com/watch?v=xpfcbBorXUs
"Fire And Steel - Fortnite (Official Fortnite Music Video) LYRICS",,,,youtube,3VOg1lWRTu4,,"2026-10-09 12:27",,https://www.youtube.com/watch?v=3VOg1lWRTu4
"Chopin - Prelude in E Minor (Op. 28 No. 4)",,,,youtube,CU9RgI9j7Do,,"2026-10-09 12:27",,https://www.youtube.com/watch?v=CU9RgI9j7Do
"The Fresh Prince Of Bel Air Theme Song (Full)",,,,youtube,1nCqRmx3Dnw,,"2026-10-09 12:27",,https://www.youtube.com/watch?v=1nCqRmx3Dnw
"Guns - Friday Night Funkin' OST",,,,youtube,K5lp8aAoT1g,,"2026-10-09 12:27",,https://www.youtube.com/watch?v=K5lp8aAoT1g
"Frost Children - BL!NK (Music Video)",,,,youtube,y7aAQOzVvJM,,"2026-10-09 12:27",,https://www.youtube.com/watch?v=y7aAQOzVvJM
"Future - Life Is Good (Lyrics) ft. Drake",,,,youtube,bL9QxQIVPPQ,,"2026-10-09 12:27",,https://www.youtube.com/watch?v=bL9QxQIVPPQ
"The Game - How We Do (Official Music Video)",,,,youtube,PH34kMOjmQk,,"2026-10-09 12:27",,https://www.youtube.com/watch?v=PH34kMOjmQk
"Don't Wanna / Let's Do It (Bucks Mix)",GFOTY,,,youtube,IcsbSaNF2qY,,"2026-10-09 12:27",,https://www.youtube.com/watch?v=IcsbSaNF2qY
"Barely Twins","Kai Whiston",,,youtube,-GtTsa3Ggp4,,"2026-10-09 12:27",,https://www.youtube.com/watch?v=-GtTsa3Ggp4
"Good Times Ahead - PSHET",,,,youtube,XHnWsAAibaA,,"2026-10-09 12:27",,https://www.youtube.com/watch?v=XHnWsAAibaA
"Gorillaz - Every Planet We Reach - Demon Days",,,,youtube,eevt2glBfMg,,"2026-10-09 12:27",,https://www.youtube.com/watch?v=eevt2glBfMg
"Gorillaz - Cloud of Unknowing - Plastic Beach",,,,youtube,h7H73jpgX3U,,"2026-10-09 12:27",,https://www.youtube.com/watch?v=h7H73jpgX3U
"Groove Armada - Superstylin' (Official Music Video)",,,,youtube,_kE0pxRkMtQ,,"2026-10-09 12:27",,https://www.youtube.com/watch?v=_kE0pxRkMtQ
"Woman charged with murder after allegedly stabbing 7-year-old girl on Chicago’s South Side in seemin",,,,youtube,TxErn6ZF94w,,"2026-10-09 12:27",,https://www.youtube.com/watch?v=TxErn6ZF94w
"Halo Theme Song Original",,,,youtube,0jXTBAGv9ZQ,,"2026-10-09 12:27",,https://www.youtube.com/watch?v=0jXTBAGv9ZQ
"""Aaron Burr, Sir"" from HAMILTON",,,,youtube,C6GFb7FIB0Y,,"2026-10-09 12:27",,https://www.youtube.com/watch?v=C6GFb7FIB0Y
"Headman - Catch Me Rework",,,,youtube,p2xpPin0Ppo,,"2026-10-09 12:27",,https://www.youtube.com/watch?v=p2xpPin0Ppo
"宇多田ヒカル - traveling",,,,youtube,tuyZ9f6mHZk,,"2026-10-09 12:27",,https://www.youtube.com/watch?v=tuyZ9f6mHZk
"traveling - (PLANITb remix) over REMIX / utada hikaru / ☆ technodaisuki ☆",,,,youtube,Ij2G3t1jZ6I,,"2026-10-09 12:27",,https://www.youtube.com/watch?v=Ij2G3t1jZ6I
"Above & Beyond  Black Room Boy (Club Mix)",,,,youtube,vL1CFpwWe70,,"2026-10-09 12:27",,https://www.youtube.com/watch?v=vL1CFpwWe70
"宇多田ヒカル - Can You Keep A Secret?",,,,youtube,SRQbQ_nd4fc,,"2026-10-09 12:27",,https://www.youtube.com/watch?v=SRQbQ_nd4fc
ＣＲＩＳＩＳ,,,,youtube,FCb3rblTEds,,"2026-10-09 12:27",,https://www.youtube.com/watch?v=FCb3rblTEds
"iamamiwhoami; y",,,,youtube,LEoGQU_k78k,,"2026-10-09 12:27",,https://www.youtube.com/watch?v=LEoGQU_k78k
"IC3PEAK - Смерти Больше Нет",,,,youtube,MBG3Gdt5OGs,,"2026-10-09 12:27",,https://www.youtube.com/watch?v=MBG3Gdt5OGs
"稲葉曇『ラグトレイン』Vo. 歌愛ユキ",,,,youtube,UnIhRpIT7nc,,"2026-10-09 12:27",,https://www.youtube.com/watch?v=UnIhRpIT7nc
"ITZY「RINGO」Music Video",,,,youtube,K0xFPQ2CX5E,,"2026-10-09 12:27",,https://www.youtube.com/watch?v=K0xFPQ2CX5E
"Jack Harlow - WHATS POPPIN feat. Dababy, Tory Lanez, & Lil Wayne [Official Video]",,,,youtube,HIwAI05Y1fU,,"2026-10-09 12:27",,https://www.youtube.com/watch?v=HIwAI05Y1fU
"Jack Ü - Take Ü There (feat. Kiesza) (Zeds Dead Remix)",,,,youtube,izv6XqFojHY,,"2026-10-09 12:27",,https://www.youtube.com/watch?v=izv6XqFojHY
"Billie Eilish - No Time To Die",,,,youtube,BboMpayJomw,,"2026-10-09 12:27",,https://www.youtube.com/watch?v=BboMpayJomw
"James Brown ~ Papa's Got A Brand New Bag (1965)",,,,youtube,QE5D2hJhacU,,"2026-10-09 12:27",,https://www.youtube.com/watch?v=QE5D2hJhacU
"JAŸ-Z - Big Pimpin' ft. UGK",,,,youtube,Cgoqrgc_0cM,,"2026-10-09 12:27",,https://www.youtube.com/watch?v=Cgoqrgc_0cM
"The Name's Bond... James Bond | Casino Royale (Original Motion Picture Soundtrack)",,,,youtube,CDwwXiE_VKw,,"2026-10-09 12:27",,https://www.youtube.com/watch?v=CDwwXiE_VKw
"Humming The Bassline","HIDEKI NAGANUMA",,,youtube,IJYK5tkgtvk,,"2026-10-09 12:28",,https://www.youtube.com/watch?v=IJYK5tkgtvk
"F-Fields - Yellow Bream",,,,youtube,YmkywGWMwwA,,"2026-10-09 12:28",,https://www.youtube.com/watch?v=YmkywGWMwwA
"Jet Set Radio Future - Birthday Cake",,,,youtube,dLz3ia7TFqM,,"2026-10-09 12:28",,https://www.youtube.com/watch?v=dLz3ia7TFqM
"Richard Jacques - Bokfresh",,,,youtube,WQ6z9W6XtqA,,"2026-10-09 12:28",,https://www.youtube.com/watch?v=WQ6z9W6XtqA
"Playboi Carti - CRUSH [with Travis Scott] (Official Audio)",,,,youtube,ENeWhozcreU,,"2026-10-09 12:28",,https://www.youtube.com/watch?v=ENeWhozcreU
"JID - 151 Rum",,,,youtube,vtY8pM-H65c,,"2026-10-09 12:28",,https://www.youtube.com/watch?v=vtY8pM-H65c
"I Love Rock 'N Roll - Joan Jett & the Blackhearts (Official Music Video) [Remastered HD]",,,,youtube,wMsazR6Tnf8,,"2026-10-09 12:28",,https://www.youtube.com/watch?v=wMsazR6Tnf8
"JoJo's Bizarre Adventure - Ending 1 [4K 60FPS | Creditless | CC]",,,,youtube,DdGEcJnyVsU,,"2026-10-09 12:28",,https://www.youtube.com/watch?v=DdGEcJnyVsU
"Crazy my Beat",Coda,,,youtube,kB8LcQucKyY,,"2026-10-09 12:28",,https://www.youtube.com/watch?v=kB8LcQucKyY
"Jojo's Bizarre Adventure Diamond is Unbreakable - Opening 1 (Creditless) || [HD]",,,,youtube,20m00ohYASw,,"2026-10-09 12:28",,https://www.youtube.com/watch?v=20m00ohYASw
"JoJo's Bizarre Adventure: Stone Ocean - OP || Opening 1 v2 [HD]",,,,youtube,9l5VL-JM_Ws,,"2026-10-09 12:28",,https://www.youtube.com/watch?v=9l5VL-JM_Ws
"STARRCADE 97 (feat. DATPIFFMAFIA)",JPEGMAFIA,,,youtube,kCBU9kDa2SM,,"2026-10-09 12:28",,https://www.youtube.com/watch?v=kCBU9kDa2SM
"jpegmafia   rainbow six ft  yung midpack",,,,youtube,ADP8vPMg75s,,"2026-10-09 12:28",,https://www.youtube.com/watch?v=ADP8vPMg75s
"JPEGMAFIA - REBOUND! (ft. DATPIFFMAFIA) [AUDIO]",,,,youtube,oDRnSGgkoUc,,"2026-10-09 12:28",,https://www.youtube.com/watch?v=oDRnSGgkoUc
"Antonio Rios - Nunca me Faltes (Video Oficial)",,,,youtube,Du1UJyRwmts,,"2026-10-09 12:28",,https://www.youtube.com/watch?v=Du1UJyRwmts
"01 Go Junior Go Senior",,,,youtube,UPA_vrC5EOQ,,"2026-10-09 12:28",,https://www.youtube.com/watch?v=UPA_vrC5EOQ
"Justice - D.A.N.C.E. (MSTRKRFT Remix) [Official Audio]",,,,youtube,dCmY827jSFI,,"2026-10-09 12:28",,https://www.youtube.com/watch?v=dCmY827jSFI
"Justice - Audio, Video, Disco. (Official Video)",,,,youtube,lqBhgEQ4LT0,,"2026-10-09 12:28",,https://www.youtube.com/watch?v=lqBhgEQ4LT0
"Justice - Audio, Video, Disco. (Para One Remix) [Official Audio]",,,,youtube,4oXpQ8iDwv0,,"2026-10-09 12:28",,https://www.youtube.com/watch?v=4oXpQ8iDwv0
"Justice - Audio, Video, Disco. (Mickey Moonlight Remix) [Official Audio]",,,,youtube,IZ0ZoNT92nw,,"2026-10-09 12:28",,https://www.youtube.com/watch?v=IZ0ZoNT92nw
"Justice - Saturnine (Starring Miguel) (Official Audio)",,,,youtube,M1T1VWxazC8,,"2026-10-09 12:28",,https://www.youtube.com/watch?v=M1T1VWxazC8
"Justice - Afterimage (Starring RIMON) (Justice Remix)",,,,youtube,YAQWeZulccI,,"2026-10-09 12:28",,https://www.youtube.com/watch?v=YAQWeZulccI
"Justin Bieber - Company",,,,youtube,gdx7gN1UyX0,,"2026-10-09 12:28",,https://www.youtube.com/watch?v=gdx7gN1UyX0
"Justin Bieber - E.T.A. (Nature Visual)",,,,youtube,TiK7QtIHy_Y,,"2026-10-09 12:28",,https://www.youtube.com/watch?v=TiK7QtIHy_Y
"My Love (Ibiza Is Burning Mix)","Justin Timberlake",,,youtube,-CG7i2es--8,,"2026-10-09 12:28",,https://www.youtube.com/watch?v=-CG7i2es--8
"Justin Timberlake - My Love (Remix) Ft. Drake & T.I (take care mashup)",,,,youtube,6V-5uxlD1YQ,,"2026-10-09 12:28",,https://www.youtube.com/watch?v=6V-5uxlD1YQ
"What Goes Around...Comes Around (Official Video)",,,,youtube,TOrnUquxtwA,,"2026-10-09 12:28",,https://www.youtube.com/watch?v=TOrnUquxtwA
"Kanye West - Praise God (Audio)",,,,youtube,9sJZOGxRxwM,,"2026-10-09 12:28",,https://www.youtube.com/watch?v=9sJZOGxRxwM
"Never Let Me Down","Kanye West",,,youtube,p4NvOKy7GOU,,"2026-10-09 12:28",,https://www.youtube.com/watch?v=p4NvOKy7GOU
"Kanye West - Homecoming",,,,youtube,LQ488QrqGE4,,"2026-10-09 12:28",,https://www.youtube.com/watch?v=LQ488QrqGE4
"Jesus Is Lord","Kanye West",,,youtube,rns_n82HiMo,,"2026-10-09 12:28",,https://www.youtube.com/watch?v=rns_n82HiMo
PABLO,DONDA,,,youtube,AgsP9jrL7LY,,"2026-10-09 12:28",,https://www.youtube.com/watch?v=AgsP9jrL7LY
"Katamari Fortissimo Damacy - 17 - Lovely Angel",,,,youtube,NHzuFpLwnTk,,"2026-10-09 12:28",,https://www.youtube.com/watch?v=NHzuFpLwnTk
"XXX ft. U2 - Kendrick Lamar (DAMN)",,,,youtube,dgH-wjP1JPc,,"2026-10-09 12:28",,https://www.youtube.com/watch?v=dgH-wjP1JPc
DUCKWORTH.,"Kendrick Lamar",,,youtube,Dm-foWGDBF0,,"2026-10-09 12:28",,https://www.youtube.com/watch?v=Dm-foWGDBF0
BLANKET,,,,youtube,J0cZQVzWFGY,,"2026-10-09 12:28",,https://www.youtube.com/watch?v=J0cZQVzWFGY
"Battle Without Honor Or Humanity",Hotei,,,youtube,RVNMZA6lbT8,,"2026-10-09 12:28",,https://www.youtube.com/watch?v=RVNMZA6lbT8
"Personal Hell - Kim Petras (Official Lyric Video)",,,,youtube,i2vctV4x5aQ,,"2026-10-09 12:28",,https://www.youtube.com/watch?v=i2vctV4x5aQ
"Bloody Valentine - Kim Petras (Official Audio)",,,,youtube,-r7bWz4ValA,,"2026-10-09 12:28",,https://www.youtube.com/watch?v=-r7bWz4ValA
"Demons - Kim Petras (Official Audio)",,,,youtube,iaAe1U8l82M,,"2026-10-09 12:28",,https://www.youtube.com/watch?v=iaAe1U8l82M
"TRANSylvania - Kim Petras (Official Audio)",,,,youtube,0Wtu_GSzP4Y,,"2026-10-09 12:28",,https://www.youtube.com/watch?v=0Wtu_GSzP4Y
"Tell Me It's A Nightmare - Kim Petras (Official Audio)",,,,youtube,50lSlO3G1ck,,"2026-10-09 12:28",,https://www.youtube.com/watch?v=50lSlO3G1ck
"Klaxons-As Above So Below (JUSTICE remix)",,,,youtube,mPhIvFQ-MyU,,"2026-10-09 12:28",,https://www.youtube.com/watch?v=mPhIvFQ-MyU
"Get Busy - KOYOTIE",,,,youtube,WTHzatXb_Ak,,"2026-10-09 12:28",,https://www.youtube.com/watch?v=WTHzatXb_Ak
"Knife Party '404'",,,,youtube,gnnIrTLlLyA,,"2026-10-09 12:28",,https://www.youtube.com/watch?v=gnnIrTLlLyA
"thatboykwame - schleep. (Official Video)",,,,youtube,V0jPar6X_nY,,"2026-10-09 12:28",,https://www.youtube.com/watch?v=V0jPar6X_nY
"Forest Temple - The Legend of Zelda: Ocarina Of Time",,,,youtube,c_G7Haf1aOI,,"2026-10-09 12:28",,https://www.youtube.com/watch?v=c_G7Haf1aOI
"With You - Linkin Park (Hybrid Theory)",,,,youtube,M8UTS2iFXOo,,"2026-10-09 12:28",,https://www.youtube.com/watch?v=M8UTS2iFXOo
"Linkin Park -With You [Reanimation Remix] [Lyrics]",,,,youtube,wZPK3cZKyFw,,"2026-10-09 12:28",,https://www.youtube.com/watch?v=wZPK3cZKyFw
"Breaking the Habit (Official Music Video) [HD UPGRADE] – Linkin Park",,,,youtube,v2H4l9RpkwM,,"2026-10-09 12:28",,https://www.youtube.com/watch?v=v2H4l9RpkwM
"Drawing (Breaking The Habit Demo 2002)",,,,youtube,d_Me8s0Pro0,,"2026-10-09 12:28",,https://www.youtube.com/watch?v=d_Me8s0Pro0
"Lil Nas X - Rodeo (ft. Nas) [Official Video]",,,,youtube,c-yRN55iaQY,,"2026-10-09 12:28",,https://www.youtube.com/watch?v=c-yRN55iaQY
"lil wayne DA DA DA offical Video (Dirty) + lyrics",,,,youtube,Uvm57lFsiPY,,"2026-10-09 12:28",,https://www.youtube.com/watch?v=Uvm57lFsiPY
"How To Hate","Lil Wayne",,,youtube,G2eVYLebi5o,,"2026-10-09 12:29",,https://www.youtube.com/watch?v=G2eVYLebi5o
"[MV] 이달의 소녀/츄 (LOONA/Chuu) ""Heart Attack""",,,,youtube,BVVfMFS3mgc,,"2026-10-09 12:29",,https://www.youtube.com/watch?v=BVVfMFS3mgc
"m-flo loves Dragon Ash / WAY U MOVE",,,,youtube,2B5f9ZKEd38,,"2026-10-09 12:29",,https://www.youtube.com/watch?v=2B5f9ZKEd38
"Dash the Curry (Skit)",M.I.A.,,,youtube,mnEYNerEmvc,,"2026-10-09 12:29",,https://www.youtube.com/watch?v=mnEYNerEmvc
"Hideki Naganuma - Let Mom Sleep (PR​ø​F1Z​ø​®​K​∆​YMIX)",,,,youtube,4KF4BiRu9H8,,"2026-10-09 12:29",,https://www.youtube.com/watch?v=4KF4BiRu9H8
"Manzel   Space Funk",,,,youtube,tC-UiFfOHbQ,,"2026-10-09 12:29",,https://www.youtube.com/watch?v=tC-UiFfOHbQ
"DS Waluigi Pinball - Mario Kart 8 Deluxe Booster Course Pass Music",,,,youtube,oFJ8Q6izXT0,,"2026-10-09 12:29",,https://www.youtube.com/watch?v=oFJ8Q6izXT0
Zion,Fluke,,,youtube,cFffoHmn8XA,,"2026-10-09 12:29",,https://www.youtube.com/watch?v=cFffoHmn8XA
"Spencer Davis Group - ""I'm a Man"" (1966)",,,,youtube,44RfcFwstiA,,"2026-10-09 12:29",,https://www.youtube.com/watch?v=44RfcFwstiA
"I'm a Man (The Young Punx Mix)",Release,,,youtube,1rrAbNtWROo,,"2026-10-09 12:29",,https://www.youtube.com/watch?v=1rrAbNtWROo
"The Roof (feat. The Young Punx)",Release,,,youtube,BqYts5tepwM,,"2026-10-09 12:29",,https://www.youtube.com/watch?v=BqYts5tepwM
"Megan Thee Stallion - B.I.T.C.H. [Official Video]",,,,youtube,BF8TE5qsOCs,,"2026-10-09 12:29",,https://www.youtube.com/watch?v=BF8TE5qsOCs
"Melleefresh vs deadmau5 / Attention Whore [OFFICIAL]",,,,youtube,w68RRFNGlTw,,"2026-10-09 12:29",,https://www.youtube.com/watch?v=w68RRFNGlTw
"Merlyn Wood and CONNIE - S.Y.K.",,,,youtube,xMbD1q5I2uY,,"2026-10-09 12:29",,https://www.youtube.com/watch?v=xMbD1q5I2uY
"Sins of The Father","Donna Burke",,,youtube,y8VfziFZMGY,,"2026-10-09 12:29",,https://www.youtube.com/watch?v=y8VfziFZMGY
"Metallica: Enter Sandman (Official Music Video)",,,,youtube,CD-E-LDc384,,"2026-10-09 12:29",,https://www.youtube.com/watch?v=CD-E-LDc384
"Metallica: Nothing Else Matters (Official Music Video)",,,,youtube,tAGnKpE4NCI,,"2026-10-09 12:29",,https://www.youtube.com/watch?v=tAGnKpE4NCI
"Bird Flu - M.I.A.",,,,youtube,7EBnYGyY8NY,,"2026-10-09 12:29",,https://www.youtube.com/watch?v=7EBnYGyY8NY
"World Town",M.I.A.,,,youtube,88CWS4vZ9p0,,"2026-10-09 12:29",,https://www.youtube.com/watch?v=88CWS4vZ9p0
"M.I.A. - Bucky Done Gun",,,,youtube,VNJ96imMskk,,"2026-10-09 12:29",,https://www.youtube.com/watch?v=VNJ96imMskk
"CAPS LOCK",M.I.A.,,,youtube,RC2ZzENp6Tg,,"2026-10-09 12:29",,https://www.youtube.com/watch?v=RC2ZzENp6Tg
"C418 - Moog City - Minecraft Volume Alpha",,,,youtube,wnHy42Zh14Y,,"2026-10-09 12:29",,https://www.youtube.com/watch?v=wnHy42Zh14Y
"C418 - Clark - Minecraft Volume Alpha",,,,youtube,UhWjWdlnmEw,,"2026-10-09 12:29",,https://www.youtube.com/watch?v=UhWjWdlnmEw
"C418 - Excuse - Minecraft Volume Alpha",,,,youtube,m4EL70Vs1sE,,"2026-10-09 12:29",,https://www.youtube.com/watch?v=m4EL70Vs1sE
"C418 - Moog City 2 (Minecraft Volume Beta)",,,,youtube,C8df2pbOX6g,,"2026-10-09 12:29",,https://www.youtube.com/watch?v=C8df2pbOX6g
"C418 - Aria Math (Minecraft Volume Beta)",,,,youtube,atgjKEgSqSU,,"2026-10-09 12:29",,https://www.youtube.com/watch?v=atgjKEgSqSU
Rubedo,"Lena Raine",,,youtube,HcvKHX6kK6M,,"2026-10-09 12:29",,https://www.youtube.com/watch?v=HcvKHX6kK6M
"MØ - Walk This Way (Official Video)",,,,youtube,mHWr4WY9o24,,"2026-10-09 12:29",,https://www.youtube.com/watch?v=mHWr4WY9o24
"MØ - Spaceman (Official Video)",,,,youtube,yWfijLdqEKk,,"2026-10-09 12:29",,https://www.youtube.com/watch?v=yWfijLdqEKk
"MØ - SWEET (Official Video) ft. Biig Piig",,,,youtube,azgGTVtSA80,,"2026-10-09 12:29",,https://www.youtube.com/watch?v=azgGTVtSA80
"MØ - Keep Møving (Official Video)",,,,youtube,j5yZBTfmWqI,,"2026-10-09 12:29",,https://www.youtube.com/watch?v=j5yZBTfmWqI
"Eiffel 65 - BLUE (Mr. Mitch Peace Edit)",,,,youtube,_ZBiAQD0Yfk,,"2026-10-09 12:29",,https://www.youtube.com/watch?v=_ZBiAQD0Yfk
"Mura Masa - What If I Go? (ft. Bonzai) - Oval Space - London - 07.04.16",,,,youtube,Qit9EA0AC2o,,"2026-10-09 12:29",,https://www.youtube.com/watch?v=Qit9EA0AC2o
"Nadastrom - I!! (Nadastrom ill)",,,,youtube,QicDzxQ_ImM,,"2026-10-09 12:29",,https://www.youtube.com/watch?v=QicDzxQ_ImM
"Lapdance (Freeform Reform) (Re-Edit)",N.E.R.D.,,,youtube,R_l-DPsTVPk,,"2026-10-09 12:29",,https://www.youtube.com/watch?v=R_l-DPsTVPk
"Nine Inch Nails NERD Lapdance ReMix NIN.",,,,youtube,qMaYmhf87JY,,"2026-10-09 12:29",,https://www.youtube.com/watch?v=qMaYmhf87JY
"Lil' Suzy",N.E.R.D.,,,youtube,9X4_jLAJpBg,,"2026-10-09 12:29",,https://www.youtube.com/watch?v=9X4_jLAJpBg
"I'm Da Shit - N.E.R.D",,,,youtube,FlnBlc3a-jo,,"2026-10-09 12:29",,https://www.youtube.com/watch?v=FlnBlc3a-jo
Brain,N.E.R.D.,,,youtube,MOaYGoKaeoU,,"2026-10-09 12:29",,https://www.youtube.com/watch?v=MOaYGoKaeoU
Provider,N.E.R.D.,,,youtube,ZmSpFCwxlSc,,"2026-10-09 12:29",,https://www.youtube.com/watch?v=ZmSpFCwxlSc
"Provider Zero 7 Remix - N.E.R.D (Music Video) - The Wire",,,,youtube,m-OVSPMGGX0,,"2026-10-09 12:29",,https://www.youtube.com/watch?v=m-OVSPMGGX0
"Am I High",N.E.R.D.,,,youtube,vCCzuDLcKqc,,"2026-10-09 12:29",,https://www.youtube.com/watch?v=vCCzuDLcKqc
"N.E.R.D. - Rock Star",,,,youtube,qh9WuPzOjlI,,"2026-10-09 12:29",,https://www.youtube.com/watch?v=qh9WuPzOjlI
"N.E.R.D. - Rock Star",,,,youtube,qh9WuPzOjlI,,"2026-10-09 12:29",,https://www.youtube.com/watch?v=qh9WuPzOjlI
"Bobby James",N.E.R.D.,,,youtube,tVLgZXHUKh4,,"2026-10-09 12:29",,https://www.youtube.com/watch?v=tVLgZXHUKh4
"Fly Or Die",N.E.R.D.,,,youtube,ltSNJ3Z33Cs,,"2026-10-09 12:29",,https://www.youtube.com/watch?v=ltSNJ3Z33Cs
"5ive - Me And My Brother (Lyrics) ""Who I'm gon' call when it's time to ride""",,,,youtube,KnXhPSJLmUQ,,"2026-10-09 12:29",,https://www.youtube.com/watch?v=KnXhPSJLmUQ
"N.E.R.D. - She Wants To Move",,,,youtube,mXC3h95PtDY,,"2026-10-09 12:29",,https://www.youtube.com/watch?v=mXC3h95PtDY
"She Wants To Move (Basement Jaxx Main Mix)",N.E.R.D.,,,youtube,AqH5q8SNMu0,,"2026-10-09 12:29",,https://www.youtube.com/watch?v=AqH5q8SNMu0
"N.E.R.D - She Wants to Move (Mac & Toolz Remix)",,,,youtube,G_MsEeaRfho,,"2026-10-09 12:29",,https://www.youtube.com/watch?v=G_MsEeaRfho
Thrasher,N.E.R.D.,,,youtube,FS2ZVIp_hGI,,"2026-10-09 12:29",,https://www.youtube.com/watch?v=FS2ZVIp_hGI
"N.E.R.D. - Maybe",,,,youtube,UE07GZAJuaM,,"2026-10-09 12:29",,https://www.youtube.com/watch?v=UE07GZAJuaM
"Kill Joy",N.E.R.D.,,,youtube,k8xtInX1zZQ,,"2026-10-09 12:29",,https://www.youtube.com/watch?v=k8xtInX1zZQ
"Hot-n-Fun (Crookers Remix)",N.E.R.D.,,,youtube,OSZ36ARR1bM,,"2026-10-09 12:29",,https://www.youtube.com/watch?v=OSZ36ARR1bM
"New Super Mario Bros. Wii (Castle Theme) Revampt [Cinematic Reimagining]",,,,youtube,oBn23imcYZI,,"2026-10-09 12:29",,https://www.youtube.com/watch?v=oBn23imcYZI
"Tower - New Super Mario Bros. Wii Music",,,,youtube,_c0E9IMWzwE,,"2026-10-09 12:29",,https://www.youtube.com/watch?v=_c0E9IMWzwE
"[K-Choreo 8K HDR] 뉴진스 직캠 'New Jeans' (NewJeans Choreography) @MusicBank 230714",,,,youtube,yFTAYXDTjqI,,"2026-10-09 12:29",,https://www.youtube.com/watch?v=yFTAYXDTjqI
"Nicki Minaj ~ Saxon (FULL)",,,,youtube,sDsSsmenOxE,,"2026-10-09 12:30",,https://www.youtube.com/watch?v=sDsSsmenOxE
"Das weiße Brötchen ist vielleicht nicht die beste Wahl!",,,,youtube,BpAe_SHA83M,,"2026-10-09 12:30",,https://www.youtube.com/watch?v=BpAe_SHA83M
"Nine Inch Nails - Sanctified (VEVO Presents)",,,,youtube,CXBiYFoHsOg,,"2026-10-09 12:30",,https://www.youtube.com/watch?v=CXBiYFoHsOg
"Nine Inch Nails - Starsuckers, Inc.",,,,youtube,omWQzYycyJk,,"2026-10-09 12:30",,https://www.youtube.com/watch?v=omWQzYycyJk
"School (Remastered)",Nirvana,,,youtube,sp86SkWKRQE,,"2026-10-09 12:30",,https://www.youtube.com/watch?v=sp86SkWKRQE
"Boogie All Night","Nile Rodgers",,,youtube,KpYgsXkx_94,,"2026-10-09 12:30",,https://www.youtube.com/watch?v=KpYgsXkx_94
"NMIXX(엔믹스) “Papillon” (Official Audio)",,,,youtube,qQhEwaHszKo,,"2026-10-09 12:30",,https://www.youtube.com/watch?v=qQhEwaHszKo
"Notorious Thugs (feat. Bone Thugs-n-Harmony) [2007 Remaster]","The Notorious B.I.G.",,,youtube,PIlb_snDrcs,,"2026-10-09 12:30",,https://www.youtube.com/watch?v=PIlb_snDrcs
"Earl Sweatshirt on Oldie | Rhyme Scheme",,,,youtube,OFBZbFGHSa8,,"2026-10-09 12:30",,https://www.youtube.com/watch?v=OFBZbFGHSa8
"My Favorite Things",OutKast,,,youtube,fiAzWg2yq9M,,"2026-10-09 12:30",,https://www.youtube.com/watch?v=fiAzWg2yq9M
"Paramore: Monster [OFFICIAL VIDEO]",,,,youtube,PoTEnaAI9Fo,,"2026-10-09 12:30",,https://www.youtube.com/watch?v=PoTEnaAI9Fo
"Paramore: This Is Why [OFFICIAL VIDEO]",,,,youtube,xIYJ7VaSxYY,,"2026-10-09 12:30",,https://www.youtube.com/watch?v=xIYJ7VaSxYY
"Passenger | Let Her Go (Official Video)",,,,youtube,RBumgq5yVrA,,"2026-10-09 12:30",,https://www.youtube.com/watch?v=RBumgq5yVrA
Alleycat,"ATLUS Sound Team",,,youtube,T-D-KzkSQEE,,"2026-10-09 12:30",,https://www.youtube.com/watch?v=T-D-KzkSQEE
"Dont Be Afraid to look up at the Sky",,,,youtube,5klZ27-KnfY,,"2026-10-09 12:30",,https://www.youtube.com/watch?v=5klZ27-KnfY
"Show You How To Hustle",Pharrell,,,youtube,6SkJXiKeq7U,,"2026-10-09 12:30",,https://www.youtube.com/watch?v=6SkJXiKeq7U
"Henry Mancini & Orchestra - The Pink Panther Theme (Richard Claydermann in London, December 9, 1986)",,,,youtube,wspSF8vKACM,,"2026-10-09 12:30",,https://www.youtube.com/watch?v=wspSF8vKACM
"Anti-piracy Ad - Piracy. It's a Crime",,,,youtube,_FtE0S-IyY0,,"2026-10-09 12:30",,https://www.youtube.com/watch?v=_FtE0S-IyY0
"Pitbull American war",,,,youtube,R-jMqV28dxM,,"2026-10-09 12:30",,https://www.youtube.com/watch?v=R-jMqV28dxM
"P.O.D. - Boom (Official Music Video) [HD]",,,,youtube,lYHA_7vxrgc,,"2026-10-09 12:30",,https://www.youtube.com/watch?v=lYHA_7vxrgc
"Pokémon Red and Blue - ByteSize Recaps",,,,youtube,ULl24u_a2i4,,"2026-10-09 12:30",,https://www.youtube.com/watch?v=ULl24u_a2i4
"FASTEST Way To Get Through Silph Co in FireRed / LeafGreen / Radical Red",,,,youtube,IHDanRpSrYw,,"2026-10-09 12:30",,https://www.youtube.com/watch?v=IHDanRpSrYw
"Pokémon Mansion Walkthrough - Pokémon FireRed/LeafGreen",,,,youtube,rNNQS-HJAT0,,"2026-10-09 12:30",,https://www.youtube.com/watch?v=rNNQS-HJAT0
"Porter Robinson - The Seconds (feat. Jano)",,,,youtube,T16crBGDFAA,,"2026-10-09 12:30",,https://www.youtube.com/watch?v=T16crBGDFAA
"Poppy - Play Destroy feat. Grimes (Official Full Stream)",,,,youtube,k8XVZ65JEB0,,"2026-10-09 12:30",,https://www.youtube.com/watch?v=k8XVZ65JEB0
"No Man Army","The Prodigy",,,youtube,SY_lKMfB2Sc,,"2026-10-09 12:30",,https://www.youtube.com/watch?v=SY_lKMfB2Sc
"The Shower - Psycho (5/12) Movie CLIP (1960) HD",,,,youtube,0WtDmbr9xyY,,"2026-10-09 12:30",,https://www.youtube.com/watch?v=0WtDmbr9xyY
"Space Jam","Quad City DJ's",,,youtube,gO3cFz53vs8,,"2026-10-09 12:30",,https://www.youtube.com/watch?v=gO3cFz53vs8
"R.E.M. - The One I Love (Official Music Video)",,,,youtube,j7oQEPfe-O8,,"2026-10-09 12:30",,https://www.youtube.com/watch?v=j7oQEPfe-O8
"【18祭】Vaundy『呼び声』| 18Fes | NHK",,,,youtube,hA2KCJg8c74,,"2026-10-09 12:30",,https://www.youtube.com/watch?v=hA2KCJg8c74
"Reckoner | Radiohead | From The Basement",,,,youtube,i9rN9eY2hRc,,"2026-10-09 12:30",,https://www.youtube.com/watch?v=i9rN9eY2hRc
"REI AMI - DICTATOR (Official Music Video)",,,,youtube,dhjiRQPJhgQ,,"2026-10-09 12:30",,https://www.youtube.com/watch?v=dhjiRQPJhgQ
"Miles Apart",Replicator,,,youtube,apJ7BANQY9E,,"2026-10-09 12:30",,https://www.youtube.com/watch?v=apJ7BANQY9E
"Are You Gonna Eat That? (Song)",,,,youtube,agvt2eX-LZM,,"2026-10-09 12:30",,https://www.youtube.com/watch?v=agvt2eX-LZM
"[Rhythm Heaven Fever] ~ Remix 5 (Perfect)",,,,youtube,058_4MiEXcc,,"2026-10-09 12:30",,https://www.youtube.com/watch?v=058_4MiEXcc
"Rhythm Fighter - Rhythm Heaven Fever",,,,youtube,ByHFrnQyzDs,,"2026-10-09 12:30",,https://www.youtube.com/watch?v=ByHFrnQyzDs
"Police Call (Investigation) - Rhythm Heaven Fever",,,,youtube,hq54VvLoAvk,,"2026-10-09 12:30",,https://www.youtube.com/watch?v=hq54VvLoAvk
"Rihanna Jump Lyric Video",,,,youtube,PDGJ1_O3pR4,,"2026-10-09 12:30",,https://www.youtube.com/watch?v=PDGJ1_O3pR4
"RIIZE 라이즈 'Lucky' MV",,,,youtube,3Q49g7M5MlU,,"2026-10-09 12:30",,https://www.youtube.com/watch?v=3Q49g7M5MlU
"RiTchie - Dizzy (feat. Aminé)",,,,youtube,cTjCMIAj3UY,,"2026-10-09 12:30",,https://www.youtube.com/watch?v=cTjCMIAj3UY
"ROSALÍA, Chencho Corleone - CANDY (Remix - Official Audio)",,,,youtube,bgOGGkhdgog,,"2026-10-09 12:30",,https://www.youtube.com/watch?v=bgOGGkhdgog
"Sailor Moon OST - Moon Prism Power Make Up!",,,,youtube,L1xAPQgGZ0U,,"2026-10-09 12:30",,https://www.youtube.com/watch?v=L1xAPQgGZ0U
"Mary Jane Shisha Review",,,,youtube,dHeAJdoF0FA,,"2026-10-09 12:30",,https://www.youtube.com/watch?v=dHeAJdoF0FA
She__Doesn_t__Mind__(Fraxiom__Remix),,,,youtube,FbgmCFh-jOc,,"2026-10-09 12:30",,https://www.youtube.com/watch?v=FbgmCFh-jOc
"SebastiAn - Run For Me feat Gallant (Official Music Video)",,,,youtube,D2bC3zOTgD4,,"2026-10-09 12:30",,https://www.youtube.com/watch?v=D2bC3zOTgD4
"Le Disko (Boys Noize Fire Remix)","Shiny Toy Guns",,,youtube,BEYBBh4d9F8,,"2026-10-09 12:30",,https://www.youtube.com/watch?v=BEYBBh4d9F8
"Shygirl - mr useless (ft. SG Lewis) [official audio]",,,,youtube,kliUoRjylkQ,,"2026-10-09 12:30",,https://www.youtube.com/watch?v=kliUoRjylkQ
"WEEKENDS!!! (feat. Sirah)",,,,youtube,6ngYQcxBjmU,,"2026-10-09 12:30",,https://www.youtube.com/watch?v=6ngYQcxBjmU
"Weekends!!! (feat. Sirah) (Zedd Remix)",Skrillex,,,youtube,vbpVI9bDZjQ,,"2026-10-09 12:30",,https://www.youtube.com/watch?v=vbpVI9bDZjQ
"Skrillex - Make It Bun Dem (French Fries Remix)",,,,youtube,WrHiF1wGSVA,,"2026-10-09 12:30",,https://www.youtube.com/watch?v=WrHiF1wGSVA
"Skrillex -This Much Power",,,,youtube,eKjFn-yEnyw,,"2026-10-09 12:30",,https://www.youtube.com/watch?v=eKjFn-yEnyw
"Skrillex - Stranger (Skrillex Remix w/ Tennyson & White Sea)",,,,youtube,0ljS_XWAA7E,,"2026-10-09 12:30",,https://www.youtube.com/watch?v=0ljS_XWAA7E
"Supersonic (VIP)",Noisia,,,youtube,Yn78gScehAQ,,"2026-10-09 12:30",,https://www.youtube.com/watch?v=Yn78gScehAQ
"Skrillex, Missy Elliott, & Mr. Oizo - RATATA [Official Visualizer]",,,,youtube,xkejbXejA-0,,"2026-10-09 12:30",,https://www.youtube.com/watch?v=xkejbXejA-0
"skrillex - korabu",,,,youtube,Dx0r-CnKNYA,,"2026-10-09 12:31",,https://www.youtube.com/watch?v=Dx0r-CnKNYA
"skrillex - say goodbye",,,,youtube,4s1a1YFBvmU,,"2026-10-09 12:31",,https://www.youtube.com/watch?v=4s1a1YFBvmU
"Skyhooks. Horror Movie",,,,youtube,XljmO_KPQaM,,"2026-10-09 12:31",,https://www.youtube.com/watch?v=XljmO_KPQaM
"Slim Thug - I Ain't Heard Of That",,,,youtube,d4qr7-7fnz4,,"2026-10-09 12:31",,https://www.youtube.com/watch?v=d4qr7-7fnz4
"Sonic CD Tidal Tempest Bad Future JP/EU HD",,,,youtube,fZsHR2v86zQ,,"2026-10-09 12:31",,https://www.youtube.com/watch?v=fZsHR2v86zQ
"Sonic 3 Music: Final Boss",,,,youtube,RyoMQg3d5cs,,"2026-10-09 12:31",,https://www.youtube.com/watch?v=RyoMQg3d5cs
"Fist Bump","Douglas Robb from Hoobastank",,,youtube,eCkWlRL3_N0,,"2026-10-09 12:31",,https://www.youtube.com/watch?v=eCkWlRL3_N0
"SOPHIE - One More Time (feat. Popstar) - Official Visualiser",,,,youtube,l3tMwhDNm2g,,"2026-10-09 12:31",,https://www.youtube.com/watch?v=l3tMwhDNm2g
"S.O.U.L. S.Y.S.T.E.M. - It's Gonna Be A Lovely Day (Official Video)",,,,youtube,wtQ6ca4mL7I,,"2026-10-09 12:31",,https://www.youtube.com/watch?v=wtQ6ca4mL7I
"Seaskape (Squid Squad) - Splatoon OST",,,,youtube,gNrL51D49hY,,"2026-10-09 12:31",,https://www.youtube.com/watch?v=gNrL51D49hY
"How Inkopolis Square Changed - DLC Comparison (Splatoon 2 vs 3)",,,,youtube,JFaVPgOw1MY,,"2026-10-09 12:31",,https://www.youtube.com/watch?v=JFaVPgOw1MY
"How Inkopolis Square Changed - DLC Comparison (Splatoon 2 vs 3)",,,,youtube,JFaVPgOw1MY,,"2026-10-09 12:31",,https://www.youtube.com/watch?v=JFaVPgOw1MY
"Blitz It! - Splatoon 2 [Chirpy Chips]",,,,youtube,LXfLYYNpPvk,,"2026-10-09 12:31",,https://www.youtube.com/watch?v=LXfLYYNpPvk
"♪ Fly Octo Fly ~ Ebb & Flow ♫ [OLD] Caitlin Koi Music Video - Splatoon 2 Octo Expansion",,,,youtube,PQCtUWsJPcE,,"2026-10-09 12:31",,https://www.youtube.com/watch?v=PQCtUWsJPcE
"Octarmaments - [Turquoise October]",,,,youtube,aZhVxmNoFV0,,"2026-10-09 12:31",,https://www.youtube.com/watch?v=aZhVxmNoFV0
"Octarmaments - [Turquoise October]",,,,youtube,aZhVxmNoFV0,,"2026-10-09 12:31",,https://www.youtube.com/watch?v=aZhVxmNoFV0
"Octarmaments - [Turquoise October]",,,,youtube,aZhVxmNoFV0,,"2026-10-09 12:31",,https://www.youtube.com/watch?v=aZhVxmNoFV0
"Splatoon 2 OST - Shooting Starfish (w/ Final Checkpoint)",,,,youtube,w7PlfZxQErE,,"2026-10-09 12:31",,https://www.youtube.com/watch?v=w7PlfZxQErE
"Splatoon 2 Octo Expansion: Ebb & Flow Demo",,,,youtube,UOqdbAKGLtY,,"2026-10-09 12:31",,https://www.youtube.com/watch?v=UOqdbAKGLtY
"Blop bop - Splatoon 3 OST",,,,youtube,YUSe3CO58-M,,"2026-10-09 12:31",,https://www.youtube.com/watch?v=YUSe3CO58-M
"Underwater Neon - [Octoplush]",,,,youtube,aOI40z1WwRU,,"2026-10-09 12:31",,https://www.youtube.com/watch?v=aOI40z1WwRU
"Seep And Destroy - Octoplush",,,,youtube,0oX6xpibozY,,"2026-10-09 12:31",,https://www.youtube.com/watch?v=0oX6xpibozY
"#35 caught - [Octoplush]",,,,youtube,c85M-_T-elE,,"2026-10-09 12:31",,https://www.youtube.com/watch?v=c85M-_T-elE
"BEAR WITH ME : Phase 3",,,,youtube,Ioetx5f_JZo,,"2026-10-09 12:31",,https://www.youtube.com/watch?v=Ioetx5f_JZo
"Tableturf Level Selection - Ancho-V Games [Splatoon 3 OST]",,,,youtube,BmoR2VZ8ufw,,"2026-10-09 12:31",,https://www.youtube.com/watch?v=BmoR2VZ8ufw
"♪ Ebb & Flow (Out of Order) ~ Spectrum Obligato 🎵 Caitlin Koi Lyric Video - Splatoon 3",,,,youtube,PN67c5ZUhIE,,"2026-10-09 12:31",,https://www.youtube.com/watch?v=PN67c5ZUhIE
"Duel of the Fates","John Williams",,,youtube,D_2bluVPsb0,,"2026-10-09 12:31",,https://www.youtube.com/watch?v=D_2bluVPsb0
"The Sugarhill Gang - Rapper's Delight (Official Video)",,,,youtube,mcCK99wHrk0,,"2026-10-09 12:31",,https://www.youtube.com/watch?v=mcCK99wHrk0
"twenty one pilots: Heathens (from Suicide Squad: The Album) [OFFICIAL VIDEO]",,,,youtube,UprcpdwuwCg,,"2026-10-09 12:31",,https://www.youtube.com/watch?v=UprcpdwuwCg
"Super Mario 64 Soundtrack - Lethal Lava Land",,,,youtube,vthq62tj5XI,,"2026-10-09 12:31",,https://www.youtube.com/watch?v=vthq62tj5XI
"Super Mario Sunshine: ll Plantissimo sand spirit race TAS",,,,youtube,HjkE-ZuUcuQ,,"2026-10-09 12:31",,https://www.youtube.com/watch?v=HjkE-ZuUcuQ
"Tchaikovsky ~ Dance of the Sugar Plum Fairy",,,,youtube,B9zRToy-mwk,,"2026-10-09 12:31",,https://www.youtube.com/watch?v=B9zRToy-mwk
"teenage bad girl - opening on roubaix's burning 6",,,,youtube,4ktsvgMusOc,,"2026-10-09 12:31",,https://www.youtube.com/watch?v=4ktsvgMusOc
"Tenacious D: Master Exploder",,,,youtube,80DtQD5BQ_A,,"2026-10-09 12:31",,https://www.youtube.com/watch?v=80DtQD5BQ_A
"Valve Studio Orchestra - TF2 Classic Theme Song",,,,youtube,CAjvXViA0XA,,"2026-10-09 12:31",,https://www.youtube.com/watch?v=CAjvXViA0XA
"Tommy Richman - DEVIL IS A LIE",,,,youtube,SMvmAWECT8U,,"2026-10-09 12:31",,https://www.youtube.com/watch?v=SMvmAWECT8U
"Travis Scott - STARGAZING (Audio)",,,,youtube,2a8PgqWrc_4,,"2026-10-09 12:31",,https://www.youtube.com/watch?v=2a8PgqWrc_4
"Travis Scott - YOSEMITE (Audio)",,,,youtube,ykMHDKB0-1o,,"2026-10-09 12:31",,https://www.youtube.com/watch?v=ykMHDKB0-1o
"TWICE ""LIKEY"" M/V",,,,youtube,V2hlQkVJZhE,,"2026-10-09 12:31",,https://www.youtube.com/watch?v=V2hlQkVJZhE
RUN,"Tyler, The Creator",,,youtube,8XjvfD_FwYA,,"2026-10-09 12:31",,https://www.youtube.com/watch?v=8XjvfD_FwYA
"PEACH FUZZ",,,,youtube,dlG-1sQfEyE,,"2026-10-09 12:31",,https://www.youtube.com/watch?v=dlG-1sQfEyE
"MASSA (Audio)",,,,youtube,0vGz0bFutZs,,"2026-10-09 12:31",,https://www.youtube.com/watch?v=0vGz0bFutZs
"RISE! (Audio)",,,,youtube,Znwgjl4wuPo,,"2026-10-09 12:31",,https://www.youtube.com/watch?v=Znwgjl4wuPo
"THOUGHT I WAS DEAD",,,,youtube,_RuuRU0bGLc,,"2026-10-09 12:31",,https://www.youtube.com/watch?v=_RuuRU0bGLc
"underscores 'Johnny johnny johnny' Lyric Video",,,,youtube,ymdpfe3mZCw,,"2026-10-09 12:31",,https://www.youtube.com/watch?v=ymdpfe3mZCw
"underscores 'My guy (Corporate shuffle)' Official Video",,,,youtube,1tWnJaqFWhg,,"2026-10-09 12:31",,https://www.youtube.com/watch?v=1tWnJaqFWhg
"Charlie Couldn't Handle This Riff",,,,youtube,CNzldEuu9uU,,"2026-10-09 12:31",,https://www.youtube.com/watch?v=CNzldEuu9uU
"underscores — Music",,,,youtube,UNYqwpx7Cys,,"2026-10-09 12:31",,https://www.youtube.com/watch?v=UNYqwpx7Cys
"The Veronicas - Take Me On The Floor (Official Music Video) | Warner Records",,,,youtube,jEiGbXvF_Rw,,"2026-10-09 12:31",,https://www.youtube.com/watch?v=jEiGbXvF_Rw
"i have 2 sides #boykisser #furry #meme #shorts #memes",,,,youtube,7-zYEu5xToI,,"2026-10-09 12:31",,https://www.youtube.com/watch?v=7-zYEu5xToI
unholyfoodTF__108.5bpm.m4a,,,,youtube,B0763IgAPKQ,,"2026-10-09 12:31",,https://www.youtube.com/watch?v=B0763IgAPKQ
"Savannah Dexter- Man Like You Ft. Who TF Is Justin Time? (Official Music Video)",,,,youtube,lQf1YCfmT0k,,"2026-10-09 12:31",,https://www.youtube.com/watch?v=lQf1YCfmT0k
"Menu (Mii Sleeping) - Wii Play",,,,youtube,BDDot5b5B0g,,"2026-10-09 12:31",,https://www.youtube.com/watch?v=BDDot5b5B0g
"Tennis (Select Position) - Wii Sports OST",,,,youtube,A8PY-LkC4TQ,,"2026-10-09 12:31",,https://www.youtube.com/watch?v=A8PY-LkC4TQ
"Wild Cherry - Play That Funky Music (Official Video)",,,,youtube,BHcYFxU4fMo,,"2026-10-09 12:32",,https://www.youtube.com/watch?v=BHcYFxU4fMo
DAMN,Release,,,youtube,nIDlQJEA-xo,,"2026-10-09 12:32",,https://www.youtube.com/watch?v=nIDlQJEA-xo
"Damn (umru Remix)","lil aaron",,,youtube,YxlX-pnRNTo,,"2026-10-09 12:32",,https://www.youtube.com/watch?v=YxlX-pnRNTo
"Wake up, Make up, Bring it up, Shake up",,,,youtube,x0Q99avIpsw,,"2026-10-09 12:32",,https://www.youtube.com/watch?v=x0Q99avIpsw
"Roger Troutman on The Talkbox [Video Soul - 1987]",,,,youtube,L_CBZkd2tGE,,"2026-10-09 12:32",,https://www.youtube.com/watch?v=L_CBZkd2tGE
"Theme Song | Adventure Time | Cartoon Network",,,,youtube,cvDxko2Zm0Q,,"2026-10-09 12:32",,https://www.youtube.com/watch?v=cvDxko2Zm0Q
"Bubblegum K.K. - K.K. Slider",,,,youtube,mIS6qIVOWxI,,"2026-10-09 12:32",,https://www.youtube.com/watch?v=mIS6qIVOWxI
"1 AM   Animal Crossing Gamecube OST 53",,,,youtube,Zx1Y1mGfaME,,"2026-10-09 12:32",,https://www.youtube.com/watch?v=Zx1Y1mGfaME
"11am - Animal Crossing Wild World",,,,youtube,gwYqBeQ_gj4,,"2026-10-09 12:32",,https://www.youtube.com/watch?v=gwYqBeQ_gj4
"nothing says “it’s time for bed” more than the 3am music 😵‍💫 #acnh #animalcrossing",,,,youtube,QotZbOji_DM,,"2026-10-09 12:32",,https://www.youtube.com/watch?v=QotZbOji_DM
"Animal Crossing City Folk Music: 8 PM",,,,youtube,rOzJBldXOAA,,"2026-10-09 12:32",,https://www.youtube.com/watch?v=rOzJBldXOAA
"The Avalanches - Ray of Zdarlight (2006)",,,,youtube,vWefh5X_39Y,,"2026-10-09 12:32",,https://www.youtube.com/watch?v=vWefh5X_39Y
"Bananas in Pyjamas (2011) - Theme Song (Horror VERSION)💀",,,,youtube,ekQ6GiMWFwI,,"2026-10-09 12:32",,https://www.youtube.com/watch?v=ekQ6GiMWFwI
"Sgt. Pepper's Lonely Hearts Club Band + With A Little Help From My Friends",,,,youtube,P3DKACKz-jo,,"2026-10-09 12:32",,https://www.youtube.com/watch?v=P3DKACKz-jo
"BENEE - Supalonely ft. Gus Dapperton",,,,youtube,Rb6Scz-5YOs,,"2026-10-09 12:32",,https://www.youtube.com/watch?v=Rb6Scz-5YOs
"BENEE - C U (Official Audio)",,,,youtube,fPpI27KBd8o,,"2026-10-09 12:32",,https://www.youtube.com/watch?v=fPpI27KBd8o
"BENEE feat. Mallrat perform 'Do It Again' at FIFA Women’s World Cup 2023 Opening Ceremony",,,,youtube,O6FXtGrlmZA,,"2026-10-09 12:32",,https://www.youtube.com/watch?v=O6FXtGrlmZA
"Big Bang Theory",,,,youtube,TzhIfN4UQv8,,"2026-10-09 12:32",,https://www.youtube.com/watch?v=TzhIfN4UQv8
"MAN ON THE MOON - BROCKHAMPTON",,,,youtube,bVm8rWNIRv4,,"2026-10-09 12:32",,https://www.youtube.com/watch?v=bVm8rWNIRv4
"DUCT TAPE - BROCKHAMPTON",,,,youtube,pNXfvXOsGdI,,"2026-10-09 12:32",,https://www.youtube.com/watch?v=pNXfvXOsGdI
"Cake Pop, Pritty, Aaron Cartier & Ravenna Golden - Satin Bedsheets (Official Music Video)",,,,youtube,n4X9VwrT354,,"2026-10-09 12:32",,https://www.youtube.com/watch?v=n4X9VwrT354
"Can You Hear Me? - Charli XCX [High quality]",,,,youtube,ieRTVYRKwfc,,"2026-10-09 12:32",,https://www.youtube.com/watch?v=ieRTVYRKwfc
"最新世界心心相印(full ver.) / the chef cooks me",,,,youtube,OVugWWmMADc,,"2026-10-09 12:32",,https://www.youtube.com/watch?v=OVugWWmMADc
"PSYCHEDELIC REEL",,,,youtube,OV60ZNa0nvE,,"2026-10-09 12:32",,https://www.youtube.com/watch?v=OV60ZNa0nvE
"Fruity - chloe moriondo (official music video)",,,,youtube,0vnrURShIzA,,"2026-10-09 12:32",,https://www.youtube.com/watch?v=0vnrURShIzA
U.F.O.,Coldplay,,,youtube,W02mv2D7uQk,,"2026-10-09 12:32",,https://www.youtube.com/watch?v=W02mv2D7uQk
"Cornelius ""TOO PURE""",,,,youtube,vAUqnW0Dkik,,"2026-10-09 12:32",,https://www.youtube.com/watch?v=vAUqnW0Dkik
"10. Daft punk - Emotion (Werewolf By Night Remix) - Remix after all [Fan Album]",,,,youtube,cdtydyNGc0o,,"2026-10-09 12:32",,https://www.youtube.com/watch?v=cdtydyNGc0o
"Dan Croll - IN/OUT (Official Baardsen Remix video)",,,,youtube,W1z2sED0kXw,,"2026-10-09 12:32",,https://www.youtube.com/watch?v=W1z2sED0kXw
"In Search of Diamonds (Minecraft / Music Video)",,,,youtube,vIhs8_m5qPc,,"2026-10-09 12:32",,https://www.youtube.com/watch?v=vIhs8_m5qPc
"Acid Tunnel of Love","Toby Fox",,,youtube,McOfpEEXnq0,,"2026-10-09 12:32",,https://www.youtube.com/watch?v=McOfpEEXnq0
"Deorro - Turn Back Time feat. Teemu (Official Video) [Ultra Music]",,,,youtube,FWLqXS3l7to,,"2026-10-09 12:32",,https://www.youtube.com/watch?v=FWLqXS3l7to
"Destiny's Child- This Christmas (Official Audio)",,,,youtube,mJO9BWcZoYk,,"2026-10-09 12:32",,https://www.youtube.com/watch?v=mJO9BWcZoYk
"can you tell?","Jane Remover",,,youtube,JaasxvtAQ2s,,"2026-10-09 12:32",,https://www.youtube.com/watch?v=JaasxvtAQ2s
"Smiles and Tears",,,,youtube,KQVOb1b7iOc,,"2026-10-09 12:32",,https://www.youtube.com/watch?v=KQVOb1b7iOc
"AZEALIA BANKS X EASYFUN - liquorice / audio",,,,youtube,fDS_ECyZRNE,,"2026-10-09 12:32",,https://www.youtube.com/watch?v=fDS_ECyZRNE
"Fortnite Emote (Ballads Edit)",,,,youtube,apW9f3xkxFM,,"2026-10-09 12:32",,https://www.youtube.com/watch?v=apW9f3xkxFM
"Famous Dex :  Hoes Mad    (Official Music Video)",,,,youtube,vuRNoBOkDzY,,"2026-10-09 12:32",,https://www.youtube.com/watch?v=vuRNoBOkDzY
"""Fanboy & Chum Chum"" Theme Song (HQ) | Episode Opening Credits | Nick Animation",,,,youtube,1q9j7vzv5Bg,,"2026-10-09 12:32",,https://www.youtube.com/watch?v=1q9j7vzv5Bg
True,Fergie,,,youtube,SOu6b__LKUA,,"2026-10-09 12:32",,https://www.youtube.com/watch?v=SOu6b__LKUA
Adventure,Disasterpeace,,,youtube,YiJtgrUQfoY,,"2026-10-09 12:32",,https://www.youtube.com/watch?v=YiJtgrUQfoY
Memory,Disasterpeace,,,youtube,EG4UT_jvmzI,,"2026-10-09 12:32",,https://www.youtube.com/watch?v=EG4UT_jvmzI
Majesty,Disasterpeace,,,youtube,6N4NlMG2M4M,,"2026-10-09 12:32",,https://www.youtube.com/watch?v=6N4NlMG2M4M
computerpunk,"food house",,,youtube,-ZZVM6b7AYY,,"2026-10-09 12:32",,https://www.youtube.com/watch?v=-ZZVM6b7AYY
"Superfast Jellyfish - a visual accompaniment",,,,youtube,t6BPyilmanI,,"2026-10-09 12:32",,https://www.youtube.com/watch?v=t6BPyilmanI
Cartz,gum.mp3,,,youtube,21XVLpIN36g,,"2026-10-09 12:32",,https://www.youtube.com/watch?v=21XVLpIN36g
"Chloe x Halle - Do It (Official Video)",,,,youtube,a9HIaGcBocc,,"2026-10-09 12:32",,https://www.youtube.com/watch?v=a9HIaGcBocc
"Shake It Off (Hayden's Version)",,,,youtube,9ty6KCtC-xg,,"2026-10-09 12:32",,https://www.youtube.com/watch?v=9ty6KCtC-xg
宇多田ヒカル『BADモード』,,,,youtube,VJGCeAWIfEA,,"2026-10-09 12:32",,https://www.youtube.com/watch?v=VJGCeAWIfEA
"宇多田ヒカル 『初恋』",,,,youtube,FtHpWnr99OY,,"2026-10-09 12:32",,https://www.youtube.com/watch?v=FtHpWnr99OY
"I am Robot and Proud - Robot vs. Heidi",,,,youtube,89RfK8Oc7Mk,,"2026-10-09 12:32",,https://www.youtube.com/watch?v=89RfK8Oc7Mk
"Night Night OuiOui",,,,youtube,o-OgDDfhYfk,,"2026-10-09 12:32",,https://www.youtube.com/watch?v=o-OgDDfhYfk
"Oh Klahoma - Jack Stauber",,,,youtube,uvXYYFO7h0Q,,"2026-10-09 12:33",,https://www.youtube.com/watch?v=uvXYYFO7h0Q
"Jack ü - Where Are U Now (with Justin Bieber) (Kaskade Remix)",,,,youtube,BiN5Wp6TVkE,,"2026-10-09 12:33",,https://www.youtube.com/watch?v=BiN5Wp6TVkE
"Clear Bones - Jean Dawson (Official Video)",,,,youtube,YYUiCP3eMAA,,"2026-10-09 12:33",,https://www.youtube.com/watch?v=YYUiCP3eMAA
"Sweet Soul Brother","HIDEKI NAGANUMA",,,youtube,prIJapkPRDM,,"2026-10-09 12:33",,https://www.youtube.com/watch?v=prIJapkPRDM
"Sweet Soul Brother (B.B.Rights Mix)","HIDEKI NAGANUMA",,,youtube,m11b7rbM3jI,,"2026-10-09 12:33",,https://www.youtube.com/watch?v=m11b7rbM3jI
"John Butler - Better Than - Official Music Video",,,,youtube,79cG_F1GxfI,,"2026-10-09 12:33",,https://www.youtube.com/watch?v=79cG_F1GxfI
"JPEGMAFIA - 💯 (AUDIO)",,,,youtube,sUzIeTCBtjg,,"2026-10-09 12:33",,https://www.youtube.com/watch?v=sUzIeTCBtjg
"Tell Me Where To Go",JPEGMAFIA,,,youtube,z70pNzh1Ti8,,"2026-10-09 12:33",,https://www.youtube.com/watch?v=z70pNzh1Ti8
"JUNO - ""All I Want Is You""  Video",,,,youtube,20PQBtyfNZY,,"2026-10-09 12:33",,https://www.youtube.com/watch?v=20PQBtyfNZY
"Katamari Fortissimo Damacy - 12 - Que Sera Sera",,,,youtube,15NfezuqHRs,,"2026-10-09 12:33",,https://www.youtube.com/watch?v=15NfezuqHRs
"Peach - Kevin Abstract",,,,youtube,WGbLX4u6kyk,,"2026-10-09 12:33",,https://www.youtube.com/watch?v=WGbLX4u6kyk
"BTS future kids ​@CuteLife #shorts #cutelifeshorts",,,,youtube,YlzievvJYfw,,"2026-10-09 12:33",,https://www.youtube.com/watch?v=YlzievvJYfw
"Easy soap science experiment for kids! #science #experiment",,,,youtube,Alegd3R7i6w,,"2026-10-09 12:33",,https://www.youtube.com/watch?v=Alegd3R7i6w
"Broken - Kim Petras (Official Lyric Video)",,,,youtube,M7g8YY0FZfU,,"2026-10-09 12:33",,https://www.youtube.com/watch?v=M7g8YY0FZfU
"Malibu - Kim Petras (At Home Edition)",,,,youtube,oLmn8qkqzJI,,"2026-10-09 12:33",,https://www.youtube.com/watch?v=oLmn8qkqzJI
"Headphones On Your Heart - LEENI",,,,youtube,bZ7g2SnbdHw,,"2026-10-09 12:33",,https://www.youtube.com/watch?v=bZ7g2SnbdHw
"Hyrule Field - The Legend of Zelda: Ocarina of Time",,,,youtube,s3YA4-mDkPk,,"2026-10-09 12:33",,https://www.youtube.com/watch?v=s3YA4-mDkPk
"The Legend of Zelda: Ocarina of Time | Title Theme | 近藤浩治 [Koji Kondo]",,,,youtube,xY8U9byTrzI,,"2026-10-09 12:33",,https://www.youtube.com/watch?v=xY8U9byTrzI
"Legend of Zelda: Ocarina of Time OST - Zora's Domain",,,,youtube,Maw3A8zUJyM,,"2026-10-09 12:33",,https://www.youtube.com/watch?v=Maw3A8zUJyM
"The Legend of Zelda Ocarina of Time OST - Meet Zelda Again",,,,youtube,jfVu_kTqfZA,,"2026-10-09 12:33",,https://www.youtube.com/watch?v=jfVu_kTqfZA
"LEGO Trackmania Car 🏎 Speed Build",,,,youtube,s-bm4amL_O4,,"2026-10-09 12:33",,https://www.youtube.com/watch?v=s-bm4amL_O4
"LFO Summer Girls",,,,youtube,NHuGG_FsC20,,"2026-10-09 12:33",,https://www.youtube.com/watch?v=NHuGG_FsC20
Hair,"Little Mix",,,youtube,40w2W3YQ_kw,,"2026-10-09 12:33",,https://www.youtube.com/watch?v=40w2W3YQ_kw
"-M- - Superchérie",,,,youtube,xmogU10aqkA,,"2026-10-09 12:33",,https://www.youtube.com/watch?v=xmogU10aqkA
"MacGyver Theme Song",,,,youtube,UKTNWI0eYJ4,,"2026-10-09 12:33",,https://www.youtube.com/watch?v=UKTNWI0eYJ4
"Machine Gun Kelly - I Think I'm OKAY [Official Music Video]",,,,youtube,wK-8TCDrbV8,,"2026-10-09 12:33",,https://www.youtube.com/watch?v=wK-8TCDrbV8
"They Might Be Giants - Boss of me",,,,youtube,J8y8Ziwswe0,,"2026-10-09 12:33",,https://www.youtube.com/watch?v=J8y8Ziwswe0
"Bad Romance - หน้ากากโจ๊กเกอร์ | The Mask Singer 3",,,,youtube,z--k73bQS2k,,"2026-10-09 12:33",,https://www.youtube.com/watch?v=z--k73bQS2k
"Soul Makossa - Manu Dibango (Original)",,,,youtube,o0CeFX6E2yI,,"2026-10-09 12:33",,https://www.youtube.com/watch?v=o0CeFX6E2yI
"MARINA AND THE DIAMONDS - Primadonna [Benny Benassi Remix]",,,,youtube,DmWCiLz_WkA,,"2026-10-09 12:33",,https://www.youtube.com/watch?v=DmWCiLz_WkA
"Mario Kart Wii - Chain Chomp Wheel - Coin Runners",,,,youtube,7vQDYHyWYhI,,"2026-10-09 12:33",,https://www.youtube.com/watch?v=7vQDYHyWYhI
"Losing Results 2 - Mario Kart Wii",,,,youtube,ZfFo8e8zbhQ,,"2026-10-09 12:33",,https://www.youtube.com/watch?v=ZfFo8e8zbhQ
"Wi-Fi Menu - Mario Kart 8 Deluxe - No Copyright Nintendo Music",,,,youtube,FcrBX02vP8I,,"2026-10-09 12:33",,https://www.youtube.com/watch?v=FcrBX02vP8I
"C418 - Danny - Minecraft Volume Alpha",,,,youtube,SznnVAnkv3c,,"2026-10-09 12:33",,https://www.youtube.com/watch?v=SznnVAnkv3c
"C418 - Chirp (Minecraft Volume Beta)",,,,youtube,cCibTj6drhM,,"2026-10-09 12:33",,https://www.youtube.com/watch?v=cCibTj6drhM
"Floating Dream","Kumi Tanioka",,,youtube,CG7bdkACNKM,,"2026-10-09 12:33",,https://www.youtube.com/watch?v=CG7bdkACNKM
"Eine Kleine Nachtmusik - Mozart",,,,youtube,oy2zDJPIgwc,,"2026-10-09 12:33",,https://www.youtube.com/watch?v=oy2zDJPIgwc
"Mr Oizo - Hand In The Fire (feat. Charli XCX) [Official Video]",,,,youtube,Ad6SxduZfis,,"2026-10-09 12:33",,https://www.youtube.com/watch?v=Ad6SxduZfis
"Mungo Jerry  "" Knocking On Heavens Door """,,,,youtube,Go7zzjB-t1w,,"2026-10-09 12:33",,https://www.youtube.com/watch?v=Go7zzjB-t1w
"Mura Masa - Love$ick ft. A$AP Rocky || Lyrics",,,,youtube,IDXhQn6b4oQ,,"2026-10-09 12:33",,https://www.youtube.com/watch?v=IDXhQn6b4oQ
"That Kind of Girl (with lyrics) - Nadia Oh",,,,youtube,twOGqsMBCEs,,"2026-10-09 12:40",,https://www.youtube.com/watch?v=twOGqsMBCEs
"Nat King Cole - L-O-V-E (Lyric Video)",,,,youtube,f_HmF84G7ZY,,"2026-10-09 12:40",,https://www.youtube.com/watch?v=f_HmF84G7ZY
"Naturally 7 Wall of Sound",,,,youtube,z5MkNOXSdkA,,"2026-10-09 12:40",,https://www.youtube.com/watch?v=z5MkNOXSdkA
"The Office Theme Song",,,,youtube,uyIVAm9PVrI,,"2026-10-09 12:40",,https://www.youtube.com/watch?v=uyIVAm9PVrI
"Paramore: Fake Happy [OFFICIAL VIDEO]",,,,youtube,w8vsuOXZBXc,,"2026-10-09 12:40",,https://www.youtube.com/watch?v=w8vsuOXZBXc
"[4K] Avatar Land Boat Ride - Na'vi River Journey - Pandora - Animal Kingdom",,,,youtube,FciaHToIQMM,,"2026-10-09 12:40",,https://www.youtube.com/watch?v=FciaHToIQMM
"Paul Anka Diana (Official Video) HD 1080P",,,,youtube,98Q0fuBwt-g,,"2026-10-09 12:40",,https://www.youtube.com/watch?v=98Q0fuBwt-g
"[Official Music Video] Perfume 「Cosmic Treat」",,,,youtube,CwaYVpWfyq8,,"2026-10-09 12:40",,https://www.youtube.com/watch?v=CwaYVpWfyq8
"Schnappi Das Kleine Krokodil",,,,youtube,Oe3FG4EOgyU,,"2026-10-09 12:40",,https://www.youtube.com/watch?v=Oe3FG4EOgyU
"Pharrell - Frontin' (Official HD Video) ft. Jay-Z",,,,youtube,LOtkH5amC7s,,"2026-10-09 12:40",,https://www.youtube.com/watch?v=LOtkH5amC7s
"Pharrell Williams - Come Get It Bae (Official Video)",,,,youtube,UfGMj10wOzg,,"2026-10-09 12:40",,https://www.youtube.com/watch?v=UfGMj10wOzg
"P!nk - F**kin' Perfect (Official Video - Explicit)",,,,youtube,ocDlOD1Hw9k,,"2026-10-09 12:40",,https://www.youtube.com/watch?v=ocDlOD1Hw9k
"Pink Floyd - Wish You Were Here Tradução Legendado",,,,youtube,VKpNi5SenXE,,"2026-10-09 12:40",,https://www.youtube.com/watch?v=VKpNi5SenXE
"Baby Shark Dance | #babyshark Most Viewed Video | Animal Songs | PINKFONG Songs for Children",,,,youtube,XqZsoesa55w,,"2026-10-09 12:40",,https://www.youtube.com/watch?v=XqZsoesa55w
"PM Dawn - Set Adrift On Memory Bliss 1991 (Official Music Video) Remastered",,,,youtube,BtK_y1n2ERk,,"2026-10-09 12:40",,https://www.youtube.com/watch?v=BtK_y1n2ERk
"Pokemon Blue/Red - Pallet Town",,,,youtube,cOWRNLaCMJg,,"2026-10-09 12:40",,https://www.youtube.com/watch?v=cOWRNLaCMJg
"Pokemon Red - Cinnabar Mansion (Secret Key) | How to get into Cinnabar Gym",,,,youtube,x_FRTUwMfvA,,"2026-10-09 12:40",,https://www.youtube.com/watch?v=x_FRTUwMfvA
"Pokemon Red Music - Hall Of Fame",,,,youtube,5DIZ6MoMuoA,,"2026-10-09 12:40",,https://www.youtube.com/watch?v=5DIZ6MoMuoA
"Prince & The New Power Generation - Diamonds And Pearls (Official Video)",,,,youtube,hwUKR_9Xdns,,"2026-10-09 12:40",,https://www.youtube.com/watch?v=hwUKR_9Xdns
"PSY - 'Happier (feat. Crush)' MV",,,,youtube,fc3yJgfAO6o,,"2026-10-09 12:40",,https://www.youtube.com/watch?v=fc3yJgfAO6o
"QI | The Titles",,,,youtube,5l7-yYBSFT4,,"2026-10-09 12:40",,https://www.youtube.com/watch?v=5l7-yYBSFT4
"R.E.M. - It's The End Of The World",,,,youtube,Z0GFRcFm-aY,,"2026-10-09 12:40",,https://www.youtube.com/watch?v=Z0GFRcFm-aY
"Rub Some Bacon on It",,,,youtube,wSReSGe200A,,"2026-10-09 12:40",,https://www.youtube.com/watch?v=wSReSGe200A
"[Rhythm Heaven] - Munchy Monk 2 (Perfect) (English)",,,,youtube,1WxIZImJlhE,,"2026-10-09 12:40",,https://www.youtube.com/watch?v=1WxIZImJlhE
"Love Lab - Rhythm Heaven [HD WIDESCREEN]  -  Gameplay Demonstration",,,,youtube,2bh2cSPJ7vg,,"2026-10-09 12:41",,https://www.youtube.com/watch?v=2bh2cSPJ7vg
"[Rhythm Heaven] - Space Soccer (Perfect) (English)",,,,youtube,hxlsS-V5ODQ,,"2026-10-09 12:41",,https://www.youtube.com/watch?v=hxlsS-V5ODQ
"[Rhythm Heaven] - Space Soccer (Perfect) (English)",,,,youtube,hxlsS-V5ODQ,,"2026-10-09 12:41",,https://www.youtube.com/watch?v=hxlsS-V5ODQ
"Rhythmove Dungeon (Ingame) - Rhythm Heaven",,,,youtube,rHQOJmCyy-o,,"2026-10-09 12:41",,https://www.youtube.com/watch?v=rHQOJmCyy-o
"TSUNKU - TOUCH ME (Custom Remix)",,,,youtube,P8dqWQBcVB4,,"2026-10-09 12:41",,https://www.youtube.com/watch?v=P8dqWQBcVB4
"TSUNKU - TOUCH ME (Custom Remix)",,,,youtube,P8dqWQBcVB4,,"2026-10-09 12:41",,https://www.youtube.com/watch?v=P8dqWQBcVB4
"[Rhythm Heaven Fever] ~ Shrimp Shuffle (Perfect)",,,,youtube,IpJbzn_08Vo,,"2026-10-09 12:41",,https://www.youtube.com/watch?v=IpJbzn_08Vo
"Munchy Monk (Endless) - Rhythm Heaven Fever",,,,youtube,JidMbC3eIzY,,"2026-10-09 12:41",,https://www.youtube.com/watch?v=JidMbC3eIzY
"Screwbot Factory 2 - Rhythm Heaven Fever (Egyptian Trend Song)",,,,youtube,NVxD8565p0A,,"2026-10-09 12:41",,https://www.youtube.com/watch?v=NVxD8565p0A
"Richard BERRY ""Louie Louie"" (1957)",,,,youtube,z-2CKsaq5r8,,"2026-10-09 12:41",,https://www.youtube.com/watch?v=z-2CKsaq5r8
"Robin Hood (1973) title sequence",,,,youtube,xnFzPxhEFDM,,"2026-10-09 12:41",,https://www.youtube.com/watch?v=xnFzPxhEFDM
"Pop Princess 2.0",RYL0,,,youtube,5LIgK5TxJwY,,"2026-10-09 12:41",,https://www.youtube.com/watch?v=5LIgK5TxJwY
Squeez®,"Shawn Wasabi",,,youtube,d_yq7Rxxlq8,,"2026-10-09 12:41",,https://www.youtube.com/watch?v=d_yq7Rxxlq8
タイニーリトル・アジアンタム,,,,youtube,rB7XFQgJHBI,,"2026-10-09 12:41",,https://www.youtube.com/watch?v=rB7XFQgJHBI
"Welcome to Duloc | Shrek (2001) | Tune",,,,youtube,p1zQHvvgXOs,,"2026-10-09 12:41",,https://www.youtube.com/watch?v=p1zQHvvgXOs
"Skrillex & Kid Cudi - Summertime [Official Visualizer]",,,,youtube,swDMu59Pbfc,,"2026-10-09 12:41",,https://www.youtube.com/watch?v=swDMu59Pbfc
"Sonic 2 - Sky Chase Zone",,,,youtube,q7588wx0IUU,,"2026-10-09 12:41",,https://www.youtube.com/watch?v=q7588wx0IUU
"Lookin' Fresh (Ammo Knights) - DJ Lee Fish [Splatoon OST]",,,,youtube,BNrcsFSI7-o,,"2026-10-09 12:41",,https://www.youtube.com/watch?v=BNrcsFSI7-o
"Lookin' Fresh (Cooler Heads) - DJ Lee Fish [Splatoon OST]",,,,youtube,Fxyakmze0hE,,"2026-10-09 12:41",,https://www.youtube.com/watch?v=Fxyakmze0hE
"Lookin' Fresh (Jelly Fresh) - DJ Lee Fish [Splatoon OST]",,,,youtube,w4ygaco0AQ4,,"2026-10-09 12:41",,https://www.youtube.com/watch?v=w4ygaco0AQ4
"Lookin' Fresh (Shrimp Kicks) - DJ Lee Fish [Splatoon OST]",,,,youtube,WmE6Y15gYfo,,"2026-10-09 12:41",,https://www.youtube.com/watch?v=WmE6Y15gYfo
"Split & Splat (Chirpy Chips) - Splatoon OST",,,,youtube,r51Xp7qV6Io,,"2026-10-09 12:41",,https://www.youtube.com/watch?v=r51Xp7qV6Io
"Inkopolis Square | Splatoon 2 VS Splatoon 3 COMPARISON",,,,youtube,zB9zgpkeylA,,"2026-10-09 12:41",,https://www.youtube.com/watch?v=zB9zgpkeylA
"New You (Ammo Knights) - DJ Real Sole [Splatoon 2 OST]",,,,youtube,RdFAbQPegQs,,"2026-10-09 12:41",,https://www.youtube.com/watch?v=RdFAbQPegQs
"New You (Headspace) - DJ Real Sole [Splatoon 2 OST]",,,,youtube,hgAwesSJLl0,,"2026-10-09 12:41",,https://www.youtube.com/watch?v=hgAwesSJLl0
"New You (Ye Olde Cloth Shoppe) - DJ Real Sole [Splatoon 2 OST]",,,,youtube,fpzehcFKL1Y,,"2026-10-09 12:41",,https://www.youtube.com/watch?v=fpzehcFKL1Y
"New You (Shella Fresh) - DJ Real Sole [Splatoon 2 OST]",,,,youtube,ZZXONRo9sAY,,"2026-10-09 12:41",,https://www.youtube.com/watch?v=ZZXONRo9sAY
"SWITCH #139 Splatoon 2 The Shoal",,,,youtube,8IplwUlmF-g,,"2026-10-09 12:41",,https://www.youtube.com/watch?v=8IplwUlmF-g
"Seafoam Shanty (With Ending) - Splatoon 2",,,,youtube,B0POBR2zdok,,"2026-10-09 12:41",,https://www.youtube.com/watch?v=B0POBR2zdok
"Into the Light Octo Expansion Splatoon 2 Soundtrack",,,,youtube,LQrzW3Y-25g,,"2026-10-09 12:41",,https://www.youtube.com/watch?v=LQrzW3Y-25g
"Dripping With Style (Ammo Knights) - Seven Seas Crew",,,,youtube,reKSmI-iEf4,,"2026-10-09 12:41",,https://www.youtube.com/watch?v=reKSmI-iEf4
"Dripping With Style (Naut Couture) - Seven Seas Crew",,,,youtube,PtWTgMCkWZA,,"2026-10-09 12:41",,https://www.youtube.com/watch?v=PtWTgMCkWZA
"Dripping With Style (Man-O-Wardrobe) - Seven Seas Crew",,,,youtube,erOj5vLa8iE,,"2026-10-09 12:41",,https://www.youtube.com/watch?v=erOj5vLa8iE
"Dripping With Style (Crush Station) - Seven Seas Crew",,,,youtube,sBh1raRcBFM,,"2026-10-09 12:41",,https://www.youtube.com/watch?v=sBh1raRcBFM
"Dripping With Style (Hotlantis) - Seven Seas Crew",,,,youtube,RneA4yr0v1U,,"2026-10-09 12:41",,https://www.youtube.com/watch?v=RneA4yr0v1U
"Lookin’ Fresh (DJ Lee Fish) - Splatoon OST",,,,youtube,XaAOvfre6MU,,"2026-10-09 12:41",,https://www.youtube.com/watch?v=XaAOvfre6MU
"New You (Ammo Knights) - DJ Real Sole [Splatoon 2 OST]",,,,youtube,RdFAbQPegQs,,"2026-10-09 12:41",,https://www.youtube.com/watch?v=RdFAbQPegQs
"The Shoal — Splatoon 3 Soundtrack",,,,youtube,RNMY2m_4Hkw,,"2026-10-09 12:41",,https://www.youtube.com/watch?v=RNMY2m_4Hkw
"Tableturf Loss or Draw Theme - Ancho-V Games [Splatoon 3 OST]",,,,youtube,hEdNINfI_Vg,,"2026-10-09 12:41",,https://www.youtube.com/watch?v=hEdNINfI_Vg
"Spliced (intro) 2009",,,,youtube,-mQzu6E4ZEc,,"2026-10-09 12:41",,https://www.youtube.com/watch?v=-mQzu6E4ZEc
"""SpongeBob SquarePants"" Theme Song (NEW HD) | Episode Opening Credits | Nick Animation",,,,youtube,r9L4AseD-aA,,"2026-10-09 12:41",,https://www.youtube.com/watch?v=r9L4AseD-aA
"Spongebob Squarepants - Gary Come Home (Lyrics)",,,,youtube,tPNEyBbSlbg,,"2026-10-09 12:41",,https://www.youtube.com/watch?v=tPNEyBbSlbg
"Everything Goes On - Porter Robinson (Official Music Video) | Star Guardian 2022",,,,youtube,eEFVxI9lqjU,,"2026-10-09 12:41",,https://www.youtube.com/watch?v=eEFVxI9lqjU
"Eros and Apollo - Studio Killers",,,,youtube,uGjHsLnUO1U,,"2026-10-09 12:41",,https://www.youtube.com/watch?v=uGjHsLnUO1U
"ConfidentialMX – I Started A Joke ft. Becky Hanson (from Suicide Squad: The Album) [Official Audio]",,,,youtube,Td6R3TmEbcA,,"2026-10-09 12:41",,https://www.youtube.com/watch?v=Td6R3TmEbcA
"Super Mario World Title Theme",,,,youtube,kghAq1Qvafg,,"2026-10-09 12:41",,https://www.youtube.com/watch?v=kghAq1Qvafg
"Noki Bay",,,,youtube,YQizGOYmk0k,,"2026-10-09 12:41",,https://www.youtube.com/watch?v=YQizGOYmk0k
"CT INTRO PT 2",swedm®,,,youtube,MErUyPlQ15I,,"2026-10-09 12:41",,https://www.youtube.com/watch?v=MErUyPlQ15I
"Teen Jesus and the Jean Teasers - BALCONY (Official Video)",,,,youtube,kogvSIKCQHg,,"2026-10-09 12:41",,https://www.youtube.com/watch?v=kogvSIKCQHg
"Tiny Wings Soundtrack",,,,youtube,7afcpk8TV_c,,"2026-10-09 12:41",,https://www.youtube.com/watch?v=7afcpk8TV_c
"TWICE ""TT"" M/V",,,,youtube,ePpPVE-GGJw,,"2026-10-09 12:41",,https://www.youtube.com/watch?v=ePpPVE-GGJw
"Like Him","Tyler, The Creator",,,youtube,Z0CQf3JDKAY,,"2026-10-09 12:41",,https://www.youtube.com/watch?v=Z0CQf3JDKAY
6-7,,,,youtube,Y954tBZ2oQ4,,"2026-10-09 12:41",,https://www.youtube.com/watch?v=Y954tBZ2oQ4
"Dry land 2001 (feat. Knapsack)",,,,youtube,CEic2ubHPWg,,"2026-10-09 12:41",,https://www.youtube.com/watch?v=CEic2ubHPWg
"underscores 'Geez louise (with henhouse!)' Lyric Video",,,,youtube,S92yJD7HBfc,,"2026-10-09 12:42",,https://www.youtube.com/watch?v=S92yJD7HBfc
"underscores 'Seventyseven dog years' Lyric Video",,,,youtube,CAcFzU3cPXY,,"2026-10-09 12:42",,https://www.youtube.com/watch?v=CAcFzU3cPXY
"Turning Japanese [Official video] - The Vapors (HD/HQ)",,,,youtube,nGy9uomagO4,,"2026-10-09 12:42",,https://www.youtube.com/watch?v=nGy9uomagO4
"CRUEL (OFFICIAL AUDIO)",,,,youtube,f04NR7afX8U,,"2026-10-09 12:42",,https://www.youtube.com/watch?v=f04NR7afX8U
"Wienners『GOD SAVE THE MUSIC』Music Video (Animated by Speedoru)",,,,youtube,dGXuzzj8y-w,,"2026-10-09 12:42",,https://www.youtube.com/watch?v=dGXuzzj8y-w
"Wii Menu Music",,,,youtube,5-E_0uhPzaE,,"2026-10-09 12:42",,https://www.youtube.com/watch?v=5-E_0uhPzaE
"Wii Play - Main Theme",,,,youtube,PbYoMpwHq5c,,"2026-10-09 12:42",,https://www.youtube.com/watch?v=PbYoMpwHq5c
"Wii Play OST - Find Mii - Countdown",,,,youtube,zrUc_g_W1Dg,,"2026-10-09 12:42",,https://www.youtube.com/watch?v=zrUc_g_W1Dg
"Table Tennis: Good Ending - Wii Play",,,,youtube,3jaMKFoV9Uk,,"2026-10-09 12:42",,https://www.youtube.com/watch?v=3jaMKFoV9Uk
"Wii Shop Channel Main Theme (HQ)",,,,youtube,yyjUmv1gJEg,,"2026-10-09 12:42",,https://www.youtube.com/watch?v=yyjUmv1gJEg
"How To Play Wii Tennis",,,,youtube,06d28Mf6KTs,,"2026-10-09 12:42",,https://www.youtube.com/watch?v=06d28Mf6KTs
"Yakuza 0- Karaoke: Bakamitai (Kiryu)",,,,youtube,MJbE3uWN9vE,,"2026-10-09 12:42",,https://www.youtube.com/watch?v=MJbE3uWN9vE
"Yoshi's Island OST - Flower Garden",,,,youtube,DTpksvCC-hg,,"2026-10-09 12:42",,https://www.youtube.com/watch?v=DTpksvCC-hg
"Yung Lean - Violence + Pikachu (Official Video)",,,,youtube,VamfnrmmAow,,"2026-10-09 12:42",,https://www.youtube.com/watch?v=VamfnrmmAow
hinged,Release,,,youtube,-C9-AefEtmk,,"2026-10-09 12:42",,https://www.youtube.com/watch?v=-C9-AefEtmk
"Memories Of Tokyo-To - 15 - Tag Walls, Punch Fascists [OFFICIAL]",,,,youtube,ETe9TI2i70k,,"2026-10-09 12:42",,https://www.youtube.com/watch?v=ETe9TI2i70k
"Memories Of Tokyo-To - 16 - BIG BEAST [OFFICIAL]",,,,youtube,SW-fPm7bpUo,,"2026-10-09 12:42",,https://www.youtube.com/watch?v=SW-fPm7bpUo
"Me So Horny",,,,youtube,yy6K3mNi4i4,,"2026-10-09 12:42",,https://www.youtube.com/watch?v=yy6K3mNi4i4
"Hello (feat. Jae Soto)",,,,youtube,YLIqYiQGSJM,,"2026-10-09 12:42",,https://www.youtube.com/watch?v=YLIqYiQGSJM
"Akon - Smack That (Official Music Video) ft. Eminem",,,,youtube,bKDdT_nyP54,,"2026-10-09 12:42",,https://www.youtube.com/watch?v=bKDdT_nyP54
"Amyl and The Sniffers ""Chewing Gum"" (Official Music Video)",,,,youtube,DxOMGj8P2hY,,"2026-10-09 12:42",,https://www.youtube.com/watch?v=DxOMGj8P2hY
"Art vs Science // PARLEZ-VOUS FRANCAIS? (Official Video)",,,,youtube,XRZ-jLOrFfk,,"2026-10-09 12:42",,https://www.youtube.com/watch?v=XRZ-jLOrFfk
"Ashnikko - Cry (feat. Grimes) [Official Music Video]",,,,youtube,pssWSj42t8M,,"2026-10-09 12:42",,https://www.youtube.com/watch?v=pssWSj42t8M
"Fabricated Rhythm (1987)",,,,youtube,kKTBttLjxVU,,"2026-10-09 12:42",,https://www.youtube.com/watch?v=kKTBttLjxVU
"Until Daylight Comes","The Avalanches",,,youtube,Ep1x_F3yfVU,,"2026-10-09 12:42",,https://www.youtube.com/watch?v=Ep1x_F3yfVU
"Avicii 'Levels' Skrillex Remix [FULL]",,,,youtube,MITA4FhVjDc,,"2026-10-09 12:42",,https://www.youtube.com/watch?v=MITA4FhVjDc
"Avril Lavigne - Nobody's Home (Official Video)",,,,youtube,NGFSNE18Ywc,,"2026-10-09 12:42",,https://www.youtube.com/watch?v=NGFSNE18Ywc
"BABYMETAL x @ElectricCallboy - RATATATA (OFFICIAL VIDEO)",,,,youtube,EDnIEWyVIlE,,"2026-10-09 12:42",,https://www.youtube.com/watch?v=EDnIEWyVIlE
"Basement Jaxx - Where's Your Head At (Official Video)",,,,youtube,5rAOyh7YmEc,,"2026-10-09 12:42",,https://www.youtube.com/watch?v=5rAOyh7YmEc
"Right Here's The Spot","Basement Jaxx",,,youtube,Z-4otcERYf0,,"2026-10-09 12:42",,https://www.youtube.com/watch?v=Z-4otcERYf0
"Bedrock - Emerald (Greyarea Mix)",,,,youtube,TVtukL9XjH0,,"2026-10-09 12:42",,https://www.youtube.com/watch?v=TVtukL9XjH0
"Mario Screaming (Bejalvin's 2011 Dubstep Mix)",Release,,,youtube,Yig6CmCrAB4,,"2026-10-09 12:42",,https://www.youtube.com/watch?v=Yig6CmCrAB4
"Beyoncé - Drunk in Love (Explicit) ft. JAY Z",,,,youtube,p1JPKLa-Ofc,,"2026-10-09 12:42",,https://www.youtube.com/watch?v=p1JPKLa-Ofc
"BICEP | VALE",,,,youtube,x01uHnALSmo,,"2026-10-09 12:42",,https://www.youtube.com/watch?v=x01uHnALSmo
"Piraka Rap",,,,youtube,K1CTPC02n0c,,"2026-10-09 12:42",,https://www.youtube.com/watch?v=K1CTPC02n0c
"björk: declare Independence",,,,youtube,4P5xSntVWQE,,"2026-10-09 12:42",,https://www.youtube.com/watch?v=4P5xSntVWQE
"björk: mouth mantra",,,,youtube,iIhLCXmrCm8,,"2026-10-09 12:42",,https://www.youtube.com/watch?v=iIhLCXmrCm8
"Release - Saul Williams & Blackalicious",,,,youtube,nwwWbL2Ifq0,,"2026-10-09 12:42",,https://www.youtube.com/watch?v=nwwWbL2Ifq0
"Bomb Rush Cyberfunk OST - Feel The Funk (Computer Love)",,,,youtube,BCx_mU6v-dk,,"2026-10-09 12:42",,https://www.youtube.com/watch?v=BCx_mU6v-dk
Operator,GRRL,,,youtube,spGL4lZue10,,"2026-10-09 12:42",,https://www.youtube.com/watch?v=spGL4lZue10
"Bomb Rush Cyberfunk OST - Last Hoorah",,,,youtube,wbYucmvsUSk,,"2026-10-09 12:42",,https://www.youtube.com/watch?v=wbYucmvsUSk
"Bomb Rush Cyberfunk OST - hwbouths",,,,youtube,zesB_cWRndw,,"2026-10-09 12:42",,https://www.youtube.com/watch?v=zesB_cWRndw
War,"Boys Noize",,,youtube,Bv8rUWsaGkg,,"2026-10-09 12:42",,https://www.youtube.com/watch?v=Bv8rUWsaGkg
"SUGAR - BROCKHAMPTON",,,,youtube,sZd-t5-I5uA,,"2026-10-09 12:42",,https://www.youtube.com/watch?v=sZd-t5-I5uA
"THE LIGHT PT. II - BROCKHAMPTON",,,,youtube,-iNVyAgLH_M,,"2026-10-09 12:42",,https://www.youtube.com/watch?v=-iNVyAgLH_M
"(official) ""CUM"" remix ft. SOPHIE",,,,youtube,NvsvBL7b8Dg,,"2026-10-09 12:42",,https://www.youtube.com/watch?v=NvsvBL7b8Dg
"BUSY P - To Protect and Entertain (feat. Murs) [Official Audio]",,,,youtube,C20aVTLJ8o8,,"2026-10-09 12:42",,https://www.youtube.com/watch?v=C20aVTLJ8o8
"Cassius Cassius 99 (Remix / Long Version) 1999 House",,,,youtube,wMTt13lbBQE,,"2026-10-09 12:42",,https://www.youtube.com/watch?v=wMTt13lbBQE
"#SELFIE (Official Music Video) - The Chainsmokers",,,,youtube,kdemFfbS5H0,,"2026-10-09 12:42",,https://www.youtube.com/watch?v=kdemFfbS5H0
"The Chainsmokers - Closer (Official Video) ft. Halsey",,,,youtube,0zGcUoRlhmw,,"2026-10-09 12:42",,https://www.youtube.com/watch?v=0zGcUoRlhmw
"Far East Movement - Like A G6 ft. The Cataracs, DEV",,,,youtube,w4s6H4ku6ZY,,"2026-10-09 12:42",,https://www.youtube.com/watch?v=w4s6H4ku6ZY
"Charli XCX - Make U Mine",,,,youtube,8zfOsQxQ1qA,,"2026-10-09 12:42",,https://www.youtube.com/watch?v=8zfOsQxQ1qA
"Christina Aguilera - Keeps Gettin' Better (Official Video)",,,,youtube,gkPxgUshpec,,"2026-10-09 12:43",,https://www.youtube.com/watch?v=gkPxgUshpec
"CKay - Love Nwantiti",,,,youtube,RY3B_XXmTYU,,"2026-10-09 12:43",,https://www.youtube.com/watch?v=RY3B_XXmTYU
"Clarence Clarity - Naysayer Godslayer",,,,youtube,4Y9oPn4opwM,,"2026-10-09 12:43",,https://www.youtube.com/watch?v=4Y9oPn4opwM
"DEAFENING RED","Clarence Clarity",,,youtube,nMtonrwbTkk,,"2026-10-09 12:43",,https://www.youtube.com/watch?v=nMtonrwbTkk
"Mugen: That Jerma Battle (Jerma vs the Candymen)",,,,youtube,0GLPesFUlzE,,"2026-10-09 12:43",,https://www.youtube.com/watch?v=0GLPesFUlzE
"Curve- falling free  (aphex twin remix)",,,,youtube,GKwoghK6B1U,,"2026-10-09 12:43",,https://www.youtube.com/watch?v=GKwoghK6B1U
"To Hell and Back","P.T. Adamczyk",,,youtube,Dis5OJu1kXc,,"2026-10-09 12:43",,https://www.youtube.com/watch?v=Dis5OJu1kXc
"Lick Switch - Midnight Eye (Cyberpunk 2077 88.9 Pacific Dreams)",,,,youtube,iR2ylVq1un4,,"2026-10-09 12:43",,https://www.youtube.com/watch?v=iR2ylVq1un4
"Dread Soul - The Accursed | Performed by Antre | Cyberpunk 2077 OST",,,,youtube,WQcsuMLk7aA,,"2026-10-09 12:43",,https://www.youtube.com/watch?v=WQcsuMLk7aA
"Talk to Us - Miami Suicide (Cyberpunk 2077 88.9 Pacific Dreams)",,,,youtube,bpmeZHB8-Vg,,"2026-10-09 12:43",,https://www.youtube.com/watch?v=bpmeZHB8-Vg
"Generating Dependencies - Me Machine (Cyberpunk 2077 92.9 Night FM)",,,,youtube,yp3lAniL9h4,,"2026-10-09 12:43",,https://www.youtube.com/watch?v=yp3lAniL9h4
"CYBERPUNK 2077 SOUNDTRACK - SUBVERT by Rhys Fulber & Spoon Eater (Official Video)",,,,youtube,uGqLn_7sf-0,,"2026-10-09 12:43",,https://www.youtube.com/watch?v=uGqLn_7sf-0
"Bullet in the Head - CANNIBALISMUS (Cyberpunk 2077 103.5 Radio Pebkac)",,,,youtube,dUFU79aDwqU,,"2026-10-09 12:43",,https://www.youtube.com/watch?v=dUFU79aDwqU
"CYBERPUNK 2077 SOUNDTRACK - MUÉVELO (Cumbia) by David Rolas & Papito Gringo (Official Video)",,,,youtube,d7kn2wVn2fk,,"2026-10-09 12:43",,https://www.youtube.com/watch?v=d7kn2wVn2fk
"ESAI & Pure 100% - Nebula (Cyberpunk 2077 89.7 Growl FM)",,,,youtube,ZrPYDX_Ksus,,"2026-10-09 12:43",,https://www.youtube.com/watch?v=ZrPYDX_Ksus
"BLACK LABYRINTH - 99.9 Impulse Radio",,,,youtube,lbFrK5xPsCw,,"2026-10-09 12:43",,https://www.youtube.com/watch?v=lbFrK5xPsCw
"Private Press - Feed Your Soul (DJ Idris Elba Set)",,,,youtube,H8T9pW4Ea4s,,"2026-10-09 12:43",,https://www.youtube.com/watch?v=H8T9pW4Ea4s
"Cyberpunk 2077 - Impulse Radio 99.9 - The Private Press - GEEEEEEHOUSE",,,,youtube,9_sfsLOanHk,,"2026-10-09 12:43",,https://www.youtube.com/watch?v=9_sfsLOanHk
"27.F*CKDEMONS - Pierwszy raz naprawdę (prod. Kubi Producent) #Cyberpunk2077",,,,youtube,K01-hbBelEs,,"2026-10-09 12:43",,https://www.youtube.com/watch?v=K01-hbBelEs
"DaBaby - JUMP ft. YoungBoy Never Broke Again",,,,youtube,xjmC4lSk-2U,,"2026-10-09 12:43",,https://www.youtube.com/watch?v=xjmC4lSk-2U
"Long Live Party Rock (Lyric) - Dainjazone x Redfoo",,,,youtube,JzIEOlNUYDE,,"2026-10-09 12:43",,https://www.youtube.com/watch?v=JzIEOlNUYDE
"Splendora - You're Standing On My Neck",,,,youtube,Yu_Rxqtq3ng,,"2026-10-09 12:43",,https://www.youtube.com/watch?v=Yu_Rxqtq3ng
"deadmau5 ""Lack of a Better Name""",,,,youtube,cd80P2CluF0,,"2026-10-09 12:43",,https://www.youtube.com/watch?v=cd80P2CluF0
"Checker Dance","Toby Fox",,,youtube,j54JPLQWdyQ,,"2026-10-09 12:43",,https://www.youtube.com/watch?v=j54JPLQWdyQ
"Desiigner- Outlet (Official Music Video)",,,,youtube,WaXWyYBGjaA,,"2026-10-09 12:43",,https://www.youtube.com/watch?v=WaXWyYBGjaA
"Aphex Twin - Ageispolis",,,,youtube,SfdPkM_VDVQ,,"2026-10-09 12:43",,https://www.youtube.com/watch?v=SfdPkM_VDVQ
"DIE ANTWOORD IS DEAD (LYRIC VIDEO)",,,,youtube,OU3j5fo2fqk,,"2026-10-09 12:43",,https://www.youtube.com/watch?v=OU3j5fo2fqk
"Disclosure - White Noise ft. AlunaGeorge",,,,youtube,bkk2H3Ztrfk,,"2026-10-09 12:43",,https://www.youtube.com/watch?v=bkk2H3Ztrfk
"MIDDLE FINGER Pt. 2 (MILLIONS LIKE US REMIX) [AUDIO]",,,,youtube,O4b5_sO8Cac,,"2026-10-09 12:43",,https://www.youtube.com/watch?v=O4b5_sO8Cac
"Drake - Jimmy Cooks (Audio) ft. 21 Savage",,,,youtube,V7UgPHjN9qE,,"2026-10-09 12:43",,https://www.youtube.com/watch?v=V7UgPHjN9qE
"Drake - Slime You Out ft SZA (Music Video)",,,,youtube,V9Q7k9FbHgM,,"2026-10-09 12:43",,https://www.youtube.com/watch?v=V9Q7k9FbHgM
"THE HEART PART 6 - DRAKE",,,,youtube,HJeY-FXidDQ,,"2026-10-09 12:43",,https://www.youtube.com/watch?v=HJeY-FXidDQ
"Elliphant - Spoon Me (Official Video) ft. Skrillex",,,,youtube,Q26b4AK9Hhk,,"2026-10-09 12:43",,https://www.youtube.com/watch?v=Q26b4AK9Hhk
"ERIC B. & RAKIM. ""Paid In Full"" (seven minutes of madness-the Coldcut remix).1988. vinyl 12"".",,,,youtube,IX9FXinBkbg,,"2026-10-09 12:43",,https://www.youtube.com/watch?v=IX9FXinBkbg
"credit card knife","food house",,,youtube,mpYbMbcv5gc,,"2026-10-09 12:43",,https://www.youtube.com/watch?v=mpYbMbcv5gc
"Fortnite Default Dance Greenscreen",,,,youtube,6dck03SrEmM,,"2026-10-09 12:43",,https://www.youtube.com/watch?v=6dck03SrEmM
"Fortnite - Lobby Track - Default Vibe",,,,youtube,rM3W0RQseQQ,,"2026-10-09 12:43",,https://www.youtube.com/watch?v=rM3W0RQseQQ
"Spookeez - Friday Night Funkin' OST",,,,youtube,EiNwUpco4OI,,"2026-10-09 12:43",,https://www.youtube.com/watch?v=EiNwUpco4OI
"Get Smart (Intro) S3 (1967)",,,,youtube,o2ObCoCm61s,,"2026-10-09 12:43",,https://www.youtube.com/watch?v=o2ObCoCm61s
"977owo - TONGUE (HARDSTYLE REMIX)",,,,youtube,ZerNE32H3ZM,,"2026-10-09 12:43",,https://www.youtube.com/watch?v=ZerNE32H3ZM
"WHEN YOU ACCIDENTALLY BITE YOUR CHEEK",,,,youtube,wVlt3NRyGaI,,"2026-10-09 12:43",,https://www.youtube.com/watch?v=wVlt3NRyGaI
"Let Me Go ft. Florida Georgia Line, WATT (Official Video)",,,,youtube,BQ_0QLL2gqI,,"2026-10-09 12:43",,https://www.youtube.com/watch?v=BQ_0QLL2gqI
"HEALTH :: STONEFIST :: MUSIC VIDEO",,,,youtube,G1qvEr9bC6c,,"2026-10-09 12:43",,https://www.youtube.com/watch?v=G1qvEr9bC6c
"宇多田ヒカル - Automatic",,,,youtube,-9DxpPiE458,,"2026-10-09 12:43",,https://www.youtube.com/watch?v=-9DxpPiE458
"Kibunja Naino (Not In The Mood)",Utada,,,youtube,uctD_1SKqtM,,"2026-10-09 12:43",,https://www.youtube.com/watch?v=uctD_1SKqtM
PS2_-_GROUNDBROKEN_FINAL_131.00B.P.M.,,,,youtube,yN_3sDF7TOg,,"2026-10-09 12:43",,https://www.youtube.com/watch?v=yN_3sDF7TOg
"J Dilla- Body Movin",,,,youtube,Rhw8h1_62hI,,"2026-10-09 12:43",,https://www.youtube.com/watch?v=Rhw8h1_62hI
"Jack Ü - Take Ü There (feat. Kiesza) [AWE Remix]",,,,youtube,ffTG_X2NMVM,,"2026-10-09 12:43",,https://www.youtube.com/watch?v=ffTG_X2NMVM
"Rainbow Friends Backrooms #Shorts",,,,youtube,OL7tszoqCL4,,"2026-10-09 12:43",,https://www.youtube.com/watch?v=OL7tszoqCL4
Supernova,"Jane Remover",,,youtube,I4UVTyY1g54,,"2026-10-09 12:43",,https://www.youtube.com/watch?v=I4UVTyY1g54
Threat,JAŸ-Z,,,youtube,_ar8k74ZAoo,,"2026-10-09 12:43",,https://www.youtube.com/watch?v=_ar8k74ZAoo
"Shape Da Future","HIDEKI NAGANUMA",,,youtube,3OX0Q1WscKo,,"2026-10-09 12:43",,https://www.youtube.com/watch?v=3OX0Q1WscKo
"Richard Jacques - What About the Future",,,,youtube,vbq39EE0J78,,"2026-10-09 12:43",,https://www.youtube.com/watch?v=vbq39EE0J78
"John Butler - Used To Get High - Official Music Video",,,,youtube,yI0_w9aV8G0,,"2026-10-09 12:44",,https://www.youtube.com/watch?v=yI0_w9aV8G0
"JoJo's Bizarre Adventure OST - Pillar Men Theme『Awaken』",,,,youtube,lRrOLTHu-ew,,"2026-10-09 12:44",,https://www.youtube.com/watch?v=lRrOLTHu-ew
ダイヤモンドは砕けない～メインテーマ～,"Yugo Kanno",,,youtube,pqDqIMUo2OU,,"2026-10-09 12:44",,https://www.youtube.com/watch?v=pqDqIMUo2OU
"JPEGMAFIA - 🔥 (AUDIO)",,,,youtube,_eejOcpMNsE,,"2026-10-09 12:44",,https://www.youtube.com/watch?v=_eejOcpMNsE
"PROTECT THE CROSS",JPEGMAFIA,,,youtube,T7Qv4_PrV30,,"2026-10-09 12:44",,https://www.youtube.com/watch?v=T7Qv4_PrV30
"Juice WRLD - Bandit ft. NBA Youngboy (Official Music Video)",,,,youtube,Sw5fNI400E4,,"2026-10-09 12:44",,https://www.youtube.com/watch?v=Sw5fNI400E4
"Blame Game","Kanye West",,,youtube,6mp72xUirfs,,"2026-10-09 12:44",,https://www.youtube.com/watch?v=6mp72xUirfs
"LOUIE BAGS",DONDA,,,youtube,9pW61vAV6Co,,"2026-10-09 12:44",,https://www.youtube.com/watch?v=9pW61vAV6Co
"Gad Saad: Ye’s Hitler song is free speech",,,,youtube,VgqRNuEAUNw,,"2026-10-09 12:44",,https://www.youtube.com/watch?v=VgqRNuEAUNw
"Kaskade - Move For Me (HQ)",,,,youtube,atFTgQOF-cU,,"2026-10-09 12:44",,https://www.youtube.com/watch?v=atFTgQOF-cU
"Katy Perry - E.T. ft. Kanye West (Official Music Video)",,,,youtube,t5Sd5c4o9UM,,"2026-10-09 12:44",,https://www.youtube.com/watch?v=t5Sd5c4o9UM
"Katy Perry - E.T. ft. Kanye West (Official Music Video)",,,,youtube,t5Sd5c4o9UM,,"2026-10-09 12:44",,https://www.youtube.com/watch?v=t5Sd5c4o9UM
"Kesha - cannibal remix (Tiktok Version)",,,,youtube,pbhgSSG2oy0,,"2026-10-09 12:44",,https://www.youtube.com/watch?v=pbhgSSG2oy0
"Kavinsky - Testarossa (SebastiAn Remix) (Official Audio)",,,,youtube,PuFBmKAR07U,,"2026-10-09 12:44",,https://www.youtube.com/watch?v=PuFBmKAR07U
"KAYTRANADA - Snap My Finger (Visualizer) ft. PinkPantheress",,,,youtube,vAOzFvVz718,,"2026-10-09 12:44",,https://www.youtube.com/watch?v=vAOzFvVz718
"Mortal Man without Interview",,,,youtube,PNOeAYkwQF8,,"2026-10-09 12:44",,https://www.youtube.com/watch?v=PNOeAYkwQF8
"squabble up",,,,youtube,fuV4yQWdn_4,,"2026-10-09 12:44",,https://www.youtube.com/watch?v=fuV4yQWdn_4
"Close Your Eyes - Kim Petras (Official Audio)",,,,youtube,YslddHq0ins,,"2026-10-09 12:44",,https://www.youtube.com/watch?v=YslddHq0ins
"Korn - Get Up! ft. Skrillex [OFFICIAL VIDEO]",,,,youtube,rZSh9zKeI-s,,"2026-10-09 12:44",,https://www.youtube.com/watch?v=rZSh9zKeI-s
"Kylie Minogue B.P.M ★Beats Per Minute★",,,,youtube,-sweACzI3RY,,"2026-10-09 12:44",,https://www.youtube.com/watch?v=-sweACzI3RY
"Lady Gaga - Telephone ft. Beyoncé (Breakdown Remix) [Prod. by Cits93]",,,,youtube,3d4ksRS7p6o,,"2026-10-09 12:44",,https://www.youtube.com/watch?v=3d4ksRS7p6o
"Lady Gaga - Telephone ft. Beyoncé (Breakdown Remix) [Prod. by Cits93]",,,,youtube,3d4ksRS7p6o,,"2026-10-09 12:44",,https://www.youtube.com/watch?v=3d4ksRS7p6o
"Lady Gaga - Telephone (feat. Beyonce) [Kaskade Radio Mix)",,,,youtube,fgJle7ArEQk,,"2026-10-09 12:44",,https://www.youtube.com/watch?v=fgJle7ArEQk
"Lady Gaga - Telephone ft. Beyoncé (Breakdown Remix) [Prod. by Cits93]",,,,youtube,3d4ksRS7p6o,,"2026-10-09 12:44",,https://www.youtube.com/watch?v=3d4ksRS7p6o
"Lazy Town | We are Number One Music Video Videos For Kids",,,,youtube,PfYnvDL0Qcw,,"2026-10-09 12:44",,https://www.youtube.com/watch?v=PfYnvDL0Qcw
"LCD Soundsystem - Yeah (Crass remix)",,,,youtube,pJseqQNQ_zA,,"2026-10-09 12:44",,https://www.youtube.com/watch?v=pJseqQNQ_zA
"Klaus Veen - Ordinary Days V2",,,,youtube,rpGIXmaQ2Ak,,"2026-10-09 12:44",,https://www.youtube.com/watch?v=rpGIXmaQ2Ak
"Session - Linkin Park (Meteora)",,,,youtube,J1KqQYsUYIk,,"2026-10-09 12:44",,https://www.youtube.com/watch?v=J1KqQYsUYIk
"Woman Like Me","Little Mix",,,youtube,nhaqUDFfczs,,"2026-10-09 12:44",,https://www.youtube.com/watch?v=nhaqUDFfczs
"Logic - Homicide (Lyrics) ft. Eminem",,,,youtube,4wXGT7pxIxU,,"2026-10-09 12:44",,https://www.youtube.com/watch?v=4wXGT7pxIxU
"Jack Sparrow (feat. Michael Bolton)",,,,youtube,GI6CfKcMhjY,,"2026-10-09 12:44",,https://www.youtube.com/watch?v=GI6CfKcMhjY
"The Creep (feat. Nicki Minaj & John Waters)",,,,youtube,tLPZmPaHme0,,"2026-10-09 12:44",,https://www.youtube.com/watch?v=tLPZmPaHme0
"Boombox (ft. Julian Casablancas)",,,,youtube,8yvEYKRF5IA,,"2026-10-09 12:44",,https://www.youtube.com/watch?v=8yvEYKRF5IA
"Waited So Long",Release,,,youtube,A4SJcMVyGbA,,"2026-10-09 12:44",,https://www.youtube.com/watch?v=A4SJcMVyGbA
"うずまき-machine girl 　和訳　lyrics 字幕付き",,,,youtube,Q9c0rLOYFyg,,"2026-10-09 12:44",,https://www.youtube.com/watch?v=Q9c0rLOYFyg
"MACKLEMORE & RYAN LEWIS - DOWNTOWN (OFFICIAL MUSIC VIDEO)",,,,youtube,JGhoLcsr8GA,,"2026-10-09 12:44",,https://www.youtube.com/watch?v=JGhoLcsr8GA
"Madonna - Frozen (Official Video) [HD]",,,,youtube,XS088Opj9o0,,"2026-10-09 12:44",,https://www.youtube.com/watch?v=XS088Opj9o0
"Madonna - Frozen (Official Video) [HD]",,,,youtube,XS088Opj9o0,,"2026-10-09 12:44",,https://www.youtube.com/watch?v=XS088Opj9o0
"Proper Squeaky Tune",Release,,,youtube,wUliJuu-DUo,,"2026-10-09 12:44",,https://www.youtube.com/watch?v=wUliJuu-DUo
"""Mastermind"" // ORIGINAL SONG from HELLUVA BOSS - MASTERMIND // S2: Episode 11",,,,youtube,TJavG4RiE5M,,"2026-10-09 12:44",,https://www.youtube.com/watch?v=TJavG4RiE5M
"Thot Shit (Dvnots Remix)",,,,youtube,IaqL81pLVAE,,"2026-10-09 12:44",,https://www.youtube.com/watch?v=IaqL81pLVAE
"Melleefresh vs deadmau5 / Afterhours [OFFICIAL]",,,,youtube,qic9R5Z61OE,,"2026-10-09 12:44",,https://www.youtube.com/watch?v=qic9R5Z61OE
"Melleefresh vs deadmau5 / Sex Slave (Original Mix)",,,,youtube,I2nW2KOTPTQ,,"2026-10-09 12:44",,https://www.youtube.com/watch?v=I2nW2KOTPTQ
"M.I.A. - Hussel ft. Afrikan boy w/ lyrics",,,,youtube,JamBH9uQT9s,,"2026-10-09 12:44",,https://www.youtube.com/watch?v=JamBH9uQT9s
TEQKILLA,M.I.A.,,,youtube,QbznE2bpX_0,,"2026-10-09 12:44",,https://www.youtube.com/watch?v=QbznE2bpX_0
LOVALOT,M.I.A.,,,youtube,eat3FB5-0hA,,"2026-10-09 12:44",,https://www.youtube.com/watch?v=eat3FB5-0hA
"M.I.A. - Meds And Feds (LYRICS)",,,,youtube,VfjZ8191IPM,,"2026-10-09 12:44",,https://www.youtube.com/watch?v=VfjZ8191IPM
"M.I.A. - Borders",,,,youtube,r-Nw7HbaeWY,,"2026-10-09 12:44",,https://www.youtube.com/watch?v=r-Nw7HbaeWY
"On & On","Missy ""Misdemeanor"" Elliott",,,youtube,LSaBPq3n1K8,,"2026-10-09 12:44",,https://www.youtube.com/watch?v=LSaBPq3n1K8
"MØ - On & On (Official Audio)",,,,youtube,hkRX_wqdFvo,,"2026-10-09 12:44",,https://www.youtube.com/watch?v=hkRX_wqdFvo
"Moneybagg Yo - WHISKEY WHISKEY [feat. Morgan Wallen] (Official Audio)",,,,youtube,kJamyq0WplE,,"2026-10-09 12:44",,https://www.youtube.com/watch?v=kJamyq0WplE
"Mood Killer - Strap On (feat Pussy Riot) / Strap Off (feat fantasyluv) / Strappado [Official Video]",,,,youtube,J4K-bMwk7PY,,"2026-10-09 12:44",,https://www.youtube.com/watch?v=J4K-bMwk7PY
"M.O.P. - Ante Up (Dirty) [HD] w/ Lyrics",,,,youtube,3MUGAxpI0Bc,,"2026-10-09 12:44",,https://www.youtube.com/watch?v=3MUGAxpI0Bc
"ADD TO CART - MOWALOLA",,,,youtube,_-xi6K5c8TE,,"2026-10-09 12:45",,https://www.youtube.com/watch?v=_-xi6K5c8TE
"MSTRKRFT - Click Click feat E-40",,,,youtube,FOfoJTN-WlI,,"2026-10-09 12:45",,https://www.youtube.com/watch?v=FOfoJTN-WlI
"Nâdiya - Tous ces mots (Clip officiel) ft. Smartzee",,,,youtube,vJ3jybbjAEM,,"2026-10-09 12:45",,https://www.youtube.com/watch?v=vJ3jybbjAEM
"N.E.R.D - Breakout",,,,youtube,v4lxOghI72Y,,"2026-10-09 12:45",,https://www.youtube.com/watch?v=v4lxOghI72Y
"N.E.R.D. - Waiting For You",,,,youtube,Ahg47yEb4Wk,,"2026-10-09 12:45",,https://www.youtube.com/watch?v=Ahg47yEb4Wk
"spaz by n.e.r.d",,,,youtube,422uyntKIqo,,"2026-10-09 12:45",,https://www.youtube.com/watch?v=422uyntKIqo
"N.E.R.D. - Hot-n-Fun (Official Music Video) ft. Nelly Furtado",,,,youtube,F6ZfA5QZDHY,,"2026-10-09 12:45",,https://www.youtube.com/watch?v=F6ZfA5QZDHY
"N.E.R.D. - Hot-n-Fun (Starsmith Remix) ft. Nelly Furtado",,,,youtube,YtV5wK2b6u4,,"2026-10-09 12:45",,https://www.youtube.com/watch?v=YtV5wK2b6u4
"N.E.R.D. - Hot-n-Fun (BoysNoize Remix) ft. Nelly Furtado",,,,youtube,wluoV6NyFmw,,"2026-10-09 12:45",,https://www.youtube.com/watch?v=wluoV6NyFmw
"Hot-n-Fun (Nero Remix)",N.E.R.D.,,,youtube,ktfo5M1PKq8,,"2026-10-09 12:45",,https://www.youtube.com/watch?v=ktfo5M1PKq8
"Hot-n-Fun (Wideboys Club Remix)",N.E.R.D.,,,youtube,AdrfwjYBptc,,"2026-10-09 12:45",,https://www.youtube.com/watch?v=AdrfwjYBptc
"Hot-n-Fun (Hot Chip Remix)",N.E.R.D.,,,youtube,gnV4LeJ2NAc,,"2026-10-09 12:45",,https://www.youtube.com/watch?v=gnV4LeJ2NAc
"Growler Record - Nintendogs",,,,youtube,aO_27mQbvEM,,"2026-10-09 12:45",,https://www.youtube.com/watch?v=aO_27mQbvEM
"One T + Cool T The magic key (Official Music Video)",,,,youtube,TQV-0fwwCQM,,"2026-10-09 12:45",,https://www.youtube.com/watch?v=TQV-0fwwCQM
"Opto File 1",Opto,,,youtube,_pbzinynLc8,,"2026-10-09 12:45",,https://www.youtube.com/watch?v=_pbzinynLc8
"Overmono - Gem Lingo (ovr now) (ft. Ruthven) [Audio]",,,,youtube,fbE4wBKgEmY,,"2026-10-09 12:45",,https://www.youtube.com/watch?v=fbE4wBKgEmY
"Flash Pose (Weber Remix) (Amazon Original)","Pabllo Vittar",,,youtube,_2oJFfo4GpA,,"2026-10-09 12:45",,https://www.youtube.com/watch?v=_2oJFfo4GpA
"Paramore: Misery Business [OFFICIAL VIDEO]",,,,youtube,aCyGvGEtOwc,,"2026-10-09 12:45",,https://www.youtube.com/watch?v=aCyGvGEtOwc
"Perfume - edge [⊿-mix] (1080p Live, Subtitled, 2010)",,,,youtube,L7GxbcNLMfw,,"2026-10-09 12:45",,https://www.youtube.com/watch?v=L7GxbcNLMfw
"Life Will Change",Lyn,,,youtube,dsuJZx24V_A,,"2026-10-09 12:45",,https://www.youtube.com/watch?v=dsuJZx24V_A
"Best Friend",Pharrell,,,youtube,WBGMbcahGb0,,"2026-10-09 12:45",,https://www.youtube.com/watch?v=WBGMbcahGb0
"dorian electra feat. 645AR - happy - pharrell williams (cover)",,,,youtube,KuIBT-lpEIQ,,"2026-10-09 12:45",,https://www.youtube.com/watch?v=KuIBT-lpEIQ
"Pharrell Williams - Gust of Wind (Official Video)",,,,youtube,VWSRtPTmRr4,,"2026-10-09 12:45",,https://www.youtube.com/watch?v=VWSRtPTmRr4
Beethoven,"The Presets",,,youtube,Db-W8Drudu8,,"2026-10-09 12:45",,https://www.youtube.com/watch?v=Db-W8Drudu8
"챔피언 -Psy- 샘플링 원곡비교💕",,,,youtube,qxE8bWoa2IU,,"2026-10-09 12:45",,https://www.youtube.com/watch?v=qxE8bWoa2IU
"Riot In Belgium . La musique  (Jbag's BoomBoxed Re-Edit)",,,,youtube,8hRSCCvvjZQ,,"2026-10-09 12:45",,https://www.youtube.com/watch?v=8hRSCCvvjZQ
"Scatman (ski-ba-bop-ba-dop-bop) Official Video HD - Scatman John",,,,youtube,Hy8kmNEo1i8,,"2026-10-09 12:45",,https://www.youtube.com/watch?v=Hy8kmNEo1i8
"Motor - SebastiAn",,,,youtube,KLIsALJPHPI,,"2026-10-09 12:45",,https://www.youtube.com/watch?v=KLIsALJPHPI
"Bomb Rush Cyberfunk OST - Feel The Funk (Computer Love)",,,,youtube,BCx_mU6v-dk,,"2026-10-09 12:45",,https://www.youtube.com/watch?v=BCx_mU6v-dk
"stuck to script",Jaydes,,,youtube,R76OdZJZxkE,,"2026-10-09 12:45",,https://www.youtube.com/watch?v=R76OdZJZxkE
"Snow Blind - Sinjin Hawke",,,,youtube,1EFHc1VgBZ8,,"2026-10-09 12:45",,https://www.youtube.com/watch?v=1EFHc1VgBZ8
"Skrillex - Dirty Vibe with Diplo, CL, & G-Dragon (OFFICIAL VIDEO)",,,,youtube,Mq-aVCUs2Q0,,"2026-10-09 12:45",,https://www.youtube.com/watch?v=Mq-aVCUs2Q0
fuze,Skrillex,,,youtube,Fc3cU6KyV5Q,,"2026-10-09 12:45",,https://www.youtube.com/watch?v=Fc3cU6KyV5Q
"Snow Strippers - It's A Dream (Official Video)",,,,youtube,_15LxerePQs,,"2026-10-09 12:45",,https://www.youtube.com/watch?v=_15LxerePQs
"Bomber Barbara - Sonic Rush [OST]",,,,youtube,L4KIxqTYGGI,,"2026-10-09 12:45",,https://www.youtube.com/watch?v=L4KIxqTYGGI
"SONIC RIDERS ZERO GRAVITY ""CATCH ME IF YOU CAN"" ANIMATED LYRICS",,,,youtube,V33Der2j71s,,"2026-10-09 12:45",,https://www.youtube.com/watch?v=V33Der2j71s
"I’m Here",SEGA,,,youtube,mUJS9ystZlc,,"2026-10-09 12:45",,https://www.youtube.com/watch?v=mUJS9ystZlc
"SOPHIE — Ponyboy (Official Video)",,,,youtube,uERIXLWeik0,,"2026-10-09 12:45",,https://www.youtube.com/watch?v=uERIXLWeik0
"Plaza Speakers G - Splatoon OST",,,,youtube,qBFkfXWwG-c,,"2026-10-09 12:45",,https://www.youtube.com/watch?v=qBFkfXWwG-c
"Riptide Rupture - Splatoon 2 [Ink Theory]",,,,youtube,IbEr2o4q3Ss,,"2026-10-09 12:45",,https://www.youtube.com/watch?v=IbEr2o4q3Ss
"Belly Flop - Splatoon 3 OST",,,,youtube,VMekx7KS6wA,,"2026-10-09 12:45",,https://www.youtube.com/watch?v=VMekx7KS6wA
"Deepers Creepers (Day 2) - Bloody Hook | Splatoon 3 OST",,,,youtube,iDL7tkpZVJ4,,"2026-10-09 12:45",,https://www.youtube.com/watch?v=iDL7tkpZVJ4
"Crater Eighters Routine - Splatoon 3",,,,youtube,Fp66jwkX8J4,,"2026-10-09 12:45",,https://www.youtube.com/watch?v=Fp66jwkX8J4
"Two Shadows in the Sun - Wash Out [Splatoon 3 OST]",,,,youtube,gB6anUXxll0,,"2026-10-09 12:45",,https://www.youtube.com/watch?v=gB6anUXxll0
"Marine Machines - [Octoplush]",,,,youtube,0p2sm9abV7E,,"2026-10-09 12:45",,https://www.youtube.com/watch?v=0p2sm9abV7E
"Routin3s - Free Association",,,,youtube,1dSGrv_vxOk,,"2026-10-09 12:45",,https://www.youtube.com/watch?v=1dSGrv_vxOk
"How To Get EVERYTHING in Side Order - Splatoon 3",,,,youtube,9i1BjYJ4apc,,"2026-10-09 12:45",,https://www.youtube.com/watch?v=9i1BjYJ4apc
"Routin3s - Free Association",,,,youtube,1dSGrv_vxOk,,"2026-10-09 12:45",,https://www.youtube.com/watch?v=1dSGrv_vxOk
"Routin3s - Free Association",,,,youtube,1dSGrv_vxOk,,"2026-10-09 12:45",,https://www.youtube.com/watch?v=1dSGrv_vxOk
"ASMR Reverse Shell like Bowls Secret Dramatic Fall Down with Dark Deep Sound",,,,youtube,m2Gx1ow1IjY,,"2026-10-09 12:45",,https://www.youtube.com/watch?v=m2Gx1ow1IjY
"Stray Kids ＜ATE＞ Mashup Video",,,,youtube,8aRuaqMsQdE,,"2026-10-09 12:46",,https://www.youtube.com/watch?v=8aRuaqMsQdE
"Grimes - Medieval Warfare (from Suicide Squad: The Album) [Official Audio]",,,,youtube,OXor30_XZMY,,"2026-10-09 12:46",,https://www.youtube.com/watch?v=OXor30_XZMY
"Super Mario Bros. 3 - World Map 2: Desert Land Theme",,,,youtube,eRXqOpw3uQA,,"2026-10-09 12:46",,https://www.youtube.com/watch?v=eRXqOpw3uQA
"Underground Theme - Super Mario World",,,,youtube,OejFpvZkmlI,,"2026-10-09 12:46",,https://www.youtube.com/watch?v=OejFpvZkmlI
"Super Mario World Music - Castle",,,,youtube,R0aoqbDNKaA,,"2026-10-09 12:46",,https://www.youtube.com/watch?v=R0aoqbDNKaA
Quattro,2TO,,,youtube,VpfBX_HGKdI,,"2026-10-09 12:46",,https://www.youtube.com/watch?v=VpfBX_HGKdI
"T-Pain - Bartender (Official HD Video) ft. Akon",,,,youtube,Lt2wjJlP2N4,,"2026-10-09 12:46",,https://www.youtube.com/watch?v=Lt2wjJlP2N4
"t.A.T.u. - All The Things She Said (Official Music Video)",,,,youtube,8mGBaXPlri8,,"2026-10-09 12:46",,https://www.youtube.com/watch?v=8mGBaXPlri8
"tracey brakes - yerkilator (ft. goji) [prod. tracey brakes & goji]",,,,youtube,CGum7nar1ZY,,"2026-10-09 12:46",,https://www.youtube.com/watch?v=CGum7nar1ZY
"Turning Red","Ludwig Göransson",,,youtube,cGBIc7dGa94,,"2026-10-09 12:46",,https://www.youtube.com/watch?v=cGBIc7dGa94
"Twista ‎- Overnight Celebrity (Official Video)",,,,youtube,I177W0XJlT4,,"2026-10-09 12:46",,https://www.youtube.com/watch?v=I177W0XJlT4
"Tyler, The Creator   Keep Da O's (Find Your Wings)",,,,youtube,YrAW8ilcZe8,,"2026-10-09 12:46",,https://www.youtube.com/watch?v=YrAW8ilcZe8
Pothole,"Tyler, The Creator",,,youtube,_wvhrRb3oU0,,"2026-10-09 12:46",,https://www.youtube.com/watch?v=_wvhrRb3oU0
"Droppin' Seeds","Tyler, The Creator",,,youtube,MebxCTlHKto,,"2026-10-09 12:46",,https://www.youtube.com/watch?v=MebxCTlHKto
find_u_selfie_remix.mp3,,,,youtube,tQp8c1YItCc,,"2026-10-09 12:46",,https://www.youtube.com/watch?v=tQp8c1YItCc
"Quiet Water","Toby Fox",,,youtube,hGzkdQCvYz0,,"2026-10-09 12:46",,https://www.youtube.com/watch?v=hGzkdQCvYz0
"Spider Dance","Toby Fox",,,youtube,NH-GAwLAO30,,"2026-10-09 12:46",,https://www.youtube.com/watch?v=NH-GAwLAO30
"Vanilla Ice-Turn it up",,,,youtube,RiSc_I4jPvs,,"2026-10-09 12:46",,https://www.youtube.com/watch?v=RiSc_I4jPvs
Wobble,V.I.C.,,,youtube,fH5vLzC1LYg,,"2026-10-09 12:46",,https://www.youtube.com/watch?v=fH5vLzC1LYg
"Mash up the Dance","Watch The Ride",,,youtube,hATwO_cJPd8,,"2026-10-09 12:46",,https://www.youtube.com/watch?v=hATwO_cJPd8
"Albuquerque but nothing weird happens",,,,youtube,jsAQYEksSQ4,,"2026-10-09 12:46",,https://www.youtube.com/watch?v=jsAQYEksSQ4
"Wii Play - Two-Player Laser Hockey",,,,youtube,jjrLeE9Ip7Q,,"2026-10-09 12:46",,https://www.youtube.com/watch?v=jjrLeE9Ip7Q
"Empire Of The Sun - Walking On A Dream (Official Music Video)",,,,youtube,eimgRedLkkU,,"2026-10-09 12:46",,https://www.youtube.com/watch?v=eimgRedLkkU
"Skrillex - Bug Hunt (REMASTERED)[FULL TRACK]",,,,youtube,pgwouC--5Cs,,"2026-10-09 12:46",,https://www.youtube.com/watch?v=pgwouC--5Cs
"Yaeji - Pondeggi (feat. E Wata) (Official Video)",,,,youtube,Vi9j9ogqr4E,,"2026-10-09 12:46",,https://www.youtube.com/watch?v=Vi9j9ogqr4E
"Zedd - Clarity ft. Foxes",,,,youtube,IxxstCcJlsc,,"2026-10-09 12:46",,https://www.youtube.com/watch?v=IxxstCcJlsc
"Zedd - Clarity (feat. Foxes) [Tiësto Remix]",,,,youtube,MWTU-Dkwj5M,,"2026-10-09 12:46",,https://www.youtube.com/watch?v=MWTU-Dkwj5M
"Zedd ft. Foxes - Clarity (Vicetone Remix) [Free]",,,,youtube,bJbdMqspODQ,,"2026-10-09 12:46",,https://www.youtube.com/watch?v=bJbdMqspODQ
"Zedd - Clarity (Ft. Foxes) (Torro Torro Remix)",,,,youtube,57pzx5t_zGg,,"2026-10-09 12:46",,https://www.youtube.com/watch?v=57pzx5t_zGg
"The 1975 ~ It's Not Living (If It's Not With You) Lyrics",,,,youtube,ZqoXU583vsY,,"2026-10-09 12:46",,https://www.youtube.com/watch?v=ZqoXU583vsY
"Anamanaguchi - Kei ft. POCHI (SUMMER SINGLES 2020)",,,,youtube,hqfqVU_WTD8,,"2026-10-09 12:46",,https://www.youtube.com/watch?v=hqfqVU_WTD8
"Kyle Justin - Angry Video Game Nerd Theme (Lyrics)",,,,youtube,qYVCqsuyLzk,,"2026-10-09 12:46",,https://www.youtube.com/watch?v=qYVCqsuyLzk
"Aphex Twin- Nanou 2",,,,youtube,3uhTwxqE4Co,,"2026-10-09 12:46",,https://www.youtube.com/watch?v=3uhTwxqE4Co
"Ariana Grande - R.E.M. (Official Audio)",,,,youtube,AVPEP_KSldA,,"2026-10-09 12:46",,https://www.youtube.com/watch?v=AVPEP_KSldA
"Bananas in Pyjamas TV Intro",,,,youtube,aO4f4Mmyl1k,,"2026-10-09 12:46",,https://www.youtube.com/watch?v=aO4f4Mmyl1k
"where i've been",,,,youtube,ZsmOSHt3MmE,,"2026-10-09 12:46",,https://www.youtube.com/watch?v=ZsmOSHt3MmE
"oh bo. -- new CD out now!",,,,youtube,dcLFmN7aJe0,,"2026-10-09 12:46",,https://www.youtube.com/watch?v=dcLFmN7aJe0
"Regional Bullshit",,,,youtube,mxHY5puHTN8,,"2026-10-09 12:46",,https://www.youtube.com/watch?v=mxHY5puHTN8
"Sophisticated Side Ponytail","Natalie Portman's Shaved Head",,,youtube,-fgUFNiYYys,,"2026-10-09 12:46",,https://www.youtube.com/watch?v=-fgUFNiYYys
"CHAIN ON FEAT. JPEGMAFIA - BROCKHAMPTON",,,,youtube,XFHLrx0Qsqk,,"2026-10-09 12:46",,https://www.youtube.com/watch?v=XFHLrx0Qsqk
"OLD NEWS FEAT. BAIRD - BROCKHAMPTON",,,,youtube,GKmRhJelEJU,,"2026-10-09 12:46",,https://www.youtube.com/watch?v=GKmRhJelEJU
"BTS (방탄소년단) 'Life Goes On' Official MV",,,,youtube,-5q5mZbe3V8,,"2026-10-09 12:46",,https://www.youtube.com/watch?v=-5q5mZbe3V8
"BTS (방탄소년단) 'Butter' Official MV",,,,youtube,WMweEpGlu_U,,"2026-10-09 12:46",,https://www.youtube.com/watch?v=WMweEpGlu_U
"ultra caro - over u (Official Video)",,,,youtube,LQiSCsRQ88g,,"2026-10-09 12:46",,https://www.youtube.com/watch?v=LQiSCsRQ88g
"ultra caro - over u (Official Video)",,,,youtube,LQiSCsRQ88g,,"2026-10-09 12:46",,https://www.youtube.com/watch?v=LQiSCsRQ88g
"The One I Die 4 - Charli XCX [High quality]",,,,youtube,FuAzh1x3E-Y,,"2026-10-09 12:46",,https://www.youtube.com/watch?v=FuAzh1x3E-Y
"Vince Guaraldi Trio - Linus And Lucy",,,,youtube,x6zypc_LhnM,,"2026-10-09 12:46",,https://www.youtube.com/watch?v=x6zypc_LhnM
"hell of a time",Release,,,youtube,atMM4BYNg28,,"2026-10-09 12:46",,https://www.youtube.com/watch?v=atMM4BYNg28
"daine  - IDC (One-Shot)",,,,youtube,WAYddIa5o7Y,,"2026-10-09 12:46",,https://www.youtube.com/watch?v=WAYddIa5o7Y
"deadmau5 - Brazil (Second Edit) (HQ)",,,,youtube,a2PM5iTlmRE,,"2026-10-09 12:46",,https://www.youtube.com/watch?v=a2PM5iTlmRE
"WELCOME TO THE CITY","Toby Fox",,,youtube,uiou1f5nzlU,,"2026-10-09 12:46",,https://www.youtube.com/watch?v=uiou1f5nzlU
"your clothes","Jane Remover",,,youtube,eC_fmqPGczU,,"2026-10-09 12:46",,https://www.youtube.com/watch?v=eC_fmqPGczU
"search party","Jane Remover",,,youtube,cMkYZ49n5Gw,,"2026-10-09 12:46",,https://www.youtube.com/watch?v=cMkYZ49n5Gw
champ,"Jane Remover",,,youtube,7UKzOr0b65Q,,"2026-10-09 12:47",,https://www.youtube.com/watch?v=7UKzOr0b65Q
"Doechii - FIREFLIES (Audio)",,,,youtube,oDOmKBkFvdI,,"2026-10-09 12:47",,https://www.youtube.com/watch?v=oDOmKBkFvdI
"Ed Sheeran - Perfect (Official Music Video)",,,,youtube,2Vv-BfVoq4g,,"2026-10-09 12:47",,https://www.youtube.com/watch?v=2Vv-BfVoq4g
"Enrique Iglesias - I Like It (Official Music Video)",,,,youtube,X9_n8jakvWU,,"2026-10-09 12:47",,https://www.youtube.com/watch?v=X9_n8jakvWU
"Fatboy Slim 'Praise You’ (Purple Disco Machine Extended Remix)",,,,youtube,JKAsllQUpEg,,"2026-10-09 12:47",,https://www.youtube.com/watch?v=JKAsllQUpEg
"Fatboy Slim vs Fedde le Grand - Praise You",,,,youtube,ENIPk9vYNrg,,"2026-10-09 12:47",,https://www.youtube.com/watch?v=ENIPk9vYNrg
"AlunaGeorge x Flume I Remember",,,,youtube,wnfvoC1YTj8,,"2026-10-09 12:47",,https://www.youtube.com/watch?v=wnfvoC1YTj8
special,"food house",,,youtube,et84NbmsA3s,,"2026-10-09 12:47",,https://www.youtube.com/watch?v=et84NbmsA3s
"Fortnite - Lobby Track - Default Fire",,,,youtube,5pZTvSdE4ds,,"2026-10-09 12:47",,https://www.youtube.com/watch?v=5pZTvSdE4ds
"Idina Menzel - Let It Go (from Frozen) (Official Video)",,,,youtube,YVVTZgwYwVo,,"2026-10-09 12:47",,https://www.youtube.com/watch?v=YVVTZgwYwVo
"Green Day - Jesus Of Suburbia (Short Version) [Official Music Video]",,,,youtube,FNKPYhXmzoE,,"2026-10-09 12:47",,https://www.youtube.com/watch?v=FNKPYhXmzoE
"Groundbreaker χ Breaking Ground〔131ʙᴘᴍ〕",,,,youtube,UPMSrgZYHrE,,"2026-10-09 12:47",,https://www.youtube.com/watch?v=UPMSrgZYHrE
"Iggy Azalea, Tyga - Sip It (Official Video)",,,,youtube,NKM5BO0KmCk,,"2026-10-09 12:47",,https://www.youtube.com/watch?v=NKM5BO0KmCk
"PPPP PaPiPuPePo",,,,youtube,9BLlJitipnM,,"2026-10-09 12:47",,https://www.youtube.com/watch?v=9BLlJitipnM
"The Jackson 5 ""I Want You Back"" on The Ed Sullivan Show",,,,youtube,y2bVIBwpCTA,,"2026-10-09 12:47",,https://www.youtube.com/watch?v=y2bVIBwpCTA
"Where Are Ü Now (with Justin Bieber) [Rustie Remix]",,,,youtube,yumxXuvNqYw,,"2026-10-09 12:47",,https://www.youtube.com/watch?v=yumxXuvNqYw
"Power Freaks - Jean Dawson (Official Music Video)",,,,youtube,6CB5BzBNKYY,,"2026-10-09 12:47",,https://www.youtube.com/watch?v=6CB5BzBNKYY
"Katamari Fortissimo Damacy - 19 - Last Samba",,,,youtube,RZAnIYYGUwA,,"2026-10-09 12:47",,https://www.youtube.com/watch?v=RZAnIYYGUwA
"leroy - video game lover vs. hydraulic press",,,,youtube,iekVUClDl3Y,,"2026-10-09 12:47",,https://www.youtube.com/watch?v=iekVUClDl3Y
"Lil Yachty - :(failure(: (Official Audio)",,,,youtube,giVXbhWM19Q,,"2026-10-09 12:47",,https://www.youtube.com/watch?v=giVXbhWM19Q
"Los Del Rio - Macarena (Lyrics)",,,,youtube,2zvd1JQ0EKY,,"2026-10-09 12:47",,https://www.youtube.com/watch?v=2zvd1JQ0EKY
"【MV Full】 µ's 3rdシングル「夏色えがおで1,2,Jump!」【スクスタリリース記念！】",,,,youtube,1j-u11dHWnI,,"2026-10-09 12:47",,https://www.youtube.com/watch?v=1j-u11dHWnI
"M - Pop Muzik (Official HD Video)",,,,youtube,gPoiv0sZ4s4,,"2026-10-09 12:47",,https://www.youtube.com/watch?v=gPoiv0sZ4s4
"Malik Yusef w/ Kanye West & Common - Like To Ride?",,,,youtube,OeLh57zFCzo,,"2026-10-09 12:47",,https://www.youtube.com/watch?v=OeLh57zFCzo
"Creative Exercise - Mario Paint",,,,youtube,uCRB5N8LQN4,,"2026-10-09 12:47",,https://www.youtube.com/watch?v=uCRB5N8LQN4
"Metro Boomin - BBL DRIZZY",,,,youtube,AF2MqFnPotc,,"2026-10-09 12:47",,https://www.youtube.com/watch?v=AF2MqFnPotc
"M.I.A. - Sunshowers",,,,youtube,9cA3b-PbPE0,,"2026-10-09 12:47",,https://www.youtube.com/watch?v=9cA3b-PbPE0
"M.I.A. - Boyz",,,,youtube,wcN1i6Qcjxg,,"2026-10-09 12:47",,https://www.youtube.com/watch?v=wcN1i6Qcjxg
"C418 - Cat - Minecraft Volume Alpha",,,,youtube,9lX-hVpvN3E,,"2026-10-09 12:47",,https://www.youtube.com/watch?v=9lX-hVpvN3E
"C418  - Dog - Minecraft Volume Alpha",,,,youtube,sMOcqXM_d8o,,"2026-10-09 12:47",,https://www.youtube.com/watch?v=sMOcqXM_d8o
"C418 - Dead Voxel (Minecraft Volume Beta)",,,,youtube,wGQDJNksrAM,,"2026-10-09 12:47",,https://www.youtube.com/watch?v=wGQDJNksrAM
"C418 - Intro (Minecraft Volume Beta)",,,,youtube,tC_lJyeGxoA,,"2026-10-09 12:47",,https://www.youtube.com/watch?v=tC_lJyeGxoA
"Left to Bloom","Lena Raine",,,youtube,hb5TsZcAiJQ,,"2026-10-09 12:47",,https://www.youtube.com/watch?v=hb5TsZcAiJQ
"Crescent Dunes","Aaron Cherof",,,youtube,_lxjp54MMBg,,"2026-10-09 12:47",,https://www.youtube.com/watch?v=_lxjp54MMBg
"Chirpy Chips - Squiddy Holly (Arrangement by @MoolaMixtape ) SRXD Custom Chart",,,,youtube,VQH807o2Ivw,,"2026-10-09 12:47",,https://www.youtube.com/watch?v=VQH807o2Ivw
"Colours (dvnots 2019 edit)",,,,youtube,eTxVblgP0vo,,"2026-10-09 12:47",,https://www.youtube.com/watch?v=eTxVblgP0vo
"Wonderful Place (Contains Hidden Track/Waiting For You)",N.E.R.D.,,,youtube,OTdI7dd3KcE,,"2026-10-09 12:47",,https://www.youtube.com/watch?v=OTdI7dd3KcE
"N.E.R.D - Squeeze Me (from The Spongebob Movie: Sponge Out Of Water)",,,,youtube,acUqPKHG4JQ,,"2026-10-09 12:47",,https://www.youtube.com/watch?v=acUqPKHG4JQ
"Stateside + Zara Larsson",PinkPantheress,,,youtube,iHsObIWkM-s,,"2026-10-09 12:47",,https://www.youtube.com/watch?v=iHsObIWkM-s
"Nujabes - Luv(sic.) pt3 (feat. Shing02) [Official Audio]",,,,youtube,Fwv2gnCFDOc,,"2026-10-09 12:47",,https://www.youtube.com/watch?v=Fwv2gnCFDOc
"Oggy And The Cockroaches × Next Gen Theme Song Comparison | Xilam",,,,youtube,g2PqqDs9RUg,,"2026-10-09 12:47",,https://www.youtube.com/watch?v=g2PqqDs9RUg
"I Don't Understand You","OK Go",,,youtube,ACN8e0oaG9s,,"2026-10-09 12:47",,https://www.youtube.com/watch?v=ACN8e0oaG9s
"Zebra (Taken from forthcoming album 'R Plus Seven')",,,,youtube,M1QAM9rq1PA,,"2026-10-09 12:47",,https://www.youtube.com/watch?v=M1QAM9rq1PA
"Rihanna, Kanye West, Paul McCartney - FourFiveSeconds",,,,youtube,kt0g4dWxEBo,,"2026-10-09 12:47",,https://www.youtube.com/watch?v=kt0g4dWxEBo
"umru & Petal Supply featuring Rebecca Black - heart2 (Lyric Video)",,,,youtube,_xMkW1ghuJ0,,"2026-10-09 12:47",,https://www.youtube.com/watch?v=_xMkW1ghuJ0
"P.H.F. Love Yourself",,,,youtube,OkecOGoIZ3Y,,"2026-10-09 12:47",,https://www.youtube.com/watch?v=OkecOGoIZ3Y
"Phineas and Ferb Theme Song 🎶 |  @disneychannel",,,,youtube,NkQrKxTFARM,,"2026-10-09 12:47",,https://www.youtube.com/watch?v=NkQrKxTFARM
"The Dazzles (Love Ooh Ooh Paradise) - Rhythm Heaven (ENG Version)",,,,youtube,4EvH4AFCFKw,,"2026-10-09 12:47",,https://www.youtube.com/watch?v=4EvH4AFCFKw
"The Dazzles (Love Ooh Ooh Paradise) - Rhythm Heaven (ENG Version)",,,,youtube,4EvH4AFCFKw,,"2026-10-09 12:47",,https://www.youtube.com/watch?v=4EvH4AFCFKw
"[Rhythm Heaven] - Rhythm Rally 2 (Perfect) (English)",,,,youtube,v3ddB0wcRQ4,,"2026-10-09 12:47",,https://www.youtube.com/watch?v=v3ddB0wcRQ4
"Lonely Storm - Rhythm Heaven Fever",,,,youtube,k9NswXHNN9M,,"2026-10-09 12:47",,https://www.youtube.com/watch?v=k9NswXHNN9M
"My Drive Thru - Santogold, Julian Casablancas, N.E.R.D produced by Pharrell",,,,youtube,GPZ5fnYFI4Q,,"2026-10-09 12:47",,https://www.youtube.com/watch?v=GPZ5fnYFI4Q
"Rihanna - Friend Of Mine (from the Smurfs Movie Soundtrack)",,,,youtube,_MQnZgH0ZmQ,,"2026-10-09 12:47",,https://www.youtube.com/watch?v=_MQnZgH0ZmQ
"Sonic CD Collision Chaos Good Future JP/EU HD",,,,youtube,baIaCM6jEVs,,"2026-10-09 12:48",,https://www.youtube.com/watch?v=baIaCM6jEVs
"♪ Dubble Bath - Bob Dub ♫ Caitlin Koi Lyric Video - Splatoon",,,,youtube,nd8gfFKg99w,,"2026-10-09 12:48",,https://www.youtube.com/watch?v=nd8gfFKg99w
"Soak & Stomp (Day 2) - Anglerfish",,,,youtube,y1BNd7ZgP5k,,"2026-10-09 12:48",,https://www.youtube.com/watch?v=y1BNd7ZgP5k
"Every Morning - Sugar Ray",,,,youtube,3cqU1pFRqYE,,"2026-10-09 12:48",,https://www.youtube.com/watch?v=3cqU1pFRqYE
"Thomas The Tank Engine: Theme Song [1983] (High Quality Audio)",,,,youtube,WUNL7PjBr8U,,"2026-10-09 12:48",,https://www.youtube.com/watch?v=WUNL7PjBr8U
"Berlin - Take My Breath Away (Official Video - Top Gun)",,,,youtube,Bx51eegLTY8,,"2026-10-09 12:48",,https://www.youtube.com/watch?v=Bx51eegLTY8
"TWICE ""What is Love?"" M/V",,,,youtube,i0p1bmr0EmE,,"2026-10-09 12:48",,https://www.youtube.com/watch?v=i0p1bmr0EmE
"TWICE ""Alcohol-Free"" M/V",,,,youtube,XA2YEHn-A8Q,,"2026-10-09 12:48",,https://www.youtube.com/watch?v=XA2YEHn-A8Q
"Tyler, The Creator - Boredom (Audio)",,,,youtube,HjYopuiJCko,,"2026-10-09 12:48",,https://www.youtube.com/watch?v=HjYopuiJCko
"GROUNdBREAKER「DJH RMX」138.00ᵇᵖᵐ",,,,youtube,sej7GHVa-rc,,"2026-10-09 12:48",,https://www.youtube.com/watch?v=sej7GHVa-rc
"Snowdin Town","Toby Fox",,,youtube,vYyLL9QstbI,,"2026-10-09 12:48",,https://www.youtube.com/watch?v=vYyLL9QstbI
Shop,"Toby Fox",,,youtube,R0uNPIa-I9c,,"2026-10-09 12:48",,https://www.youtube.com/watch?v=R0uNPIa-I9c
"Clarity (Zedd Union Mix)",Zedd,,,youtube,mbvn5TzCvSo,,"2026-10-09 12:48",,https://www.youtube.com/watch?v=mbvn5TzCvSo
"Memories Of Tokyo-To - 02 - Here I Go [OFFICIAL]",,,,youtube,m6TRHwD32lo,,"2026-10-09 12:48",,https://www.youtube.com/watch?v=m6TRHwD32lo
"The Good Die Young - 50 Cent",,,,youtube,iPSyVs5LxFA,,"2026-10-09 12:48",,https://www.youtube.com/watch?v=iPSyVs5LxFA
"GACKED ON ANGER - AMYL AND THE SNIFFERS OFFICIAL",,,,youtube,hONV6GQl0ow,,"2026-10-09 12:48",,https://www.youtube.com/watch?v=hONV6GQl0ow
"Gwely Mernans","Aphex Twin",,,youtube,gwqFjxMD7i0,,"2026-10-09 12:48",,https://www.youtube.com/watch?v=gwqFjxMD7i0
"A$AP ROCKY - WILD FOR THE NIGHT (DOG BLOOD REMIX)",,,,youtube,nTHhUyk2DIc,,"2026-10-09 12:48",,https://www.youtube.com/watch?v=nTHhUyk2DIc
"ATLANTIS - AZEALIA BANKS (**OFFICIAL VIDEO**)",,,,youtube,yj-xBpQ0CI0,,"2026-10-09 12:48",,https://www.youtube.com/watch?v=yj-xBpQ0CI0
"PinkPantheress - Tonight + Basement Jaxx (Official Audio)",,,,youtube,wB_tzzAgWS0,,"2026-10-09 12:48",,https://www.youtube.com/watch?v=wB_tzzAgWS0
Yoyo,Release,,,youtube,0ju-uBzIIsk,,"2026-10-09 12:48",,https://www.youtube.com/watch?v=0ju-uBzIIsk
"Beyoncé - MOVE (Official Lyric Video)",,,,youtube,UlbVbKSiTuM,,"2026-10-09 12:48",,https://www.youtube.com/watch?v=UlbVbKSiTuM
"björk : alarm call",,,,youtube,ah5RVGiBqRs,,"2026-10-09 12:48",,https://www.youtube.com/watch?v=ah5RVGiBqRs
"björk : losss",,,,youtube,tIWhpI_unCo,,"2026-10-09 12:48",,https://www.youtube.com/watch?v=tIWhpI_unCo
"Gotye - WokeUpLikeThis",,,,youtube,TLsLd22mhOA,,"2026-10-09 12:48",,https://www.youtube.com/watch?v=TLsLd22mhOA
Release,Blackalicious,,,youtube,_5J4y9nhYWs,,"2026-10-09 12:48",,https://www.youtube.com/watch?v=_5J4y9nhYWs
"B.o.B - Airplanes (feat. Hayley Williams of Paramore) [Official Video]",,,,youtube,kn6-c223DUU,,"2026-10-09 12:48",,https://www.youtube.com/watch?v=kn6-c223DUU
"State of Mind","Charodey Jeddy",,,youtube,Mm_2RX0ZRiA,,"2026-10-09 12:48",,https://www.youtube.com/watch?v=Mm_2RX0ZRiA
"Bomb Rush Cyberfunk OST - AGUA",,,,youtube,oA1d6vMAk78,,"2026-10-09 12:48",,https://www.youtube.com/watch?v=oA1d6vMAk78
"Boys Noize & Pussy Riot - ""Chastity"" feat. Alice Glass (Boys Noize Club Mix)",,,,youtube,m1-hu9D7J4A,,"2026-10-09 12:48",,https://www.youtube.com/watch?v=m1-hu9D7J4A
"Britney Spears - Me Against The Music (Official HD Video)",,,,youtube,clwLKJ294u4,,"2026-10-09 12:48",,https://www.youtube.com/watch?v=clwLKJ294u4
"Me Against The Music (Justice Extended Mix)","Britney Spears",,,youtube,4rAsPAGaI34,,"2026-10-09 12:48",,https://www.youtube.com/watch?v=4rAsPAGaI34
"Britney Spears - Boys (Album Version) (Official Video)",,,,youtube,s25OMP4Ww6Y,,"2026-10-09 12:48",,https://www.youtube.com/watch?v=s25OMP4Ww6Y
"GIMME MORE  - SLAYYYTER REMIX",,,,youtube,TjakWi3eRtU,,"2026-10-09 12:48",,https://www.youtube.com/watch?v=TjakWi3eRtU
"1998 TRUMAN - BROCKHAMPTON",,,,youtube,wy4C9am_gPU,,"2026-10-09 12:48",,https://www.youtube.com/watch?v=wy4C9am_gPU
"No Halo - BROCKHAMPTON",,,,youtube,5PHqk_7kIWk,,"2026-10-09 12:48",,https://www.youtube.com/watch?v=5PHqk_7kIWk
"NEW SHOES - BROCKHAMPTON",,,,youtube,Wgl3WvQmheA,,"2026-10-09 12:48",,https://www.youtube.com/watch?v=Wgl3WvQmheA
"Peanut Butter Jelly Time with Lyrics!!!",,,,youtube,eRBOgtp0Hac,,"2026-10-09 12:48",,https://www.youtube.com/watch?v=eRBOgtp0Hac
"Cash Cobain & Laila! -  “problem” Ft. Big Sean, Fabolous, 6LACK, Rob49 + More",,,,youtube,fFgcPb2u5FM,,"2026-10-09 12:48",,https://www.youtube.com/watch?v=fFgcPb2u5FM
"Chip Da Ripper freestyle (Interior Crocodile Alligator full song)",,,,youtube,ZIfSaDNVjXI,,"2026-10-09 12:48",,https://www.youtube.com/watch?v=ZIfSaDNVjXI
"even after all that we have been through",,,,youtube,poQMmeGuJVo,,"2026-10-09 12:48",,https://www.youtube.com/watch?v=poQMmeGuJVo
"Crush 3D - The Basics Gameplay Tutorial",,,,youtube,mqzS_xRhJiA,,"2026-10-09 12:48",,https://www.youtube.com/watch?v=mqzS_xRhJiA
"Left Unsaid - Private Press (Retrogenesis)",,,,youtube,ZjJPNZ1X9BQ,,"2026-10-09 12:48",,https://www.youtube.com/watch?v=ZjJPNZ1X9BQ
"CYBERPUNK 2077 SOUNDTRACK - MAKES ME FEEL BETTER by OnenO & Perilous Futur (Official Video)",,,,youtube,lJu4Z4J4-eE,,"2026-10-09 12:48",,https://www.youtube.com/watch?v=lJu4Z4J4-eE
"Like a Miracle - Earth Trax Lick Switch - Cyberpunk Edgerunners Soundtrack OST (Capitulo 9)",,,,youtube,3H3YTLSWIM0,,"2026-10-09 12:48",,https://www.youtube.com/watch?v=3H3YTLSWIM0
"Here's a Thought - IBDY (RAT BOY) (CYBERPUNK 2077)",,,,youtube,p2I-SpdDkE0,,"2026-10-09 12:48",,https://www.youtube.com/watch?v=p2I-SpdDkE0
"IOshrine - Fake Spook (Cyberpunk 2077 103.5 Radio Pebkac)",,,,youtube,9BH-RjYT-WI,,"2026-10-09 12:48",,https://www.youtube.com/watch?v=9BH-RjYT-WI
"Delamain - ''Bear'' and Use Me (Cyberpunk 2077 Delamain Songs)",,,,youtube,LfjOqKEH7DM,,"2026-10-09 12:48",,https://www.youtube.com/watch?v=LfjOqKEH7DM
"Cyberpunk 2077 — Look Through My Kiroshi's (The Solo Life) by D.O.H. (89.7 Growl FM)",,,,youtube,YOs4ntiUq1o,,"2026-10-09 12:48",,https://www.youtube.com/watch?v=YOs4ntiUq1o
"Lord Spikeheart, Chrisman & BWANA MUNGU - Cyko Arctic (Cyberpunk 2077 107.5 Dark Star Radio)",,,,youtube,HQ23f3nSV4U,,"2026-10-09 12:48",,https://www.youtube.com/watch?v=HQ23f3nSV4U
"T'len Lai & Mightonauts - Minion Sex (Cyberpunk 2077 107.5 Dark Star Radio)",,,,youtube,TEKgm5rs13g,,"2026-10-09 12:48",,https://www.youtube.com/watch?v=TEKgm5rs13g
"Burnin' (DJ Sneak Main Mix)","Daft Punk",,,youtube,BCWljcd0w3I,,"2026-10-09 12:49",,https://www.youtube.com/watch?v=BCWljcd0w3I
