title,artist,album,isrc,platform,trackId,duration,addedDate,addedBy,url
"Drake - Forever (umru Remix)",,,,youtube,yga6Tmb_yC8,,"2026-10-09 10:25",,https://www.youtube.com/watch?v=yga6Tmb_yC8
"A. G. Cook - Idyll",,,,youtube,LuvEgPW8Ujw,,"2026-10-09 10:25",,https://www.youtube.com/watch?v=LuvEgPW8Ujw
"George Daniel & AG Cook Unpack Logic Session for Charli XCX's ""Club Classics"" from New Album ""BRAT""",,,,youtube,WQm0McuIA84,,"2026-10-09 10:25",,https://www.youtube.com/watch?v=WQm0McuIA84
"!COMO QUITAR LA LAMA   EN MENOR TIEMPO ! 🌸 👍",,,,youtube,NpkwCoe-DpU,,"2026-10-09 10:25",,https://www.youtube.com/watch?v=NpkwCoe-DpU
"Anamanaguchi - Anyway ALBUM REVIEW",,,,youtube,qkdkDq86Awg,,"2026-10-09 10:25",,https://www.youtube.com/watch?v=qkdkDq86Awg
"ANNIE Birthday Song – Happy Birthday Annie",,,,youtube,NAvTVGQm1zs,,"2026-10-09 10:25",,https://www.youtube.com/watch?v=NAvTVGQm1zs
"Great White Shark vs. Orca Rematch! | Who Will Be the Winner? | Animal Songs for Kids | JunyTony",,,,youtube,v2_gvi5AoCc,,"2026-10-09 10:25",,https://www.youtube.com/watch?v=v2_gvi5AoCc
"LEVEL 4 SMOKER",Release,,,youtube,LxBM62zzvtY,,"2026-10-09 10:25",,https://www.youtube.com/watch?v=LxBM62zzvtY
"Benjamin Teves - Texas (SebastiAn Remix) [Official Audio]",,,,youtube,Z0rfqsP76IE,,"2026-10-09 10:25",,https://www.youtube.com/watch?v=Z0rfqsP76IE
"BICEP | OPAL",,,,youtube,TdQWpILqh-A,,"2026-10-09 10:25",,https://www.youtube.com/watch?v=TdQWpILqh-A
"BICEP | OPAL (FOUR TET REMIX)",,,,youtube,XTw-NrqKigs,,"2026-10-09 10:25",,https://www.youtube.com/watch?v=XTw-NrqKigs
"Face Yoga Exercises To get Rid of droopy Eye Lids | Fit Tak",,,,youtube,F6g1zGrLJcs,,"2026-10-09 10:25",,https://www.youtube.com/watch?v=F6g1zGrLJcs
"björk : human behaviour (HD)",,,,youtube,p0mRIhK9seg,,"2026-10-09 10:25",,https://www.youtube.com/watch?v=p0mRIhK9seg
"björk: notget",,,,youtube,aWrV8NQnbqE,,"2026-10-09 10:25",,https://www.youtube.com/watch?v=aWrV8NQnbqE
"björk: blissing me",,,,youtube,PHWAZNkqwN4,,"2026-10-09 10:25",,https://www.youtube.com/watch?v=PHWAZNkqwN4
"björk: utopia",,,,youtube,Sqbv7cCM5AI,,"2026-10-09 10:25",,https://www.youtube.com/watch?v=Sqbv7cCM5AI
"The Black Eyed Peas - Boom Boom Pow (Official Music Video)",,,,youtube,4m48GqaOz90,,"2026-10-09 10:25",,https://www.youtube.com/watch?v=4m48GqaOz90
"Breakbot - Be Mine Tonight (feat Delafleur) (Official Music Video)",,,,youtube,n_eB8oPIaIE,,"2026-10-09 10:25",,https://www.youtube.com/watch?v=n_eB8oPIaIE
"Britney Spears- Touch of my hand lyrics",,,,youtube,8jNh3N7_FBs,,"2026-10-09 10:25",,https://www.youtube.com/watch?v=8jNh3N7_FBs
"GOLD - BROCKHAMPTON",,,,youtube,n_ZRRlVDVa8,,"2026-10-09 10:25",,https://www.youtube.com/watch?v=n_ZRRlVDVa8
"Dearly Departed - BROCKHAMPTON",,,,youtube,SfYUUB2uZLA,,"2026-10-09 10:25",,https://www.youtube.com/watch?v=SfYUUB2uZLA
"Hood Still Love Me - BROCKHAMPTON",,,,youtube,GYVUem4anOE,,"2026-10-09 10:25",,https://www.youtube.com/watch?v=GYVUem4anOE
"BROCKHAMPTON - N.S.T. [color coded lyrics]",,,,youtube,0_cXNmiwjk4,,"2026-10-09 10:26",,https://www.youtube.com/watch?v=0_cXNmiwjk4
"BTS (방탄소년단) 'ON' Kinetic Manifesto Film : Come Prima",,,,youtube,gwMa6gpoE9I,,"2026-10-09 10:26",,https://www.youtube.com/watch?v=gwMa6gpoE9I
"The Chats – Struck By Lightning (Official Video)",,,,youtube,--p34RKclbA,,"2026-10-09 10:26",,https://www.youtube.com/watch?v=--p34RKclbA
"Ciara - Gimmie Dat (Official Video)",,,,youtube,MakgTQ_Ubzs,,"2026-10-09 10:26",,https://www.youtube.com/watch?v=MakgTQ_Ubzs
"Coldplay - Princess Of China ft. Rihanna (Official Video)",,,,youtube,1Uw6ZkbsAH8,,"2026-10-09 10:26",,https://www.youtube.com/watch?v=1Uw6ZkbsAH8
"chic c'est la vie (dvnots remix) 130",,,,youtube,XNjmWi4Nles,,"2026-10-09 10:26",,https://www.youtube.com/watch?v=XNjmWi4Nles
"Funfair 04 - Crush",,,,youtube,lhWTrQc3OwE,,"2026-10-09 10:26",,https://www.youtube.com/watch?v=lhWTrQc3OwE
"Funfair 04 - Crush",,,,youtube,lhWTrQc3OwE,,"2026-10-09 10:26",,https://www.youtube.com/watch?v=lhWTrQc3OwE
"""Air War"" by Crystal Castles (Official Audio)",,,,youtube,2dK3Tzf8KwA,,"2026-10-09 10:26",,https://www.youtube.com/watch?v=2dK3Tzf8KwA
"Crystal Castles ""PLAGUE"" Official",,,,youtube,cx2lJIOTBjs,,"2026-10-09 10:26",,https://www.youtube.com/watch?v=cx2lJIOTBjs
V,"Marcin Przybylowicz",,,youtube,JYC8aINHFxc,,"2026-10-09 10:26",,https://www.youtube.com/watch?v=JYC8aINHFxc
"Extraction Action","Paul Leonard-Morgan",,,youtube,tYn19MY6kZ4,,"2026-10-09 10:26",,https://www.youtube.com/watch?v=tYn19MY6kZ4
"Cyberpunk 2077 OST - The Rebel Path (Cello Version)",,,,youtube,AGsjA1pXajk,,"2026-10-09 10:26",,https://www.youtube.com/watch?v=AGsjA1pXajk
"The Streets Are Long-Ass Gutters","Paul Leonard-Morgan",,,youtube,Ppxlo4X0xAw,,"2026-10-09 10:26",,https://www.youtube.com/watch?v=Ppxlo4X0xAw
"Outsider No More (Cyberpunk 2077 Soundtrack)",,,,youtube,zz3o6aS4b20,,"2026-10-09 10:26",,https://www.youtube.com/watch?v=zz3o6aS4b20
"Cloudy Day","Marcin Przybylowicz",,,youtube,fN4DcMExdqA,,"2026-10-09 10:26",,https://www.youtube.com/watch?v=fN4DcMExdqA
"Cyberpunk 2077 Soundtrack - Scavenger Hunt Techno (EurocorpFx Remake)",,,,youtube,raDJTzGybj4,,"2026-10-09 10:26",,https://www.youtube.com/watch?v=raDJTzGybj4
Мусорщики,"P.T. Adamczyk",,,youtube,rie_ijfztgk,,"2026-10-09 10:26",,https://www.youtube.com/watch?v=rie_ijfztgk
"Close Probing","Marcin Przybylowicz",,,youtube,YpQ7qpHiUSE,,"2026-10-09 10:26",,https://www.youtube.com/watch?v=YpQ7qpHiUSE
"There's Gonna Be a Parade!","Paul Leonard-Morgan",,,youtube,ldYPfX1gEXI,,"2026-10-09 10:26",,https://www.youtube.com/watch?v=ldYPfX1gEXI
"Trouble Finds Trouble","Paul Leonard-Morgan",,,youtube,H9hGw7sCgMk,,"2026-10-09 10:26",,https://www.youtube.com/watch?v=H9hGw7sCgMk
"You Shall Never Have to Forgive Me Again","P.T. Adamczyk",,,youtube,Ue3s-hNNFvo,,"2026-10-09 10:26",,https://www.youtube.com/watch?v=Ue3s-hNNFvo
"Code Red Initiated","P.T. Adamczyk",,,youtube,WpcSfB0etdY,,"2026-10-09 10:26",,https://www.youtube.com/watch?v=WpcSfB0etdY
"The Heist","P.T. Adamczyk",,,youtube,7tYh1Q3gvdc,,"2026-10-09 10:26",,https://www.youtube.com/watch?v=7tYh1Q3gvdc
Streetfighters,"Marcin Przybylowicz",,,youtube,_KWHFfrnnww,,"2026-10-09 10:26",,https://www.youtube.com/watch?v=_KWHFfrnnww
"Patri (di) ots","Marcin Przybylowicz",,,youtube,Rq72_txC9V8,,"2026-10-09 10:26",,https://www.youtube.com/watch?v=Rq72_txC9V8
"Mining Minds","Paul Leonard-Morgan",,,youtube,NzCCV6XDg2U,,"2026-10-09 10:26",,https://www.youtube.com/watch?v=NzCCV6XDg2U
"Rite of Passage","P.T. Adamczyk",,,youtube,nbpsjOlglj0,,"2026-10-09 10:26",,https://www.youtube.com/watch?v=nbpsjOlglj0
"The Voice in My Head","P.T. Adamczyk",,,youtube,0ByepYeNE_0,,"2026-10-09 10:26",,https://www.youtube.com/watch?v=0ByepYeNE_0
"Modern Anthill","Marcin Przybylowicz",,,youtube,G5oJxxIZXqc,,"2026-10-09 10:26",,https://www.youtube.com/watch?v=G5oJxxIZXqc
"The Sacred and the Profane","Paul Leonard-Morgan",,,youtube,5OOUs7hjU0Q,,"2026-10-09 10:26",,https://www.youtube.com/watch?v=5OOUs7hjU0Q
"Cyberwildlife Park","Marcin Przybylowicz",,,youtube,zx68LSsEGYo,,"2026-10-09 10:26",,https://www.youtube.com/watch?v=zx68LSsEGYo
"Consumer Cathedral","Marcin Przybylowicz",,,youtube,_xcQHUu3FWI,,"2026-10-09 10:26",,https://www.youtube.com/watch?v=_xcQHUu3FWI
"Juiced up","P.T. Adamczyk",,,youtube,LjEx6D6g7oQ,,"2026-10-09 10:26",,https://www.youtube.com/watch?v=LjEx6D6g7oQ
"Bells of Laguna Bend","Paul Leonard-Morgan",,,youtube,aL9D9gU4Jas,,"2026-10-09 10:26",,https://www.youtube.com/watch?v=aL9D9gU4Jas
"Urban Downunder","Marcin Przybylowicz",,,youtube,eCkl233ztxc,,"2026-10-09 10:26",,https://www.youtube.com/watch?v=eCkl233ztxc
Atlantis,"P.T. Adamczyk",,,youtube,RlPYaTvSUV0,,"2026-10-09 10:26",,https://www.youtube.com/watch?v=RlPYaTvSUV0
Cyberninja,"Marcin Przybylowicz",,,youtube,RIotNrEq388,,"2026-10-09 10:26",,https://www.youtube.com/watch?v=RIotNrEq388
"The Suits Are Scared","Paul Leonard-Morgan",,,youtube,0e7cUtCQLFk,,"2026-10-09 10:26",,https://www.youtube.com/watch?v=0e7cUtCQLFk
"Tower Lockdown","Paul Leonard-Morgan",,,youtube,5Vuam4a06As,,"2026-10-09 10:26",,https://www.youtube.com/watch?v=5Vuam4a06As
"Adam Smasher","Paul Leonard-Morgan",,,youtube,tYAhtSZHQ_o,,"2026-10-09 10:26",,https://www.youtube.com/watch?v=tYAhtSZHQ_o
"Hanako & Yorinobu","Paul Leonard-Morgan",,,youtube,8b-pET1iK9I,,"2026-10-09 10:26",,https://www.youtube.com/watch?v=8b-pET1iK9I
"Been Good to Know Ya","Marcin Przybylowicz",,,youtube,2PPBne6GGiw,,"2026-10-09 10:26",,https://www.youtube.com/watch?v=2PPBne6GGiw
"heXXXer / Entropia - Future Drugs - Ritual FM",,,,youtube,OKVa91rEaOI,,"2026-10-09 10:26",,https://www.youtube.com/watch?v=OKVa91rEaOI
"Forlorn Scourge / Mastiff - Acid Breather",,,,youtube,1RXp9HAw8L0,,"2026-10-09 10:26",,https://www.youtube.com/watch?v=1RXp9HAw8L0
"“Blurred” by Earth Trax — Cyberpunk: Edgerunners [OST]",,,,youtube,3ekP561YcbQ,,"2026-10-09 10:26",,https://www.youtube.com/watch?v=3ekP561YcbQ
"Mona Mitchell - Ice Maddox (Cyberpunk 2077 88.9 Pacific Dreams)",,,,youtube,Vs741AJsIoU,,"2026-10-09 10:26",,https://www.youtube.com/watch?v=Vs741AJsIoU
"Reviscerator - Yellow Box (Cyberpunk 2077 92.9 Night FM)",,,,youtube,ukXrSBsVQHw,,"2026-10-09 10:26",,https://www.youtube.com/watch?v=ukXrSBsVQHw
"Nina Kraviz - HARM SWEATY PIT - Continuous Track - Lyric less",,,,youtube,VeMWnpdPoTk,,"2026-10-09 10:26",,https://www.youtube.com/watch?v=VeMWnpdPoTk
"Cyberpunk 2077 “Heave Ho” Konrad OldMoney (XerzeX)ft.Frawst (All My Money On The Double) Lyric Video",,,,youtube,xl-7tbcygJQ,,"2026-10-09 10:26",,https://www.youtube.com/watch?v=xl-7tbcygJQ
"Daft Punk - Give Life Back to Music (Official Audio)",,,,youtube,IluRBvnYMoY,,"2026-10-09 10:26",,https://www.youtube.com/watch?v=IluRBvnYMoY
"David Bowie - D.J. (Official Video) [HD]",,,,youtube,MRRmU_pOXnk,,"2026-10-09 10:26",,https://www.youtube.com/watch?v=MRRmU_pOXnk
"deadmau5 ""Bot""",,,,youtube,-ayFq93cN9w,,"2026-10-09 10:26",,https://www.youtube.com/watch?v=-ayFq93cN9w
"Melleefresh vs deadmau5 / Afterhours (Original Mix)",,,,youtube,v0v8VNLtNaI,,"2026-10-09 10:27",,https://www.youtube.com/watch?v=v0v8VNLtNaI
"Death Grips - You might think he loves you for your money but I know what he really loves you for...",,,,youtube,y2cQvZPX3OY,,"2026-10-09 10:27",,https://www.youtube.com/watch?v=y2cQvZPX3OY
"The Legend","Toby Fox",,,youtube,PibYmujLubI,,"2026-10-09 10:27",,https://www.youtube.com/watch?v=PibYmujLubI
"Pandora Palace","Toby Fox",,,youtube,q-5cXVcCOUs,,"2026-10-09 10:27",,https://www.youtube.com/watch?v=q-5cXVcCOUs
"32. Attack of the Killer Queen (DELTARUNE Chapter 2 Soundtrack) - Toby Fox",,,,youtube,XR2QQMfeJbg,,"2026-10-09 10:27",,https://www.youtube.com/watch?v=XR2QQMfeJbg
"Digitalism - ZRDLT (Rewind)",,,,youtube,ngQ8NfIcGHA,,"2026-10-09 10:27",,https://www.youtube.com/watch?v=ngQ8NfIcGHA
"Digitalism I want I want Live in Paradiso",,,,youtube,9rTWOp09jrQ,,"2026-10-09 10:27",,https://www.youtube.com/watch?v=9rTWOp09jrQ
"Disclosure - Jaded",,,,youtube,zjVSewbKllk,,"2026-10-09 10:27",,https://www.youtube.com/watch?v=zjVSewbKllk
"DJ Sliink + Skrillex + Wale - Saint Laurent (Official Audio)",,,,youtube,46zSY5CKIgw,,"2026-10-09 10:27",,https://www.youtube.com/watch?v=46zSY5CKIgw
"DJ Splash This Is My Life",,,,youtube,zyBDF2hgqcc,,"2026-10-09 10:27",,https://www.youtube.com/watch?v=zyBDF2hgqcc
"Donatachi - Bad Dream (with Muki)",,,,youtube,U_Cg5YkIC8Y,,"2026-10-09 10:27",,https://www.youtube.com/watch?v=U_Cg5YkIC8Y
"Drake - Jimmy Cooks (Lyrics) ft. 21 Savage",,,,youtube,P9ln_LwGn1g,,"2026-10-09 10:27",,https://www.youtube.com/watch?v=P9ln_LwGn1g
"Drake, 21 Savage - Rich Flex (Audio)",,,,youtube,I4DjHHVHWAE,,"2026-10-09 10:27",,https://www.youtube.com/watch?v=I4DjHHVHWAE
"DRAM - The Lay Down feat. H.E.R. & WATT (Official Video)",,,,youtube,KSmTAw0Qcm8,,"2026-10-09 10:27",,https://www.youtube.com/watch?v=KSmTAw0Qcm8
"Don Toliver - Lose My Mind (feat. Doja Cat) [From F1® The Movie] [Official Music Video]",,,,youtube,WWEs82u37Mw,,"2026-10-09 10:27",,https://www.youtube.com/watch?v=WWEs82u37Mw
"Fergie - Glamorous ft. Ludacris",,,,youtube,q0SyUgw98tE,,"2026-10-09 10:27",,https://www.youtube.com/watch?v=q0SyUgw98tE
"Fergie - Clumsy (Featuring Soulja Boy Tell 'Em) (Collipark Remix)",,,,youtube,EIAN_IR6RSY,,"2026-10-09 10:27",,https://www.youtube.com/watch?v=EIAN_IR6RSY
"FKA twigs - Video Girl",,,,youtube,2jhTiLuGezI,,"2026-10-09 10:27",,https://www.youtube.com/watch?v=2jhTiLuGezI
"Wait…is this how FKA twigs does drums??",,,,youtube,EMqghm_hL8U,,"2026-10-09 10:27",,https://www.youtube.com/watch?v=EMqghm_hL8U
"FKA twigs — Perfect Stranger (umru & Suicideyear edit)",,,,youtube,L8sUUkCQ_Jg,,"2026-10-09 10:27",,https://www.youtube.com/watch?v=L8sUUkCQ_Jg
"Flume - Innocence feat. AlunaGeorge",,,,youtube,juAnFFcMw3I,,"2026-10-09 10:27",,https://www.youtube.com/watch?v=juAnFFcMw3I
"td bank","food house",,,youtube,-GhZrJ1_AAs,,"2026-10-09 10:27",,https://www.youtube.com/watch?v=-GhZrJ1_AAs
"i hope you know","food house",,,youtube,v0sKyx5sGmo,,"2026-10-09 10:27",,https://www.youtube.com/watch?v=v0sKyx5sGmo
"Fortnite | Run It Lobby Music (S23 FNCS)",,,,youtube,NVC-Y4mTLo0,,"2026-10-09 10:27",,https://www.youtube.com/watch?v=NVC-Y4mTLo0
"Fortnite | 8-Bit Beat Lobby Music",,,,youtube,17SSniY_yhI,,"2026-10-09 10:27",,https://www.youtube.com/watch?v=17SSniY_yhI
"Fortnite | Swim Free Lobby Music (C5S2 Battle Pass)",,,,youtube,K6bD8k5ji7A,,"2026-10-09 10:27",,https://www.youtube.com/watch?v=K6bD8k5ji7A
"100 Boyfriends (Official No Budget At All Music Video) - Alice Longyu Gao",,,,youtube,GuPj_un4pQY,,"2026-10-09 10:27",,https://www.youtube.com/watch?v=GuPj_un4pQY
"Philly Nice - Friday Night Funkin' OST",,,,youtube,fwZ8jLFFL1Y,,"2026-10-09 10:27",,https://www.youtube.com/watch?v=fwZ8jLFFL1Y
"G-Eazy & Halsey - Him & I (Official Video)",,,,youtube,SA7AIQw-7Ms,,"2026-10-09 10:27",,https://www.youtube.com/watch?v=SA7AIQw-7Ms
"A LITTLE THEORIZING | Official Game Theory Song!",,,,youtube,zm_dS5oiVRs,,"2026-10-09 10:27",,https://www.youtube.com/watch?v=zm_dS5oiVRs
"Welcome to the World of Plastic Beach",,,,youtube,p0OVD0_YJnU,,"2026-10-09 10:27",,https://www.youtube.com/watch?v=p0OVD0_YJnU
"Gorillaz - Andromeda (Official Audio)",,,,youtube,9W44NWYwa1g,,"2026-10-09 10:27",,https://www.youtube.com/watch?v=9W44NWYwa1g
"Gorillaz - Strobelite (Official Video)",,,,youtube,DAXjiVuzlPw,,"2026-10-09 10:27",,https://www.youtube.com/watch?v=DAXjiVuzlPw
"Gorillaz - The Valley of the Pagans ft. Beck (Episode Eight)",,,,youtube,aNGA90mUJds,,"2026-10-09 10:27",,https://www.youtube.com/watch?v=aNGA90mUJds
"Gorillaz - Severed Head (3D Audio)",,,,youtube,tlbxUGSopPI,,"2026-10-09 10:27",,https://www.youtube.com/watch?v=tlbxUGSopPI
"Antony and the Johnsons  -  Bird Gerhl",,,,youtube,v1pZgrk_WCw,,"2026-10-09 10:27",,https://www.youtube.com/watch?v=v1pZgrk_WCw
"Madonna - What It Feels Like For A Girl (Official Video) [HD]",,,,youtube,qYwgG2oyUbA,,"2026-10-09 10:27",,https://www.youtube.com/watch?v=qYwgG2oyUbA
"Balcony - Girls (Official Video)",,,,youtube,4XCnQFf-EKY,,"2026-10-09 10:27",,https://www.youtube.com/watch?v=4XCnQFf-EKY
"Girl reunites with parents after years of separation.",,,,youtube,zabapTGV_0w,,"2026-10-09 10:27",,https://www.youtube.com/watch?v=zabapTGV_0w
"K3 - Mango Mango",,,,youtube,UZeNhGoC-gQ,,"2026-10-09 10:27",,https://www.youtube.com/watch?v=UZeNhGoC-gQ
"Havana Brown - We Run The Night (Explicit) ft. Pitbull",,,,youtube,AP4dnGkZne4,,"2026-10-09 10:27",,https://www.youtube.com/watch?v=AP4dnGkZne4
"One Thaumaturgy",Release,,,youtube,pE-NUyZ11Ks,,"2026-10-09 10:27",,https://www.youtube.com/watch?v=pE-NUyZ11Ks
"Henrik - Give it to me (Party Party TikTok Remix) Lyrics",,,,youtube,TaoyBeLajIQ,,"2026-10-09 10:27",,https://www.youtube.com/watch?v=TaoyBeLajIQ
"The Home Depot Theme Song with DIY Instruments!",,,,youtube,tn3D90zCEhs,,"2026-10-09 10:27",,https://www.youtube.com/watch?v=tn3D90zCEhs
"Furtive Ascencion","Cédric Menendez",,,youtube,bQs6hy7dR8I,,"2026-10-09 10:27",,https://www.youtube.com/watch?v=bQs6hy7dR8I
Drumbie,"Cédric Menendez",,,youtube,oUk9dGNL8bE,,"2026-10-09 10:27",,https://www.youtube.com/watch?v=oUk9dGNL8bE
"DISCOTECA MASHUP - IAmChino, Pitbull, R3hab - Discoteca x All Around The World (Try It Mashup)",,,,youtube,kGk0eJsFLR8,,"2026-10-09 10:27",,https://www.youtube.com/watch?v=kGk0eJsFLR8
"iamamiwhoami; u-2",,,,youtube,WB85HAUXbbM,,"2026-10-09 10:27",,https://www.youtube.com/watch?v=WB85HAUXbbM
"IC3PEAK - Плак-Плак",,,,youtube,Y6tDdjOmsCY,,"2026-10-09 10:27",,https://www.youtube.com/watch?v=Y6tDdjOmsCY
"Koi Boy - Jack Stauber",,,,youtube,xLsQZyX91Go,,"2026-10-09 10:27",,https://www.youtube.com/watch?v=xLsQZyX91Go
"Jay-Z & Kanye West  - Why I Love You",,,,youtube,HVD4lnfz0-M,,"2026-10-09 10:27",,https://www.youtube.com/watch?v=HVD4lnfz0-M
Sneakman,"HIDEKI NAGANUMA",,,youtube,SL_jZSRZ_Bo,,"2026-10-09 10:27",,https://www.youtube.com/watch?v=SL_jZSRZ_Bo
"B.B. Rights - Funky Radio",,,,youtube,v7NDtTZzvmE,,"2026-10-09 10:27",,https://www.youtube.com/watch?v=v7NDtTZzvmE
"Guitar Vader - Super Brothers",,,,youtube,8yz9FOI1YFc,,"2026-10-09 10:27",,https://www.youtube.com/watch?v=8yz9FOI1YFc
"Idol Taxi - O.K. !?House!!!!!?????",,,,youtube,rJ7HT9OR-ZY,,"2026-10-09 10:27",,https://www.youtube.com/watch?v=rJ7HT9OR-ZY
"Mix Master Mike - Patrol Knob",,,,youtube,l6yNYEJXYl0,,"2026-10-09 10:28",,https://www.youtube.com/watch?v=l6yNYEJXYl0
"Sneakman (Toronto Mix)","HIDEKI NAGANUMA",,,youtube,vWeHZSTa4wM,,"2026-10-09 10:28",,https://www.youtube.com/watch?v=vWeHZSTa4wM
"The Latch Brothers - Ill Victory Beat",,,,youtube,erNYeelWE8k,,"2026-10-09 10:28",,https://www.youtube.com/watch?v=erNYeelWE8k
"Rock It On (D.S.Remix)","HIDEKI NAGANUMA",,,youtube,QIzYQOh0QWg,,"2026-10-09 10:28",,https://www.youtube.com/watch?v=QIzYQOh0QWg
"JLS - She Makes Me Wanna ft. Dev",,,,youtube,FuwTgZOKcf8,,"2026-10-09 10:28",,https://www.youtube.com/watch?v=FuwTgZOKcf8
"STAND PROUD","Jin Hashimoto",,,youtube,oAzNQKbncxA,,"2026-10-09 10:28",,https://www.youtube.com/watch?v=oAzNQKbncxA
"Sexyback (DJ Wayne Williams Ol Skool Remix) (Blake Richardson Video)",,,,youtube,tUlUqoK0hi4,,"2026-10-09 10:28",,https://www.youtube.com/watch?v=tUlUqoK0hi4
"SexyBack Armand's Remix",,,,youtube,8pO7NpTieIE,,"2026-10-09 10:28",,https://www.youtube.com/watch?v=8pO7NpTieIE
"SexyBack (Pokerface Remix)","Justin Timberlake",,,youtube,3CkmSX_SWmw,,"2026-10-09 10:28",,https://www.youtube.com/watch?v=3CkmSX_SWmw
"Wednesday || Justin Timberlake - Sexyback (ft.timbaland & overlapped) #shorts",,,,youtube,DR5bbRp3EgY,,"2026-10-09 10:28",,https://www.youtube.com/watch?v=DR5bbRp3EgY
"What Goes Around...Comes Around (Junkie XL Small Room Mix)","Justin Timberlake",,,youtube,LB1KI9txWZU,,"2026-10-09 10:28",,https://www.youtube.com/watch?v=LB1KI9txWZU
"katamari mambo～塊シンドロームmix","Nobue Matsubara",,,youtube,q_gMELde_i0,,"2026-10-09 10:28",,https://www.youtube.com/watch?v=q_gMELde_i0
"I Kissed A Girl","Katy Perry",,,youtube,usvTbqTHwyw,,"2026-10-09 10:28",,https://www.youtube.com/watch?v=usvTbqTHwyw
"Kavinsky - Nightcall (Drive Original Movie Soundtrack) (Official Audio)",,,,youtube,MV_3Dpw-BRY,,"2026-10-09 10:28",,https://www.youtube.com/watch?v=MV_3Dpw-BRY
"KAYTRANADA - YOU'RE THE ONE (feat. SYD)",,,,youtube,rKlA5tRu6f0,,"2026-10-09 10:28",,https://www.youtube.com/watch?v=rKlA5tRu6f0
"KC Flightt   Planet E",,,,youtube,1lZhCuBSc-4,,"2026-10-09 10:28",,https://www.youtube.com/watch?v=1lZhCuBSc-4
"Kendrick Lamar - Rigamortis (Official Video)",,,,youtube,yh6QxtRpSH8,,"2026-10-09 10:28",,https://www.youtube.com/watch?v=yh6QxtRpSH8
"m.A.A.d city","Kendrick Lamar",,,youtube,mprkqDNUQb0,,"2026-10-09 10:28",,https://www.youtube.com/watch?v=mprkqDNUQb0
DUCKWORTH.,"Kendrick Lamar",,,youtube,Dm-foWGDBF0,,"2026-10-09 10:28",,https://www.youtube.com/watch?v=Dm-foWGDBF0
"meet the grahams",,,,youtube,2QiFl9Dc7D0,,"2026-10-09 10:28",,https://www.youtube.com/watch?v=2QiFl9Dc7D0
"KOBE - KEVIN ABSTRACT",,,,youtube,12OUzMn4vkE,,"2026-10-09 10:28",,https://www.youtube.com/watch?v=12OUzMn4vkE
"The Kid LAROI - WITHOUT YOU (Official Video)",,,,youtube,SJOKlqJho8U,,"2026-10-09 10:28",,https://www.youtube.com/watch?v=SJOKlqJho8U
"Another One - Kim Petras (Official Lyric Video)",,,,youtube,T2OMwf38AKM,,"2026-10-09 10:28",,https://www.youtube.com/watch?v=T2OMwf38AKM
"Knocked Loose ""Deep in the Willow / Everything is Quiet Now"" (Official Music Video)",,,,youtube,H4KYH7LK2_0,,"2026-10-09 10:28",,https://www.youtube.com/watch?v=H4KYH7LK2_0
"倖田來未-KODA KUMI-『キューティーハニー』",,,,youtube,qllc2bYRFY4,,"2026-10-09 10:28",,https://www.youtube.com/watch?v=qllc2bYRFY4
"Lady Gaga - Bad Romance (EDM Remix) | Lista Agung",,,,youtube,aD4xIj7K2Qw,,"2026-10-09 10:28",,https://www.youtube.com/watch?v=aD4xIj7K2Qw
"Monster - Lady Gaga Lyrics Video",,,,youtube,xMTpHNNsRV0,,"2026-10-09 10:28",,https://www.youtube.com/watch?v=xMTpHNNsRV0
"Legend of Zelda Ocarina of Time 3DS Soundtrack - Kotake and Koume's Theme",,,,youtube,HgeJ5XJ9g2E,,"2026-10-09 10:28",,https://www.youtube.com/watch?v=HgeJ5XJ9g2E
"Redesign Your Logo (Bonus Track)","Lemon Demon again.",,,youtube,HXk-0_rETJ8,,"2026-10-09 10:28",,https://www.youtube.com/watch?v=HXk-0_rETJ8
"LISA - NEW WOMAN feat. Rosalía (Official Music Video)",,,,youtube,UxXY_hR_wzo,,"2026-10-09 10:28",,https://www.youtube.com/watch?v=UxXY_hR_wzo
"LMFAO - I'm In Miami Trick",,,,youtube,EBRhoB5V_fA,,"2026-10-09 10:28",,https://www.youtube.com/watch?v=EBRhoB5V_fA
"Like A Boss (ft. Seth Rogen) - Uncensored Version",,,,youtube,NisCkxU544c,,"2026-10-09 10:28",,https://www.youtube.com/watch?v=NisCkxU544c
"Motherlover (feat. Justin Timberlake)",,,,youtube,X0DeIqJm4vM,,"2026-10-09 10:28",,https://www.youtube.com/watch?v=X0DeIqJm4vM
"[MV] 이달의 소녀 (LOONA) ""Hi High""",,,,youtube,846cjX0ZTrk,,"2026-10-09 10:28",,https://www.youtube.com/watch?v=846cjX0ZTrk
"Beethoven - Für Elise",,,,youtube,wfF0zHeU3Zs,,"2026-10-09 10:28",,https://www.youtube.com/watch?v=wfF0zHeU3Zs
"Ionic Funk (20xx Battle Music)",Release,,,youtube,4RRclk-AWWg,,"2026-10-09 10:28",,https://www.youtube.com/watch?v=4RRclk-AWWg
"Major Lazer - Light It Up (feat. Nyla) [Official Lyric Video]",,,,youtube,AO7Suyq3xJA,,"2026-10-09 10:28",,https://www.youtube.com/watch?v=AO7Suyq3xJA
Crystarium,Release,,,youtube,B-6jLh67iVQ,,"2026-10-09 10:28",,https://www.youtube.com/watch?v=B-6jLh67iVQ
"Mount Wario [150cc] - 1:40.545 - F (Mario Kart 8 Deluxe World Record)",,,,youtube,3ZnHO8Q0464,,"2026-10-09 10:28",,https://www.youtube.com/watch?v=3ZnHO8Q0464
"Mount Wario [150cc] - 1:40.545 - F (Mario Kart 8 Deluxe World Record)",,,,youtube,3ZnHO8Q0464,,"2026-10-09 10:28",,https://www.youtube.com/watch?v=3ZnHO8Q0464
"M|A|R|R|S - Pump Up The Volume (Official Video)",,,,youtube,w9gOQgfPW4Y,,"2026-10-09 10:28",,https://www.youtube.com/watch?v=w9gOQgfPW4Y
"M.C. Hammer - U Can't Touch This",,,,youtube,otCpCn0l4Wo,,"2026-10-09 10:28",,https://www.youtube.com/watch?v=otCpCn0l4Wo
"Gold Guns Girls [Official Music Video] - METRIC",,,,youtube,FRtd8ArvH_s,,"2026-10-09 10:28",,https://www.youtube.com/watch?v=FRtd8ArvH_s
Bingo,M.I.A.,,,youtube,JGwp3MpcY-Q,,"2026-10-09 10:28",,https://www.youtube.com/watch?v=JGwp3MpcY-Q
"Bamboo Banga",M.I.A.,,,youtube,w-itOhPuOSU,,"2026-10-09 10:28",,https://www.youtube.com/watch?v=w-itOhPuOSU
"The Turn",M.I.A.,,,youtube,3XX_GIR1yvY,,"2026-10-09 10:28",,https://www.youtube.com/watch?v=3XX_GIR1yvY
"Already Over - Mike Shinoda",,,,youtube,tDWnnsQkNpo,,"2026-10-09 10:28",,https://www.youtube.com/watch?v=tDWnnsQkNpo
"C418 - Living Mice - Minecraft Volume Alpha",,,,youtube,oGxQNQtnr6Q,,"2026-10-09 10:28",,https://www.youtube.com/watch?v=oGxQNQtnr6Q
Oxygène,"Daniel Rosenfeld",,,youtube,t1o1P0tHKTc,,"2026-10-09 10:28",,https://www.youtube.com/watch?v=t1o1P0tHKTc
"C418 - Équinoxe - Minecraft Volume Alpha",,,,youtube,_14Xf_j_C5o,,"2026-10-09 10:29",,https://www.youtube.com/watch?v=_14Xf_j_C5o
"Minecraft Volume Alpha - 15 - Chris",,,,youtube,yGj4a9ZtFeA,,"2026-10-09 10:29",,https://www.youtube.com/watch?v=yGj4a9ZtFeA
"C418 - Biome Fest (Minecraft Volume Beta)",,,,youtube,8sglGXAfHLc,,"2026-10-09 10:29",,https://www.youtube.com/watch?v=8sglGXAfHLc
"C418 - Ward (Minecraft Volume Beta)",,,,youtube,zqw8FylO_Y8,,"2026-10-09 10:29",,https://www.youtube.com/watch?v=zqw8FylO_Y8
"Lena Raine - ""Pigstep"" (Minecraft Music Disc)",,,,youtube,_5vLDyfb4m8,,"2026-10-09 10:29",,https://www.youtube.com/watch?v=_5vLDyfb4m8
Wending,"Lena Raine",,,youtube,uPM--9Gar60,,"2026-10-09 10:29",,https://www.youtube.com/watch?v=uPM--9Gar60
Firebugs,"Lena Raine",,,youtube,DoUW5ZkblTs,,"2026-10-09 10:29",,https://www.youtube.com/watch?v=DoUW5ZkblTs
"Mr. Oizo - Cheeree (Official Audio)",,,,youtube,p_VDRI0jXc0,,"2026-10-09 10:29",,https://www.youtube.com/watch?v=p_VDRI0jXc0
"MSTRKRFT - 1000 Cigarettes",,,,youtube,r8f4geudZtE,,"2026-10-09 10:29",,https://www.youtube.com/watch?v=r8f4geudZtE
"Nadia Oh 'No Bueno'",,,,youtube,4M0oaqR60wg,,"2026-10-09 10:29",,https://www.youtube.com/watch?v=4M0oaqR60wg
"Tape You",N.E.R.D.,,,youtube,_3GO3fLzCEY,,"2026-10-09 10:29",,https://www.youtube.com/watch?v=_3GO3fLzCEY
"N.E.R.D - She Wants To Move (DFA Remix)",,,,youtube,SmIRexKg0jo,,"2026-10-09 10:29",,https://www.youtube.com/watch?v=SmIRexKg0jo
"Lenny Kravitz - Honey (Official Music Video)",,,,youtube,azRue-MJppE,,"2026-10-09 10:29",,https://www.youtube.com/watch?v=azRue-MJppE
"N.E.R.D. The Way She Dances",,,,youtube,aZWU4Z8mLgI,,"2026-10-09 10:29",,https://www.youtube.com/watch?v=aZWU4Z8mLgI
"Intro / Time For Some Action",N.E.R.D.,,,youtube,vkNskvWB1hc,,"2026-10-09 10:29",,https://www.youtube.com/watch?v=vkNskvWB1hc
"Love Bomb",N.E.R.D.,,,youtube,hcnKLCwHxyk,,"2026-10-09 10:29",,https://www.youtube.com/watch?v=hcnKLCwHxyk
"N.E.R.D. - Hypnotize U",,,,youtube,YM-41D89rdc,,"2026-10-09 10:29",,https://www.youtube.com/watch?v=YM-41D89rdc
"NERO 'PROMISES' (SKRILLEX AND NERO REMIX)",,,,youtube,VZMfhtKa-wo,,"2026-10-09 10:29",,https://www.youtube.com/watch?v=VZMfhtKa-wo
"NERO 'PROMISES' (SKRILLEX AND NERO REMIX)",,,,youtube,VZMfhtKa-wo,,"2026-10-09 10:29",,https://www.youtube.com/watch?v=VZMfhtKa-wo
"Nia Archives - F.A.M.I.L.Y",,,,youtube,YalCKYjrQDY,,"2026-10-09 10:29",,https://www.youtube.com/watch?v=YalCKYjrQDY
"Nintendo Switch How-To Series: How to Attach the Joy-Con Straps",,,,youtube,CkrP6pQ4bjg,,"2026-10-09 10:29",,https://www.youtube.com/watch?v=CkrP6pQ4bjg
"Notorious Thugs (2014 Remaster)","The Notorious B.I.G.",,,youtube,qDaG-yyuRpM,,"2026-10-09 10:29",,https://www.youtube.com/watch?v=qDaG-yyuRpM
"O-Zone - Dragosta Din Tei (SebastiAn Remix)",,,,youtube,APZ0XDbgiX0,,"2026-10-09 10:29",,https://www.youtube.com/watch?v=APZ0XDbgiX0
"OK Go - Obsession - Official Video",,,,youtube,LgmxMuW6Fsc,,"2026-10-09 10:29",,https://www.youtube.com/watch?v=LgmxMuW6Fsc
"Ollie King OST - Boader 70 - Hideki Naganuma",,,,youtube,gq7TiuxDLjE,,"2026-10-09 10:29",,https://www.youtube.com/watch?v=gq7TiuxDLjE
"[OST] Ollie King Original Soundtrack [Track 08] Boarder 70 (Somethin' Jazzy For Your Mind Mix)",,,,youtube,-zlf8tWMO2g,,"2026-10-09 10:29",,https://www.youtube.com/watch?v=-zlf8tWMO2g
"Panic! At The Disco: I Write Sins Not Tragedies [OFFICIAL VIDEO]",,,,youtube,vc6vs-l5dkc,,"2026-10-09 10:29",,https://www.youtube.com/watch?v=vc6vs-l5dkc
"Panic! At The Disco: But It's Better If You Do [OFFICIAL VIDEO]",,,,youtube,uBtH2YlNiNc,,"2026-10-09 10:29",,https://www.youtube.com/watch?v=uBtH2YlNiNc
"Panic! At The Disco: The Ballad Of Mona Lisa [OFFICIAL VIDEO]",,,,youtube,gOgpdp3lP8M,,"2026-10-09 10:29",,https://www.youtube.com/watch?v=gOgpdp3lP8M
"[Official Music Video] Perfume「Magic of Love」",,,,youtube,NhI2mp-WIck,,"2026-10-09 10:29",,https://www.youtube.com/watch?v=NhI2mp-WIck
"Keep It Playa",Pharrell,,,youtube,-MQ0i1bEUAg,,"2026-10-09 10:29",,https://www.youtube.com/watch?v=-MQ0i1bEUAg
"Take It Off (Dim The Lights)",Pharrell,,,youtube,_sI3wpME7ls,,"2026-10-09 10:29",,https://www.youtube.com/watch?v=_sI3wpME7ls
"Stay With Me",Pharrell,,,youtube,M1hkyQB2s9w,,"2026-10-09 10:29",,https://www.youtube.com/watch?v=M1hkyQB2s9w
"Our Father",Pharrell,,,youtube,nc-v3YjplJc,,"2026-10-09 10:29",,https://www.youtube.com/watch?v=nc-v3YjplJc
"Choppa Won't Miss","Playboi Carti",,,youtube,eZZm372aIC4,,"2026-10-09 10:29",,https://www.youtube.com/watch?v=eZZm372aIC4
"""BACKR00MS"" FT TRAVIS SCOTT SEXISDEATH INDIANA420BITCH",,,,youtube,ftaXMKV3ffE,,"2026-10-09 10:29",,https://www.youtube.com/watch?v=ftaXMKV3ffE
"The Presets - Are You Here? (Official Audio) ft. DMA'S",,,,youtube,Af7D1mbSUhY,,"2026-10-09 10:29",,https://www.youtube.com/watch?v=Af7D1mbSUhY
"Pulp Fiction Theme: Surf Rider",,,,youtube,VXi3mCfv15k,,"2026-10-09 10:29",,https://www.youtube.com/watch?v=VXi3mCfv15k
"Pusha T - Rock N Roll ft. Ye & Kid Cudi (Visualizer)",,,,youtube,0vkFnBuGNPA,,"2026-10-09 10:29",,https://www.youtube.com/watch?v=0vkFnBuGNPA
"Queen Latifah - U.N.I.T.Y.",,,,youtube,f8cHxydDb7o,,"2026-10-09 10:29",,https://www.youtube.com/watch?v=f8cHxydDb7o
"R.E.M. - Losing My Religion (Official HD Music Video)",,,,youtube,xwtdhWltSIg,,"2026-10-09 10:29",,https://www.youtube.com/watch?v=xwtdhWltSIg
"Epic Rap Battle! - Rhett & Link",,,,youtube,7ov1DDjHt8c,,"2026-10-09 10:29",,https://www.youtube.com/watch?v=7ov1DDjHt8c
"I am a Thoughtful Guy - Rhett & Link - Music Video",,,,youtube,U6y7YOlldek,,"2026-10-09 10:29",,https://www.youtube.com/watch?v=U6y7YOlldek
"My OCD (Song)",,,,youtube,tnzz-eFmKaw,,"2026-10-09 10:29",,https://www.youtube.com/watch?v=tnzz-eFmKaw
"Shoot-'em-up - Rhythm Heaven",,,,youtube,Hq9jd0JkegQ,,"2026-10-09 10:29",,https://www.youtube.com/watch?v=Hq9jd0JkegQ
"[Rhythm Heaven] - Shoot-'Em-Up 2 (Perfect) (English)",,,,youtube,SxfUxSrpFN4,,"2026-10-09 10:29",,https://www.youtube.com/watch?v=SxfUxSrpFN4
"Super Smash Heaven (Rhythm Heaven x Smash Bros Animation)",,,,youtube,DJJmpVvEQ94,,"2026-10-09 10:29",,https://www.youtube.com/watch?v=DJJmpVvEQ94
"[Rhythm Tengoku] - Remix 3 (Perfect) (English) (HQ)",,,,youtube,Y4gUPLUZAfs,,"2026-10-09 10:29",,https://www.youtube.com/watch?v=Y4gUPLUZAfs
"Dog Ninja - Rhythm Heaven",,,,youtube,oFmtEC5MxjQ,,"2026-10-09 10:29",,https://www.youtube.com/watch?v=oFmtEC5MxjQ
"[Clone Hero] Masami Yone - Remix 8",,,,youtube,oSkzi7uP-Mw,,"2026-10-09 10:29",,https://www.youtube.com/watch?v=oSkzi7uP-Mw
"[Clone Hero] Masami Yone - Remix 8",,,,youtube,oSkzi7uP-Mw,,"2026-10-09 10:29",,https://www.youtube.com/watch?v=oSkzi7uP-Mw
"[Rhythm Heaven Fever] ~ See-Saw (Perfect)",,,,youtube,5RJM5t2ZFzU,,"2026-10-09 10:30",,https://www.youtube.com/watch?v=5RJM5t2ZFzU
"[Rhythm Heaven Fever] ~ Samurai Slice (Perfect)",,,,youtube,jyZbt5obvQg,,"2026-10-09 10:30",,https://www.youtube.com/watch?v=jyZbt5obvQg
"[Rhythm Heaven Fever] ~ Exhibition Match (Perfect)",,,,youtube,wx2L_epxi4s,,"2026-10-09 10:30",,https://www.youtube.com/watch?v=wx2L_epxi4s
"[Rhythm Heaven Fever] ~ Samurai Slice 2 (Perfect)",,,,youtube,pMsmfGtWC04,,"2026-10-09 10:30",,https://www.youtube.com/watch?v=pMsmfGtWC04
"[Rhythm Heaven Fever] ~ Love Rap 2 (Perfect)",,,,youtube,6Zux4Vw4_jw,,"2026-10-09 10:30",,https://www.youtube.com/watch?v=6Zux4Vw4_jw
"Rhythm Heaven Fever - Dreams of Our Generation/Night Walk (PERFECT)",,,,youtube,QhhoPxCWZeg,,"2026-10-09 10:30",,https://www.youtube.com/watch?v=QhhoPxCWZeg
"Rina sawayama, Pabllo Vittar - Come Des garçons (Like the boys) Music Vídeo",,,,youtube,LgGDcZfIKks,,"2026-10-09 10:30",,https://www.youtube.com/watch?v=LgGDcZfIKks
"ROSALÍA - Berghain (Official Video) feat. Björk & Yves Tumor",,,,youtube,htQBS2Ikz6c,,"2026-10-09 10:30",,https://www.youtube.com/watch?v=htQBS2Ikz6c
"Pretty Rave Girl 2010 - S3RL",,,,youtube,WaNwvukxz64,,"2026-10-09 10:30",,https://www.youtube.com/watch?v=WaNwvukxz64
"Pretty Rave Girl 2010 - S3RL",,,,youtube,WaNwvukxz64,,"2026-10-09 10:30",,https://www.youtube.com/watch?v=WaNwvukxz64
"Santana - Maria Maria (Official Video) ft. The Product G&B",,,,youtube,nPLV7lGbmT4,,"2026-10-09 10:30",,https://www.youtube.com/watch?v=nPLV7lGbmT4
"SASAMI - In Love With A Memory (feat. Clairo) (Official Video)",,,,youtube,uxBRKqZjwOQ,,"2026-10-09 10:30",,https://www.youtube.com/watch?v=uxBRKqZjwOQ
"music sounds WORSE with U - schnozz",,,,youtube,bZs40W5A3wE,,"2026-10-09 10:30",,https://www.youtube.com/watch?v=bZs40W5A3wE
"Sea Princesses Intro (1080p) [HD]",,,,youtube,-SikRKCb6JE,,"2026-10-09 10:30",,https://www.youtube.com/watch?v=-SikRKCb6JE
"Sesame Street: Do De Rubber Duck With Ernie",,,,youtube,W6_d22aMqZs,,"2026-10-09 10:30",,https://www.youtube.com/watch?v=W6_d22aMqZs
"Shinichi Osawa / Last Days",,,,youtube,x89Z14a4XB8,,"2026-10-09 10:30",,https://www.youtube.com/watch?v=x89Z14a4XB8
Foals,"MONDO GROSSO",,,youtube,_mJVCKrA6iI,,"2026-10-09 10:30",,https://www.youtube.com/watch?v=_mJVCKrA6iI
"Shinichi Osawa -The Golden",,,,youtube,EYWoxpixL8c,,"2026-10-09 10:30",,https://www.youtube.com/watch?v=EYWoxpixL8c
"Main Title (The Shining)","Wendy Carlos",,,youtube,pylfy_L6Bjs,,"2026-10-09 10:30",,https://www.youtube.com/watch?v=pylfy_L6Bjs
"Shygirl – SIREN (Basement Jaxx Joyride remix)",,,,youtube,ozcNEiGmoD8,,"2026-10-09 10:30",,https://www.youtube.com/watch?v=ozcNEiGmoD8
"SIAMÉS ""Summer Nights"" [Official Animated Video]",,,,youtube,hM7Eh0gGNKA,,"2026-10-09 10:30",,https://www.youtube.com/watch?v=hM7Eh0gGNKA
"We Are Your Friends (Edison Remix)",Simian,,,youtube,PERuxSCMGuc,,"2026-10-09 10:30",,https://www.youtube.com/watch?v=PERuxSCMGuc
"We Are Your Friends (Lee Cabrera' s ""Lower East Side"" Remix)",Simian,,,youtube,IxdKrfHqOGE,,"2026-10-09 10:30",,https://www.youtube.com/watch?v=IxdKrfHqOGE
"We Are Your Friends (Milke ""Heavy Friends"" Remix)",Simian,,,youtube,a4E7BEVBrnE,,"2026-10-09 10:30",,https://www.youtube.com/watch?v=a4E7BEVBrnE
"We Are Your Friends (Radioslave & Spencer Parker Re-Edit;Edit)",Simian,,,youtube,AwQYTsQTsuQ,,"2026-10-09 10:30",,https://www.youtube.com/watch?v=AwQYTsQTsuQ
"Dead Beat Sirah ft. Skrillex (official video)",,,,youtube,MKLlDnUqho4,,"2026-10-09 10:30",,https://www.youtube.com/watch?v=MKLlDnUqho4
"Skrillex - Dirty Vibe with Diplo, G-Dragon and CL (DJ Snake & Aazar Remix)",,,,youtube,n7ZvDelZCCY,,"2026-10-09 10:30",,https://www.youtube.com/watch?v=n7ZvDelZCCY
"Skrillex - Dirty Vibe with Diplo, CL and G-Dragon (CLEAN VERSION)",,,,youtube,-T_Koy3rOws,,"2026-10-09 10:30",,https://www.youtube.com/watch?v=-T_Koy3rOws
"Skrillex - Dirty Vibe with Diplo, G-Dragon and CL (Ricky Remedy Remix)",,,,youtube,a8e3YpcFF1w,,"2026-10-09 10:30",,https://www.youtube.com/watch?v=a8e3YpcFF1w
"Martin Garrix - Animals (Official Video)",,,,youtube,gCYcHz2k5x0,,"2026-10-09 10:30",,https://www.youtube.com/watch?v=gCYcHz2k5x0
"Celebrity - Slayyyter",,,,youtube,x4s4_GOv7Ac,,"2026-10-09 10:30",,https://www.youtube.com/watch?v=x4s4_GOv7Ac
"Last Dance with Mary Jane ft. Tom Petty & Jelly Roll (Official Music Video)",,,,youtube,rseqmSGH7xk,,"2026-10-09 10:30",,https://www.youtube.com/watch?v=rseqmSGH7xk
"Vs. Metal Sonic (Stardust Speedway Bad Future JP) - Sonic Generations [OST]",,,,youtube,t9A6788MNjk,,"2026-10-09 10:30",,https://www.youtube.com/watch?v=t9A6788MNjk
"Sonic 1 Music: Spring Yard Zone",,,,youtube,cDd_GlynA6A,,"2026-10-09 10:30",,https://www.youtube.com/watch?v=cDd_GlynA6A
"Quartz Quadrant - Sonic the Hedgehog CD [OST]",,,,youtube,srktqxSO_48,,"2026-10-09 10:30",,https://www.youtube.com/watch?v=srktqxSO_48
"Sonic CD   Quartz Quadrant Good Future JP/EU HD",,,,youtube,jk_SBhrIweU,,"2026-10-09 10:30",,https://www.youtube.com/watch?v=jk_SBhrIweU
"Sonic CD   Quartz Quadrant Bad Future JP/EU HD",,,,youtube,G73ROcQFWAo,,"2026-10-09 10:30",,https://www.youtube.com/watch?v=G73ROcQFWAo
"Quartz Quadrant - Sonic the Hedgehog CD [OST]",,,,youtube,srktqxSO_48,,"2026-10-09 10:30",,https://www.youtube.com/watch?v=srktqxSO_48
"Sonic CD Wacky Workbench Present JP/EU HD",,,,youtube,QnrIs8EO200,,"2026-10-09 10:30",,https://www.youtube.com/watch?v=QnrIs8EO200
"Sonic CD   Stardust Speedway Present JP/EU HD",,,,youtube,aAxSF4JESSU,,"2026-10-09 10:30",,https://www.youtube.com/watch?v=aAxSF4JESSU
"Sonic CD   Stardust Speedway Good Future JP/EU HD",,,,youtube,-hYVyoy85jI,,"2026-10-09 10:30",,https://www.youtube.com/watch?v=-hYVyoy85jI
"Sonic CD Stardust Speedway Bad Future JP/EU HD",,,,youtube,qVXeWfFTFGo,,"2026-10-09 10:30",,https://www.youtube.com/watch?v=qVXeWfFTFGo
"Sonic CD Metallic Madness Present JP/EU HD",,,,youtube,ghC33bPQQx0,,"2026-10-09 10:30",,https://www.youtube.com/watch?v=ghC33bPQQx0
"Final Fever - Sonic the Hedgehog CD [OST]",,,,youtube,EAgrD97g360,,"2026-10-09 10:30",,https://www.youtube.com/watch?v=EAgrD97g360
"Flying Battery Zone Act 1 - Sonic Mania [OST]",,,,youtube,zmo0bMoony8,,"2026-10-09 10:30",,https://www.youtube.com/watch?v=zmo0bMoony8
"Flying Battery Zone Act 2 - Sonic Mania [OST]",,,,youtube,e7nB-wNDDpw,,"2026-10-09 10:30",,https://www.youtube.com/watch?v=e7nB-wNDDpw
"Sonic & Knuckles Music: Sandopolis Zone Act 1",,,,youtube,wvskEyw-hzA,,"2026-10-09 10:30",,https://www.youtube.com/watch?v=wvskEyw-hzA
"Sonic the Hedgehog 3 Complete: Sandopolis Zone Act 2 (Sonic) [1080 HD]",,,,youtube,iHx2yG7A0X8,,"2026-10-09 10:30",,https://www.youtube.com/watch?v=iHx2yG7A0X8
"Sonic & Knuckles Music: Lava Reef Zone Act 1",,,,youtube,wo_4R17gYSY,,"2026-10-09 10:30",,https://www.youtube.com/watch?v=wo_4R17gYSY
"Sonic & Knuckles Music: Lava Reef Zone Act 2",,,,youtube,9utFNqhJUgY,,"2026-10-09 10:30",,https://www.youtube.com/watch?v=9utFNqhJUgY
"Act 1 Boss - Sonic the Hedgehog 3 [OST]",,,,youtube,2hZLABxySwE,,"2026-10-09 10:30",,https://www.youtube.com/watch?v=2hZLABxySwE
"Unknown From M. E. by Marlon Saunders (Theme of Knuckles)",,,,youtube,r8sB8N44eBE,,"2026-10-09 10:30",,https://www.youtube.com/watch?v=r8sB8N44eBE
"Miserable Girl",Soulwax,,,youtube,b9oUWYSp4Qk,,"2026-10-09 10:30",,https://www.youtube.com/watch?v=b9oUWYSp4Qk
"Miserable Girl",Soulwax,,,youtube,b9oUWYSp4Qk,,"2026-10-09 10:30",,https://www.youtube.com/watch?v=b9oUWYSp4Qk
"Justice - NY Excuse (Justice Remix) HD",,,,youtube,DonUCaJriqg,,"2026-10-09 10:31",,https://www.youtube.com/watch?v=DonUCaJriqg
"Metro Boomin, A$AP Rocky, Roisee - Am I Dreaming (Visualizer)",,,,youtube,7aUZtDaxS60,,"2026-10-09 10:31",,https://www.youtube.com/watch?v=7aUZtDaxS60
"Splattack! Jam Session (Squid Squad) - Splatoon OST",,,,youtube,YoSlJK_Qdpk,,"2026-10-09 10:31",,https://www.youtube.com/watch?v=YoSlJK_Qdpk
"♪ Squid Squad ᴘʟᴀʏʟɪsᴛ ♫ Caitlin Koi Lyric Video - Splatoon",,,,youtube,2f0qRjAUla8,,"2026-10-09 10:31",,https://www.youtube.com/watch?v=2f0qRjAUla8
"Inkopolis Squid Sisters SECRET in Splatoon 3!",,,,youtube,bZnwe-Ft7jc,,"2026-10-09 10:31",,https://www.youtube.com/watch?v=bZnwe-Ft7jc
"Ink Me Up - Splatoon OST",,,,youtube,LrsAKUnb3Qg,,"2026-10-09 10:31",,https://www.youtube.com/watch?v=LrsAKUnb3Qg
"Tentacular Circus (Turquoise October) - Splatoon OST",,,,youtube,nixAimHTbcI,,"2026-10-09 10:31",,https://www.youtube.com/watch?v=nixAimHTbcI
"Cephaloparade (Turquoise October) - Splatoon OST",,,,youtube,6UiZXXkMRxI,,"2026-10-09 10:31",,https://www.youtube.com/watch?v=6UiZXXkMRxI
"Maritime Memory (Squid Sisters) - Splatoon OST",,,,youtube,7Av7zVCBBF0,,"2026-10-09 10:31",,https://www.youtube.com/watch?v=7Av7zVCBBF0
"Inkopolis Square | Splatoon 2 VS Splatoon 3 COMPARISON",,,,youtube,zB9zgpkeylA,,"2026-10-09 10:31",,https://www.youtube.com/watch?v=zB9zgpkeylA
"How Inkopolis Square Changed - DLC Comparison (Splatoon 2 vs 3)",,,,youtube,JFaVPgOw1MY,,"2026-10-09 10:31",,https://www.youtube.com/watch?v=JFaVPgOw1MY
"How Inkopolis Square Changed - DLC Comparison (Splatoon 2 vs 3)",,,,youtube,JFaVPgOw1MY,,"2026-10-09 10:31",,https://www.youtube.com/watch?v=JFaVPgOw1MY
"♪ Inkoming! - Wet Floor ♫ Caitlin Koi Lyric Video - Splatoon 2",,,,youtube,9Hw0Gzp4a-U,,"2026-10-09 10:31",,https://www.youtube.com/watch?v=9Hw0Gzp4a-U
"Rip Entry - Splatoon 2 [Wet Floor]",,,,youtube,x544Tyjy3G4,,"2026-10-09 10:31",,https://www.youtube.com/watch?v=x544Tyjy3G4
"Undertow - Splatoon 2 [Wet Floor]",,,,youtube,0UmeWYqQIkM,,"2026-10-09 10:31",,https://www.youtube.com/watch?v=0UmeWYqQIkM
"Splatoon 2 Wet Floor Don't Slip MV ""Storyboard""",,,,youtube,78peVT7exdk,,"2026-10-09 10:31",,https://www.youtube.com/watch?v=78peVT7exdk
"Entropical Splatoon 2 Soundtrack",,,,youtube,JeCi0q7rhCQ,,"2026-10-09 10:31",,https://www.youtube.com/watch?v=JeCi0q7rhCQ
"Color Pulse - Splatoon 2 [Off the Hook]",,,,youtube,0CYyFle-At4,,"2026-10-09 10:31",,https://www.youtube.com/watch?v=0CYyFle-At4
"Splatoon 2 - Final Splatfest Announcement - Nintendo Switch",,,,youtube,PEk-Ib0n2Uc,,"2026-10-09 10:31",,https://www.youtube.com/watch?v=PEk-Ib0n2Uc
"Grand Festival - Ink Me Up (Squid Sisters)",,,,youtube,DuE2uB8todE,,"2026-10-09 10:31",,https://www.youtube.com/watch?v=DuE2uB8todE
"♪ Tide Goes Out ♫ [OLD] Caitlin Koi Music Video - Splatoon",,,,youtube,SeYsDvHdaeE,,"2026-10-09 10:31",,https://www.youtube.com/watch?v=SeYsDvHdaeE
"Splatoon 2 - Final Splatfest 'Thank You' Trailer - Nintendo Switch",,,,youtube,Ei2T9UFpw6Y,,"2026-10-09 10:31",,https://www.youtube.com/watch?v=Ei2T9UFpw6Y
"Splatoon 2: Octo Expansion [Music] #8 Regret - Dedf1sh",,,,youtube,v4F4YAfF99k,,"2026-10-09 10:31",,https://www.youtube.com/watch?v=v4F4YAfF99k
"Splatoon 2: Octo Expansion [Music] Splattack! (Octo)",,,,youtube,CE_Mp7eKfe8,,"2026-10-09 10:31",,https://www.youtube.com/watch?v=CE_Mp7eKfe8
"Gillty - Pianissimo [Splatoon 3 OST]",,,,youtube,cu3IP61v1qM,,"2026-10-09 10:31",,https://www.youtube.com/watch?v=cu3IP61v1qM
"Three-Horn Circus (Yoko and the Gold Bazookas) - Splatoon 3 OST",,,,youtube,BTHiok1sH84,,"2026-10-09 10:31",,https://www.youtube.com/watch?v=BTHiok1sH84
"Splatoon 3 - Color Pulse - Nintendo Switch",,,,youtube,-riwqN3jaBE,,"2026-10-09 10:31",,https://www.youtube.com/watch?v=-riwqN3jaBE
"Grand Festival - Fins in the Air (Deep Cut)",,,,youtube,Q8HqbuiXmQM,,"2026-10-09 10:31",,https://www.youtube.com/watch?v=Q8HqbuiXmQM
"Splatoon 3 - Big Betrayal - Nintendo Switch",,,,youtube,BMy7gvl3bXE,,"2026-10-09 10:31",,https://www.youtube.com/watch?v=BMy7gvl3bXE
"Crater Eighters Routine - Splatoon 3",,,,youtube,Fp66jwkX8J4,,"2026-10-09 10:31",,https://www.youtube.com/watch?v=Fp66jwkX8J4
"Crater Eighters Routine - [Turquoise October]",,,,youtube,7zWg-Q45fX8,,"2026-10-09 10:31",,https://www.youtube.com/watch?v=7zWg-Q45fX8
"Meeting the New Squidbeak Splatoon – Splatoon 3 Soundtrack [Return of the Mammalians]",,,,youtube,wlTjNd4ebSQ,,"2026-10-09 10:31",,https://www.youtube.com/watch?v=wlTjNd4ebSQ
"Nine Out Of Tension - [Octoplush]",,,,youtube,J5gqrZfwEB0,,"2026-10-09 10:31",,https://www.youtube.com/watch?v=J5gqrZfwEB0
"Smoke and Mirrors - [Octoplush]",,,,youtube,6QjcvHJuJqM,,"2026-10-09 10:31",,https://www.youtube.com/watch?v=6QjcvHJuJqM
"With Flying Colors - [Octoplush]",,,,youtube,dlHkH7iYf_M,,"2026-10-09 10:31",,https://www.youtube.com/watch?v=dlHkH7iYf_M
"Deep Cut: Anarchy Rainbow - Splatoon 3 - Nintendo Switch",,,,youtube,DtMOAvOWTvY,,"2026-10-09 10:31",,https://www.youtube.com/watch?v=DtMOAvOWTvY
"Bear with Me (Phase 2) - Grizzco Industries [Splatoon 3 OST]",,,,youtube,I3MoQiLD6Do,,"2026-10-09 10:31",,https://www.youtube.com/watch?v=I3MoQiLD6Do
"Tableturf Level Selection - Ancho-V Games [Splatoon 3 OST]",,,,youtube,BmoR2VZ8ufw,,"2026-10-09 10:31",,https://www.youtube.com/watch?v=BmoR2VZ8ufw
"Splatoon3 DLC OST 7 : Order Sector",,,,youtube,HyZG1QcatKo,,"2026-10-09 10:31",,https://www.youtube.com/watch?v=HyZG1QcatKo
"Routin3s - Free Association",,,,youtube,1dSGrv_vxOk,,"2026-10-09 10:31",,https://www.youtube.com/watch?v=1dSGrv_vxOk
"Routin3s - Free Association",,,,youtube,1dSGrv_vxOk,,"2026-10-09 10:31",,https://www.youtube.com/watch?v=1dSGrv_vxOk
"Routin3s - Free Association",,,,youtube,1dSGrv_vxOk,,"2026-10-09 10:31",,https://www.youtube.com/watch?v=1dSGrv_vxOk
"Squid - G.S.K. (Official Audio)",,,,youtube,Gb0Q5r4ZCa0,,"2026-10-09 10:31",,https://www.youtube.com/watch?v=Gb0Q5r4ZCa0
"Stardust - Music Sounds Better With You (Cover) | Keystep 37 + Microfreak #ableton #arturia",,,,youtube,yRjI4A1aW80,,"2026-10-09 10:31",,https://www.youtube.com/watch?v=yRjI4A1aW80
"Fly Like An Eagle","Steve Miller Band",,,youtube,WuXwSyahgW4,,"2026-10-09 10:31",,https://www.youtube.com/watch?v=WuXwSyahgW4
"Lil Wayne, Wiz Khalifa & Imagine Dragons w/ Logic & Ty Dolla $ign ft X Ambassadors - Sucker for Pain",,,,youtube,-59jGD4WrmE,,"2026-10-09 10:31",,https://www.youtube.com/watch?v=-59jGD4WrmE
"Super Mario Bros. 2 - Music - Starman / Invincibility",,,,youtube,Sxk1jcZ_Y78,,"2026-10-09 10:31",,https://www.youtube.com/watch?v=Sxk1jcZ_Y78
"Demon King Koopa - Super Mario Bros. 3",,,,youtube,X35-4bMtplc,,"2026-10-09 10:31",,https://www.youtube.com/watch?v=X35-4bMtplc
"Super Mario Sunshine HD Boss 14 - Mecha-Bowser",,,,youtube,LVNCx0ad4Tg,,"2026-10-09 10:31",,https://www.youtube.com/watch?v=LVNCx0ad4Tg
"Game Boy Tetris Music A",,,,youtube,z3ZiVn5L9vM,,"2026-10-09 10:31",,https://www.youtube.com/watch?v=z3ZiVn5L9vM
"T.I. - Dead & Gone ft. Justin Timberlake [Official Video]",,,,youtube,6mEx9FtuN0k,,"2026-10-09 10:31",,https://www.youtube.com/watch?v=6mEx9FtuN0k
"Nasty (Match My Sleek Remix) [ChopNotSlop] (Match My Sleek Remix (ChopNot Slop))",Tinashe,,,youtube,o2PpiOh94-0,,"2026-10-09 10:32",,https://www.youtube.com/watch?v=o2PpiOh94-0
"Travis Scott - 90210 (2nd Part)",,,,youtube,GUeoiabUn3w,,"2026-10-09 10:32",,https://www.youtube.com/watch?v=GUeoiabUn3w
"Travis Scott - STOP TRYING TO BE GOD (Official Video)",,,,youtube,YqvCptqhHfs,,"2026-10-09 10:32",,https://www.youtube.com/watch?v=YqvCptqhHfs
"Travis Scott & Drake - MELTDOWN (Lyrics)",,,,youtube,ZXFlpbH4XzI,,"2026-10-09 10:32",,https://www.youtube.com/watch?v=ZXFlpbH4XzI
"FIND YOUR WINGS","Tyler, The Creator",,,youtube,Zf_TvbfP-TU,,"2026-10-09 10:32",,https://www.youtube.com/watch?v=Zf_TvbfP-TU
"MANIFESTO (Audio)",,,,youtube,VnDXCoHRl4o,,"2026-10-09 10:32",,https://www.youtube.com/watch?v=VnDXCoHRl4o
"underscores 'Old money bitch' Official Video",,,,youtube,fG7foCO6wfc,,"2026-10-09 10:32",,https://www.youtube.com/watch?v=fG7foCO6wfc
"underscores 'Stupid (Can't run from the urge)' Lyric Video",,,,youtube,peZwDIPyDEA,,"2026-10-09 10:32",,https://www.youtube.com/watch?v=peZwDIPyDEA
"Do you REALLY need Vitamin C for your anti-aging skincare routine?",,,,youtube,nN_TuyKBLFM,,"2026-10-09 10:32",,https://www.youtube.com/watch?v=nN_TuyKBLFM
garby,whoTF,,,youtube,KaHtsGxa6YU,,"2026-10-09 10:32",,https://www.youtube.com/watch?v=KaHtsGxa6YU
"Wizkid - Essence (Official Video) ft. Tems",,,,youtube,jipQpjUA_o8,,"2026-10-09 10:32",,https://www.youtube.com/watch?v=jipQpjUA_o8
"Mark Snow - Materia Primoris: The X-Files Theme (Main Title) (Official Audio)",,,,youtube,Qz2wnSVeITg,,"2026-10-09 10:32",,https://www.youtube.com/watch?v=Qz2wnSVeITg
"Cordae - Broke As F**k [Official Music Video]",,,,youtube,5_NPnrDGFps,,"2026-10-09 10:32",,https://www.youtube.com/watch?v=5_NPnrDGFps
"Young Jeezy - Over Here ft. Bun B",,,,youtube,Ys9Ga2Tpy40,,"2026-10-09 10:32",,https://www.youtube.com/watch?v=Ys9Ga2Tpy40
"Jeezy - Soul Survivor ft. Akon",,,,youtube,gczBgNB-p1w,,"2026-10-09 10:32",,https://www.youtube.com/watch?v=gczBgNB-p1w
"The Young Punx - MASHitUP",,,,youtube,4EWWACM0ZaU,,"2026-10-09 10:32",,https://www.youtube.com/watch?v=4EWWACM0ZaU
"MASHitUP (Shir Khan Mix)","The Young Punx",,,youtube,4iGG7G_htGk,,"2026-10-09 10:32",,https://www.youtube.com/watch?v=4iGG7G_htGk
"MASHitUP (Kam Denny Dub)","The Young Punx",,,youtube,ccXjiBHSYN0,,"2026-10-09 10:32",,https://www.youtube.com/watch?v=ccXjiBHSYN0
"MASHitUP (Junior Black Mix)","The Young Punx",,,youtube,Ayryq_RH62Q,,"2026-10-09 10:32",,https://www.youtube.com/watch?v=Ayryq_RH62Q
"Juice and Gin (Riva Starr Mix)","The Young Punx",,,youtube,82ekzArG_rs,,"2026-10-09 10:32",,https://www.youtube.com/watch?v=82ekzArG_rs
"I'll Be Your Everything - Youngstown",,,,youtube,NprJcyoySFk,,"2026-10-09 10:32",,https://www.youtube.com/watch?v=NprJcyoySFk
"YSEULT - B**** YOU COULD NEVER (Official Music Video)",,,,youtube,XJgh_D379jU,,"2026-10-09 10:32",,https://www.youtube.com/watch?v=XJgh_D379jU
"100 gecs - Fishcenter Live 10/20/2019 (Concert Portion) 3-Songs",,,,youtube,_6KXVL9rMy8,,"2026-10-09 10:32",,https://www.youtube.com/watch?v=_6KXVL9rMy8
"A. G. Cook X OPN ‎- Bubs [Edit]",,,,youtube,hEewk3Pr3-s,,"2026-10-09 10:32",,https://www.youtube.com/watch?v=hEewk3Pr3-s
"A. G. Cook - Britpop",,,,youtube,kmhvFpsjLi8,,"2026-10-09 10:32",,https://www.youtube.com/watch?v=kmhvFpsjLi8
"AFROJACK - Ten Feet Tall (Lyric Video) ft. Wrabel",,,,youtube,bltr_Dsk5EY,,"2026-10-09 10:32",,https://www.youtube.com/watch?v=bltr_Dsk5EY
Yellow,Aminé,,,youtube,eHAEL4shHoU,,"2026-10-09 10:32",,https://www.youtube.com/watch?v=eHAEL4shHoU
"360 by charli xcx but it's the remix with aminé so it's 360.5 (mashup)",,,,youtube,VMWY6eX_yCg,,"2026-10-09 10:32",,https://www.youtube.com/watch?v=VMWY6eX_yCg
"AJJ - Personal Space Invader",,,,youtube,ME-qdnkqAWw,,"2026-10-09 10:32",,https://www.youtube.com/watch?v=ME-qdnkqAWw
"12am - Animal Crossing Wild World",,,,youtube,9JWDSqLEAZE,,"2026-10-09 10:32",,https://www.youtube.com/watch?v=9JWDSqLEAZE
"Peek 82454201","Aphex Twin",,,youtube,ekk7I7fh_4I,,"2026-10-09 10:32",,https://www.youtube.com/watch?v=ekk7I7fh_4I
"All Macintosh Startup Sounds 1980-2022",,,,youtube,UtGKKUWXOaI,,"2026-10-09 10:32",,https://www.youtube.com/watch?v=UtGKKUWXOaI
"Billie Eilish - What Was I Made For? (From The Motion Picture ""Barbie"") [The Barbie Montage]",,,,youtube,ML0zd8UAuq8,,"2026-10-09 10:32",,https://www.youtube.com/watch?v=ML0zd8UAuq8
"beabadoobee - tinkerbell is overrated feat. PinkPantheress",,,,youtube,U7BVFtlFngA,,"2026-10-09 10:32",,https://www.youtube.com/watch?v=U7BVFtlFngA
"Billie Eilish - BITTERSUITE (Official Lyric Video)",,,,youtube,LmVw3u3SxoA,,"2026-10-09 10:32",,https://www.youtube.com/watch?v=LmVw3u3SxoA
"im not gonna teach your boyfriend how to dance with you",,,,youtube,Cou2q1PC5Ag,,"2026-10-09 10:32",,https://www.youtube.com/watch?v=Cou2q1PC5Ag
Refuse,"Swami Sound",,,youtube,A62q8n07EkY,,"2026-10-09 10:32",,https://www.youtube.com/watch?v=A62q8n07EkY
"SAN MARCOS - BROCKHAMPTON",,,,youtube,RcGLwkl37jg,,"2026-10-09 10:32",,https://www.youtube.com/watch?v=RcGLwkl37jg
"The Family - BROCKHAMPTON",,,,youtube,V-Z2lSnddEQ,,"2026-10-09 10:32",,https://www.youtube.com/watch?v=V-Z2lSnddEQ
"Brum intro (Dutch/Nederlands) (HD)",,,,youtube,goHPL9KvSIo,,"2026-10-09 10:32",,https://www.youtube.com/watch?v=goHPL9KvSIo
"Busta Rhymes ‎- Woo-Hah!! Got You All In Check (Official Video) [Explicit]",,,,youtube,EQzvQO2LcA4,,"2026-10-09 10:32",,https://www.youtube.com/watch?v=EQzvQO2LcA4
"Cee Lo Green - Forget You",,,,youtube,bKxodgpyGec,,"2026-10-09 10:32",,https://www.youtube.com/watch?v=bKxodgpyGec
"Charli XCX - After The Afterparty (Alan Walker remix) [Official Audio]",,,,youtube,ATWptPy9F3k,,"2026-10-09 10:32",,https://www.youtube.com/watch?v=ATWptPy9F3k
"Charli xcx - Von dutch (official video)",,,,youtube,cwZ1L_0QLjw,,"2026-10-09 10:32",,https://www.youtube.com/watch?v=cwZ1L_0QLjw
"Charli XCX - Official [Official Audio]",,,,youtube,W8gIH2fZhNk,,"2026-10-09 10:32",,https://www.youtube.com/watch?v=W8gIH2fZhNk
"""Play Him Off, Keyboard Cat"" by Charlie Schmidt",,,,youtube,DK7CVqbtW0A,,"2026-10-09 10:32",,https://www.youtube.com/watch?v=DK7CVqbtW0A
"Cdbaby♡ - chloe moriondo (official audio)",,,,youtube,keP1ifh5aow,,"2026-10-09 10:32",,https://www.youtube.com/watch?v=keP1ifh5aow
"Cola Boy - Seven ways to love",,,,youtube,u1oyorCEDo0,,"2026-10-09 10:32",,https://www.youtube.com/watch?v=u1oyorCEDo0
"Coldplay-Til kingdom come (with lyrics)",,,,youtube,fqHNzlms-ok,,"2026-10-09 10:32",,https://www.youtube.com/watch?v=fqHNzlms-ok
"METZ   Heaven's Gate (Cyberpunk 2077)",,,,youtube,nqmzO4YwSVo,,"2026-10-09 10:32",,https://www.youtube.com/watch?v=nqmzO4YwSVo
"SPARKLING FREQUENCY - 99.9 Impulse Radio",,,,youtube,893POguuPUs,,"2026-10-09 10:33",,https://www.youtube.com/watch?v=893POguuPUs
"A Town Called Hometown","Toby Fox",,,youtube,bYORCOOYc00,,"2026-10-09 10:33",,https://www.youtube.com/watch?v=bYORCOOYc00
"02. Feature Presentation (DELTARUNE Chapter 3+4 Soundtrack) - Toby Fox",,,,youtube,vGn0HeIjEbg,,"2026-10-09 10:33",,https://www.youtube.com/watch?v=vGn0HeIjEbg
"Diplo Presents: Thomas Wesley - So Long (feat. Cam) (Official Music Video)",,,,youtube,zScLQPhj_0Q,,"2026-10-09 10:33",,https://www.youtube.com/watch?v=zScLQPhj_0Q
"discord ringtone but it's a loop",,,,youtube,qIemPW3wqJI,,"2026-10-09 10:33",,https://www.youtube.com/watch?v=qIemPW3wqJI
goldfish,"Jane Remover",,,youtube,CVEkYvkJN5A,,"2026-10-09 10:33",,https://www.youtube.com/watch?v=CVEkYvkJN5A
"Jeff Lynnes Elo Wembley or Bust 2017 720p",,,,youtube,Jc4g7JsbjlI,,"2026-10-09 10:33",,https://www.youtube.com/watch?v=Jc4g7JsbjlI
"Elton John - Tiny Dancer",,,,youtube,yYcyacLRPNs,,"2026-10-09 10:33",,https://www.youtube.com/watch?v=yYcyacLRPNs
"The Emeralds: The Bird Dance",,,,youtube,dSJZSLs6U34,,"2026-10-09 10:33",,https://www.youtube.com/watch?v=dSJZSLs6U34
"Elon Musk - Don't Doubt ur Vibe (Emo G Records Official)",,,,youtube,oqBjGx3mEdM,,"2026-10-09 10:33",,https://www.youtube.com/watch?v=oqBjGx3mEdM
"Clumsy (Pajon Rock MIx)",Fergie,,,youtube,ynfVNY76Fqo,,"2026-10-09 10:33",,https://www.youtube.com/watch?v=ynfVNY76Fqo
"L.O.V.E. - Let One Voice Emerge (2012)",,,,youtube,a5bCwOTJL68,,"2026-10-09 10:33",,https://www.youtube.com/watch?v=a5bCwOTJL68
"Fez - Original Game Soundtrack - Beyond [HD]",,,,youtube,aFb7rp4egM4,,"2026-10-09 10:33",,https://www.youtube.com/watch?v=aFb7rp4egM4
Legend,Disasterpeace,,,youtube,HkEqYvBJc6E,,"2026-10-09 10:33",,https://www.youtube.com/watch?v=HkEqYvBJc6E
Compass,Disasterpeace,,,youtube,LzuOKgqQqpY,,"2026-10-09 10:33",,https://www.youtube.com/watch?v=LzuOKgqQqpY
"Flume - Never Be Like You feat. Kai [Official Music Video]",,,,youtube,-KPnyf8vwXI,,"2026-10-09 10:33",,https://www.youtube.com/watch?v=-KPnyf8vwXI
"The Four Tops-I Can't Help Myself (Sugar Pie, Honey Bunch)",,,,youtube,s3bksUSPB4c,,"2026-10-09 10:33",,https://www.youtube.com/watch?v=s3bksUSPB4c
"Angelina Jordan (8) - Fly Me To The Moon - The View 2014",,,,youtube,nBGMQ9Kx9iI,,"2026-10-09 10:33",,https://www.youtube.com/watch?v=nBGMQ9Kx9iI
"Fred again.. - Faisal (Envelops Me) (14 November 2021)",,,,youtube,5CdPirzXiFY,,"2026-10-09 10:33",,https://www.youtube.com/watch?v=5CdPirzXiFY
"Fred again.., Sammy Virji, Winny - Winny (Chicago, 21st November 2025)",,,,youtube,UGros0Phj7E,,"2026-10-09 10:33",,https://www.youtube.com/watch?v=UGros0Phj7E
"Satin Panties - Friday Night Funkin' OST",,,,youtube,YzJKStx9IyU,,"2026-10-09 10:33",,https://www.youtube.com/watch?v=YzJKStx9IyU
"Senpai - Friday Night Funkin' OST",,,,youtube,EJiXO3vwNFo,,"2026-10-09 10:33",,https://www.youtube.com/watch?v=EJiXO3vwNFo
"Give a Lil Bit Back - Friday Night Funkin' OST",,,,youtube,IAKS8OeAVgY,,"2026-10-09 10:33",,https://www.youtube.com/watch?v=IAKS8OeAVgY
"Some Nights",Fun.,,,youtube,QxTBtHsh408,,"2026-10-09 10:33",,https://www.youtube.com/watch?v=QxTBtHsh408
"Gorillaz - White Flag (Official Audio)",,,,youtube,dQWT7fNrVqQ,,"2026-10-09 10:33",,https://www.youtube.com/watch?v=dQWT7fNrVqQ
"Gorillaz - Garage Palace (Official Visualiser)",,,,youtube,qoAxRICB9j8,,"2026-10-09 10:33",,https://www.youtube.com/watch?v=qoAxRICB9j8
"Gorillaz – Friday 13th ft. Octavian (Official Lyric Video)",,,,youtube,piV2LAbkMx4,,"2026-10-09 10:33",,https://www.youtube.com/watch?v=piV2LAbkMx4
"Gorillaz - Possession Island ft. Beck (Official Lyric Video)",,,,youtube,qaLu0CIyFe0,,"2026-10-09 10:33",,https://www.youtube.com/watch?v=qaLu0CIyFe0
"You're The One That I Want | Grease | CLIP",,,,youtube,RYk0_U7kf3g,,"2026-10-09 10:33",,https://www.youtube.com/watch?v=RYk0_U7kf3g
Fever,"Peggy Lee",,,youtube,JBANWpzsHts,,"2026-10-09 10:33",,https://www.youtube.com/watch?v=JBANWpzsHts
"Halsey - Lucky (Official Video)",,,,youtube,zUtTpuqV55U,,"2026-10-09 10:33",,https://www.youtube.com/watch?v=zUtTpuqV55U
"She’s so perfect in her own little world 🌎 #shorts #youtubeshorts",,,,youtube,vJs6vNHW3gs,,"2026-10-09 10:33",,https://www.youtube.com/watch?v=vJs6vNHW3gs
"Hi-5  - Theme Song (Season 1) (HD)",,,,youtube,wZ-sO97r9Wo,,"2026-10-09 10:33",,https://www.youtube.com/watch?v=wZ-sO97r9Wo
"Hudson Mohawke Intentions sin nada raro weon lo juro así for real confianza hermanito",,,,youtube,0N2p2hFxs7U,,"2026-10-09 10:33",,https://www.youtube.com/watch?v=0N2p2hFxs7U
"Sucklet's Song",,,,youtube,o3zGHNuQIN4,,"2026-10-09 10:33",,https://www.youtube.com/watch?v=o3zGHNuQIN4
"Pyrotechnics (Official Music Video)",,,,youtube,pgvhowZsQ_M,,"2026-10-09 10:33",,https://www.youtube.com/watch?v=pgvhowZsQ_M
"Oldies But Happies","HIDEKI NAGANUMA",,,youtube,hVem8ZFLZVA,,"2026-10-09 10:33",,https://www.youtube.com/watch?v=hVem8ZFLZVA
"Move it to the side (Alice Longyu Gao Soft Boy Dancing in the Klurd Flip) - John-Robert",,,,youtube,7z4vLyo5d2E,,"2026-10-09 10:33",,https://www.youtube.com/watch?v=7z4vLyo5d2E
"Josh Hutcherson || Whistle",,,,youtube,BbeeuzU5Qc8,,"2026-10-09 10:33",,https://www.youtube.com/watch?v=BbeeuzU5Qc8
"Justice - Steamulation (Justice vs. Gambit) [Official Audio]",,,,youtube,u8-4DIvc84g,,"2026-10-09 10:33",,https://www.youtube.com/watch?v=u8-4DIvc84g
"Overture / Asuka Sakai and Yuu Miyake [Katamari Damacy]",,,,youtube,x5EKkq6tqN8,,"2026-10-09 10:33",,https://www.youtube.com/watch?v=x5EKkq6tqN8
"Katamari Fortissimo Damacy - 04 - The Moon & The Prince",,,,youtube,JifSTMsbjU8,,"2026-10-09 10:33",,https://www.youtube.com/watch?v=JifSTMsbjU8
"Katamari Fortissimo Damacy -18 - Stardust Fanfare",,,,youtube,KRe1tTpSo6A,,"2026-10-09 10:33",,https://www.youtube.com/watch?v=KRe1tTpSo6A
"Kevin MacLeod: Investigations",,,,youtube,7_t7gQ8Olgk,,"2026-10-09 10:33",,https://www.youtube.com/watch?v=7_t7gQ8Olgk
"Kevin MacLeod: Jaunty Gumption",,,,youtube,pvQ8ZVjFGWY,,"2026-10-09 10:33",,https://www.youtube.com/watch?v=pvQ8ZVjFGWY
"Kevin MacLeod: Monkeys Spinning Monkeys",,,,youtube,LrM_Y39Gmhk,,"2026-10-09 10:33",,https://www.youtube.com/watch?v=LrM_Y39Gmhk
"I Use My Words 🗣️ | Social Story for Kids ⭐",,,,youtube,FILmp99ofao,,"2026-10-09 10:33",,https://www.youtube.com/watch?v=FILmp99ofao
"The Power of Hard Work! | Teaching Kids About Effort & Success | Kids Animation",,,,youtube,3ZagvyrmMvs,,"2026-10-09 10:33",,https://www.youtube.com/watch?v=3ZagvyrmMvs
"Clap Your Hands - THE KIBOOMERS Preschool Songs for Circle Time",,,,youtube,C3c8fzbsfOE,,"2026-10-09 10:33",,https://www.youtube.com/watch?v=C3c8fzbsfOE
"Everybody Dies - Kim Petras (Official Audio)",,,,youtube,IDtV8puRd38,,"2026-10-09 10:33",,https://www.youtube.com/watch?v=IDtV8puRd38
"[60fps Full] PoPiPo ぽっぴっぽー - Hatsune Miku 初音ミク DIVA Dreamy theater ドリーミーシアター English Romaji",,,,youtube,TNf3GPizM58,,"2026-10-09 10:33",,https://www.youtube.com/watch?v=TNf3GPizM58
"Kokiri Forest - The Legend of Zelda: Ocarina Of Time",,,,youtube,aQ6Fq-LfDZQ,,"2026-10-09 10:34",,https://www.youtube.com/watch?v=aQ6Fq-LfDZQ
"Shooting Gallery - The Legend of Zelda: Ocarina of Time Soundtrack",,,,youtube,T_Km_iMqE9Y,,"2026-10-09 10:34",,https://www.youtube.com/watch?v=T_Km_iMqE9Y
"The Legend of Zelda   Ocarina of Time - Hyrule Castle Courtyard",,,,youtube,LBPGfHuwgiE,,"2026-10-09 10:34",,https://www.youtube.com/watch?v=LBPGfHuwgiE
"Legend of Zelda: Ocarina of Time OST - Mini Game",,,,youtube,tZTGq7d2MoY,,"2026-10-09 10:34",,https://www.youtube.com/watch?v=tZTGq7d2MoY
"Goron City   The Legend of Zelda  Ocarina of Time",,,,youtube,xlRa1avcl0M,,"2026-10-09 10:34",,https://www.youtube.com/watch?v=xlRa1avcl0M
"Lost Woods - The Legend of Zelda: Ocarina of Time OST",,,,youtube,V9so9y-8Dgk,,"2026-10-09 10:34",,https://www.youtube.com/watch?v=V9so9y-8Dgk
"Ganon's Tower","Eric Buchholz",,,youtube,4E5NcIZoexs,,"2026-10-09 10:34",,https://www.youtube.com/watch?v=4E5NcIZoexs
"Lego Racers Menu Theme [Satanwave]",,,,youtube,0grHMxIWQnE,,"2026-10-09 10:34",,https://www.youtube.com/watch?v=0grHMxIWQnE
Brodyquest,"Lemon Demon again.",,,youtube,FqL5XZrzcK4,,"2026-10-09 10:34",,https://www.youtube.com/watch?v=FqL5XZrzcK4
"Lil Yachty - sAy sOMETHINg",,,,youtube,igFtut_1drQ,,"2026-10-09 10:34",,https://www.youtube.com/watch?v=igFtut_1drQ
Mg1,Release,,,youtube,5cjyFCETbpc,,"2026-10-09 10:34",,https://www.youtube.com/watch?v=5cjyFCETbpc
"Madonna - Material Girl (Official Video) [HD]",,,,youtube,6p-lDYPR2P8,,"2026-10-09 10:34",,https://www.youtube.com/watch?v=6p-lDYPR2P8
"Mario Kart Wii Music - Menu (Medley)",,,,youtube,fN2dJP0WLDQ,,"2026-10-09 10:34",,https://www.youtube.com/watch?v=fN2dJP0WLDQ
"ULTRA SHORTCUT TUTORIAL - Grumble Volcano - Mario Kart Wii",,,,youtube,tDRnDgYviAI,,"2026-10-09 10:34",,https://www.youtube.com/watch?v=tDRnDgYviAI
"【MKW WR】 N64 Mario Raceway - 1:41.198 - Sosis",,,,youtube,NmSENkvnCG8,,"2026-10-09 10:34",,https://www.youtube.com/watch?v=NmSENkvnCG8
"No Trophy For You! (short asf version) - Mario Kart Wii",,,,youtube,3K4GKvgu0i0,,"2026-10-09 10:34",,https://www.youtube.com/watch?v=3K4GKvgu0i0
"Mount Wario [150cc] - 1:40.545 - F (Mario Kart 8 Deluxe World Record)",,,,youtube,3ZnHO8Q0464,,"2026-10-09 10:34",,https://www.youtube.com/watch?v=3ZnHO8Q0464
"Star Wars DJ Imperial March (Full Set) - Skratch Bastid",,,,youtube,ekgpZag6xyQ,,"2026-10-09 10:34",,https://www.youtube.com/watch?v=ekgpZag6xyQ
"IT IZ WHAT IT IZ",M.I.A.,,,youtube,UKeFCjsCcmo,,"2026-10-09 10:34",,https://www.youtube.com/watch?v=UKeFCjsCcmo
"Miike Snow - For U (feat. Charli XCX) [Official Audio]",,,,youtube,Lj4nOhLJamY,,"2026-10-09 10:34",,https://www.youtube.com/watch?v=Lj4nOhLJamY
"C418 - Subwoofer Lullaby - Minecraft Volume Alpha",,,,youtube,Gpd85y_iTxY,,"2026-10-09 10:34",,https://www.youtube.com/watch?v=Gpd85y_iTxY
"C418 - Haggstrom - Minecraft Volume Alpha",,,,youtube,laZusNy8QiY,,"2026-10-09 10:34",,https://www.youtube.com/watch?v=laZusNy8QiY
"C418 - Mice on Venus - Minecraft Volume Alpha",,,,youtube,DZ47H84Bc_Q,,"2026-10-09 10:34",,https://www.youtube.com/watch?v=DZ47H84Bc_Q
"C418 - Droopy likes Ricochet - Minecraft Volume Alpha",,,,youtube,ONbX9QCL36k,,"2026-10-09 10:34",,https://www.youtube.com/watch?v=ONbX9QCL36k
"C418 - Droopy likes your Face - Minecraft Volume Alpha",,,,youtube,JLAVnDI03To,,"2026-10-09 10:34",,https://www.youtube.com/watch?v=JLAVnDI03To
"C418 - Chirp (Minecraft Volume Beta)",,,,youtube,cCibTj6drhM,,"2026-10-09 10:34",,https://www.youtube.com/watch?v=cCibTj6drhM
"Stand Tall","Lena Raine",,,youtube,OuYA_siR8Hc,,"2026-10-09 10:34",,https://www.youtube.com/watch?v=OuYA_siR8Hc
otherside,"Lena Raine",,,youtube,kK81m-A3qpU,,"2026-10-09 10:34",,https://www.youtube.com/watch?v=kK81m-A3qpU
"Comforting Memories","Kumi Tanioka",,,youtube,k79dMVVmvA8,,"2026-10-09 10:46",,https://www.youtube.com/watch?v=k79dMVVmvA8
Aerie,"Lena Raine",,,youtube,FMJoOTOBcwE,,"2026-10-09 10:46",,https://www.youtube.com/watch?v=FMJoOTOBcwE
Labyrinthine,"Lena Raine",,,youtube,daVhxk1Yx20,,"2026-10-09 10:46",,https://www.youtube.com/watch?v=daVhxk1Yx20
"A Familiar Room","Aaron Cherof",,,youtube,ec9dLqGOcg0,,"2026-10-09 10:46",,https://www.youtube.com/watch?v=ec9dLqGOcg0
Relic,"Aaron Cherof",,,youtube,x9QP2TWSY0s,,"2026-10-09 10:46",,https://www.youtube.com/watch?v=x9QP2TWSY0s
"The Monkees ""Hey Hey We´re The Monkees""",,,,youtube,6-O4AefVKbc,,"2026-10-09 10:46",,https://www.youtube.com/watch?v=6-O4AefVKbc
"Monkey Bee",Monkey,,,youtube,0sGlT6r6Aw4,,"2026-10-09 10:46",,https://www.youtube.com/watch?v=0sGlT6r6Aw4
touched,"my bloody valentine",,,youtube,wJBiks3cf4M,,"2026-10-09 10:46",,https://www.youtube.com/watch?v=wJBiks3cf4M
"Literal Instruments - Joe Penna",,,,youtube,7agu97NJcOo,,"2026-10-09 10:46",,https://www.youtube.com/watch?v=7agu97NJcOo
"World 1 (Plains) - New Super Mario Bros.",,,,youtube,nT6adj2wusE,,"2026-10-09 10:46",,https://www.youtube.com/watch?v=nT6adj2wusE
"Underground - New Super Mario Bros. Wii Music",,,,youtube,xZxQXVoYgo0,,"2026-10-09 10:46",,https://www.youtube.com/watch?v=xZxQXVoYgo0
"Underwater Theme - New Super Mario Bros.",,,,youtube,FenZs2izjjI,,"2026-10-09 10:46",,https://www.youtube.com/watch?v=FenZs2izjjI
"End Credits - New Super Mario Bros.",,,,youtube,9MKD8-W5dDM,,"2026-10-09 10:46",,https://www.youtube.com/watch?v=9MKD8-W5dDM
"Mega Mushroom",,,,youtube,4QkMNKp8cTM,,"2026-10-09 10:46",,https://www.youtube.com/watch?v=4QkMNKp8cTM
"Versus Pick Player 2 - New Super Mario Bros.",,,,youtube,VYp4DCo8zUU,,"2026-10-09 10:46",,https://www.youtube.com/watch?v=VYp4DCo8zUU
"Overworld Theme - New Super Mario Bros. Wii",,,,youtube,l15nfj9VBFM,,"2026-10-09 10:46",,https://www.youtube.com/watch?v=l15nfj9VBFM
"Snow - New Super Mario Bros. Wii Music",,,,youtube,XajyihfT2Tc,,"2026-10-09 10:46",,https://www.youtube.com/watch?v=XajyihfT2Tc
"Underground - New Super Mario Bros. Wii Music",,,,youtube,xZxQXVoYgo0,,"2026-10-09 10:46",,https://www.youtube.com/watch?v=xZxQXVoYgo0
"Mii Maker - Nintendo 3DS",,,,youtube,VKbiF-xvqvU,,"2026-10-09 10:46",,https://www.youtube.com/watch?v=VKbiF-xvqvU
"The 3DS eShop is back!!",,,,youtube,_kDulvN5pf4,,"2026-10-09 10:46",,https://www.youtube.com/watch?v=_kDulvN5pf4
"Panic! At The Disco: Death Of A Bachelor [OFFICIAL VIDEO]",,,,youtube,R03cqGg40GU,,"2026-10-09 10:46",,https://www.youtube.com/watch?v=R03cqGg40GU
"Bobby Darin - Splish Splash",,,,youtube,QSA-yHzkvP8,,"2026-10-09 10:46",,https://www.youtube.com/watch?v=QSA-yHzkvP8
"Band On The Run","Paul McCartney",,,youtube,QZGurhtlve8,,"2026-10-09 10:46",,https://www.youtube.com/watch?v=QZGurhtlve8
"Theme Music From Peppa Pig","Peppa Pig",,,youtube,wulejb3mZK0,,"2026-10-09 10:46",,https://www.youtube.com/watch?v=wulejb3mZK0
"Phantogram ""Mouthful Of Diamonds"" [Official Video]",,,,youtube,ZvSgLHWR16o,,"2026-10-09 10:46",,https://www.youtube.com/watch?v=ZvSgLHWR16o
"PNAU - Lucky feat. Vlossom (Official Music Video)",,,,youtube,TYQZml2nd_8,,"2026-10-09 10:46",,https://www.youtube.com/watch?v=TYQZml2nd_8
"Pokemon Blue/Red - Bicycle Theme",,,,youtube,nxU2UjAjN24,,"2026-10-09 10:46",,https://www.youtube.com/watch?v=nxU2UjAjN24
"How to get a Pokeflute on Pokemon Red/Blue!",,,,youtube,bUioEGk3Euk,,"2026-10-09 10:46",,https://www.youtube.com/watch?v=bUioEGk3Euk
"Powfu - death bed (coffee for your head) (Official Video) ft. beabadoobee",,,,youtube,jJPMnTXl63E,,"2026-10-09 10:46",,https://www.youtube.com/watch?v=jJPMnTXl63E
"Reading Writing Helpline (2006 off-air)",,,,youtube,EzgLY0Nkoa8,,"2026-10-09 10:46",,https://www.youtube.com/watch?v=EzgLY0Nkoa8
"Let's Practice! - Rhythm Heaven",,,,youtube,F-7rqRvoVHc,,"2026-10-09 10:46",,https://www.youtube.com/watch?v=F-7rqRvoVHc
"Let's Practice! (Glee Club) - Rhythm Heaven",,,,youtube,YQ4dn9YQmyk,,"2026-10-09 10:46",,https://www.youtube.com/watch?v=YQ4dn9YQmyk
"Let's Practice! (Freeze Frame) - Rhythm Heaven",,,,youtube,YmlGtcbmlQ8,,"2026-10-09 10:46",,https://www.youtube.com/watch?v=YmlGtcbmlQ8
"[Rhythm Heaven Fever] ~ Karate Man (Perfect)",,,,youtube,JErtGVTioPc,,"2026-10-09 10:46",,https://www.youtube.com/watch?v=JErtGVTioPc
"Rhythm Heaven Fever - I Love You, My One and Only [ENG] [LYRICS]",,,,youtube,R3Kt9-P2lOg,,"2026-10-09 10:46",,https://www.youtube.com/watch?v=R3Kt9-P2lOg
"Lonely Storm - Rhythm Heaven Fever",,,,youtube,k9NswXHNN9M,,"2026-10-09 10:46",,https://www.youtube.com/watch?v=k9NswXHNN9M
"Remix 1 - Rhythm Heaven",,,,youtube,0mjOF7ttgwI,,"2026-10-09 10:46",,https://www.youtube.com/watch?v=0mjOF7ttgwI
"[Rhythm Heaven] - Moai Doo-Wop (Perfect) (English)",,,,youtube,YImQl5jyUW4,,"2026-10-09 10:46",,https://www.youtube.com/watch?v=YImQl5jyUW4
"[Rhythm Heaven] - Moai Doo-Wop 2 (Perfect) (English)",,,,youtube,gfSVljVQoEA,,"2026-10-09 10:46",,https://www.youtube.com/watch?v=gfSVljVQoEA
"[Rhythm Tengoku] - Remix 2 (Perfect) (English) (HQ)",,,,youtube,AtI_htT9BPs,,"2026-10-09 10:46",,https://www.youtube.com/watch?v=AtI_htT9BPs
"Rhythm Heaven (Perfect): Love Lizards",,,,youtube,RblHN_Lq1NQ,,"2026-10-09 10:46",,https://www.youtube.com/watch?v=RblHN_Lq1NQ
"[Rhythm Heaven] - Crop Stomp (Perfect) (English)",,,,youtube,1JzlAdig2J4,,"2026-10-09 10:46",,https://www.youtube.com/watch?v=1JzlAdig2J4
"[Rhythm Heaven] - Freeze Frame (Perfect) (English)",,,,youtube,yCjEVmx2fQI,,"2026-10-09 10:46",,https://www.youtube.com/watch?v=yCjEVmx2fQI
"[Rhythm Heaven] - DJ School (Perfect) (English)",,,,youtube,AfwNsqXnnek,,"2026-10-09 10:46",,https://www.youtube.com/watch?v=AfwNsqXnnek
"Splashdown - Rhythm Heaven",,,,youtube,u7gE9cayM9Q,,"2026-10-09 10:46",,https://www.youtube.com/watch?v=u7gE9cayM9Q
"Splashdown 2 - Rhythm Heaven",,,,youtube,tqcGqCTkfqE,,"2026-10-09 10:46",,https://www.youtube.com/watch?v=tqcGqCTkfqE
"[Rhythm Heaven] - Munchy Monk 2 (Perfect) (English)",,,,youtube,1WxIZImJlhE,,"2026-10-09 10:46",,https://www.youtube.com/watch?v=1WxIZImJlhE
"[Rhythm Heaven] - Big Rock Finish (Perfect) (English)",,,,youtube,g5uHzCJflgs,,"2026-10-09 10:46",,https://www.youtube.com/watch?v=g5uHzCJflgs
"[Rhythm Tengoku] - Remix 5 (Perfect) (English) (HQ)",,,,youtube,8N_kE62bugs,,"2026-10-09 10:47",,https://www.youtube.com/watch?v=8N_kE62bugs
"Remix 6 - Rhythm Heaven",,,,youtube,uRNQjB--ywc,,"2026-10-09 10:47",,https://www.youtube.com/watch?v=uRNQjB--ywc
"Remix 9 - Rhythm Heaven",,,,youtube,auoGQ5M7070,,"2026-10-09 10:47",,https://www.youtube.com/watch?v=auoGQ5M7070
"Rhythm Heaven Fever - I Love You, My One and Only [ENG] [LYRICS]",,,,youtube,R3Kt9-P2lOg,,"2026-10-09 10:47",,https://www.youtube.com/watch?v=R3Kt9-P2lOg
"Menu (Endless Games) - Rhythm Heaven",,,,youtube,u4PiwxUHiZg,,"2026-10-09 10:47",,https://www.youtube.com/watch?v=u4PiwxUHiZg
"Cafe - Rhythm Heaven",,,,youtube,hwlsRFsLF7k,,"2026-10-09 10:47",,https://www.youtube.com/watch?v=hwlsRFsLF7k
"[Rhythm Heaven Fever] ~ Tambourine (Perfect)",,,,youtube,G-kx66Yi38w,,"2026-10-09 10:47",,https://www.youtube.com/watch?v=G-kx66Yi38w
"[Rhythm Heaven Fever] ~ Bossa Nova (Perfect)",,,,youtube,QMdZguzq9Vg,,"2026-10-09 10:47",,https://www.youtube.com/watch?v=QMdZguzq9Vg
"[Rhythm Heaven Fever] ~ Tap Troupe (Perfect)",,,,youtube,peLHVzYFh9w,,"2026-10-09 10:47",,https://www.youtube.com/watch?v=peLHVzYFh9w
"[Rhythm Heaven Fever] ~ Figure Fighter 2 (Perfect)",,,,youtube,rQdL-EcRgGE,,"2026-10-09 10:47",,https://www.youtube.com/watch?v=rQdL-EcRgGE
"Menu (Endless Games) - Rhythm Heaven Fever",,,,youtube,71c7agSuK7Q,,"2026-10-09 10:47",,https://www.youtube.com/watch?v=71c7agSuK7Q
"Rhythm Heaven Fever - I Love You, My One and Only [ENG] [LYRICS]",,,,youtube,R3Kt9-P2lOg,,"2026-10-09 10:47",,https://www.youtube.com/watch?v=R3Kt9-P2lOg
"[Rhythm Heaven Fever] ~ Sneaky Spirits",,,,youtube,IDCzXsmTYqg,,"2026-10-09 10:47",,https://www.youtube.com/watch?v=IDCzXsmTYqg
"Practice Theme (Mr Upbeat) - Rhythm Heaven Fever",,,,youtube,xWWPEYs7azI,,"2026-10-09 10:47",,https://www.youtube.com/watch?v=xWWPEYs7azI
"Practice Theme (Tap Trial) - Rhythm Heaven Fever",,,,youtube,ChLiosR6qZA,,"2026-10-09 10:47",,https://www.youtube.com/watch?v=ChLiosR6qZA
"Practice Theme (Endless Munchy Monk) - Rhythm Heaven Fever",,,,youtube,AJooPgdCnDk,,"2026-10-09 10:47",,https://www.youtube.com/watch?v=AJooPgdCnDk
"Kung Fu Ball - Rhythm Heaven Fever",,,,youtube,iz9CK3_DyqY,,"2026-10-09 10:47",,https://www.youtube.com/watch?v=iz9CK3_DyqY
"The Rolling Stones - You Can't Always Get What You Want (Live) - OFFICIAL",,,,youtube,oqMl5CRoFdk,,"2026-10-09 10:47",,https://www.youtube.com/watch?v=oqMl5CRoFdk
"nature song (official music video)",,,,youtube,7j1HvXBadN4,,"2026-10-09 10:47",,https://www.youtube.com/watch?v=7j1HvXBadN4
"SKRILLEX - ALL I ASK OF YOU (FEAT PENNY)",,,,youtube,PzEgrNigZdw,,"2026-10-09 10:47",,https://www.youtube.com/watch?v=PzEgrNigZdw
"Sonic 1 Music: Labyrinth Zone",,,,youtube,TSKgprdDRTY,,"2026-10-09 10:47",,https://www.youtube.com/watch?v=TSKgprdDRTY
"Sonic The Hedgehog OST - Starlight Zone",,,,youtube,NVoNyufMUpo,,"2026-10-09 10:47",,https://www.youtube.com/watch?v=NVoNyufMUpo
"Sonic the Hedgehog 1: All 6 Special Stages (HD)",,,,youtube,JuglWOHxNQs,,"2026-10-09 10:47",,https://www.youtube.com/watch?v=JuglWOHxNQs
"Palmtree Panic - Sonic the Hedgehog CD [OST]",,,,youtube,zbGLPqs9SeQ,,"2026-10-09 10:47",,https://www.youtube.com/watch?v=zbGLPqs9SeQ
"Sonic CD Palmtree Panic Good Future JP/EU HD",,,,youtube,djzpIaiV984,,"2026-10-09 10:47",,https://www.youtube.com/watch?v=djzpIaiV984
"Sonic CD (JP) OST: Palmtree Panic (Past)",,,,youtube,VJ9LmcQPTUA,,"2026-10-09 10:47",,https://www.youtube.com/watch?v=VJ9LmcQPTUA
"Collision Chaos - Sonic the Hedgehog CD [OST]",,,,youtube,iT_aWcYGqp0,,"2026-10-09 10:47",,https://www.youtube.com/watch?v=iT_aWcYGqp0
"Sonic CD Collision Chaos Bad Future JP/EU HD",,,,youtube,XLcR8VhB-WI,,"2026-10-09 10:47",,https://www.youtube.com/watch?v=XLcR8VhB-WI
"Collision Chaos Zone: Past - Sonic The Hedgehog CD",,,,youtube,dA4Db7qFKHo,,"2026-10-09 10:47",,https://www.youtube.com/watch?v=dA4Db7qFKHo
"Sonic CD (JP) OST: Invincibility",,,,youtube,4oY3xxJ6aK8,,"2026-10-09 10:47",,https://www.youtube.com/watch?v=4oY3xxJ6aK8
"Speed Up!! - Sonic the Hedgehog CD [OST]",,,,youtube,j0JGc8mb87U,,"2026-10-09 10:47",,https://www.youtube.com/watch?v=j0JGc8mb87U
"Hideki Naganuma - Ethno Circus (Digital Remakin') [Sonic Rush]",,,,youtube,l57U10ET-tA,,"2026-10-09 10:47",,https://www.youtube.com/watch?v=l57U10ET-tA
"Raisin' Me Up - Sonic Rush [OST]",,,,youtube,33dNKYQVJio,,"2026-10-09 10:47",,https://www.youtube.com/watch?v=33dNKYQVJio
"Inkopolis News - Splatoon OST",,,,youtube,uNedfpMJoN0,,"2026-10-09 10:47",,https://www.youtube.com/watch?v=uNedfpMJoN0
"Plaza Speakers K - Splatoon OST",,,,youtube,PrOpsPE8860,,"2026-10-09 10:47",,https://www.youtube.com/watch?v=PrOpsPE8860
"Plaza Speakers L - Splatoon OST",,,,youtube,cTeam_WXrnc,,"2026-10-09 10:47",,https://www.youtube.com/watch?v=cTeam_WXrnc
"All of Splatoon’s victory themes and how they make me feel",,,,youtube,JZ-8wQjFQLo,,"2026-10-09 10:47",,https://www.youtube.com/watch?v=JZ-8wQjFQLo
"Sucker Punch (Hightide Era) - Splatoon OST",,,,youtube,eMBcNmGcaak,,"2026-10-09 10:47",,https://www.youtube.com/watch?v=eMBcNmGcaak
"Sunken Scroll - Splatoon OST",,,,youtube,STRQFjCAjYg,,"2026-10-09 10:47",,https://www.youtube.com/watch?v=STRQFjCAjYg
"♪ Now or Never 2 ♫ Caitlin Koi Music Video - Splatoon 2",,,,youtube,ITGVyNUyxvg,,"2026-10-09 10:47",,https://www.youtube.com/watch?v=ITGVyNUyxvg
"Splatoon 2 Splatfest Victory OST",,,,youtube,5xvEj1w7JrQ,,"2026-10-09 10:47",,https://www.youtube.com/watch?v=5xvEj1w7JrQ
"♪ Fest Zest ♫ Caitlin Koi Lyric Video - Splatoon 2",,,,youtube,JFupIPrEhzo,,"2026-10-09 10:47",,https://www.youtube.com/watch?v=JFupIPrEhzo
"Salmon Run Opening - Grizzco Industries [Splatoon 2 OST]",,,,youtube,eAz3T2WeVnQ,,"2026-10-09 10:47",,https://www.youtube.com/watch?v=eAz3T2WeVnQ
"Bad ending's in the Splatoon series | Splatoon 2: Octo Expansion | Splatoon 3",,,,youtube,0Ahh7wLB_bw,,"2026-10-09 10:47",,https://www.youtube.com/watch?v=0Ahh7wLB_bw
"Splatoon 3 - Color Pulse - Nintendo Switch",,,,youtube,-riwqN3jaBE,,"2026-10-09 10:47",,https://www.youtube.com/watch?v=-riwqN3jaBE
"Sea Me Now - Splatoon 3 [Front Roe]",,,,youtube,824WFiO1p4Y,,"2026-10-09 10:47",,https://www.youtube.com/watch?v=824WFiO1p4Y
"Now or Never! (Splatfest) - Splatoon 3 [Deep Cut]",,,,youtube,1luzvHd_f2Q,,"2026-10-09 10:47",,https://www.youtube.com/watch?v=1luzvHd_f2Q
"Frothy Waters (ω-3) - Splatoon 3",,,,youtube,UPf3d9c5WhE,,"2026-10-09 10:47",,https://www.youtube.com/watch?v=UPf3d9c5WhE
"Toxic Anoxic (ω-3) - Splatoon 3",,,,youtube,QCt2u9an4fA,,"2026-10-09 10:47",,https://www.youtube.com/watch?v=QCt2u9an4fA
"Bear With Me (Grizzco) - Splatoon 3",,,,youtube,pCdBEIlZjMo,,"2026-10-09 10:47",,https://www.youtube.com/watch?v=pCdBEIlZjMo
"Rocket Takeoff [Splatoon 3 OST]",,,,youtube,JChr_B3WDvw,,"2026-10-09 10:47",,https://www.youtube.com/watch?v=JChr_B3WDvw
"[Super Mario Maker] Koji Kondo Performance",,,,youtube,QKap57-TTwQ,,"2026-10-09 10:47",,https://www.youtube.com/watch?v=QKap57-TTwQ
"Super Mario Bros 2 (NES) Music - Character Select",,,,youtube,Mdnnfg6Yvb0,,"2026-10-09 10:47",,https://www.youtube.com/watch?v=Mdnnfg6Yvb0
"New Super Mario Bros 2 (NSMB2) Credits Theme",,,,youtube,bxf6NZ296es,,"2026-10-09 10:47",,https://www.youtube.com/watch?v=bxf6NZ296es
"Super Mario Bros 3 PC Prototype from id Software",,,,youtube,1YWD6Y9FUuw,,"2026-10-09 10:47",,https://www.youtube.com/watch?v=1YWD6Y9FUuw
"The Milgram Experiment 😨 (explained)",,,,youtube,k35iqeNJboM,,"2026-10-09 10:47",,https://www.youtube.com/watch?v=k35iqeNJboM
"Super Mario Bros. 3 - World 3-Fortress #1",,,,youtube,4cJPCU6KUsY,,"2026-10-09 10:47",,https://www.youtube.com/watch?v=4cJPCU6KUsY
"[SNES Music] Super Mario World - Donut Plains (Map Theme 2)",,,,youtube,E8eoP8HEs30,,"2026-10-09 10:47",,https://www.youtube.com/watch?v=E8eoP8HEs30
"The Mystery and Magic of Star Road in Super Mario World",,,,youtube,rrjXaroCpQc,,"2026-10-09 10:48",,https://www.youtube.com/watch?v=rrjXaroCpQc
"Super Mario World Special World in 6:20",,,,youtube,GRyvj31Qjp4,,"2026-10-09 10:48",,https://www.youtube.com/watch?v=GRyvj31Qjp4
"Athletic Theme (PAL Version) - Super Mario World",,,,youtube,rEcOzjg7vBU,,"2026-10-09 10:48",,https://www.youtube.com/watch?v=rEcOzjg7vBU
"Ending Theme - Super Mario: World",,,,youtube,waKumDkYrDY,,"2026-10-09 10:48",,https://www.youtube.com/watch?v=waKumDkYrDY
"Super Mario 64 Soundtrack - Title Theme",,,,youtube,pYAjvWCVkH0,,"2026-10-09 10:48",,https://www.youtube.com/watch?v=pYAjvWCVkH0
"Super Mario 64 Soundtrack - Opening",,,,youtube,8rY6JhJmcoU,,"2026-10-09 10:48",,https://www.youtube.com/watch?v=8rY6JhJmcoU
"Super Mario 64 Remastered - Inside the Castle Walls",,,,youtube,seEy1TPmON8,,"2026-10-09 10:48",,https://www.youtube.com/watch?v=seEy1TPmON8
"Super Mario 64 - Main Theme Music - Bob-Omb Battlefield",,,,youtube,bmP3UHXYi28,,"2026-10-09 10:48",,https://www.youtube.com/watch?v=bmP3UHXYi28
"Super Mario 64 Music- Snow Mountain",,,,youtube,6iZ_buAz55g,,"2026-10-09 10:48",,https://www.youtube.com/watch?v=6iZ_buAz55g
"Merry-Go-Round (From ""Super Mario 64"")",Qumu,,,youtube,FjC1ocvv1As,,"2026-10-09 10:48",,https://www.youtube.com/watch?v=FjC1ocvv1As
"Super Mario 64 Soundtrack - Cave Dungeon",,,,youtube,fMb-WH2UYi0,,"2026-10-09 10:48",,https://www.youtube.com/watch?v=fMb-WH2UYi0
"Super Mario 64 Soundtrack - Powerful Mario",,,,youtube,Tk4D7ZClKB8,,"2026-10-09 10:48",,https://www.youtube.com/watch?v=Tk4D7ZClKB8
"Super Mario 64 Remastered - Metallic Mario",,,,youtube,3GqWF2a-fo8,,"2026-10-09 10:48",,https://www.youtube.com/watch?v=3GqWF2a-fo8
"Super Mario 64 Soundtrack - Staff Roll",,,,youtube,o-xRxXYpavU,,"2026-10-09 10:48",,https://www.youtube.com/watch?v=o-xRxXYpavU
"Opening Demo",,,,youtube,M4DHVgSIYEA,,"2026-10-09 10:48",,https://www.youtube.com/watch?v=M4DHVgSIYEA
"Shine Get! - Super Mario Sunshine",,,,youtube,RZZrRhrG5is,,"2026-10-09 10:48",,https://www.youtube.com/watch?v=RZZrRhrG5is
"Bianco Hills",,,,youtube,mYh6MSdsKj8,,"2026-10-09 10:48",,https://www.youtube.com/watch?v=mYh6MSdsKj8
"Secret Course",,,,youtube,eQMri29IJEI,,"2026-10-09 10:48",,https://www.youtube.com/watch?v=eQMri29IJEI
"Ricco Harbor",,,,youtube,g54SRiv_0lc,,"2026-10-09 10:48",,https://www.youtube.com/watch?v=g54SRiv_0lc
"Gelato Beach",,,,youtube,NiQn5OLNUrM,,"2026-10-09 10:48",,https://www.youtube.com/watch?v=NiQn5OLNUrM
"Deep Sea of Mare",,,,youtube,XBvzUquxeuc,,"2026-10-09 10:48",,https://www.youtube.com/watch?v=XBvzUquxeuc
"Sirena Beach",,,,youtube,ji-zoJfxaTE,,"2026-10-09 10:48",,https://www.youtube.com/watch?v=ji-zoJfxaTE
"Staff Credits",,,,youtube,V2-LgaXCnco,,"2026-10-09 10:48",,https://www.youtube.com/watch?v=V2-LgaXCnco
"F.L.U.D.D. User Instructions",,,,youtube,G_l4evlABIc,,"2026-10-09 10:48",,https://www.youtube.com/watch?v=G_l4evlABIc
"Super Mario Sunshine (GC) Playthrough pt2 - Fludd/ Game Tutorial",,,,youtube,Jj3LF_4Cnew,,"2026-10-09 10:48",,https://www.youtube.com/watch?v=Jj3LF_4Cnew
"Secret Course",,,,youtube,eQMri29IJEI,,"2026-10-09 10:48",,https://www.youtube.com/watch?v=eQMri29IJEI
"Super Mario 64 DS",,,,youtube,I1UQzvkSRl8,,"2026-10-09 10:48",,https://www.youtube.com/watch?v=I1UQzvkSRl8
"Super Mario 64 - Bob-Omb Battlefield - Super Soul Bros (Live at Stritch)",,,,youtube,fUkXPeL82DI,,"2026-10-09 10:48",,https://www.youtube.com/watch?v=fUkXPeL82DI
"[NDS] Super Mario 64 DS OST: Track 21 - Owl",,,,youtube,TrqlcurjHPE,,"2026-10-09 10:48",,https://www.youtube.com/watch?v=TrqlcurjHPE
"Super Mario 64 DS",,,,youtube,I1UQzvkSRl8,,"2026-10-09 10:48",,https://www.youtube.com/watch?v=I1UQzvkSRl8
"SUPER MARIO GALAXY (THE  MOVIE YTP)",,,,youtube,NSpmeeQgpck,,"2026-10-09 10:48",,https://www.youtube.com/watch?v=NSpmeeQgpck
"Sand Kingdom Crazy Cap moon Super Mario Odyssey",,,,youtube,3Ka6PFELJps,,"2026-10-09 10:48",,https://www.youtube.com/watch?v=3Ka6PFELJps
"Crazy Cap Store 2 ~ Super Mario Odyssey OST (Sound Effects)",,,,youtube,v9lryg99brA,,"2026-10-09 10:48",,https://www.youtube.com/watch?v=v9lryg99brA
"Sand Kingdom Crazy Cap moon Super Mario Odyssey",,,,youtube,3Ka6PFELJps,,"2026-10-09 10:48",,https://www.youtube.com/watch?v=3Ka6PFELJps
"The Longest Prompt in Scribblenauts #nostalgia #ds #scribblenauts",,,,youtube,vk11bb57hf8,,"2026-10-09 10:48",,https://www.youtube.com/watch?v=vk11bb57hf8
Refuse,"Swami Sound",,,youtube,A62q8n07EkY,,"2026-10-09 10:48",,https://www.youtube.com/watch?v=A62q8n07EkY
"Tiny Wings Music - Night Time",,,,youtube,krvhM8ljHGc,,"2026-10-09 10:48",,https://www.youtube.com/watch?v=krvhM8ljHGc
"Trippple Nippples - LSD",,,,youtube,w42NBoYxr7o,,"2026-10-09 10:48",,https://www.youtube.com/watch?v=w42NBoYxr7o
"Tubeway Army   Are Friends Electric   Very Rare Unbroadcast Complete Version 1979",,,,youtube,7rKJf_DWecU,,"2026-10-09 10:48",,https://www.youtube.com/watch?v=7rKJf_DWecU
"Two And A Half Men Opening Theme Song",,,,youtube,bl5q4AIGGZQ,,"2026-10-09 10:48",,https://www.youtube.com/watch?v=bl5q4AIGGZQ
"Taylor Swift - The Fate of Ophelia (Official Music Video)",,,,youtube,ko70cExuzZM,,"2026-10-09 10:48",,https://www.youtube.com/watch?v=ko70cExuzZM
"MOMMA TALK (Audio)",,,,youtube,YYLZ4iDMyrk,,"2026-10-09 10:48",,https://www.youtube.com/watch?v=YYLZ4iDMyrk
"Girls and boys",,,,youtube,M4Hs-VkerDI,,"2026-10-09 10:48",,https://www.youtube.com/watch?v=M4Hs-VkerDI
"Temmie Village","Toby Fox",,,youtube,1KUcmuSNmVE,,"2026-10-09 10:48",,https://www.youtube.com/watch?v=1KUcmuSNmVE
"Wii Play - Main Theme",,,,youtube,PbYoMpwHq5c,,"2026-10-09 10:48",,https://www.youtube.com/watch?v=PbYoMpwHq5c
"All Medal Jingles In Wii Play and Wii Play Motion",,,,youtube,7WkvyLqWLpU,,"2026-10-09 10:48",,https://www.youtube.com/watch?v=7WkvyLqWLpU
"Shooting Range (Bonus Points) - Wii Play",,,,youtube,qC_Riq3sCKo,,"2026-10-09 10:48",,https://www.youtube.com/watch?v=qC_Riq3sCKo
"Table Tennis: Bad Ending - Wii Play",,,,youtube,9IlBU2_OhAo,,"2026-10-09 10:48",,https://www.youtube.com/watch?v=9IlBU2_OhAo
"Wii Play Motion: Pose Mii Plus Platinum Medal 60fps",,,,youtube,ovzHGcv3u6g,,"2026-10-09 10:48",,https://www.youtube.com/watch?v=ovzHGcv3u6g
"Wii Play: Fishing Platinum Medal 60fps",,,,youtube,xf5JX2lSwo8,,"2026-10-09 10:48",,https://www.youtube.com/watch?v=xf5JX2lSwo8
"Tanks! (All Variations) - Wii Play",,,,youtube,F8X72xFkqws,,"2026-10-09 10:48",,https://www.youtube.com/watch?v=F8X72xFkqws
"Wii Play - Tanks - Results (Round 100 Complete) [Wii Play OST]",,,,youtube,ErI_0osZ_vM,,"2026-10-09 10:48",,https://www.youtube.com/watch?v=ErI_0osZ_vM
"Tanks: Variation 2 - Wii Play",,,,youtube,Hw9nM3vz2zQ,,"2026-10-09 10:48",,https://www.youtube.com/watch?v=Hw9nM3vz2zQ
"Tanks: Variation 4 - Wii Play",,,,youtube,8ApA2Y65yfc,,"2026-10-09 10:48",,https://www.youtube.com/watch?v=8ApA2Y65yfc
"Tanks: Variation 5 - Wii Play",,,,youtube,UQRhmxMLmf4,,"2026-10-09 10:48",,https://www.youtube.com/watch?v=UQRhmxMLmf4
"Tanks: Variation 6 - Wii Play",,,,youtube,QW7tblhgRB8,,"2026-10-09 10:48",,https://www.youtube.com/watch?v=QW7tblhgRB8
"Tanks: Variation 7 - Wii Play",,,,youtube,ot_zYgl_WcA,,"2026-10-09 10:48",,https://www.youtube.com/watch?v=ot_zYgl_WcA
"Tanks: Variation 8 - Wii Play",,,,youtube,zO_HzWawquY,,"2026-10-09 10:49",,https://www.youtube.com/watch?v=zO_HzWawquY
"Tanks: Mission 20 Clear - Wii Play",,,,youtube,5et_lvpnHlw,,"2026-10-09 10:49",,https://www.youtube.com/watch?v=5et_lvpnHlw
"Tanks: Variation 9 - Wii Play",,,,youtube,YjStwIOFZKU,,"2026-10-09 10:49",,https://www.youtube.com/watch?v=YjStwIOFZKU
"Tanks: Game Over - Wii Play",,,,youtube,-OwzFq5F_vc,,"2026-10-09 10:49",,https://www.youtube.com/watch?v=-OwzFq5F_vc
"Wii Play Tanks - Mission 100 - PERFECT GAME(22 LIVES LEFT)!",,,,youtube,JZBlPXdhuvU,,"2026-10-09 10:49",,https://www.youtube.com/watch?v=JZBlPXdhuvU
"Wii Sports - Title (HQ)",,,,youtube,2qvAxPqy2wA,,"2026-10-09 10:49",,https://www.youtube.com/watch?v=2qvAxPqy2wA
"Yoshi's Island OST - Story Music Box",,,,youtube,pf6BfBJ6T38,,"2026-10-09 10:49",,https://www.youtube.com/watch?v=pf6BfBJ6T38
"""Super Mario World 2: Yoshi's Island"" Music : 3 - Yoshi Start Demo",,,,youtube,OKEiX51W8tU,,"2026-10-09 10:49",,https://www.youtube.com/watch?v=OKEiX51W8tU
"Koji Kondo - Flower Garden [Super Mario World 2: Yoshi's Island]",,,,youtube,3S4J2OC-vs0,,"2026-10-09 10:49",,https://www.youtube.com/watch?v=3S4J2OC-vs0
"Yoshi's Island OST - Goal & Score",,,,youtube,u1pHkjyuWKU,,"2026-10-09 10:49",,https://www.youtube.com/watch?v=u1pHkjyuWKU
"Zedd - 1685 (feat. Muse) [Official Lyric Video]",,,,youtube,tJQOPQQN--c,,"2026-10-09 10:49",,https://www.youtube.com/watch?v=tJQOPQQN--c
"2 Mello - Rapid Crew (Can't Move Me) (ft. TV-MA) (Official Lyrics Video)",,,,youtube,cxfN-dFyzEQ,,"2026-10-09 10:49",,https://www.youtube.com/watch?v=cxfN-dFyzEQ
"メズマライザー / 初音ミク・重音テトSV - Mesmerizer",,,,youtube,19y8YTbvri8,,"2026-10-09 10:49",,https://www.youtube.com/watch?v=19y8YTbvri8
"オブソミート / 初音ミク・重音テトSV - Obsolete Meat",,,,youtube,L2hzsXOT0Nc,,"2026-10-09 10:49",,https://www.youtube.com/watch?v=L2hzsXOT0Nc
"8485 & Danny Brown - G.I.R.L. (OFFICIAL VIDEO)",,,,youtube,SupOQkKcHpE,,"2026-10-09 10:49",,https://www.youtube.com/watch?v=SupOQkKcHpE
"A$AP ROCKY - F**kin' Problems ft. Drake, 2 Chainz, Kendrick Lamar",,,,youtube,liZm1im2erU,,"2026-10-09 10:49",,https://www.youtube.com/watch?v=liZm1im2erU
"Alice Longyu Gao - Rich Bitch Juice (Official Music Video)",,,,youtube,sV_NWUa91kI,,"2026-10-09 10:49",,https://www.youtube.com/watch?v=sV_NWUa91kI
"Yes Yes Vegetable Song | Good Habits Song | More Nursery Rhymes & Kids Songs",,,,youtube,MlclyaDvLJY,,"2026-10-09 10:49",,https://www.youtube.com/watch?v=MlclyaDvLJY
"Arca - KLK Ft ROSALÍA (Official Audio)",,,,youtube,NS4RDw65qqk,,"2026-10-09 10:49",,https://www.youtube.com/watch?v=NS4RDw65qqk
"A$AP Rocky - Peso (Audio)",,,,youtube,oi6AGHmocdw,,"2026-10-09 10:49",,https://www.youtube.com/watch?v=oi6AGHmocdw
"Leona Lewis - I See You (Theme from Avatar) [Official Video]",,,,youtube,3YDz-ftqr1g,,"2026-10-09 10:49",,https://www.youtube.com/watch?v=3YDz-ftqr1g
"clown shit",BABYNYMPH,,,youtube,SZVq-ifegjM,,"2026-10-09 10:49",,https://www.youtube.com/watch?v=SZVq-ifegjM
"Basement Jaxx - Where's Your Head At (Official Video)",,,,youtube,5rAOyh7YmEc,,"2026-10-09 10:49",,https://www.youtube.com/watch?v=5rAOyh7YmEc
"Basshunter - Now You're Gone (DJ Alex Extended Mix)",,,,youtube,1xE2gcoy1U8,,"2026-10-09 10:49",,https://www.youtube.com/watch?v=1xE2gcoy1U8
"It'll come   Belleruche",,,,youtube,eSBs44AuKr4,,"2026-10-09 10:49",,https://www.youtube.com/watch?v=eSBs44AuKr4
"BICEP | RAIN (Official Video)",,,,youtube,qdIYsQI0SFE,,"2026-10-09 10:49",,https://www.youtube.com/watch?v=qdIYsQI0SFE
"Doja Cat - Boss B*tch (from Birds of Prey: The Album) [Official Music Video]",,,,youtube,RsW66teC0BQ,,"2026-10-09 10:49",,https://www.youtube.com/watch?v=RsW66teC0BQ
"Bomb Rush Cyberfunk OST - Morning Glow (Ft. Nicholas Mangiafico)",,,,youtube,rtZyj33tlyI,,"2026-10-09 10:49",,https://www.youtube.com/watch?v=rtZyj33tlyI
watchyaback!,wev,,,youtube,jIbGwSQxHCQ,,"2026-10-09 10:49",,https://www.youtube.com/watch?v=jIbGwSQxHCQ
"Boys Noize - Feel Good (TV = Off) (Shinichi Osawa Edit)",,,,youtube,q0KaZWryES0,,"2026-10-09 10:49",,https://www.youtube.com/watch?v=q0KaZWryES0
"Metallica REMIX esikus",,,,youtube,kcthsfBmWBM,,"2026-10-09 10:49",,https://www.youtube.com/watch?v=kcthsfBmWBM
"JUNKY - BROCKHAMPTON",,,,youtube,4AR7SenR2Hc,,"2026-10-09 10:49",,https://www.youtube.com/watch?v=4AR7SenR2Hc
"SWEET - BROCKHAMPTON",,,,youtube,1nDsnJH30fs,,"2026-10-09 10:49",,https://www.youtube.com/watch?v=1nDsnJH30fs
"[MV] BTS(방탄소년단) _ DOPE(쩔어)",,,,youtube,BVwAVbKYYeM,,"2026-10-09 10:49",,https://www.youtube.com/watch?v=BVwAVbKYYeM
"In McDonalds",Burial,,,youtube,cqXtNXf8zh4,,"2026-10-09 10:49",,https://www.youtube.com/watch?v=cqXtNXf8zh4
"Camelphat & Elderbrook ‘Cola’",,,,youtube,qke-jOUqSXU,,"2026-10-09 10:49",,https://www.youtube.com/watch?v=qke-jOUqSXU
"Clairo - Bags X Daddy (Slipstream remix) | TikTok",,,,youtube,_PnhervWhJI,,"2026-10-09 10:49",,https://www.youtube.com/watch?v=_PnhervWhJI
"Cowbell cult smoke (feat. JOEHDAH) Slow-Reverb",,,,youtube,qhhckNrEjZw,,"2026-10-09 10:49",,https://www.youtube.com/watch?v=qhhckNrEjZw
"Truck Driver City Crush -best game🔥🔥",,,,youtube,JBKi3pHsjTU,,"2026-10-09 10:49",,https://www.youtube.com/watch?v=JBKi3pHsjTU
"City Tutorial 04 - Crush",,,,youtube,igqBz5sbJkQ,,"2026-10-09 10:49",,https://www.youtube.com/watch?v=igqBz5sbJkQ
"Crystal Castles - Not In Love ft. Robert Smith of The Cure",,,,youtube,32udqal_lyQ,,"2026-10-09 10:49",,https://www.youtube.com/watch?v=32udqal_lyQ
"“Blurred” by Earth Trax — Cyberpunk: Edgerunners [OST]",,,,youtube,3ekP561YcbQ,,"2026-10-09 10:49",,https://www.youtube.com/watch?v=3ekP561YcbQ
"skibidi toilet",,,,youtube,tzD9OxAHtzU,,"2026-10-09 10:49",,https://www.youtube.com/watch?v=tzD9OxAHtzU
boythots_KAVARI_bootleg_new_version,,,,youtube,RMDoj1bGA1k,,"2026-10-09 10:49",,https://www.youtube.com/watch?v=RMDoj1bGA1k
"deadmau5 ""Moar Ghosts N Stuff""",,,,youtube,bXWk-aInsow,,"2026-10-09 10:49",,https://www.youtube.com/watch?v=bXWk-aInsow
"deadmau5 - Jaded [Official 4K Visualizer]",,,,youtube,uTCwzfbop9U,,"2026-10-09 10:49",,https://www.youtube.com/watch?v=uTCwzfbop9U
"All That Glitters - Death in Vegas",,,,youtube,phOaNyOXhHA,,"2026-10-09 10:49",,https://www.youtube.com/watch?v=phOaNyOXhHA
"Vs. Susie","Toby Fox",,,youtube,cGuDpoJNImA,,"2026-10-09 10:49",,https://www.youtube.com/watch?v=cGuDpoJNImA
"55. Ever Higher (DELTARUNE Chapter 3+4 Soundtrack) - Toby Fox",,,,youtube,DxPHMcpuYeA,,"2026-10-09 10:49",,https://www.youtube.com/watch?v=DxPHMcpuYeA
"'I FINK U FREEKY' by DIE ANTWOORD (Official)",,,,youtube,8Uee_mcxvrw,,"2026-10-09 10:49",,https://www.youtube.com/watch?v=8Uee_mcxvrw
"Disclosure - You & Me (Flume Remix) [Official Video]",,,,youtube,8x-M7AkTvrQ,,"2026-10-09 10:49",,https://www.youtube.com/watch?v=8x-M7AkTvrQ
"Disclosure - Magnets ft. Lorde",,,,youtube,b_KfnGBtVeA,,"2026-10-09 10:49",,https://www.youtube.com/watch?v=b_KfnGBtVeA
"Doja Cat - Boss B*tch (from Birds of Prey: The Album) [Official Music Video]",,,,youtube,RsW66teC0BQ,,"2026-10-09 10:49",,https://www.youtube.com/watch?v=RsW66teC0BQ
"DRAKE - FAMILY MATTERS",,,,youtube,ZkXG3ZrXlbc,,"2026-10-09 10:49",,https://www.youtube.com/watch?v=ZkXG3ZrXlbc
"DRAKE - FAMILY MATTERS",,,,youtube,ZkXG3ZrXlbc,,"2026-10-09 10:49",,https://www.youtube.com/watch?v=ZkXG3ZrXlbc
"EARTHGANG - Fields ft. Malik",,,,youtube,2U3kGmrrUS8,,"2026-10-09 10:50",,https://www.youtube.com/watch?v=2U3kGmrrUS8
"Finn Keane - Audio (Official Visualiser)",,,,youtube,yQUeAin7fII,,"2026-10-09 10:50",,https://www.youtube.com/watch?v=yQUeAin7fII
"Empire Of The Sun - Music On The Radio",,,,youtube,y58TL2N5I4M,,"2026-10-09 10:50",,https://www.youtube.com/watch?v=y58TL2N5I4M
"Teriyaki Boyz - Tokyo Drift (Fast and Furious Tokyo drift)",,,,youtube,CADhMuRi7eE,,"2026-10-09 10:50",,https://www.youtube.com/watch?v=CADhMuRi7eE
"FEX –Subways of Your Mind (The Most Mysterious Song) OFFICIAL VIDEO #tmms #fexband #theouteredge",,,,youtube,y4dHNvn7LZA,,"2026-10-09 10:50",,https://www.youtube.com/watch?v=y4dHNvn7LZA
Progress,Disasterpeace,,,youtube,2ewxPXiy-c8,,"2026-10-09 10:50",,https://www.youtube.com/watch?v=2ewxPXiy-c8
Synch,Disasterpeace,,,youtube,pLbJS0Hbp0s,,"2026-10-09 10:50",,https://www.youtube.com/watch?v=pLbJS0Hbp0s
Glitch,Disasterpeace,,,youtube,8ppLJsG19Kg,,"2026-10-09 10:50",,https://www.youtube.com/watch?v=8ppLJsG19Kg
"Flume - On Top feat. T.Shirt",,,,youtube,l-QVmsqetB8,,"2026-10-09 10:50",,https://www.youtube.com/watch?v=l-QVmsqetB8
"Flume - Numb & Getting Colder feat. Kučka",,,,youtube,dceGIpBtQZo,,"2026-10-09 10:50",,https://www.youtube.com/watch?v=dceGIpBtQZo
"8 now","food house",,,youtube,nCIteMfhBWA,,"2026-10-09 10:50",,https://www.youtube.com/watch?v=nCIteMfhBWA
"mos thoser","food house",,,youtube,NVgS7Kxd6cg,,"2026-10-09 10:50",,https://www.youtube.com/watch?v=NVgS7Kxd6cg
"Fred again.. - Berwyn (all that i got is you) [Visualiser]",,,,youtube,wCkKGQG-vDg,,"2026-10-09 10:50",,https://www.youtube.com/watch?v=wCkKGQG-vDg
"Slayyyter - Northern Lights/Crash Your Parties Feat. GUPI",,,,youtube,LP2388hTYUA,,"2026-10-09 10:50",,https://www.youtube.com/watch?v=LP2388hTYUA
"I-F Space Invaders - Are smoking Grass",,,,youtube,tIAZTV_sYtk,,"2026-10-09 10:50",,https://www.youtube.com/watch?v=tIAZTV_sYtk
"IC3PEAK - Марш",,,,youtube,xqohApD6Ng8,,"2026-10-09 10:50",,https://www.youtube.com/watch?v=xqohApD6Ng8
"Imogen Heap - Clear The Area (20th Anniversary Remaster)",,,,youtube,_cM5Qd08fvw,,"2026-10-09 10:50",,https://www.youtube.com/watch?v=_cM5Qd08fvw
"Just a Lil' Lovin",Outlines,,,youtube,CFbmH6wO7KQ,,"2026-10-09 10:50",,https://www.youtube.com/watch?v=CFbmH6wO7KQ
"Dime Piece","J Dilla",,,youtube,_Q30f-zSgYw,,"2026-10-09 10:50",,https://www.youtube.com/watch?v=_Q30f-zSgYw
"j-hope ‘MONA LISA’ Official MV",,,,youtube,ECqGCH1TfLY,,"2026-10-09 10:50",,https://www.youtube.com/watch?v=ECqGCH1TfLY
"Skrillex & Diplo - To Ü ft AlunaGeorge (Official Video)",,,,youtube,9NwZdxiLvGo,,"2026-10-09 10:50",,https://www.youtube.com/watch?v=9NwZdxiLvGo
"Little L (Bob Sinclar Remix)",Jamiroquai,,,youtube,SUWupmX8xgI,,"2026-10-09 10:50",,https://www.youtube.com/watch?v=SUWupmX8xgI
"Numb / Encore (Official Audio) - Linkin Park / JAY-Z",,,,youtube,_1oO4wzPCmE,,"2026-10-09 10:50",,https://www.youtube.com/watch?v=_1oO4wzPCmE
"JAŸ-Z - Excuse Me Miss ft. Pharrell",,,,youtube,tnDh0JhmaFw,,"2026-10-09 10:50",,https://www.youtube.com/watch?v=tnDh0JhmaFw
"New Day",JAŸ-Z,,,youtube,a4M6mk962Vw,,"2026-10-09 10:50",,https://www.youtube.com/watch?v=a4M6mk962Vw
"Jet Grind Radio Soundtrack - Grace & Glory",,,,youtube,FcxllvjUo2k,,"2026-10-09 10:50",,https://www.youtube.com/watch?v=FcxllvjUo2k
"Semi Detached - Funky Plucker!",,,,youtube,Hs8XYDM939Q,,"2026-10-09 10:50",,https://www.youtube.com/watch?v=Hs8XYDM939Q
"The Latch Brothers - Count Latchula",,,,youtube,eXjhmwueQQM,,"2026-10-09 10:50",,https://www.youtube.com/watch?v=eXjhmwueQQM
"J.I.D - Skegee (Official Video)",,,,youtube,z6RlzkWY2o4,,"2026-10-09 10:50",,https://www.youtube.com/watch?v=z6RlzkWY2o4
"Does This Ski Mask Make Me Look Fat? (feat. Heno.)",JPEGMAFIA,,,youtube,S_dkoy38VIw,,"2026-10-09 10:50",,https://www.youtube.com/watch?v=S_dkoy38VIw
"PROTECT THE CROSS",JPEGMAFIA,,,youtube,T7Qv4_PrV30,,"2026-10-09 10:50",,https://www.youtube.com/watch?v=T7Qv4_PrV30
"JPEGMAFIA - Jordan Rules",,,,youtube,Qi6JerhrnuA,,"2026-10-09 10:50",,https://www.youtube.com/watch?v=Qi6JerhrnuA
"JPEGMAFIA - Jordan Rules",,,,youtube,Qi6JerhrnuA,,"2026-10-09 10:50",,https://www.youtube.com/watch?v=Qi6JerhrnuA
"Kanye West - BLKKK SKKKN HEAD (Explicit)",,,,youtube,q604eed4ad0,,"2026-10-09 10:50",,https://www.youtube.com/watch?v=q604eed4ad0
"XXXTENTACION & YE - True Love (Official Audio)",,,,youtube,k7H2C5L8X7I,,"2026-10-09 10:50",,https://www.youtube.com/watch?v=k7H2C5L8X7I
"Katamari Fortissimo Damacy - 15 - Katamari☆Stars",,,,youtube,lu726l7V4Ew,,"2026-10-09 10:50",,https://www.youtube.com/watch?v=lu726l7V4Ew
Institutionalized,"Kendrick Lamar",,,youtube,7L1POXocFIQ,,"2026-10-09 10:50",,https://www.youtube.com/watch?v=7L1POXocFIQ
"Kendrick Lamar & J Cole - Black Friday",,,,youtube,okF5gOTX9uM,,"2026-10-09 10:50",,https://www.youtube.com/watch?v=okF5gOTX9uM
"Big Shot","Kendrick Lamar",,,youtube,17rFEzznMGo,,"2026-10-09 10:50",,https://www.youtube.com/watch?v=17rFEzznMGo
"“We Cry Together” - A Short Film",,,,youtube,wUGyZM9rcnY,,"2026-10-09 10:50",,https://www.youtube.com/watch?v=wUGyZM9rcnY
"Zombie Nation - Kernkraft 400",,,,youtube,z5LW07FTJbI,,"2026-10-09 10:50",,https://www.youtube.com/watch?v=z5LW07FTJbI
"James Bond / You Only Live Twice / Sean Connery",,,,youtube,gFhD5pUjnU4,,"2026-10-09 10:50",,https://www.youtube.com/watch?v=gFhD5pUjnU4
"Got My Number - Kim Petras (Official Lyric Video)",,,,youtube,jBj13B2XZvM,,"2026-10-09 10:50",,https://www.youtube.com/watch?v=jBj13B2XZvM
"i don't wanna die... - Kim Petras (Official Audio)",,,,youtube,53ziVow2JfQ,,"2026-10-09 10:50",,https://www.youtube.com/watch?v=53ziVow2JfQ
"Somewhere I Belong (Official Music Video) [4K UPGRADE] – Linkin Park",,,,youtube,zsCD5XCu6CM,,"2026-10-09 10:50",,https://www.youtube.com/watch?v=zsCD5XCu6CM
"Five Nights at Freddy's 1 Song - The Living Tombstone",,,,youtube,l18A5BOTlzE,,"2026-10-09 10:50",,https://www.youtube.com/watch?v=l18A5BOTlzE
"LL COOL J - Doin' It (Official Music Video)",,,,youtube,OqEksaLoZYQ,,"2026-10-09 10:50",,https://www.youtube.com/watch?v=OqEksaLoZYQ
"Ludacris - Stand Up (Official Music Video) ft. Shawnna",,,,youtube,pZG7IK99OvI,,"2026-10-09 10:50",,https://www.youtube.com/watch?v=pZG7IK99OvI
"Mac Miller - Self Care",,,,youtube,SsKT0s5J8ko,,"2026-10-09 10:50",,https://www.youtube.com/watch?v=SsKT0s5J8ko
"Break Me","Manni Dee",,,youtube,5d_ZQlULHyk,,"2026-10-09 10:50",,https://www.youtube.com/watch?v=5d_ZQlULHyk
"Mariah Carey - Loverboy",,,,youtube,51t94H4hSxE,,"2026-10-09 10:50",,https://www.youtube.com/watch?v=51t94H4hSxE
"Cocktail Queen - Part 10 of 10 Melleefresh vs. deadmau5 @ Traffik (Montreal)",,,,youtube,gQR9Fgq5NMk,,"2026-10-09 10:50",,https://www.youtube.com/watch?v=gQR9Fgq5NMk
"Pull Up the People",M.I.A.,,,youtube,-WABTAZ-5XQ,,"2026-10-09 10:50",,https://www.youtube.com/watch?v=-WABTAZ-5XQ
Amazon,M.I.A.,,,youtube,sSBHIuTix7M,,"2026-10-09 10:50",,https://www.youtube.com/watch?v=sSBHIuTix7M
"M.I.A. - CTRL (OFFICIAL LYRIC VIDEO)",,,,youtube,37FSONm_c2w,,"2026-10-09 10:50",,https://www.youtube.com/watch?v=37FSONm_c2w
"M.I.A. - The One",,,,youtube,rzk20hkG6P8,,"2026-10-09 10:50",,https://www.youtube.com/watch?v=rzk20hkG6P8
"Michael Jackson - Rock With You (Rare Studio String Version)",,,,youtube,eVhl896h2NI,,"2026-10-09 10:51",,https://www.youtube.com/watch?v=eVhl896h2NI
"MØ - Lose Yourself (Official Video)",,,,youtube,Beb0XzxtUbk,,"2026-10-09 10:51",,https://www.youtube.com/watch?v=Beb0XzxtUbk
"Mr Oizo - Flat beat (Official Video with Flat Eric - 1999 - F Communications)",,,,youtube,qmsbP13xu6k,,"2026-10-09 10:51",,https://www.youtube.com/watch?v=qmsbP13xu6k
"Bounce (all i do is party) - MSTRKRFT Feat N.O.R.E",,,,youtube,tQN6hgS-hL0,,"2026-10-09 10:51",,https://www.youtube.com/watch?v=tQN6hgS-hL0
"NCT DREAM 엔시티 드림 '버퍼링 (Glitch Mode)' MV",,,,youtube,oZP2h3WIzqk,,"2026-10-09 10:51",,https://www.youtube.com/watch?v=oZP2h3WIzqk
"Nelly Furtado - Maneater (M+ike Remix)",,,,youtube,uRJqrIvA2fI,,"2026-10-09 10:51",,https://www.youtube.com/watch?v=uRJqrIvA2fI
"N.E.R.D. - Everyone Nose (All The Girls Standing In The Line For The Bathroom)",,,,youtube,N2wqmGu1EY8,,"2026-10-09 10:51",,https://www.youtube.com/watch?v=N2wqmGu1EY8
"Everyone Nose (All The Girls Standing In The Line For The Bathroom) (Remix)",,,,youtube,2474_-t7aLs,,"2026-10-09 10:51",,https://www.youtube.com/watch?v=2474_-t7aLs
"NewJeans (뉴진스) 'Attention' Official MV",,,,youtube,js1CtxSY38I,,"2026-10-09 10:51",,https://www.youtube.com/watch?v=js1CtxSY38I
"NewJeans (뉴진스) 'ETA' Official MV",,,,youtube,jOTfBlKSQYY,,"2026-10-09 10:51",,https://www.youtube.com/watch?v=jOTfBlKSQYY
"NewJeans (뉴진스) 'Right Now' Official MV",,,,youtube,m6pTbEz4w3o,,"2026-10-09 10:51",,https://www.youtube.com/watch?v=m6pTbEz4w3o
"NICKI MINAJ ""JUMPOFF""",,,,youtube,HkkYuS0zG9A,,"2026-10-09 10:51",,https://www.youtube.com/watch?v=HkkYuS0zG9A
"Nirvana- Tourette's (Audio)",,,,youtube,L117jPuQ0qg,,"2026-10-09 10:51",,https://www.youtube.com/watch?v=L117jPuQ0qg
"Orbital   The Box   Full Official Video with Credits",,,,youtube,qddG0iUSax4,,"2026-10-09 10:51",,https://www.youtube.com/watch?v=qddG0iUSax4
"OutKast - B.O.B. (Bombs Over Baghdad) (Zack de la Rocha Remix - Official Audio)",,,,youtube,yQLP_pXKY98,,"2026-10-09 10:51",,https://www.youtube.com/watch?v=yQLP_pXKY98
"Flip Flop Rock",OutKast,,,youtube,1oQwVs74mu8,,"2026-10-09 10:51",,https://www.youtube.com/watch?v=1oQwVs74mu8
"Panic! At The Disco: Victorious [OFFICIAL VIDEO]",,,,youtube,AUChk0lxF44,,"2026-10-09 10:51",,https://www.youtube.com/watch?v=AUChk0lxF44
"Paramore: Decode [OFFICIAL VIDEO]",,,,youtube,RvnkAtWcKYg,,"2026-10-09 10:51",,https://www.youtube.com/watch?v=RvnkAtWcKYg
"[Official Music Video] Perfume 「FLASH」",,,,youtube,q6T0wOMsNrI,,"2026-10-09 10:51",,https://www.youtube.com/watch?v=q6T0wOMsNrI
"[Official Music Video] Perfume 「ポリゴンウェイヴ」",,,,youtube,Q5_2VK_Hj2s,,"2026-10-09 10:51",,https://www.youtube.com/watch?v=Q5_2VK_Hj2s
"Beyonce - A Woman Like Me",,,,youtube,TwtJgeolT8E,,"2026-10-09 10:51",,https://www.youtube.com/watch?v=TwtJgeolT8E
"Pitbull - Hey Baby (Drop It To The Floor) ft. T-Pain",,,,youtube,LefQdEMJP1I,,"2026-10-09 10:51",,https://www.youtube.com/watch?v=LefQdEMJP1I
"Lean 4 Real","Playboi Carti",,,youtube,WOkP4zK5KDM,,"2026-10-09 10:51",,https://www.youtube.com/watch?v=WOkP4zK5KDM
"Portal 2 OST Volume 1 - Turret Wife Serenade",,,,youtube,HjJxHClOzrs,,"2026-10-09 10:51",,https://www.youtube.com/watch?v=HjJxHClOzrs
"EPIC RAP BATTLE of MANLINESS",,,,youtube,_EzDRpkfaO4,,"2026-10-09 10:51",,https://www.youtube.com/watch?v=_EzDRpkfaO4
"[Rhythm Heaven] - Big Rock Finish (Perfect) (English)",,,,youtube,g5uHzCJflgs,,"2026-10-09 10:51",,https://www.youtube.com/watch?v=g5uHzCJflgs
"Karate Man (Lonely Storm) - Rhythm Heaven Fever (ENG Version)",,,,youtube,YJZ5SERfqeY,,"2026-10-09 10:51",,https://www.youtube.com/watch?v=YJZ5SERfqeY
"Minna no Rhythm Tengoku - Night Walk (Full version)",,,,youtube,24VFmHOFlko,,"2026-10-09 10:51",,https://www.youtube.com/watch?v=24VFmHOFlko
"ROSALÍA - LA COMBI VERSACE (Official Audio) ft. Tokischa",,,,youtube,y28_bM8h_Cg,,"2026-10-09 10:51",,https://www.youtube.com/watch?v=y28_bM8h_Cg
"櫻坂46『承認欲求 -Dance Practice-』",,,,youtube,PITPtr1tLSU,,"2026-10-09 10:51",,https://www.youtube.com/watch?v=PITPtr1tLSU
Sev,SebastiAn,,,youtube,V-_WvNJ8lEs,,"2026-10-09 10:51",,https://www.youtube.com/watch?v=V-_WvNJ8lEs
"Look At Me Now (Zora Jones Edit)",,,,youtube,6wJIJKjrQKQ,,"2026-10-09 10:51",,https://www.youtube.com/watch?v=6wJIJKjrQKQ
"oki doki boomer",,,,youtube,dWNvlyycWzQ,,"2026-10-09 10:51",,https://www.youtube.com/watch?v=dWNvlyycWzQ
"My Name Is Skrillex (HQ)",,,,youtube,Mxwr20HFQsA,,"2026-10-09 10:51",,https://www.youtube.com/watch?v=Mxwr20HFQsA
"Shinichi Osawa -Rendezvous",,,,youtube,ji_ZNWX6dAo,,"2026-10-09 10:51",,https://www.youtube.com/watch?v=ji_ZNWX6dAo
"Shnootz - Reaction Video (Soft Cell - Monoculture)",,,,youtube,rdgXBTLx3Hk,,"2026-10-09 10:51",,https://www.youtube.com/watch?v=rdgXBTLx3Hk
"Mushroom Hill Zone (Act 1) - Sonic & Knuckles [OST]",,,,youtube,13qhQBOAQDg,,"2026-10-09 10:51",,https://www.youtube.com/watch?v=13qhQBOAQDg
"Mushroom Hill Zone (Act 2) - Sonic & Knuckles [OST]",,,,youtube,Dio-I096_74,,"2026-10-09 10:51",,https://www.youtube.com/watch?v=Dio-I096_74
"Vox edit bc I'm a simp 😩🤚{#vox #hazbinhotel} @Nyx_on_paws",,,,youtube,m1OCBK1ZXVg,,"2026-10-09 10:51",,https://www.youtube.com/watch?v=m1OCBK1ZXVg
"Splatfest Defeat (Jingle) - Off the Hook [Splatoon 2 OST]",,,,youtube,1-S9Xr7b3pA,,"2026-10-09 10:51",,https://www.youtube.com/watch?v=1-S9Xr7b3pA
"Splatoon 2 OST - Shooting Starfish (w/ Final Checkpoint)",,,,youtube,w7PlfZxQErE,,"2026-10-09 10:51",,https://www.youtube.com/watch?v=w7PlfZxQErE
"Ride or Fry - [Octoplush]",,,,youtube,XlmIac0Hyaw,,"2026-10-09 10:51",,https://www.youtube.com/watch?v=XlmIac0Hyaw
"Routin3s - Free Association",,,,youtube,1dSGrv_vxOk,,"2026-10-09 10:51",,https://www.youtube.com/watch?v=1dSGrv_vxOk
"Storm feat. Young Noble & Daz Dillinger - Mash For Our Dreams",,,,youtube,mrHM-nwVS8A,,"2026-10-09 10:51",,https://www.youtube.com/watch?v=mrHM-nwVS8A
"Kehlani - Gangsta (from Suicide Squad: The Album) [Official Music Video]",,,,youtube,LAYgZEMMWxo,,"2026-10-09 10:51",,https://www.youtube.com/watch?v=LAYgZEMMWxo
"nobody here",,,,youtube,-RFunvF0mDw,,"2026-10-09 10:51",,https://www.youtube.com/watch?v=-RFunvF0mDw
"Shadow Mario steals F.L.U.D.D. (cutscene)",,,,youtube,UD8LUQO407E,,"2026-10-09 10:51",,https://www.youtube.com/watch?v=UD8LUQO407E
"Tekken Tag Tournament 2 Piano Intro Massive Mix - Extended",,,,youtube,0PKg7A8SwcA,,"2026-10-09 10:51",,https://www.youtube.com/watch?v=0PKg7A8SwcA
"Thomas Bangalter- What To Do (HIGH QUALITY)",,,,youtube,CJHloriacsk,,"2026-10-09 10:51",,https://www.youtube.com/watch?v=CJHloriacsk
"Thomas Bangalter of #DaftPunk confirms that they are over",,,,youtube,h6BOJ7eo_ak,,"2026-10-09 10:51",,https://www.youtube.com/watch?v=h6BOJ7eo_ak
"Touch Sensitive - G.A.L. feat. Daniel Wilson (Official Lyric Video)",,,,youtube,E9LUjlD-D_c,,"2026-10-09 10:51",,https://www.youtube.com/watch?v=E9LUjlD-D_c
"Tove Lo - Disco Tits (Live)",,,,youtube,B4isjsTWozU,,"2026-10-09 10:51",,https://www.youtube.com/watch?v=B4isjsTWozU
"Kylie Minogue / Towa Tei - GBI: German Bold Italic",,,,youtube,TPwyvZa0AZk,,"2026-10-09 10:51",,https://www.youtube.com/watch?v=TPwyvZa0AZk
"Travis Scott - KICK OUT",,,,youtube,EBr7YTNBzoM,,"2026-10-09 10:51",,https://www.youtube.com/watch?v=EBr7YTNBzoM
"Paramore: Decode [OFFICIAL VIDEO]",,,,youtube,RvnkAtWcKYg,,"2026-10-09 10:51",,https://www.youtube.com/watch?v=RvnkAtWcKYg
"Talk To Me","Two Shell",,,youtube,Sf8MEcxLxl8,,"2026-10-09 10:52",,https://www.youtube.com/watch?v=Sf8MEcxLxl8
"Pilot-Tyler, the Creator",,,,youtube,I6-JIQG9JYk,,"2026-10-09 10:52",,https://www.youtube.com/watch?v=I6-JIQG9JYk
"098. Battle Against A True Hero (UNDERTALE Soundtrack) - Toby Fox",,,,youtube,xV4pZgTe94E,,"2026-10-09 10:52",,https://www.youtube.com/watch?v=xV4pZgTe94E
"wev - acid in tokyo feat. YINYO  [official video]",,,,youtube,26axV92xe4c,,"2026-10-09 10:52",,https://www.youtube.com/watch?v=26axV92xe4c
"The White Stripes 'Little Room' music video",,,,youtube,4OqveSybH0A,,"2026-10-09 10:52",,https://www.youtube.com/watch?v=4OqveSybH0A
"after that by Yaeji from EP2 - EP",,,,youtube,akWou3nZjDM,,"2026-10-09 10:52",,https://www.youtube.com/watch?v=akWou3nZjDM
"We No Speak Americano (Bass Power Remix)","Yolanda Be Cool",,,youtube,sLSKNqtY3ZY,,"2026-10-09 10:52",,https://www.youtube.com/watch?v=sLSKNqtY3ZY
"The Young Punx - Your music is killing me Live@ Summer Sonic",,,,youtube,OmSeQYkT6kg,,"2026-10-09 10:52",,https://www.youtube.com/watch?v=OmSeQYkT6kg
"Sarah from Kero Kero Bonito reviews the Predator (2018)",,,,youtube,nVwVXZS3VnU,,"2026-10-09 10:52",,https://www.youtube.com/watch?v=nVwVXZS3VnU
"A$AP Rocky - A$AP Forever (Official Video) ft. Moby",,,,youtube,BNzc6hG3yN4,,"2026-10-09 10:52",,https://www.youtube.com/watch?v=BNzc6hG3yN4
"beabadoobee - Glue Song (Lyric Video) ft. Clairo",,,,youtube,RDPJcJepwrc,,"2026-10-09 10:52",,https://www.youtube.com/watch?v=RDPJcJepwrc
"if the world doesn't end",,,,youtube,Np7fFcHFkpg,,"2026-10-09 10:52",,https://www.youtube.com/watch?v=Np7fFcHFkpg
"Big Racks","Bree Runway",,,youtube,mQ13glyvsVo,,"2026-10-09 10:52",,https://www.youtube.com/watch?v=mQ13glyvsVo
"Prayer - BROCKHAMPTON",,,,youtube,QaAGSK9Iqhc,,"2026-10-09 10:52",,https://www.youtube.com/watch?v=QaAGSK9Iqhc
"The Buggles - Video Killed The Radio Star (Official Music Video)",,,,youtube,W8r-tXRLazs,,"2026-10-09 10:52",,https://www.youtube.com/watch?v=W8r-tXRLazs
"Carley Rae Jepsen - Me And The Boys In The Band (Lyrics)",,,,youtube,A-8RT78uITI,,"2026-10-09 10:52",,https://www.youtube.com/watch?v=A-8RT78uITI
"Cassius - I'm a Woman (Official Video)",,,,youtube,pC916mPxaLk,,"2026-10-09 10:52",,https://www.youtube.com/watch?v=pC916mPxaLk
"Charli xcx - Wink Wink (Official Video)",,,,youtube,BAp4q27hTOc,,"2026-10-09 10:52",,https://www.youtube.com/watch?v=BAp4q27hTOc
"Christine and the Queens - La vita nuova (A. G. Cook Remix) (Animated Video)",,,,youtube,0rRLvDJZCR0,,"2026-10-09 10:52",,https://www.youtube.com/watch?v=0rRLvDJZCR0
"Debussy - Clair de Lune",,,,youtube,WNcsUNKlAKw,,"2026-10-09 10:52",,https://www.youtube.com/watch?v=WNcsUNKlAKw
"CUT COPY - GOING NOWHERE (WHITEY REMIX)",,,,youtube,jrNrdGwMSJM,,"2026-10-09 10:52",,https://www.youtube.com/watch?v=jrNrdGwMSJM
"Us Cracks/Cyberpunk 2077 - PONPONSHITstreet ver. guitar cover(+Tabs link)",,,,youtube,eARDQ1QkPJ4,,"2026-10-09 10:52",,https://www.youtube.com/watch?v=eARDQ1QkPJ4
"Daft Punk - The Brainwasher [Daftabase Remix]",,,,youtube,bM6401kE7kU,,"2026-10-09 10:52",,https://www.youtube.com/watch?v=bM6401kE7kU
Beacon,Disasterpeace,,,youtube,15-FLAx-Qjc,,"2026-10-09 10:52",,https://www.youtube.com/watch?v=15-FLAx-Qjc
Fear,Disasterpeace,,,youtube,sy7iUhkXQU0,,"2026-10-09 10:52",,https://www.youtube.com/watch?v=sy7iUhkXQU0
51129,"food house",,,youtube,mZLHSDK5pYc,,"2026-10-09 10:52",,https://www.youtube.com/watch?v=mZLHSDK5pYc
nono,"food house",,,youtube,i8iQfJlhszw,,"2026-10-09 10:52",,https://www.youtube.com/watch?v=i8iQfJlhszw
"Fred again.... Kelly (end of a nightmare). Music to operate to. T4C",,,,youtube,OG90lwmpJ3w,,"2026-10-09 10:52",,https://www.youtube.com/watch?v=OG90lwmpJ3w
"Green Day - Jesus of Suburbia (Official Audio)",,,,youtube,4z7oi-QxE8s,,"2026-10-09 10:52",,https://www.youtube.com/watch?v=4z7oi-QxE8s
"Peepy's Theme",,,,youtube,Yep6GVM0IYs,,"2026-10-09 10:52",,https://www.youtube.com/watch?v=Yep6GVM0IYs
"Deavid Soul - Up Set Attack",,,,youtube,FZqxSuLGU7g,,"2026-10-09 10:52",,https://www.youtube.com/watch?v=FZqxSuLGU7g
"Yappie Feet","Deavid Soul",,,youtube,WUAxSsjRb8w,,"2026-10-09 10:52",,https://www.youtube.com/watch?v=WUAxSsjRb8w
"GIVE PEACE A CHANCE. (Ultimate Mix, 2020) - Plastic Ono Band (official music video HD)",,,,youtube,C3_0GqPvr4U,,"2026-10-09 10:52",,https://www.youtube.com/watch?v=C3_0GqPvr4U
"JoJo - Music. [Official Video]",,,,youtube,0m4xsDviZQM,,"2026-10-09 10:52",,https://www.youtube.com/watch?v=0m4xsDviZQM
"Phil Harris, Bruce Reitherman - The Bare Necessities (From ""The Jungle Book""/Sing-Along)",,,,youtube,6BH-Rxd-NBo,,"2026-10-09 10:52",,https://www.youtube.com/watch?v=6BH-Rxd-NBo
"There is time for everything | Routine for kids| Time management",,,,youtube,hdNO4BnyDaM,,"2026-10-09 10:52",,https://www.youtube.com/watch?v=hdNO4BnyDaM
"Sweet Spot - Kim Petras (Official Lyric Video)",,,,youtube,BkdTQWS5Mj0,,"2026-10-09 10:52",,https://www.youtube.com/watch?v=BkdTQWS5Mj0
"Lady Gaga - Christmas Tree FULL VERSION [feat. Space Cowboy] Super HQ",,,,youtube,kAE8QV-iWvs,,"2026-10-09 10:52",,https://www.youtube.com/watch?v=kAE8QV-iWvs
"Lady Gaga - Telephone ft. Beyoncé (Breakdown Remix) [Prod. by Cits93]",,,,youtube,3d4ksRS7p6o,,"2026-10-09 10:52",,https://www.youtube.com/watch?v=3d4ksRS7p6o
"stasis. (feat. dynastic)",leastfavorite!,,,youtube,JHxfPWohpns,,"2026-10-09 10:52",,https://www.youtube.com/watch?v=JHxfPWohpns
"Lily Allen | Sheezus (Official Video)",,,,youtube,9kPQiAJv4fo,,"2026-10-09 10:52",,https://www.youtube.com/watch?v=9kPQiAJv4fo
"Lisa Loeb ""Stay (I Missed You)"" Music Video",,,,youtube,i9HGwRbMiVY,,"2026-10-09 10:52",,https://www.youtube.com/watch?v=i9HGwRbMiVY
"Creative Exercise - Mario Paint",,,,youtube,uCRB5N8LQN4,,"2026-10-09 10:52",,https://www.youtube.com/watch?v=uCRB5N8LQN4
"Fire, Fire",M.I.A.,,,youtube,9u2uq4Y2BUU,,"2026-10-09 10:52",,https://www.youtube.com/watch?v=9u2uq4Y2BUU
"Miley Cyrus - End of the World (Official Video)",,,,youtube,CXBFU97X61I,,"2026-10-09 10:52",,https://www.youtube.com/watch?v=CXBFU97X61I
"Music Disc - 11 (Minecraft C418)",,,,youtube,aLf9lfbI5Kg,,"2026-10-09 10:52",,https://www.youtube.com/watch?v=aLf9lfbI5Kg
"An Ordinary Day","Kumi Tanioka",,,youtube,VSuIdgr66ho,,"2026-10-09 10:52",,https://www.youtube.com/watch?v=VSuIdgr66ho
"Ice Cream - Muscles",,,,youtube,3_eyfvYdAiU,,"2026-10-09 10:52",,https://www.youtube.com/watch?v=3_eyfvYdAiU
"Montaigne - My Life Is Better With You (Official Music Video)",,,,youtube,8pxCOMEIW5o,,"2026-10-09 10:52",,https://www.youtube.com/watch?v=8pxCOMEIW5o
"Namasenda -  ☆ (Star) feat. Oklou [Official Lyric Video]",,,,youtube,c67wFF0qoOA,,"2026-10-09 10:52",,https://www.youtube.com/watch?v=c67wFF0qoOA
"NewJeans (뉴진스) 'How Sweet' Official MV",,,,youtube,Q3K0TOvTOno,,"2026-10-09 10:52",,https://www.youtube.com/watch?v=Q3K0TOvTOno
"Oklou - (;´༎ຶٹ༎ຶ`)",,,,youtube,IlUtTT4il0M,,"2026-10-09 10:52",,https://www.youtube.com/watch?v=IlUtTT4il0M
"Pnau-Baby Breakbot Remix",,,,youtube,GhuGMK18Bss,,"2026-10-09 10:52",,https://www.youtube.com/watch?v=GhuGMK18Bss
"The Presidents of the United States of America - Lump (Version A) (Official HD Music Video)",,,,youtube,xjwkXYB4nHs,,"2026-10-09 10:52",,https://www.youtube.com/watch?v=xjwkXYB4nHs
"Prince - Batdance (Official Music Video)",,,,youtube,ulOLYnOthIw,,"2026-10-09 10:52",,https://www.youtube.com/watch?v=ulOLYnOthIw
"Goblin Cage VS Ram Rider Clash Royale Evolution Card || Clash Of Clans Brawl Stars Witch Dragon",,,,youtube,6dM9y6lYbe4,,"2026-10-09 10:52",,https://www.youtube.com/watch?v=6dM9y6lYbe4
"REI AMI - DICTATOR (Official Music Video)",,,,youtube,dhjiRQPJhgQ,,"2026-10-09 10:52",,https://www.youtube.com/watch?v=dhjiRQPJhgQ
"Rhythm Heaven Fever - I Love You, My One and Only [ENG] [LYRICS]",,,,youtube,R3Kt9-P2lOg,,"2026-10-09 10:52",,https://www.youtube.com/watch?v=R3Kt9-P2lOg
"OK Theme - Rhythm Heaven",,,,youtube,MTwnU-peJ4g,,"2026-10-09 10:53",,https://www.youtube.com/watch?v=MTwnU-peJ4g
"Superb - Rhythm Heaven Fever",,,,youtube,AOsq0TKAb2k,,"2026-10-09 10:53",,https://www.youtube.com/watch?v=AOsq0TKAb2k
"[Rhythm Heaven] - Lockstep (Perfect) (English)",,,,youtube,YrCTHodtzb4,,"2026-10-09 10:53",,https://www.youtube.com/watch?v=YrCTHodtzb4
"Lockstep 2 - Rhythm Heaven",,,,youtube,fEPh2aPgB2s,,"2026-10-09 10:53",,https://www.youtube.com/watch?v=fEPh2aPgB2s
"Guitar Lessons (Instrumental Version) - Rhythm Heaven",,,,youtube,RqbRqZMarY4,,"2026-10-09 10:53",,https://www.youtube.com/watch?v=RqbRqZMarY4
"Rhythm Heaven Fever - I Love You, My One and Only [ENG] [LYRICS]",,,,youtube,R3Kt9-P2lOg,,"2026-10-09 10:53",,https://www.youtube.com/watch?v=R3Kt9-P2lOg
"Game Menu A - Rhythm Heaven Fever",,,,youtube,oXcZnCPIP6Y,,"2026-10-09 10:53",,https://www.youtube.com/watch?v=oXcZnCPIP6Y
"Minna no Rhythm Tengoku - Night Walk (Full version)",,,,youtube,24VFmHOFlko,,"2026-10-09 10:53",,https://www.youtube.com/watch?v=24VFmHOFlko
"Minna no Rhythm Tengoku - Night Walk (Full version)",,,,youtube,24VFmHOFlko,,"2026-10-09 10:53",,https://www.youtube.com/watch?v=24VFmHOFlko
"[Rhythm Heaven Fever] ~ Power Calligraphy",,,,youtube,j9tUeWceeaQ,,"2026-10-09 10:53",,https://www.youtube.com/watch?v=j9tUeWceeaQ
"Character Credits - Rhythm Heaven Fever",,,,youtube,m_DJzzRm-gA,,"2026-10-09 10:53",,https://www.youtube.com/watch?v=m_DJzzRm-gA
"ROSALÍA - CUUUUuuuuuute (Official Audio)",,,,youtube,PHvhnnMa7Dc,,"2026-10-09 10:53",,https://www.youtube.com/watch?v=PHvhnnMa7Dc
"DRUNK OFF LOVE - SAGA BOUY",,,,youtube,TZ-Es11_Qjw,,"2026-10-09 10:53",,https://www.youtube.com/watch?v=TZ-Es11_Qjw
"SebastiAn - スィート Sweet feat. Loota",,,,youtube,RzmBX7HX0ro,,"2026-10-09 10:53",,https://www.youtube.com/watch?v=RzmBX7HX0ro
"Wewe SIn -  she took my ears feat. SEBii  (official lyric video)",,,,youtube,h8oihYMjha4,,"2026-10-09 10:53",,https://www.youtube.com/watch?v=h8oihYMjha4
"Our Song (Song & You Mix) / Shinichi Osawa (Remixed by De De Mouse)",,,,youtube,rnkExq0xazw,,"2026-10-09 10:53",,https://www.youtube.com/watch?v=rnkExq0xazw
"Touch My Body",Slayyyter,,,youtube,w9JuJTBhyWg,,"2026-10-09 10:53",,https://www.youtube.com/watch?v=w9JuJTBhyWg
"Plaza Speakers K - Splatoon OST",,,,youtube,PrOpsPE8860,,"2026-10-09 10:53",,https://www.youtube.com/watch?v=PrOpsPE8860
"Dedf1sh - #12.2 awakened",,,,youtube,5R4suSdUTtM,,"2026-10-09 10:53",,https://www.youtube.com/watch?v=5R4suSdUTtM
"The Girl From Ipanema (Mono Version)","Stan Getz",,,youtube,4AX1c2YsBNs,,"2026-10-09 10:53",,https://www.youtube.com/watch?v=4AX1c2YsBNs
"Honey (Mura Masa Chill Remix)","Troye Sivan",,,youtube,Wla_idt_KRY,,"2026-10-09 10:53",,https://www.youtube.com/watch?v=Wla_idt_KRY
"Troye Sivan - Honey (Mura Masa Wonder Remix / Official Audio)",,,,youtube,vueHDkAQU_c,,"2026-10-09 10:53",,https://www.youtube.com/watch?v=vueHDkAQU_c
"Bender Go To Robot Prison 😆 #futurama#funny#classiccartoons #shorts",,,,youtube,qv34Ge4-Sao,,"2026-10-09 10:53",,https://www.youtube.com/watch?v=qv34Ge4-Sao
"Tyler, The Creator - Glitter",,,,youtube,reZsYIVmWy8,,"2026-10-09 10:53",,https://www.youtube.com/watch?v=reZsYIVmWy8
"Honest [GRRL Remix] (GRRL4x4Edit4B4battlepass)「NXC」",,,,youtube,OeEbNuyWaF4,,"2026-10-09 10:53",,https://www.youtube.com/watch?v=OeEbNuyWaF4
"Fallen Down","Toby Fox",,,youtube,qH5hM1ILuFQ,,"2026-10-09 10:53",,https://www.youtube.com/watch?v=qH5hM1ILuFQ
Dogsong,"Toby Fox",,,youtube,c7vfHJOq0H4,,"2026-10-09 10:53",,https://www.youtube.com/watch?v=c7vfHJOq0H4
"Vanessa Amorosi | Absolutely Everybody | Club Version",,,,youtube,Rco1QQShM1Y,,"2026-10-09 10:53",,https://www.youtube.com/watch?v=Rco1QQShM1Y
"Wii Play - Main Theme",,,,youtube,PbYoMpwHq5c,,"2026-10-09 10:53",,https://www.youtube.com/watch?v=PbYoMpwHq5c
"Shakira - Try Everything (Official Video)",,,,youtube,c6rP-YP4c5I,,"2026-10-09 10:53",,https://www.youtube.com/watch?v=c6rP-YP4c5I
"100 gecs - Hey Big Man {OFFICIAL AUDIO}",,,,youtube,NNpmfkBcPwg,,"2026-10-09 10:53",,https://www.youtube.com/watch?v=NNpmfkBcPwg
"21 Savage & Metro Boomin - X ft Future (Official Music Video)",,,,youtube,SpXw0qiy3Wo,,"2026-10-09 10:53",,https://www.youtube.com/watch?v=SpXw0qiy3Wo
"IF THE JOKER COULD BEATBOX...",,,,youtube,qrAXRSBv-co,,"2026-10-09 10:53",,https://www.youtube.com/watch?v=qrAXRSBv-co
"Cos I Love U","A. G. Cook",,,youtube,LPuf4YGTa7k,,"2026-10-09 10:53",,https://www.youtube.com/watch?v=LPuf4YGTa7k
"cali cartier - SHINE FT. TYMMI [prod. Dylan Brady]",,,,youtube,NE-PhM-BxM4,,"2026-10-09 10:53",,https://www.youtube.com/watch?v=NE-PhM-BxM4
"El Arca de Noé  parte 2",,,,youtube,vpB8Bt3UE_M,,"2026-10-09 10:53",,https://www.youtube.com/watch?v=vpB8Bt3UE_M
"PT. 4 - TG ARCA SPORT - Meeting di Calcio a 5 - 2026",,,,youtube,x8geAVY9NpY,,"2026-10-09 10:53",,https://www.youtube.com/watch?v=x8geAVY9NpY
"Baby Keem, Kendrick Lamar - range brothers (Official Audio)",,,,youtube,IkuBYRUwWdg,,"2026-10-09 10:53",,https://www.youtube.com/watch?v=IkuBYRUwWdg
"Dua Lipa - Dance The Night (From Barbie The Album) [Official Music Video]",,,,youtube,OiC1rgCPmUQ,,"2026-10-09 10:53",,https://www.youtube.com/watch?v=OiC1rgCPmUQ
"Beyoncé - VIRGO'S GROOVE (Official Lyric Video)",,,,youtube,aD3HgrfjrAw,,"2026-10-09 10:53",,https://www.youtube.com/watch?v=aD3HgrfjrAw
"Beyoncé - JOLENE (Official Lyric Video)",,,,youtube,x9XHMK3nWr4,,"2026-10-09 10:53",,https://www.youtube.com/watch?v=x9XHMK3nWr4
"BICEP | ORCA",,,,youtube,-wYpDez5-eU,,"2026-10-09 10:53",,https://www.youtube.com/watch?v=-wYpDez5-eU
"Billie Eilish - MyBoi (TroyBoi Remix/Official Audio)",,,,youtube,7AocLuDCQjY,,"2026-10-09 10:53",,https://www.youtube.com/watch?v=7AocLuDCQjY
"Billie Eilish - CHIHIRO (Official Music Video)",,,,youtube,BY_XwvKogC8,,"2026-10-09 10:53",,https://www.youtube.com/watch?v=BY_XwvKogC8
"Thom + Björk ""I've Seen It All"" Lyric Video",,,,youtube,dOKVUgzTbkg,,"2026-10-09 10:53",,https://www.youtube.com/watch?v=dOKVUgzTbkg
"Black Eyed Peas - Lets Get Retarded",,,,youtube,LrkEc2V3mO4,,"2026-10-09 10:53",,https://www.youtube.com/watch?v=LrkEc2V3mO4
"Meet Me Halfway At The Remix (will.i.am Remix)","The Black Eyed Peas",,,youtube,zE9UU6vA6_g,,"2026-10-09 10:53",,https://www.youtube.com/watch?v=zE9UU6vA6_g
"Shut Your Mouth (Original Version)",Bodyrox,,,youtube,u5t6fHEr0Js,,"2026-10-09 10:53",,https://www.youtube.com/watch?v=u5t6fHEr0Js
"Next To Me","Leopard DaVinci",,,youtube,_WWxGi-Pmso,,"2026-10-09 10:53",,https://www.youtube.com/watch?v=_WWxGi-Pmso
"And down (extended) - Boys Noize",,,,youtube,tldpbhhMD80,,"2026-10-09 10:53",,https://www.youtube.com/watch?v=tldpbhhMD80
"DON'T SHOOT UP THE PARTY - BROCKHAMPTON",,,,youtube,SYxaPe4pgKU,,"2026-10-09 10:53",,https://www.youtube.com/watch?v=SYxaPe4pgKU
"Gupi - Bunny Hill Original Soundtrack - Menu",,,,youtube,_1YNpCBvu8U,,"2026-10-09 10:53",,https://www.youtube.com/watch?v=_1YNpCBvu8U
"Burial: UK  (Hyperdub 2007)",,,,youtube,GbfrgJls7n4,,"2026-10-09 10:53",,https://www.youtube.com/watch?v=GbfrgJls7n4
"Burial: Raver (Hyperdub 2007)",,,,youtube,QFO1kuq630w,,"2026-10-09 10:53",,https://www.youtube.com/watch?v=QFO1kuq630w
"Cassius - Supa Crush (Official Audio)",,,,youtube,OONYQNL249Y,,"2026-10-09 10:53",,https://www.youtube.com/watch?v=OONYQNL249Y
"CeeLo Green 'Bright Lights Bigger City' OFFICIAL VIDEO",,,,youtube,UBhdIcb84Hw,,"2026-10-09 10:53",,https://www.youtube.com/watch?v=UBhdIcb84Hw
"Charlie Puth - L.U.V (Music Video)",,,,youtube,YNiAtNG_WXs,,"2026-10-09 10:54",,https://www.youtube.com/watch?v=YNiAtNG_WXs
"Craig Mack - Flava In Ya Ear (Remix) (Official Music Video)",,,,youtube,PMbELEUfmIA,,"2026-10-09 10:54",,https://www.youtube.com/watch?v=PMbELEUfmIA
"CYBERPUNK 2077 - KILL THE MESSENGER by Rezodrone (Jason Charles Miller & Jamison Boaz)",,,,youtube,ctaipAQ_Sb0,,"2026-10-09 10:54",,https://www.youtube.com/watch?v=ctaipAQ_Sb0
"Hysteria /  Totenmesse - Scrum - Ritual FM",,,,youtube,TICNk1NRUHY,,"2026-10-09 10:54",,https://www.youtube.com/watch?v=TICNk1NRUHY
"CYBERPUNK 2077 SOUNDTRACK - ADAPTIVE MANIPULATOR by Tomb Mold & Bacillus (Official Video)",,,,youtube,BR4EmDMtIFw,,"2026-10-09 10:54",,https://www.youtube.com/watch?v=BR4EmDMtIFw
"Reviscerator - Glitched Revelation (Cyberpunk 2077 92.9 Night FM)",,,,youtube,At47AcDQPIY,,"2026-10-09 10:54",,https://www.youtube.com/watch?v=At47AcDQPIY
"Yards of The Moon - Volcano The Sailor (Połoz) (Night FM)",,,,youtube,PUnr5ocuSr0,,"2026-10-09 10:54",,https://www.youtube.com/watch?v=PUnr5ocuSr0
"Yards of the Moon - 1101 Break (Cyberpunk 2077 103.5 Radio Pebkac)",,,,youtube,LFmIKvcEYKA,,"2026-10-09 10:54",,https://www.youtube.com/watch?v=LFmIKvcEYKA
"Daft Punk - Aerodynamic (Daft Punk Remix) (Official Audio)",,,,youtube,NPgsadG-lwk,,"2026-10-09 10:57",,https://www.youtube.com/watch?v=NPgsadG-lwk
"Daft Punk - Ouverture (Official Audio)",,,,youtube,HU7KlDJVINc,,"2026-10-09 10:57",,https://www.youtube.com/watch?v=HU7KlDJVINc
"Daft Punk - Human After All (The Juan Maclean Remix) (Official Audio)",,,,youtube,s5NjOW43hJo,,"2026-10-09 10:57",,https://www.youtube.com/watch?v=s5NjOW43hJo
"Daft Punk - Human After All («Guy-Man After All» Justice Remix) (Official Audio)",,,,youtube,ljP5JHeth_w,,"2026-10-09 10:57",,https://www.youtube.com/watch?v=ljP5JHeth_w
"Steam Machine - Daft Punk (Atom Remix)",,,,youtube,WFavnTN5ph4,,"2026-10-09 10:57",,https://www.youtube.com/watch?v=WFavnTN5ph4
"Robocopyright - Article 13 Rap",,,,youtube,VvpWQkbyW2A,,"2026-10-09 10:57",,https://www.youtube.com/watch?v=VvpWQkbyW2A
"DJ Mayhem - Interlocked (Official Music Video)",,,,youtube,_GQWMnEskrY,,"2026-10-09 10:57",,https://www.youtube.com/watch?v=_GQWMnEskrY
"A Roller Skating Jam Named ""Saturdays"" (Official Music Video) [HD]",,,,youtube,9S5lTgyfT2c,,"2026-10-09 10:57",,https://www.youtube.com/watch?v=9S5lTgyfT2c
"deadmau5 ""Word Problems""",,,,youtube,XePfPB1arSU,,"2026-10-09 10:57",,https://www.youtube.com/watch?v=XePfPB1arSU
"Lost Girl","Toby Fox",,,youtube,P89rxnT7lKw,,"2026-10-09 10:57",,https://www.youtube.com/watch?v=P89rxnT7lKw
SuperPop!,"DJ Re:Code",,,youtube,labXNCp5u9Y,,"2026-10-09 10:57",,https://www.youtube.com/watch?v=labXNCp5u9Y
"Knock Knock","DJ Re:Code",,,youtube,7YPasYcFuXU,,"2026-10-09 10:57",,https://www.youtube.com/watch?v=7YPasYcFuXU
"Doja Cat - Boss Bitch (2023 iMAX Remix) [TikTok Song]",,,,youtube,0vUqPU2sMTA,,"2026-10-09 10:57",,https://www.youtube.com/watch?v=0vUqPU2sMTA
"Dr Dre - Nuthin' But A ""G"" Thang [Official Music Video]",,,,youtube,8GliyDgAGQI,,"2026-10-09 10:57",,https://www.youtube.com/watch?v=8GliyDgAGQI
"fixations - dz deathrays (remix) / Sub español",,,,youtube,Y5pqDPAVHgg,,"2026-10-09 10:57",,https://www.youtube.com/watch?v=Y5pqDPAVHgg
"Tate McRae - Just Keep Watching (From F1® The Movie) (Official Video)",,,,youtube,dpvQqmX6SUI,,"2026-10-09 10:57",,https://www.youtube.com/watch?v=dpvQqmX6SUI
"femtanyl - WORLDWID3 feat. zombAe",,,,youtube,19Tx3LDpgRk,,"2026-10-09 10:57",,https://www.youtube.com/watch?v=19Tx3LDpgRk
"Hands Up","The Black Eyed Peas",,,youtube,I83hW-pRe6w,,"2026-10-09 10:57",,https://www.youtube.com/watch?v=I83hW-pRe6w
"Lights On","FKA twigs",,,youtube,NhDReJhpy4k,,"2026-10-09 10:57",,https://www.youtube.com/watch?v=NhDReJhpy4k
"Flume - Hyperreal feat. Kučka",,,,youtube,SPc-oWXEhQQ,,"2026-10-09 10:57",,https://www.youtube.com/watch?v=SPc-oWXEhQQ
"Fortnite | Best Buds Lobby Music",,,,youtube,Vbyyydpmq0E,,"2026-10-09 10:57",,https://www.youtube.com/watch?v=Vbyyydpmq0E
"Tasty Bois - Runamok (Official Lyric Video)",,,,youtube,ppL7rdg343E,,"2026-10-09 10:57",,https://www.youtube.com/watch?v=ppL7rdg343E
"South - Friday Night Funkin' OST",,,,youtube,_Q7J97WD3Gg,,"2026-10-09 10:57",,https://www.youtube.com/watch?v=_Q7J97WD3Gg
"Pico - Friday Night Funkin' OST",,,,youtube,kaNuYpHWcac,,"2026-10-09 10:57",,https://www.youtube.com/watch?v=kaNuYpHWcac
"High - Friday Night Funkin' OST",,,,youtube,OIsp8KrwSVY,,"2026-10-09 10:57",,https://www.youtube.com/watch?v=OIsp8KrwSVY
"M.I.L.F - Friday Night Funkin' OST",,,,youtube,dOPrN6aJ7TI,,"2026-10-09 10:57",,https://www.youtube.com/watch?v=dOPrN6aJ7TI
"Ugh - Friday Night Funkin' OST",,,,youtube,_pLDBCkvyUg,,"2026-10-09 10:57",,https://www.youtube.com/watch?v=_pLDBCkvyUg
"Eliminate, Frost Children  - SMSOU (Lyric Video)",,,,youtube,4yYYM9L6w8w,,"2026-10-09 10:57",,https://www.youtube.com/watch?v=4yYYM9L6w8w
"Ray Parker Jr. - Ghostbusters (Official HD Video)",,,,youtube,Fe93CLbHjxQ,,"2026-10-09 10:57",,https://www.youtube.com/watch?v=Fe93CLbHjxQ
"Glass Animals - Gooey (Official Audio)",,,,youtube,jeo3an2M_Lo,,"2026-10-09 10:57",,https://www.youtube.com/watch?v=jeo3an2M_Lo
"Gorillaz - Kids With Guns (Live on Letterman)",,,,youtube,RJA7Kl1TVaY,,"2026-10-09 10:57",,https://www.youtube.com/watch?v=RJA7Kl1TVaY
"Gorillaz - Plastic Beach - Plastic Beach",,,,youtube,AGM8BMqBcTo,,"2026-10-09 10:57",,https://www.youtube.com/watch?v=AGM8BMqBcTo
"Gorillaz - Doncamatic (Official Video)",,,,youtube,OJQyTnD74gk,,"2026-10-09 10:57",,https://www.youtube.com/watch?v=OJQyTnD74gk
"Grits - My Life Be Like/Ohh Ahh (Remix ft. 2Pac & Xzibit - Tokyo Drift video version)",,,,youtube,3shMD13Y2uU,,"2026-10-09 10:57",,https://www.youtube.com/watch?v=3shMD13Y2uU
"Günther - Ding Dong Song (2004) (Music Video)",,,,youtube,uUYpIyWPKGk,,"2026-10-09 10:57",,https://www.youtube.com/watch?v=uUYpIyWPKGk
"NO BROKE BOYS x HOLLABACK GIRL (ALTÉGO MIX)",,,,youtube,c3W5TIdbXlo,,"2026-10-09 10:57",,https://www.youtube.com/watch?v=c3W5TIdbXlo
"Hardrive ‎– Deep Inside [1993]",,,,youtube,OJ0WL4TJVCg,,"2026-10-09 10:57",,https://www.youtube.com/watch?v=OJ0WL4TJVCg
"宇多田ヒカル - タイム・リミット",,,,youtube,evvXqGJk1T8,,"2026-10-09 10:57",,https://www.youtube.com/watch?v=evvXqGJk1T8
"HOLIDAYKISS - ABBY ft. KURU",,,,youtube,Nib3tFH_ky4,,"2026-10-09 10:57",,https://www.youtube.com/watch?v=Nib3tFH_ky4
"Hot Butter ""Pop corn"" | Archive INA",,,,youtube,Yx0KBLFG8qc,,"2026-10-09 10:57",,https://www.youtube.com/watch?v=Yx0KBLFG8qc
"Never 4ever - Hover : Revolt Of Gamers Original Soundtrack",,,,youtube,58EWkaTzm-A,,"2026-10-09 10:57",,https://www.youtube.com/watch?v=58EWkaTzm-A
"Injury Reserve - Wax On (Feat. Freddie Gibbs)",,,,youtube,F2r-8fd1jVE,,"2026-10-09 10:57",,https://www.youtube.com/watch?v=F2r-8fd1jVE
"Shirley Bassey - Diamonds Are Forever, 1971",,,,youtube,mMi97ZrkT4c,,"2026-10-09 10:58",,https://www.youtube.com/watch?v=mMi97ZrkT4c
"Alicia Keys & Jack White - Another Way To Die [Official Video]",,,,youtube,hM5UJvnbbuY,,"2026-10-09 10:58",,https://www.youtube.com/watch?v=hM5UJvnbbuY
"Janelle Monáe - Q.U.E.E.N. feat. Erykah Badu [Official Video]",,,,youtube,tEddixS-UoU,,"2026-10-09 10:58",,https://www.youtube.com/watch?v=tEddixS-UoU
"That's My Bitch",JAŸ-Z,,,youtube,0T8T7fJajrA,,"2026-10-09 10:58",,https://www.youtube.com/watch?v=0T8T7fJajrA
"Kanye West feat. Jay-Z - Primetime",,,,youtube,Tad-ky3jLZ0,,"2026-10-09 10:58",,https://www.youtube.com/watch?v=Tad-ky3jLZ0
"[HD] Ignorance is BLISS - Jellyfish",,,,youtube,Xdwze-Wj6_4,,"2026-10-09 10:58",,https://www.youtube.com/watch?v=Xdwze-Wj6_4
Teknopathetic,"HIDEKI NAGANUMA",,,youtube,btqdXGjtXn4,,"2026-10-09 10:58",,https://www.youtube.com/watch?v=btqdXGjtXn4
"Jennifer Lopez - I'm Real (Remix) ft. Ja Rule",,,,youtube,Sjx9oSJDAVQ,,"2026-10-09 10:58",,https://www.youtube.com/watch?v=Sjx9oSJDAVQ
"il vento d'oro","Yugo Kanno",,,youtube,U0TXIXTzJEY,,"2026-10-09 10:58",,https://www.youtube.com/watch?v=U0TXIXTzJEY
"Joker: Digidesign (Hyperdub 2009)",,,,youtube,zeLR1VDotQI,,"2026-10-09 10:58",,https://www.youtube.com/watch?v=zeLR1VDotQI
"JPEGMAFIA x Freaky - Lets Hit A Lick On The White House!",,,,youtube,jIpzdWMNnmY,,"2026-10-09 10:58",,https://www.youtube.com/watch?v=jIpzdWMNnmY
"Valentines Day Freestyle '25 💕 (unmastered)",,,,youtube,Sm0LH0WunzQ,,"2026-10-09 10:58",,https://www.youtube.com/watch?v=Sm0LH0WunzQ
Vertigo,"Juliette Armanet",,,youtube,87Wv_e2FrjE,,"2026-10-09 10:58",,https://www.youtube.com/watch?v=87Wv_e2FrjE
"Justin Timberlake - Suit & Tie (Official Video) ft. JAY-Z",,,,youtube,IsUsVbTj2AY,,"2026-10-09 10:58",,https://www.youtube.com/watch?v=IsUsVbTj2AY
"강수지 - '시간 속의 향기' | Susie Kang - 'Scent of Time'【KBS 토요대행진, 1992】",,,,youtube,mlzchki1ovk,,"2026-10-09 10:58",,https://www.youtube.com/watch?v=mlzchki1ovk
"Kendrick Lamar - i (Official Video)",,,,youtube,8aShfolR6w8,,"2026-10-09 10:58",,https://www.youtube.com/watch?v=8aShfolR6w8
"Complexion (A Zulu Love)","Kendrick Lamar",,,youtube,Wt4dUK4uce0,,"2026-10-09 10:58",,https://www.youtube.com/watch?v=Wt4dUK4uce0
"Kendrick Lamar - DNA.",,,,youtube,NLZRYQMLDW4,,"2026-10-09 10:58",,https://www.youtube.com/watch?v=NLZRYQMLDW4
"kendrick lamar - euphoria part iii",,,,youtube,1K2bhJZTaAQ,,"2026-10-09 10:58",,https://www.youtube.com/watch?v=1K2bhJZTaAQ
"Kesha - Blow (Cirkut Remix - Official Audio)",,,,youtube,52QwBdTDrcU,,"2026-10-09 10:58",,https://www.youtube.com/watch?v=52QwBdTDrcU
"Kid Cudi Vs Crookers - 'Day 'N' Nite' (Uncut Version)",,,,youtube,qguIE70C4c4,,"2026-10-09 10:58",,https://www.youtube.com/watch?v=qguIE70C4c4
"The Knocks - Classic feat. Powers (Official Video)",,,,youtube,emOKaGi8u5U,,"2026-10-09 10:58",,https://www.youtube.com/watch?v=emOKaGi8u5U
"BUTTS T**S MONEY - KNOWER",,,,youtube,LKS1XSiyGYQ,,"2026-10-09 10:58",,https://www.youtube.com/watch?v=LKS1XSiyGYQ
"倖田來未-KODA KUMI-『JUICY（4 hot wave）』",,,,youtube,H4Oc4LpJhvQ,,"2026-10-09 10:58",,https://www.youtube.com/watch?v=H4Oc4LpJhvQ
"Kreayshawn - Summertime feat. V-Nasty - Pseudo VHS Video",,,,youtube,LAOnMzNN1hU,,"2026-10-09 10:58",,https://www.youtube.com/watch?v=LAOnMzNN1hU
"Kurtis Blow-The Breaks",,,,youtube,5ZDUEilS5M4,,"2026-10-09 10:58",,https://www.youtube.com/watch?v=5ZDUEilS5M4
"thatboykwame - WOW (Official Video)",,,,youtube,b7WgFJmwVxY,,"2026-10-09 10:58",,https://www.youtube.com/watch?v=b7WgFJmwVxY
"Lady Gaga - Lovegame (Chew Fu Ghettohouse Fix feat. Marilyn Manson) HD Full",,,,youtube,JIyAZGcMnMc,,"2026-10-09 10:58",,https://www.youtube.com/watch?v=JIyAZGcMnMc
"Monster - Lady Gaga Lyrics Video",,,,youtube,xMTpHNNsRV0,,"2026-10-09 10:58",,https://www.youtube.com/watch?v=xMTpHNNsRV0
"Ganon's Castle Underground - The Legend of Zelda: Ocarina of Time OST",,,,youtube,_zlrlvKaHj0,,"2026-10-09 10:58",,https://www.youtube.com/watch?v=_zlrlvKaHj0
"Next To Me","Leopard DaVinci",,,youtube,_WWxGi-Pmso,,"2026-10-09 10:58",,https://www.youtube.com/watch?v=_WWxGi-Pmso
"Runaway - Linkin Park (Hybrid Theory)",,,,youtube,ig-fyQqf510,,"2026-10-09 10:58",,https://www.youtube.com/watch?v=ig-fyQqf510
"Don't Stay - Linkin Park (Meteora)",,,,youtube,oWfGOVWrueo,,"2026-10-09 10:58",,https://www.youtube.com/watch?v=oWfGOVWrueo
"Lizzo - Rumors feat. Cardi B [Clean Audio]",,,,youtube,rZ0ERcf3pdo,,"2026-10-09 10:58",,https://www.youtube.com/watch?v=rZ0ERcf3pdo
"[MV] 이달의 소녀/진솔 (LOONA/JinSoul) ""Singing in the Rain""",,,,youtube,RWeyOyY_puQ,,"2026-10-09 10:58",,https://www.youtube.com/watch?v=RWeyOyY_puQ
"[MV] 이달의 소녀 (LOONA) ""favOriTe""",,,,youtube,AFJPFfnzZ7w,,"2026-10-09 10:58",,https://www.youtube.com/watch?v=AFJPFfnzZ7w
"I'm Tight - Louis Cole",,,,youtube,u9XrWB-u1vc,,"2026-10-09 10:58",,https://www.youtube.com/watch?v=u9XrWB-u1vc
"Luis Fonsi - Despacito ft. Daddy Yankee",,,,youtube,kJQP7kiw5Fk,,"2026-10-09 10:58",,https://www.youtube.com/watch?v=kJQP7kiw5Fk
"Osamu Sato - Long Tall Eyelash (Ken Ishii Mix)",,,,youtube,BBR2n0mJpoA,,"2026-10-09 10:58",,https://www.youtube.com/watch?v=BBR2n0mJpoA
"Suicide Is Painless (From the 20th Century-Fox film """"M*A*S*H"")","Johnny Mandel",,,youtube,QOS6kfR9u4s,,"2026-10-09 10:58",,https://www.youtube.com/watch?v=QOS6kfR9u4s
"m-flo / prism",,,,youtube,FcDNiQ_og4w,,"2026-10-09 10:58",,https://www.youtube.com/watch?v=FcDNiQ_og4w
"M83 'Midnight City' Official video",,,,youtube,dX3k_QDnzHE,,"2026-10-09 10:58",,https://www.youtube.com/watch?v=dX3k_QDnzHE
"Hideki Naganuma - Let Mom Sleep (PR​ø​F1Z​ø​®​K​∆​YMIX)",,,,youtube,4KF4BiRu9H8,,"2026-10-09 10:58",,https://www.youtube.com/watch?v=4KF4BiRu9H8
"Ain't No Mountain High Enough","Marvin Gaye",,,youtube,ABfQuZqq8wg,,"2026-10-09 10:58",,https://www.youtube.com/watch?v=ABfQuZqq8wg
"Metallica: One (Official Music Video)",,,,youtube,WM8bTdBs-cw,,"2026-10-09 10:58",,https://www.youtube.com/watch?v=WM8bTdBs-cw
"M.I.A. - Bucky Done Gun",,,,youtube,VNJ96imMskk,,"2026-10-09 10:58",,https://www.youtube.com/watch?v=VNJ96imMskk
"M.I.A. - Galang",,,,youtube,DCL1RpgYxRM,,"2026-10-09 10:58",,https://www.youtube.com/watch?v=DCL1RpgYxRM
"Galang (Cavemen Remix)",M.I.A.,,,youtube,ejgCzSc2_uQ,,"2026-10-09 10:58",,https://www.youtube.com/watch?v=ejgCzSc2_uQ
"Galang (South Rakkas Remix)",M.I.A.,,,youtube,JsgzAYJJz-w,,"2026-10-09 10:58",,https://www.youtube.com/watch?v=JsgzAYJJz-w
"MIA MIA — DABZEE X RXZOR | OFFICIAL AUDIO | POYOKA RECORDS",,,,youtube,DGK1koEiW2Q,,"2026-10-09 10:58",,https://www.youtube.com/watch?v=DGK1koEiW2Q
"C418 -  The End (Buildup + Sweden)",,,,youtube,Z4AGHVmsGn0,,"2026-10-09 10:58",,https://www.youtube.com/watch?v=Z4AGHVmsGn0
"MØ - Final Song (Jerome Price Remix)",,,,youtube,Lp_l8Fq3_7U,,"2026-10-09 10:58",,https://www.youtube.com/watch?v=Lp_l8Fq3_7U
99,"MOB CHOIR",,,youtube,aFPGhSkx7eA,,"2026-10-09 10:58",,https://www.youtube.com/watch?v=aFPGhSkx7eA
Windows,N.E.R.D.,,,youtube,DGg3cMvkWVw,,"2026-10-09 10:59",,https://www.youtube.com/watch?v=DGg3cMvkWVw
"Hot-n-Fun (Yeasayer Remix)",N.E.R.D.,,,youtube,Y7DusznKrIg,,"2026-10-09 10:59",,https://www.youtube.com/watch?v=Y7DusznKrIg
Piggy,"Nine Inch Nails",,,youtube,SSKp94wMEu0,,"2026-10-09 10:59",,https://www.youtube.com/watch?v=SSKp94wMEu0
Piggy,"Nine Inch Nails",,,youtube,SSKp94wMEu0,,"2026-10-09 10:59",,https://www.youtube.com/watch?v=SSKp94wMEu0
"N.O.R.E. - Nothin' (Official Music Video)",,,,youtube,sul16s0VSzs,,"2026-10-09 10:59",,https://www.youtube.com/watch?v=sul16s0VSzs
"ODESZA - Say My Name (feat. Zyra) - Lyric Video",,,,youtube,HdzI-191xhU,,"2026-10-09 10:59",,https://www.youtube.com/watch?v=HdzI-191xhU
"Offset - Clout ft. Cardi B (Official Video)",,,,youtube,mt2zvsvkKKo,,"2026-10-09 10:59",,https://www.youtube.com/watch?v=mt2zvsvkKKo
"Oklou - harvest sky ft. underscores (Official Visualizer)",,,,youtube,haEH7C1lpNI,,"2026-10-09 10:59",,https://www.youtube.com/watch?v=haEH7C1lpNI
"Ollie King OST - Teknopathic (Pop n' Disco 80's Mix)",,,,youtube,g0E02f0P0X8,,"2026-10-09 10:59",,https://www.youtube.com/watch?v=g0E02f0P0X8
"Paramore: Ignorance [OFFICIAL VIDEO]",,,,youtube,OH9A6tn_P6g,,"2026-10-09 10:59",,https://www.youtube.com/watch?v=OH9A6tn_P6g
"[Official Music Video] Perfume「Spending all my time」",,,,youtube,H4znsXCH_2Y,,"2026-10-09 10:59",,https://www.youtube.com/watch?v=H4znsXCH_2Y
Baby,Pharrell,,,youtube,PQ55SrnTCAU,,"2026-10-09 10:59",,https://www.youtube.com/watch?v=PQ55SrnTCAU
"Phonat  - ""Incredible Sound""",,,,youtube,P5hdAibMmXA,,"2026-10-09 10:59",,https://www.youtube.com/watch?v=P5hdAibMmXA
"PNAU - River feat. Ladyhawke",,,,youtube,N2d_eIX4R6M,,"2026-10-09 10:59",,https://www.youtube.com/watch?v=N2d_eIX4R6M
"PNAU - River feat. Ladyhawke (Alice Ivy Remix)",,,,youtube,uTDQBceO2KI,,"2026-10-09 10:59",,https://www.youtube.com/watch?v=uTDQBceO2KI
"Pokémon Red and Blue - ByteSize Recaps",,,,youtube,ULl24u_a2i4,,"2026-10-09 10:59",,https://www.youtube.com/watch?v=ULl24u_a2i4
"Poppy - X (Official Music Video)",,,,youtube,wbQsxWKfTSU,,"2026-10-09 10:59",,https://www.youtube.com/watch?v=wbQsxWKfTSU
"Porter Robinson ft. Amy Millan - Divinity (ODESZA Remix) [Exclusive]",,,,youtube,M1nGULWNPCs,,"2026-10-09 10:59",,https://www.youtube.com/watch?v=M1nGULWNPCs
"PSY - GANGNAM STYLE(강남스타일) M/V",,,,youtube,9bZkp7q19f0,,"2026-10-09 10:59",,https://www.youtube.com/watch?v=9bZkp7q19f0
"Reese's Puffs Rap (2009) w/ Lyrics",,,,youtube,wvqapzxp5yI,,"2026-10-09 10:59",,https://www.youtube.com/watch?v=wvqapzxp5yI
"I'm On Vacation (Song)",,,,youtube,M2WTRqCu_DY,,"2026-10-09 10:59",,https://www.youtube.com/watch?v=M2WTRqCu_DY
"[Rhythm Heaven Fever] ~ Packing Pests (Perfect)",,,,youtube,mecWLegYMPI,,"2026-10-09 10:59",,https://www.youtube.com/watch?v=mecWLegYMPI
"Rhythm Heaven Fever - Tonight [ENG] [LYRICS]",,,,youtube,iHlRxVNkpVE,,"2026-10-09 10:59",,https://www.youtube.com/watch?v=iHlRxVNkpVE
"Super Smash Heaven (Rhythm Heaven x Smash Bros Animation)",,,,youtube,DJJmpVvEQ94,,"2026-10-09 10:59",,https://www.youtube.com/watch?v=DJJmpVvEQ94
"Rihanna - Hard ft. Jeezy",,,,youtube,Xcwd_Nz6Zog,,"2026-10-09 10:59",,https://www.youtube.com/watch?v=Xcwd_Nz6Zog
"Rita Ora - R.I.P. ft. Tinie Tempah",,,,youtube,L1l9WST5lXM,,"2026-10-09 10:59",,https://www.youtube.com/watch?v=L1l9WST5lXM
MOLLY,"River Moon",,,youtube,qX5LPQuJhXc,,"2026-10-09 10:59",,https://www.youtube.com/watch?v=qX5LPQuJhXc
"S Club - S Club Party",,,,youtube,MZkgtgr7LhE,,"2026-10-09 10:59",,https://www.youtube.com/watch?v=MZkgtgr7LhE
"Time to Talk",SebastiAn,,,youtube,rjSSSR1VgpM,,"2026-10-09 10:59",,https://www.youtube.com/watch?v=rjSSSR1VgpM
"Bôa -  Duvet (Official Video)",,,,youtube,Uoox9fpmDP0,,"2026-10-09 10:59",,https://www.youtube.com/watch?v=Uoox9fpmDP0
"Shakira - Can't Remember to Forget You (Official Video) ft. Rihanna",,,,youtube,o3mP3mJDL2k,,"2026-10-09 10:59",,https://www.youtube.com/watch?v=o3mP3mJDL2k
"DAY 26 of 31 days of Halloween costumes!",,,,youtube,VsG3-DQkIYY,,"2026-10-09 10:59",,https://www.youtube.com/watch?v=VsG3-DQkIYY
"SOAP&SKIN - MAWAL JAMAR",,,,youtube,d5eKavjNDPc,,"2026-10-09 10:59",,https://www.youtube.com/watch?v=d5eKavjNDPc
"Kendrick Lamar - Not Like Us (Official Jersey Club Remix by SJAYY)",,,,youtube,4faIhQqJyUc,,"2026-10-09 10:59",,https://www.youtube.com/watch?v=4faIhQqJyUc
"Skrillex - MOMENTUM (feat. Ilykimchi)",,,,youtube,v9Yxq80HzP4,,"2026-10-09 10:59",,https://www.youtube.com/watch?v=v9Yxq80HzP4
"Smiley - Over The Top (feat. Drake) [Official Audio]",,,,youtube,qaqvwkhelS8,,"2026-10-09 10:59",,https://www.youtube.com/watch?v=qaqvwkhelS8
"Kyū Sawamura - Sonic.exe - Hill Act 1.gym",,,,youtube,pZ6hSMFi2Qg,,"2026-10-09 10:59",,https://www.youtube.com/watch?v=pZ6hSMFi2Qg
"Sonic 2 ""Dr. Robotnik's Theme (Boss)"" Music",,,,youtube,KbhX7XKgkDU,,"2026-10-09 10:59",,https://www.youtube.com/watch?v=KbhX7XKgkDU
"Wrapped in Black - Sonic Rush [OST]",,,,youtube,MlCK5RWO54E,,"2026-10-09 10:59",,https://www.youtube.com/watch?v=MlCK5RWO54E
"Soulwax- Compute",,,,youtube,kz4_oO_3ms8,,"2026-10-09 10:59",,https://www.youtube.com/watch?v=kz4_oO_3ms8
"Soulwax - Slowdance (Nite Version)",,,,youtube,ZiBJhhalrNM,,"2026-10-09 10:59",,https://www.youtube.com/watch?v=ZiBJhhalrNM
"Player Make-Splatoon [OST]",,,,youtube,Di74uADlde8,,"2026-10-09 10:59",,https://www.youtube.com/watch?v=Di74uADlde8
"How to Unlock Inkopolis Square - Splatoon 3 Side Order DLC",,,,youtube,_kh3HWKQxiQ,,"2026-10-09 10:59",,https://www.youtube.com/watch?v=_kh3HWKQxiQ
"Battle Defeat [Splatoon OST]",,,,youtube,zBAu7yPbBgc,,"2026-10-09 10:59",,https://www.youtube.com/watch?v=zBAu7yPbBgc
"Octoweaponry (Turquoise October) - Splatoon OST",,,,youtube,vIu1ohtaWzk,,"2026-10-09 10:59",,https://www.youtube.com/watch?v=vIu1ohtaWzk
"Octarmaments - [Turquoise October]",,,,youtube,aZhVxmNoFV0,,"2026-10-09 10:59",,https://www.youtube.com/watch?v=aZhVxmNoFV0
"Octoweaponry (Turquoise October) - Splatoon OST",,,,youtube,vIu1ohtaWzk,,"2026-10-09 10:59",,https://www.youtube.com/watch?v=vIu1ohtaWzk
"How Inkopolis Square Changed - DLC Comparison (Splatoon 2 vs 3)",,,,youtube,JFaVPgOw1MY,,"2026-10-09 10:59",,https://www.youtube.com/watch?v=JFaVPgOw1MY
"Inkopolis Square | Splatoon 2 VS Splatoon 3 COMPARISON",,,,youtube,zB9zgpkeylA,,"2026-10-09 10:59",,https://www.youtube.com/watch?v=zB9zgpkeylA
"♪ Bomb Rush Blush + Tidal Rush ♫ Caitlin Koi Lyric Video - Splatoon 2",,,,youtube,nzUFI85FSGA,,"2026-10-09 10:59",,https://www.youtube.com/watch?v=nzUFI85FSGA
"♪ Bomb Rush Blush + Tidal Rush ♫ Caitlin Koi Lyric Video - Splatoon 2",,,,youtube,nzUFI85FSGA,,"2026-10-09 10:59",,https://www.youtube.com/watch?v=nzUFI85FSGA
"Anarchy Splatcast (Festival) - Splatoon 3 OST",,,,youtube,mb_UUldGWA4,,"2026-10-09 10:59",,https://www.youtube.com/watch?v=mb_UUldGWA4
"NEW GRIZZCO WEAPON!? Big Run 4 Announcement #splatoon3 #bigrun #salmonrun #salmonrunnextwave",,,,youtube,KCZ2oRVOuRU,,"2026-10-09 10:59",,https://www.youtube.com/watch?v=KCZ2oRVOuRU
"Candy-Coated Rocks (Damp Socks feat. Off the Hook) - Splatoon 3 OST",,,,youtube,lVecVIhUAD8,,"2026-10-09 10:59",,https://www.youtube.com/watch?v=lVecVIhUAD8
"♪ Tomorrow's Nostalgia Today 🎵 Caitlin Koi Lyric Video - Splatoon 3",,,,youtube,p5ZgyLxeKXo,,"2026-10-09 11:00",,https://www.youtube.com/watch?v=p5ZgyLxeKXo
"Splatoon 3 – Liquid Sunshine - Nintendo Switch",,,,youtube,EZx61kSObTI,,"2026-10-09 11:00",,https://www.youtube.com/watch?v=EZx61kSObTI
"Splatoon 3 | Octoplush - Flop to It",,,,youtube,-WHLFu7EIxs,,"2026-10-09 11:00",,https://www.youtube.com/watch?v=-WHLFu7EIxs
"Smeared Canvas - [Deep Cut]",,,,youtube,Y9-_2RN2-mQ,,"2026-10-09 11:00",,https://www.youtube.com/watch?v=Y9-_2RN2-mQ
"Splatoon 3 | Squid Sisters - Wave Goodbye",,,,youtube,XqKgHbgwvfw,,"2026-10-09 11:00",,https://www.youtube.com/watch?v=XqKgHbgwvfw
"Routin3s - Free Association",,,,youtube,1dSGrv_vxOk,,"2026-10-09 11:00",,https://www.youtube.com/watch?v=1dSGrv_vxOk
"【サイドオーダー】ボール運びステージ１「souven1r」【スプラトゥーン3 DLC】【BGM・プレイ動画】",,,,youtube,DIjyjlR6-CU,,"2026-10-09 11:00",,https://www.youtube.com/watch?v=DIjyjlR6-CU
"Routin3s - Free Association",,,,youtube,1dSGrv_vxOk,,"2026-10-09 11:00",,https://www.youtube.com/watch?v=1dSGrv_vxOk
"【サイドオーダー】ボール運びステージ３「souv3nir」【スプラトゥーン3 DLC】【BGM・プレイ動画】",,,,youtube,U3CxvTd2i9I,,"2026-10-09 11:00",,https://www.youtube.com/watch?v=U3CxvTd2i9I
"Let Me Hit It (Audiostalkers Mix)",Sporty-O,,,youtube,AfLLzxYROF4,,"2026-10-09 11:00",,https://www.youtube.com/watch?v=AfLLzxYROF4
"Stereolab - Rainbo Conversation",,,,youtube,ilOi4E0MCN0,,"2026-10-09 11:00",,https://www.youtube.com/watch?v=ilOi4E0MCN0
Dynamite,"Stina Nordenstam",,,youtube,NaAZWnnCunA,,"2026-10-09 11:00",,https://www.youtube.com/watch?v=NaAZWnnCunA
"Sukatani - Bayar Bayar Bayar Lirik",,,,youtube,kCIlUclB2Zg,,"2026-10-09 11:00",,https://www.youtube.com/watch?v=kCIlUclB2Zg
"Swans - Just A Little Boy (For Bartholomew Simpson)",,,,youtube,dYg_qdee1HQ,,"2026-10-09 11:00",,https://www.youtube.com/watch?v=dYg_qdee1HQ
"T.I. - Live Your Life ft. Rihanna [Official Video]",,,,youtube,koVHN6eO4Xg,,"2026-10-09 11:00",,https://www.youtube.com/watch?v=koVHN6eO4Xg
"Word Shop",,,,youtube,RX-PLi8FYEs,,"2026-10-09 11:00",,https://www.youtube.com/watch?v=RX-PLi8FYEs
"Zombie Nation - Kernkraft 400",,,,youtube,z5LW07FTJbI,,"2026-10-09 11:00",,https://www.youtube.com/watch?v=z5LW07FTJbI
"Travis Scott - 90210 (Official Video) ft. Kacy Hill",,,,youtube,BuNBLjJzRoo,,"2026-10-09 11:00",,https://www.youtube.com/watch?v=BuNBLjJzRoo
"Travis Scott - WAKE UP (Official Video)",,,,youtube,yChnkXhauwM,,"2026-10-09 11:00",,https://www.youtube.com/watch?v=yChnkXhauwM
"Troye Sivan - One of Your Girls (Dillon Francis Remix / Official Audio)",,,,youtube,pxFnJkFrLBA,,"2026-10-09 11:00",,https://www.youtube.com/watch?v=pxFnJkFrLBA
"TWICE ""Like OOH-AHH(OOH-AHH하게)"" M/V",,,,youtube,0rtV5esQT6I,,"2026-10-09 11:00",,https://www.youtube.com/watch?v=0rtV5esQT6I
"TWICE ""The Feels"" M/V",,,,youtube,f5_wn8mexmM,,"2026-10-09 11:00",,https://www.youtube.com/watch?v=f5_wn8mexmM
"LUMBERJACK (Audio)",,,,youtube,9WOjaYotX1c,,"2026-10-09 11:00",,https://www.youtube.com/watch?v=9WOjaYotX1c
"Uniting Nations - Out of Touch (Official Music Video)",,,,youtube,Mfc5r7VCflY,,"2026-10-09 11:00",,https://www.youtube.com/watch?v=Mfc5r7VCflY
"The Weeknd, Swedish House Mafia - Sacrifice (Alternate World)",,,,youtube,lu7lJ5okjyo,,"2026-10-09 11:00",,https://www.youtube.com/watch?v=lu7lJ5okjyo
"WILLOW - t r a n s p a r e n t s o u l feat. Travis Barker (Performance Visual)",,,,youtube,eG9KzyVO638,,"2026-10-09 11:00",,https://www.youtube.com/watch?v=eG9KzyVO638
"wowaka 『ローリンガール』feat. 初音ミク / wowaka - Rollin Girl (Official Video) ft. Hatsune Miku",,,,youtube,vnw8zURAxkU,,"2026-10-09 11:00",,https://www.youtube.com/watch?v=vnw8zURAxkU
"Even coffees can SIUUUU ☕️😂 #ronaldo  #funny",,,,youtube,6W-8MDaccpM,,"2026-10-09 11:00",,https://www.youtube.com/watch?v=6W-8MDaccpM
"Viagra Boys - Uno II (Official Video)",,,,youtube,9kWgvEKIo4c,,"2026-10-09 11:00",,https://www.youtube.com/watch?v=9kWgvEKIo4c
"Jesus Is The One (I Got Depression)","Zack Fox",,,youtube,-pypV-JPU1k,,"2026-10-09 11:00",,https://www.youtube.com/watch?v=-pypV-JPU1k
"ZAYN - Dusk Till Dawn (Official Video) ft. Sia",,,,youtube,tt2k8PGm-TI,,"2026-10-09 11:00",,https://www.youtube.com/watch?v=tt2k8PGm-TI
"Zenless Zone Zero - Burnice Character Demo | ""A Burnice Special for the Brokenhearted""",,,,youtube,NXD2DwcDMIE,,"2026-10-09 11:00",,https://www.youtube.com/watch?v=NXD2DwcDMIE
"100 gecs - money machine (A.G. Cook Remix) {OFFICIAL AUDIO}",,,,youtube,ZU4g5DRnKdI,,"2026-10-09 11:00",,https://www.youtube.com/watch?v=ZU4g5DRnKdI
"Mena Massoud, Naomi Scott - A Whole New World (from Aladdin) (Official Video)",,,,youtube,eitDnP0_83k,,"2026-10-09 11:00",,https://www.youtube.com/watch?v=eitDnP0_83k
"If I Lose Myself (Alesso vs OneRepublic)",OneRepublic,,,youtube,Y3apF2Ce5Qc,,"2026-10-09 11:00",,https://www.youtube.com/watch?v=Y3apF2Ce5Qc
"Animal Collective - Winter's Love",,,,youtube,mSTSD2EhMUI,,"2026-10-09 11:00",,https://www.youtube.com/watch?v=mSTSD2EhMUI
"7AM - Animal Crossing: New Horizons",,,,youtube,wiYNM3_2oOM,,"2026-10-09 11:00",,https://www.youtube.com/watch?v=wiYNM3_2oOM
Lornaderek,"Aphex Twin",,,youtube,DmlUCzzIzDE,,"2026-10-09 11:00",,https://www.youtube.com/watch?v=DmlUCzzIzDE
"Dial D For Devotion","The Avalanches",,,youtube,2Z2-5mv-QXc,,"2026-10-09 11:00",,https://www.youtube.com/watch?v=2Z2-5mv-QXc
"Gold Sky","The Avalanches",,,youtube,qt2kmq0nJPY,,"2026-10-09 11:00",,https://www.youtube.com/watch?v=qt2kmq0nJPY
"Always Black","The Avalanches",,,youtube,SkSUdvlF7yo,,"2026-10-09 11:00",,https://www.youtube.com/watch?v=SkSUdvlF7yo
"Avicii - Wake Me Up (Official Lyric Video)",,,,youtube,5y_KJAg8bHI,,"2026-10-09 11:00",,https://www.youtube.com/watch?v=5y_KJAg8bHI
"Avril Lavigne - Sk8er Boi (Official Video)",,,,youtube,TIy3n2b7V9k,,"2026-10-09 11:00",,https://www.youtube.com/watch?v=TIy3n2b7V9k
"Avril Lavigne - Girlfriend (Official Video)",,,,youtube,Bg59q4puhmg,,"2026-10-09 11:00",,https://www.youtube.com/watch?v=Bg59q4puhmg
"PinkPantheress - Angel (From Barbie The Album) [Official Audio]",,,,youtube,JVhqadzCgwE,,"2026-10-09 11:00",,https://www.youtube.com/watch?v=JVhqadzCgwE
"Bazzi - I.F.L.Y. [Official Music Video]",,,,youtube,Xhh3_-JRnDc,,"2026-10-09 11:00",,https://www.youtube.com/watch?v=Xhh3_-JRnDc
"I DON'T CARE AT ALL CAUSE I GOT MONEY!!!!!!",bbno$,,,youtube,ufxNxWJ_xs0,,"2026-10-09 11:00",,https://www.youtube.com/watch?v=ufxNxWJ_xs0
"Let's Go Away for Awhile (Stereo)","The Beach Boys",,,youtube,uU7snXV0cHI,,"2026-10-09 11:00",,https://www.youtube.com/watch?v=uU7snXV0cHI
"BENEE - Same Effect (Official Audio)",,,,youtube,wfwvGOUvP3w,,"2026-10-09 11:00",,https://www.youtube.com/watch?v=wfwvGOUvP3w
"Beyoncé - Sorry (Video)",,,,youtube,QxsmWxxouIM,,"2026-10-09 11:00",,https://www.youtube.com/watch?v=QxsmWxxouIM
"Bindi Irwin ""Elephant of India"" (full video)",,,,youtube,HdLA3wwg5gQ,,"2026-10-09 11:00",,https://www.youtube.com/watch?v=HdLA3wwg5gQ
"QUEVEDO || BZRP Music Sessions #52/66",,,,youtube,A_g3lMcWVy0,,"2026-10-09 11:00",,https://www.youtube.com/watch?v=A_g3lMcWVy0
"björk: stonemilker (360 degree virtual reality)",,,,youtube,gQEyezu7G20,,"2026-10-09 11:00",,https://www.youtube.com/watch?v=gQEyezu7G20
"björk ft. rosalía : oral",,,,youtube,8jsi2Tgvx6A,,"2026-10-09 11:00",,https://www.youtube.com/watch?v=8jsi2Tgvx6A
"Black Country New Road - 'Sunglasses' (Official Lyric Video)",,,,youtube,7t-9rgpzU6A,,"2026-10-09 11:00",,https://www.youtube.com/watch?v=7t-9rgpzU6A
"words, words, words.",,,,youtube,iuF6CpML3IQ,,"2026-10-09 11:01",,https://www.youtube.com/watch?v=iuF6CpML3IQ
"Repeat Stuff",,,,youtube,nt9c0UeYhFc,,"2026-10-09 11:01",,https://www.youtube.com/watch?v=nt9c0UeYhFc
"Bo Burnham's Country Song | Netflix Is A Joke",,,,youtube,y7im5LT09a0,,"2026-10-09 11:01",,https://www.youtube.com/watch?v=y7im5LT09a0
"Bo Burnham's Got Problems Too | Netflix Is A Joke",,,,youtube,WLMgbV3uaz8,,"2026-10-09 11:01",,https://www.youtube.com/watch?v=WLMgbV3uaz8
"Five Years - Bo Burnham (from THE INSIDE OUTTAKES -- DELUXE ALBUM OUT NOW)",,,,youtube,kpRGNxqv6Wk,,"2026-10-09 11:01",,https://www.youtube.com/watch?v=kpRGNxqv6Wk
"Bombalurina - Itsy Bitsy Teeny Weeny Yellow Polka Dot Bikini",,,,youtube,4LagoycfdCA,,"2026-10-09 11:01",,https://www.youtube.com/watch?v=4LagoycfdCA
"WHEN I BALL - BROCKHAMPTON",,,,youtube,HfhBABDDlug,,"2026-10-09 11:01",,https://www.youtube.com/watch?v=HfhBABDDlug
"BETTER THINGS - BROCKHAMPTON",,,,youtube,KADy7db8UDg,,"2026-10-09 11:01",,https://www.youtube.com/watch?v=KADy7db8UDg
"CRUCIFY ME - BROCKHAMPTON",,,,youtube,l1orCpqpqXA,,"2026-10-09 11:01",,https://www.youtube.com/watch?v=l1orCpqpqXA
"BTS (방탄소년단) '작은 것들을 위한 시 (Boy With Luv) (feat. Halsey)' Official MV",,,,youtube,XsX3ATc3FbA,,"2026-10-09 11:01",,https://www.youtube.com/watch?v=XsX3ATc3FbA
"Kero Kero Bonito - It's Bugsnax!",,,,youtube,sQTk4eK2fP4,,"2026-10-09 11:01",,https://www.youtube.com/watch?v=sQTk4eK2fP4
Ether,"Cake Pop",,,youtube,4SDmAsDCWG0,,"2026-10-09 11:01",,https://www.youtube.com/watch?v=4SDmAsDCWG0
"Chloe x Halle ""Ungodly Hour"" VMAs",,,,youtube,OwZ_hodT5CA,,"2026-10-09 11:01",,https://www.youtube.com/watch?v=OwZ_hodT5CA
"Chumbawamba (2000) Her Majesty (The Beatles, a reworking)",,,,youtube,YlPzb9lbe64,,"2026-10-09 11:01",,https://www.youtube.com/watch?v=YlPzb9lbe64
"CHUU 츄 'Strawberry Rush' MV",,,,youtube,JRbXa1w-Pa8,,"2026-10-09 11:01",,https://www.youtube.com/watch?v=JRbXa1w-Pa8
"How to use micropipette properly 🧪🔬",,,,youtube,pclEwqCZ-IY,,"2026-10-09 11:01",,https://www.youtube.com/watch?v=pclEwqCZ-IY
"The Cleveland show: Theme song",,,,youtube,LNDXrKBOKrw,,"2026-10-09 11:01",,https://www.youtube.com/watch?v=LNDXrKBOKrw
"Cloud Control: Rainbow City",,,,youtube,qKQqhHUI5AI,,"2026-10-09 11:01",,https://www.youtube.com/watch?v=qKQqhHUI5AI
X&Y,Coldplay,,,youtube,uIgxY0yWLNY,,"2026-10-09 11:01",,https://www.youtube.com/watch?v=uIgxY0yWLNY
"The Micro Disneycal World Tour",,,,youtube,rTWQs_AiD_0,,"2026-10-09 11:01",,https://www.youtube.com/watch?v=rTWQs_AiD_0
"Nowhere - Cornelius",,,,youtube,Ll9hwrAblyg,,"2026-10-09 11:01",,https://www.youtube.com/watch?v=Ll9hwrAblyg
"A Real Boy!","Toby Fox",,,youtube,rSXxltE8mQE,,"2026-10-09 11:01",,https://www.youtube.com/watch?v=rSXxltE8mQE
"Disney+ Logo (March 27, 2024-present)",,,,youtube,EWxFJlPN8Iw,,"2026-10-09 11:01",,https://www.youtube.com/watch?v=EWxFJlPN8Iw
"kodak moment","Jane Remover",,,youtube,AGbXPOzrw0s,,"2026-10-09 11:01",,https://www.youtube.com/watch?v=AGbXPOzrw0s
"Drake - Too Good ft. Rihanna",,,,youtube,1lbKUiZv1fI,,"2026-10-09 11:01",,https://www.youtube.com/watch?v=1lbKUiZv1fI
"Drax   Happy Happy Christmas",,,,youtube,liOSDYhEjXk,,"2026-10-09 11:01",,https://www.youtube.com/watch?v=liOSDYhEjXk
"movinglikeazombie (Remix)",ericdoa,,,youtube,PjtIu_dJZqA,,"2026-10-09 11:01",,https://www.youtube.com/watch?v=PjtIu_dJZqA
"Satie - Gymnopédie No. 1",,,,youtube,2WfaotSK3mI,,"2026-10-09 11:01",,https://www.youtube.com/watch?v=2WfaotSK3mI
"la la la","food house",,,youtube,EjvWbPC_Ra8,,"2026-10-09 11:01",,https://www.youtube.com/watch?v=EjvWbPC_Ra8
"Fred again.. & Jozzy - ten",,,,youtube,x4RXNO9oaS0,,"2026-10-09 11:01",,https://www.youtube.com/watch?v=x4RXNO9oaS0
"#JFK50 Frost214 - ""If I Die 2nite"" (If I Die Tonight I Did My Thang) (OFFICIAL VIDEO)",,,,youtube,dBrPN0-kL-0,,"2026-10-09 11:01",,https://www.youtube.com/watch?v=dBrPN0-kL-0
"Gorillaz - To Binge - Plastic Beach",,,,youtube,sY20vr7-MpM,,"2026-10-09 11:01",,https://www.youtube.com/watch?v=sY20vr7-MpM
"Find Love",Utada,,,youtube,zRX3pCBvaok,,"2026-10-09 11:01",,https://www.youtube.com/watch?v=zRX3pCBvaok
"Miranda Cosgrove - Leave It All To Me (Theme from iCarly) (Official Video) ft. Drake Bell",,,,youtube,HPM05dQgdig,,"2026-10-09 11:01",,https://www.youtube.com/watch?v=HPM05dQgdig
"Offenbach - Infernal Galop from ""Orpheus in the Underworld"" (Orchestre de Paris)",,,,youtube,zWytgJy-u8w,,"2026-10-09 11:01",,https://www.youtube.com/watch?v=zWytgJy-u8w
"Jane Remover — Video (audio)",,,,youtube,Eh6w488nJ2w,,"2026-10-09 11:01",,https://www.youtube.com/watch?v=Eh6w488nJ2w
"Heaven and Hell AKA Super Hyper Can Can",,,,youtube,fpmlTKkjqds,,"2026-10-09 11:01",,https://www.youtube.com/watch?v=fpmlTKkjqds
"Katamari Damacy Soundtrack - 01 - Katamari on the Rocks",,,,youtube,iMH49ieL4es,,"2026-10-09 11:01",,https://www.youtube.com/watch?v=iMH49ieL4es
"Kendrick Lamar - A.D.H.D (Official Video)",,,,youtube,QjlFqgRbICY,,"2026-10-09 11:01",,https://www.youtube.com/watch?v=QjlFqgRbICY
euphoria,,,,youtube,NPqDIwWMtxg,,"2026-10-09 11:01",,https://www.youtube.com/watch?v=NPqDIwWMtxg
"Kesha - YIPPEE-KI-YAY. (feat. T-Pain) - A.G. Cook Remix",,,,youtube,BD8CU1l1Bbs,,"2026-10-09 11:01",,https://www.youtube.com/watch?v=BD8CU1l1Bbs
"Kid Pix Deluxe 4 Intro (V3) (FIXED)",,,,youtube,31RauMGWQXo,,"2026-10-09 11:01",,https://www.youtube.com/watch?v=31RauMGWQXo
"You Are My Sunshine - Song for Children  | Kids Songs | Super Simple Songs | Nursery Rhymes",,,,youtube,tptPct-lBl4,,"2026-10-09 11:01",,https://www.youtube.com/watch?v=tptPct-lBl4
"Halsey - You should be sad",,,,youtube,8nBFqZppIF0,,"2026-10-09 11:01",,https://www.youtube.com/watch?v=8nBFqZppIF0
"How we try on Halloween costumes 👻🎃 #funnykids #shorts #halloween @MadilynCurtis",,,,youtube,zlGxd9pKyZc,,"2026-10-09 11:01",,https://www.youtube.com/watch?v=zlGxd9pKyZc
"Broken - Kim Petras (Official Lyric Video)",,,,youtube,M7g8YY0FZfU,,"2026-10-09 11:01",,https://www.youtube.com/watch?v=M7g8YY0FZfU
"Lazy Town | Welcome To Lazy Town",,,,youtube,48-sl9GrngQ,,"2026-10-09 11:01",,https://www.youtube.com/watch?v=48-sl9GrngQ
"Gerudo Valley - The Legend of Zelda: Ocarina Of Time",,,,youtube,0hEYvdMoF2g,,"2026-10-09 11:01",,https://www.youtube.com/watch?v=0hEYvdMoF2g
"Zelda: Ocarina Of Time (Music) - Lon Lon Ranch",,,,youtube,0BDad24djOY,,"2026-10-09 11:01",,https://www.youtube.com/watch?v=0BDad24djOY
"Asuka Ota and Ryo Nagamatsu - MKWii Title Theme (Official Audio)",,,,youtube,NGVEJN_NUM0,,"2026-10-09 11:01",,https://www.youtube.com/watch?v=NGVEJN_NUM0
"Luigi Circuit - Mario Kart Wii Music",,,,youtube,MVGgqfxCmr0,,"2026-10-09 11:01",,https://www.youtube.com/watch?v=MVGgqfxCmr0
"How to Talk to Girls at Parties Soundtrack Tracklist",,,,youtube,DCkLY3cgqrc,,"2026-10-09 11:01",,https://www.youtube.com/watch?v=DCkLY3cgqrc
Hombre,M.I.A.,,,youtube,qSKeHOYfkkY,,"2026-10-09 11:01",,https://www.youtube.com/watch?v=qSKeHOYfkkY
"M.I.A. - Mango Pickle Down River (with Wilcannia Mob)",,,,youtube,vyqTPHWZyOw,,"2026-10-09 11:01",,https://www.youtube.com/watch?v=vyqTPHWZyOw
"M.I.A. - Paper Planes",,,,youtube,ewRjZoRtu0Y,,"2026-10-09 11:02",,https://www.youtube.com/watch?v=ewRjZoRtu0Y
"Paper Planes (DFA Remix)",M.I.A.,,,youtube,HUnKw4uGK40,,"2026-10-09 11:02",,https://www.youtube.com/watch?v=HUnKw4uGK40
"Paper Planes (Afrikan Boy & Rye Rye Remix)",M.I.A.,,,youtube,xUYJ-x2LNcA,,"2026-10-09 11:02",,https://www.youtube.com/watch?v=xUYJ-x2LNcA
"Paper Planes (Scottie B Remix)",M.I.A.,,,youtube,D_bnNYLX8-M,,"2026-10-09 11:02",,https://www.youtube.com/watch?v=D_bnNYLX8-M
"Nintendo Wii - Mii Channel Theme",,,,youtube,po-0n1BKW2w,,"2026-10-09 11:02",,https://www.youtube.com/watch?v=po-0n1BKW2w
"C418  - Sweden - Minecraft Volume Alpha",,,,youtube,aBkTkxKDduc,,"2026-10-09 11:02",,https://www.youtube.com/watch?v=aBkTkxKDduc
"C418 - Taswell (Minecraft Volume Beta)",,,,youtube,Mj6jF7I2s10,,"2026-10-09 11:02",,https://www.youtube.com/watch?v=Mj6jF7I2s10
LEASE,"Takeshi Abo",,,youtube,tjlvmb8SGEs,,"2026-10-09 11:02",,https://www.youtube.com/watch?v=tjlvmb8SGEs
"Netflix New Logo Animation 2019",,,,youtube,GV3HUDMQ-F8,,"2026-10-09 11:02",,https://www.youtube.com/watch?v=GV3HUDMQ-F8
"Underwater - New Super Mario Bros. Wii Music",,,,youtube,d-T0kTbZ474,,"2026-10-09 11:02",,https://www.youtube.com/watch?v=d-T0kTbZ474
"Old Spice: Classic Whistle Jingle (HQ Download)",,,,youtube,SAj01fYE4yg,,"2026-10-09 11:02",,https://www.youtube.com/watch?v=SAj01fYE4yg
"Panic! At The Disco: This Is Gospel [OFFICIAL VIDEO]",,,,youtube,tGE381tbQa8,,"2026-10-09 11:02",,https://www.youtube.com/watch?v=tGE381tbQa8
"[Official Music Video] Perfume「ワンルーム・ディスコ」",,,,youtube,cMsGcW-xaYU,,"2026-10-09 11:02",,https://www.youtube.com/watch?v=cMsGcW-xaYU
"[Official Music Video]  Perfume「エレクトロ・ワールド」",,,,youtube,8zh0ouiYIZc,,"2026-10-09 11:02",,https://www.youtube.com/watch?v=8zh0ouiYIZc
"Ride on shooting star／the pillows",,,,youtube,K4_Qzx-E2LQ,,"2026-10-09 11:02",,https://www.youtube.com/watch?v=K4_Qzx-E2LQ
"Red Velvet 레드벨벳 'Bad Boy' MV",,,,youtube,J_CFBjAyPWE,,"2026-10-09 11:02",,https://www.youtube.com/watch?v=J_CFBjAyPWE
"Facebook Song - Rhett & Link",,,,youtube,rSnXE2791yg,,"2026-10-09 11:02",,https://www.youtube.com/watch?v=rSnXE2791yg
"[Rhythm Heaven] - Rhythm Rally (Perfect) (English)",,,,youtube,hzhcBSjhoCI,,"2026-10-09 11:02",,https://www.youtube.com/watch?v=hzhcBSjhoCI
"Lonely Storm - Rhythm Heaven Fever",,,,youtube,k9NswXHNN9M,,"2026-10-09 11:02",,https://www.youtube.com/watch?v=k9NswXHNN9M
"[Rhythm Heaven] - Rockers 2 (Perfect) (English)",,,,youtube,Aa5lAFVchGQ,,"2026-10-09 11:02",,https://www.youtube.com/watch?v=Aa5lAFVchGQ
"Menu (Rhythm Toys) - Rhythm HeaveN",,,,youtube,yKT5AXixiJM,,"2026-10-09 11:02",,https://www.youtube.com/watch?v=yKT5AXixiJM
"Glass Tappers - Rhythm Heaven",,,,youtube,MGNOKzRtEMY,,"2026-10-09 11:02",,https://www.youtube.com/watch?v=MGNOKzRtEMY
"Perfect - Rhythm Heaven",,,,youtube,WVsV5drDmPw,,"2026-10-09 11:02",,https://www.youtube.com/watch?v=WVsV5drDmPw
"9. [60 FPS] Board Meeting - Rhythm Heaven Fever",,,,youtube,iSXIx7vqvsU,,"2026-10-09 11:02",,https://www.youtube.com/watch?v=iSXIx7vqvsU
"Rhythm Heaven Fever - I Love You, My One and Only [ENG] [LYRICS]",,,,youtube,R3Kt9-P2lOg,,"2026-10-09 11:02",,https://www.youtube.com/watch?v=R3Kt9-P2lOg
"Rhythm Heaven Fever - I Love You, My One and Only [ENG] [LYRICS]",,,,youtube,R3Kt9-P2lOg,,"2026-10-09 11:02",,https://www.youtube.com/watch?v=R3Kt9-P2lOg
"Try Again Theme - Rhythm Heaven Fever",,,,youtube,gM4rFDGVk7E,,"2026-10-09 11:02",,https://www.youtube.com/watch?v=gM4rFDGVk7E
"OK Theme - Rhythm Heaven Fever",,,,youtube,29IZREj5jGA,,"2026-10-09 11:02",,https://www.youtube.com/watch?v=29IZREj5jGA
"Rollergirl Close To You HQ Version",,,,youtube,Qk7CVu0G-8o,,"2026-10-09 11:02",,https://www.youtube.com/watch?v=Qk7CVu0G-8o
"Supercell - Melt",,,,youtube,4u7FTSfCcmg,,"2026-10-09 11:02",,https://www.youtube.com/watch?v=4u7FTSfCcmg
"S Club - S Club Party",,,,youtube,MZkgtgr7LhE,,"2026-10-09 11:02",,https://www.youtube.com/watch?v=MZkgtgr7LhE
"Scatmans World (Official Video) HD -Scatman John",,,,youtube,02vDkMEdIkY,,"2026-10-09 11:02",,https://www.youtube.com/watch?v=02vDkMEdIkY
"Skrillex & Bibi Bourelly - Don't Get Too Close (Virtual Riot Remix)",,,,youtube,FWovEKU_TAQ,,"2026-10-09 11:02",,https://www.youtube.com/watch?v=FWovEKU_TAQ
"S O H N - ""The Wheel"" (Official Video)",,,,youtube,AslPYSm7jfg,,"2026-10-09 11:02",,https://www.youtube.com/watch?v=AslPYSm7jfg
"Wacky Workbench Zone: Good Future (JP/EU) - Sonic The Hedgehog CD",,,,youtube,gwRGcV6Vtuw,,"2026-10-09 11:02",,https://www.youtube.com/watch?v=gwRGcV6Vtuw
"Sonic CD Metallic Madness Good Future JP/EU HD",,,,youtube,MoQYzL3Jg_k,,"2026-10-09 11:02",,https://www.youtube.com/watch?v=MoQYzL3Jg_k
"Hyper Potions - Friends (Sonic Mania Opening Animation Song)",,,,youtube,OEboG4LnUBI,,"2026-10-09 11:02",,https://www.youtube.com/watch?v=OEboG4LnUBI
"I Would Die 4 U (Extended Club Mix)","Space Cowboy",,,youtube,-V1XQJO4yMQ,,"2026-10-09 11:02",,https://www.youtube.com/watch?v=-V1XQJO4yMQ
"Silent Partner - Space Walk (Youtube Premiere Countdown)[download] 60 fps",,,,youtube,B4dnPVZ2MV0,,"2026-10-09 11:02",,https://www.youtube.com/watch?v=B4dnPVZ2MV0
"Inkopolis Square | Splatoon 2 VS Splatoon 3 COMPARISON",,,,youtube,zB9zgpkeylA,,"2026-10-09 11:02",,https://www.youtube.com/watch?v=zB9zgpkeylA
"Splatoon: All Level Clear Themes",,,,youtube,u7-8CrkninI,,"2026-10-09 11:02",,https://www.youtube.com/watch?v=u7-8CrkninI
"♪ Tomorrow's Nostalgia Today 🎵 Caitlin Koi Lyric Video - Splatoon 3",,,,youtube,p5ZgyLxeKXo,,"2026-10-09 11:02",,https://www.youtube.com/watch?v=p5ZgyLxeKXo
"Splatoon 3 – Liquid Sunshine - Nintendo Switch",,,,youtube,EZx61kSObTI,,"2026-10-09 11:02",,https://www.youtube.com/watch?v=EZx61kSObTI
"Chirpy Chips – Slopping Spree (Splatoon 3)",,,,youtube,BYAS0NZ4fz8,,"2026-10-09 11:02",,https://www.youtube.com/watch?v=BYAS0NZ4fz8
"Splatoon 3 - No Plan Survives - Nintendo Switch",,,,youtube,3dvgE-VEEOo,,"2026-10-09 11:02",,https://www.youtube.com/watch?v=3dvgE-VEEOo
"Deep Cut has the BEST Branding - Splatoon 3",,,,youtube,ogPewonMoCQ,,"2026-10-09 11:02",,https://www.youtube.com/watch?v=ogPewonMoCQ
"* Captain Cuttlefish's Theme * Splatoon 2 Octo Expansion",,,,youtube,EZ9PHK2QLhw,,"2026-10-09 11:02",,https://www.youtube.com/watch?v=EZ9PHK2QLhw
"File Select",,,,youtube,71DrD6WcEvw,,"2026-10-09 11:02",,https://www.youtube.com/watch?v=71DrD6WcEvw
"Pinna Park",,,,youtube,7uYv1pbjsYU,,"2026-10-09 11:02",,https://www.youtube.com/watch?v=7uYv1pbjsYU
"Sand Kingdom Crazy Cap moon Super Mario Odyssey",,,,youtube,3Ka6PFELJps,,"2026-10-09 11:02",,https://www.youtube.com/watch?v=3Ka6PFELJps
"YOU GOT A MOON! 2 - Super Mario Odyssey",,,,youtube,N8ux_om9jvM,,"2026-10-09 11:02",,https://www.youtube.com/watch?v=N8ux_om9jvM
"Swami (स्वामी) Official Music Video | Brahmaa | Avdhoot Gandhi | Narhar | Bhairava Films",,,,youtube,WY7mogD-o3I,,"2026-10-09 11:02",,https://www.youtube.com/watch?v=WY7mogD-o3I
"SWV - Right Here (Human Nature Radio Mix - Official Video)",,,,youtube,vHwXoY0LiQk,,"2026-10-09 11:02",,https://www.youtube.com/watch?v=vHwXoY0LiQk
"Tenacious D - Video Games",,,,youtube,GNJtPFXUnm4,,"2026-10-09 11:02",,https://www.youtube.com/watch?v=GNJtPFXUnm4
"THX Deep Note - original uncompressed audio",,,,youtube,uYMpMcmpfkI,,"2026-10-09 11:02",,https://www.youtube.com/watch?v=uYMpMcmpfkI
"Troye Sivan - One of Your Girls (Felix Jaehn Remix / Official Audio)",,,,youtube,MKxKYcKwuhc,,"2026-10-09 11:03",,https://www.youtube.com/watch?v=MKxKYcKwuhc
"A BOY IS A GUN*",,,,youtube,9JQDPjpfiGw,,"2026-10-09 11:03",,https://www.youtube.com/watch?v=9JQDPjpfiGw
"BEST INTEREST",,,,youtube,NkMTKGM-efw,,"2026-10-09 11:03",,https://www.youtube.com/watch?v=NkMTKGM-efw
"Del mar county fair 2008 (w/ Maxwell Young)",,,,youtube,Y6Ll9qHcQ08,,"2026-10-09 11:03",,https://www.youtube.com/watch?v=Y6Ll9qHcQ08
Loansharks,underscores,,,youtube,iJJMxfznf6o,,"2026-10-09 11:03",,https://www.youtube.com/watch?v=iJJMxfznf6o
"Tongue in cheek",,,,youtube,Ex7wvRHYUys,,"2026-10-09 11:03",,https://www.youtube.com/watch?v=Ex7wvRHYUys
"underscores 'Shoot to kill, kill your darlings' Lyric Video",,,,youtube,my4rg3ZNl5c,,"2026-10-09 11:03",,https://www.youtube.com/watch?v=my4rg3ZNl5c
"Oh! Dungeon","Toby Fox",,,youtube,P24uf5McKZk,,"2026-10-09 11:03",,https://www.youtube.com/watch?v=P24uf5McKZk
"No way she did that 💀💀 #ishowspeed #edit",,,,youtube,tnE-1xs64ls,,"2026-10-09 11:03",,https://www.youtube.com/watch?v=tnE-1xs64ls
"All Medal Jingles In Wii Play and Wii Play Motion",,,,youtube,7WkvyLqWLpU,,"2026-10-09 11:03",,https://www.youtube.com/watch?v=7WkvyLqWLpU
"Wii Menu | Wii Sports",,,,youtube,rlHdk9Y_f5w,,"2026-10-09 11:03",,https://www.youtube.com/watch?v=rlHdk9Y_f5w
"My Chemical Romance - ""Every Snowflake is Different (just like you)"" [Official Music Video]",,,,youtube,h3fNRxGCSe0,,"2026-10-09 11:03",,https://www.youtube.com/watch?v=h3fNRxGCSe0
"100 gecs - 757 {OFFICIAL AUDIO}",,,,youtube,M6MV1nxxGf8,,"2026-10-09 11:03",,https://www.youtube.com/watch?v=M6MV1nxxGf8
"Memories Of Tokyo-To - 13 - Poison Jam [OFFICIAL]",,,,youtube,qexSRrXTc-A,,"2026-10-09 11:03",,https://www.youtube.com/watch?v=qexSRrXTc-A
"Memories Of Tokyo-To - 17 - Ba-da-Ba [OFFICIAL]",,,,youtube,IRQS0GEDX-Q,,"2026-10-09 11:03",,https://www.youtube.com/watch?v=IRQS0GEDX-Q
"21 Savage, Doja Cat - n.h.i.e. (Official Audio)",,,,youtube,xDmb610okx0,,"2026-10-09 11:03",,https://www.youtube.com/watch?v=xDmb610okx0
"ACRAZE - Do It To It (Ft. Cherish)",,,,youtube,6wwuEXlIniU,,"2026-10-09 11:03",,https://www.youtube.com/watch?v=6wwuEXlIniU
"ACRAZE - Do It To It  (feat. Cherish) (Tiësto Remix)",,,,youtube,DyFqdUtgC6Y,,"2026-10-09 11:03",,https://www.youtube.com/watch?v=DyFqdUtgC6Y
"Moments (feat. Adam Neely)",,,,youtube,iL6ti-9Us4M,,"2026-10-09 11:03",,https://www.youtube.com/watch?v=iL6ti-9Us4M
"Aira Mitsuki (アイラミツキ）/ サヨナラ TECHNOPOLiS [MV]",,,,youtube,M0nhk_CZiEk,,"2026-10-09 11:03",,https://www.youtube.com/watch?v=M0nhk_CZiEk
"Alice Ivy - In My Mind ft. Ecca Vandal",,,,youtube,TqfvdOz-5rg,,"2026-10-09 11:03",,https://www.youtube.com/watch?v=TqfvdOz-5rg
"ALL(H)OURS (올아워즈) 'GIMME GIMME' Official M/V",,,,youtube,qW_3HCrda58,,"2026-10-09 11:03",,https://www.youtube.com/watch?v=qW_3HCrda58
"Niamos! (Morlana Club Mix)","Nicholas Britell",,,youtube,3YMFs7NPj7I,,"2026-10-09 11:03",,https://www.youtube.com/watch?v=3YMFs7NPj7I
Brasso,"Brandon Roberts",,,youtube,HK1u_X_rsx4,,"2026-10-09 11:03",,https://www.youtube.com/watch?v=HK1u_X_rsx4
"Aphex Twin - Window Licker",,,,youtube,FATTzbm78cc,,"2026-10-09 11:03",,https://www.youtube.com/watch?v=FATTzbm78cc
"Art vs Science // FINALLY SEE OUR WAY (Official Video)",,,,youtube,roijtWmsCAM,,"2026-10-09 11:03",,https://www.youtube.com/watch?v=roijtWmsCAM
"A$AP Rocky LVL",,,,youtube,lR5dwQNizVU,,"2026-10-09 11:03",,https://www.youtube.com/watch?v=lR5dwQNizVU
"A$AP Rocky - Long Live A$AP (Explicit - Official Video)",,,,youtube,BysVzAnR9MY,,"2026-10-09 11:03",,https://www.youtube.com/watch?v=BysVzAnR9MY
"Ashlee Simpson - L.O.V.E.",,,,youtube,a41s4IMyamQ,,"2026-10-09 11:03",,https://www.youtube.com/watch?v=a41s4IMyamQ
"LUXURY - AZEALIA BANKS (**OFFICIAL VIDEO**)",,,,youtube,dAmaaW4d5n0,,"2026-10-09 11:03",,https://www.youtube.com/watch?v=dAmaaW4d5n0
"Baby Keem, Kendrick Lamar - family ties (Official Video)",,,,youtube,v6HBZC9pZHQ,,"2026-10-09 11:03",,https://www.youtube.com/watch?v=v6HBZC9pZHQ
"Bad Omens x Poppy - V.A.N (Official Music Video)",,,,youtube,ev_vPbqUlZs,,"2026-10-09 11:03",,https://www.youtube.com/watch?v=ev_vPbqUlZs
"Don't Give Up","Basement Jaxx",,,youtube,iINd5ywyRpg,,"2026-10-09 11:03",,https://www.youtube.com/watch?v=iINd5ywyRpg
"beatmaniaIIDX 20 tricoro - LUV CAN SAVE U SP HYPER",,,,youtube,ogD6BkYboRQ,,"2026-10-09 11:03",,https://www.youtube.com/watch?v=ogD6BkYboRQ
"Beethoven's 5th Symphony",,,,youtube,_4IRMYuE1hI,,"2026-10-09 11:03",,https://www.youtube.com/watch?v=_4IRMYuE1hI
"BENEE - Sheesh (Audio) ft. Grimes",,,,youtube,6CgJAfvYpPY,,"2026-10-09 11:03",,https://www.youtube.com/watch?v=6CgJAfvYpPY
"BICEP | KITES",,,,youtube,O5Osa4sJEro,,"2026-10-09 11:03",,https://www.youtube.com/watch?v=O5Osa4sJEro
"BICEP | VESPA",,,,youtube,58FdBpR9E-0,,"2026-10-09 11:03",,https://www.youtube.com/watch?v=58FdBpR9E-0
"BICEP | SPRING",,,,youtube,GyNGHKYXMNg,,"2026-10-09 11:03",,https://www.youtube.com/watch?v=GyNGHKYXMNg
"BICEP | AYR",,,,youtube,1VVE9k0TzSM,,"2026-10-09 11:03",,https://www.youtube.com/watch?v=1VVE9k0TzSM
"BIGBANG - 뱅뱅뱅 (BANG BANG BANG) M/V",,,,youtube,2ips2mM7Zqw,,"2026-10-09 11:03",,https://www.youtube.com/watch?v=2ips2mM7Zqw
"björk - play dead",,,,youtube,9ep57VrDPOo,,"2026-10-09 11:03",,https://www.youtube.com/watch?v=9ep57VrDPOo
"björk : army of me (HD)",,,,youtube,jPeheoBa2_Y,,"2026-10-09 11:03",,https://www.youtube.com/watch?v=jPeheoBa2_Y
"Björk : Army Of Me  (Beastie Boys Remix)",,,,youtube,bd5hZvk6q6s,,"2026-10-09 11:03",,https://www.youtube.com/watch?v=bd5hZvk6q6s
"Björk - Army of Me (Sucker Punch Remix) [From ""Sucker Punch""]",,,,youtube,1ShHTCvE7TY,,"2026-10-09 11:03",,https://www.youtube.com/watch?v=1ShHTCvE7TY
"björk : bachelorette",,,,youtube,JNJv-Ebi67I,,"2026-10-09 11:03",,https://www.youtube.com/watch?v=JNJv-Ebi67I
"björk ft. shygirl : ovule (sega bodega remix)",,,,youtube,D99nPVXWtPc,,"2026-10-09 11:03",,https://www.youtube.com/watch?v=D99nPVXWtPc
"Bktherula - WOMAN feat JID (Official Audio)",,,,youtube,Fgmg43ImbQ4,,"2026-10-09 11:03",,https://www.youtube.com/watch?v=Fgmg43ImbQ4
"bladee & Mechatok - Drama (Official Video)",,,,youtube,BHyN-gOO_Uw,,"2026-10-09 11:03",,https://www.youtube.com/watch?v=BHyN-gOO_Uw
"bladee - OTHERSIDE (feat. SICKBOYRARI)",,,,youtube,3PEoICa7B5A,,"2026-10-09 11:03",,https://www.youtube.com/watch?v=3PEoICa7B5A
"BLOODHOUND GANG The bad Touch (Eiffel 65 remix)",,,,youtube,H_0etox0laI,,"2026-10-09 11:03",,https://www.youtube.com/watch?v=H_0etox0laI
"Bomb Rush Cyberfunk OST - Anime Break",,,,youtube,e6CQisL3dfE,,"2026-10-09 11:03",,https://www.youtube.com/watch?v=e6CQisL3dfE
"Modeselektor Remix","Boys Noize",,,youtube,MRgZ5gbt66Y,,"2026-10-09 11:03",,https://www.youtube.com/watch?v=MRgZ5gbt66Y
"Till The World Ends (the Femme Fatale Remix)","Britney Spears",,,youtube,XAfFYh42dxg,,"2026-10-09 11:03",,https://www.youtube.com/watch?v=XAfFYh42dxg
"Big Fat Bass","Britney Spears",,,youtube,oeOyoRfm8BI,,"2026-10-09 11:03",,https://www.youtube.com/watch?v=oeOyoRfm8BI
"All That - BROCKHAMPTON",,,,youtube,vJh8RwPo8EU,,"2026-10-09 11:03",,https://www.youtube.com/watch?v=vJh8RwPo8EU
"BTS (방탄소년단) '피 땀 눈물 (Blood Sweat & Tears)' Official MV",,,,youtube,hmE9f-TEutc,,"2026-10-09 11:04",,https://www.youtube.com/watch?v=hmE9f-TEutc
"♾ ΔLLICΘRN — This Somber Work",,,,youtube,eNraSlSJlP4,,"2026-10-09 11:04",,https://www.youtube.com/watch?v=eNraSlSJlP4
"Burial: Endorphin (Hyperdub 2007)",,,,youtube,EtVjv-1vJYo,,"2026-10-09 11:04",,https://www.youtube.com/watch?v=EtVjv-1vJYo
"BUSY P - To Protect and Entertain (feat. Murs) [Official Audio]",,,,youtube,C20aVTLJ8o8,,"2026-10-09 11:04",,https://www.youtube.com/watch?v=C20aVTLJ8o8
"Busy P - To Protect and Entertain (Crookers Remix) [Official Audio]",,,,youtube,UOfV8PhFd2E,,"2026-10-09 11:04",,https://www.youtube.com/watch?v=UOfV8PhFd2E
Magic,"Cake Pop",,,youtube,yGsc4-3Jj9c,,"2026-10-09 11:04",,https://www.youtube.com/watch?v=yGsc4-3Jj9c
"Charli xcx - Guess featuring billie eilish (official video)",,,,youtube,huGd4efgdPA,,"2026-10-09 11:04",,https://www.youtube.com/watch?v=huGd4efgdPA
"charlixcx - rewind (remix)",,,,youtube,9oOLB4Ohr9U,,"2026-10-09 11:04",,https://www.youtube.com/watch?v=9oOLB4Ohr9U
"Cherish - Do It To It ft. Sean P",,,,youtube,dPCS68n0s2I,,"2026-10-09 11:04",,https://www.youtube.com/watch?v=dPCS68n0s2I
"II. Worldstar","Childish Gambino",,,youtube,Ts_KvURCZB4,,"2026-10-09 11:04",,https://www.youtube.com/watch?v=Ts_KvURCZB4
"Christina Milian - AM To PM",,,,youtube,ZwZkfiaLfWQ,,"2026-10-09 11:04",,https://www.youtube.com/watch?v=ZwZkfiaLfWQ
"Ciara - Oh (Official Video) ft. Ludacris",,,,youtube,Hr4wz4-27PY,,"2026-10-09 11:04",,https://www.youtube.com/watch?v=Hr4wz4-27PY
"Ciara - Get Up (Official Video) ft. Chamillionaire",,,,youtube,OtyPaMYuC0Q,,"2026-10-09 11:04",,https://www.youtube.com/watch?v=OtyPaMYuC0Q
"【Vocaloid Original】Copycat【GUMI English】",,,,youtube,Q_QEPrkwZ-Q,,"2026-10-09 11:04",,https://www.youtube.com/watch?v=Q_QEPrkwZ-Q
"EVERLASTING LOVE (Official Video) ft Choir Master",,,,youtube,a3Vnb-rL7CI,,"2026-10-09 11:04",,https://www.youtube.com/watch?v=a3Vnb-rL7CI
"Clarence Clarity - Adam & The Evil (Audio)",,,,youtube,C8Z_arswO4w,,"2026-10-09 11:04",,https://www.youtube.com/watch?v=C8Z_arswO4w
"Clean Bandit - A&E ft. Kandaka Moore & Nikki Cislyn (Channel 4's Random Acts)",,,,youtube,_VvILRC6QAk,,"2026-10-09 11:04",,https://www.youtube.com/watch?v=_VvILRC6QAk
"Cordae - Today (feat. Gunna) [Official Music Video]",,,,youtube,46vzApMA4jI,,"2026-10-09 11:04",,https://www.youtube.com/watch?v=46vzApMA4jI
"Yoko Kanno + Seatbelts - ""Tank!"" (Full Performance) | Cowboy Bebop: Unlocked | Netflix Geeked",,,,youtube,GZl7N8sXyEo,,"2026-10-09 11:04",,https://www.youtube.com/watch?v=GZl7N8sXyEo
Tank!,SEATBELTS,,,youtube,UFFa0QoHWvE,,"2026-10-09 11:04",,https://www.youtube.com/watch?v=UFFa0QoHWvE
"Cupid ft. B.o.B ''369''",,,,youtube,HlcWNUTIv3Q,,"2026-10-09 11:04",,https://www.youtube.com/watch?v=HlcWNUTIv3Q
"Crash Bandicoot 1 Theme",,,,youtube,4i8qAZOu5-g,,"2026-10-09 11:04",,https://www.youtube.com/watch?v=4i8qAZOu5-g
"Cruelty Squad OST 14 ~ Divinity of the Office",,,,youtube,S8xpuNWyO1g,,"2026-10-09 11:04",,https://www.youtube.com/watch?v=S8xpuNWyO1g
Crush3D,CRUSH3d,,,youtube,NA5YbhDoPOk,,"2026-10-09 11:04",,https://www.youtube.com/watch?v=NA5YbhDoPOk
"Make a school day outfit!! | #trending #foryou",,,,youtube,_gZGRdxKaAA,,"2026-10-09 11:04",,https://www.youtube.com/watch?v=_gZGRdxKaAA
"Crydamoure Selection (part 1)",,,,youtube,8PZDYPZBy7g,,"2026-10-09 11:04",,https://www.youtube.com/watch?v=8PZDYPZBy7g
"Crystal Castles: The Dark Truth",,,,youtube,RkXkcqNtWn8,,"2026-10-09 11:04",,https://www.youtube.com/watch?v=RkXkcqNtWn8
"CrystalForce - Silver Thread (feat. Tanglefoot)",,,,youtube,Ut8DnqZ3wL4,,"2026-10-09 11:04",,https://www.youtube.com/watch?v=Ut8DnqZ3wL4
"Cansei De Ser Sexy - Superafim",,,,youtube,3bJ4jdj0Tgs,,"2026-10-09 11:04",,https://www.youtube.com/watch?v=3bJ4jdj0Tgs
"Weles / Deszcz - The Loop - Ritual FM",,,,youtube,bx6bV-a2QvI,,"2026-10-09 11:04",,https://www.youtube.com/watch?v=bx6bV-a2QvI
"Flatlander Woman - Slag (Cyberpunk 2077 88.9 Pacific Dreams)",,,,youtube,HdHjWygG0Ss,,"2026-10-09 11:04",,https://www.youtube.com/watch?v=HdHjWygG0Ss
"CYBERPUNK 2077 SOUNDTRACK - VIOLENCE by Le Destroy & The Bait (Official Video)",,,,youtube,oDezwLUsvBI,,"2026-10-09 11:04",,https://www.youtube.com/watch?v=oDezwLUsvBI
"Tainted Overlord - A Caça (Cyberpunk 2077 89.3 Radio Vexelstrom)",,,,youtube,gy4aYOEBz5k,,"2026-10-09 11:04",,https://www.youtube.com/watch?v=gy4aYOEBz5k
"PonPon Shit - CyberPunk 2077",,,,youtube,HjhhrZiGYtI,,"2026-10-09 11:04",,https://www.youtube.com/watch?v=HjhhrZiGYtI
"Follow the White Crow","Kid Moxie",,,youtube,dJRGS5JkYso,,"2026-10-09 11:04",,https://www.youtube.com/watch?v=dJRGS5JkYso
"La Canopée by Cultex (Private Press)",,,,youtube,Zk8o-HeMaZg,,"2026-10-09 11:04",,https://www.youtube.com/watch?v=Zk8o-HeMaZg
"Retinal Scam - Gridflow (Cyberpunk 2077 103.5 Radio Pebkac)",,,,youtube,_l_Wb96W16o,,"2026-10-09 11:04",,https://www.youtube.com/watch?v=_l_Wb96W16o
"CYBERPUNK 2077 SOUNDTRACK - LIKEWISE by RAT BOY & IBDY (Official Video)",,,,youtube,hss1vsVC2dg,,"2026-10-09 11:04",,https://www.youtube.com/watch?v=hss1vsVC2dg
"Cyberpunk 2077 | 99.9 Impulse FM Radio | Private Press DREAMY",,,,youtube,08iSN87CYkM,,"2026-10-09 11:04",,https://www.youtube.com/watch?v=08iSN87CYkM
"VOID - Private Press (99.9FM song from Cyberpunk 2077)",,,,youtube,heLmD0RcGug,,"2026-10-09 11:04",,https://www.youtube.com/watch?v=heLmD0RcGug
"Cyberpunk Edgerunners OST • Undertow Velocity [by Private Press] • HQ",,,,youtube,2x88KceLbs8,,"2026-10-09 11:04",,https://www.youtube.com/watch?v=2x88KceLbs8
"Choke Hold","Idris Elba",,,youtube,m6yF9niv0gQ,,"2026-10-09 11:04",,https://www.youtube.com/watch?v=m6yF9niv0gQ
"Backxwash & BADPANNINI - Headrush (Cyberpunk 2077 107.5 Dark Star Radio)",,,,youtube,laglQU8dBFI,,"2026-10-09 11:04",,https://www.youtube.com/watch?v=laglQU8dBFI
"Krzysztof Freeze Ostrowski & Walt Air - dRk (Cyberpunk 2077 107.5 Dark Star Radio)",,,,youtube,sV0d-BRSdBQ,,"2026-10-09 11:04",,https://www.youtube.com/watch?v=sV0d-BRSdBQ
"'If It Glitters It's Gold' - Dallas Woods",,,,youtube,Ux_BC3DnQ00,,"2026-10-09 11:04",,https://www.youtube.com/watch?v=Ux_BC3DnQ00
"deadmau5 - Sofi Needs a Ladder",,,,youtube,gDndZn0YPdI,,"2026-10-09 11:04",,https://www.youtube.com/watch?v=gDndZn0YPdI
"deadmau5 - Let Go Feat. Grabbitz (Cube 2.1)",,,,youtube,PKFcaXd5G8c,,"2026-10-09 11:04",,https://www.youtube.com/watch?v=PKFcaXd5G8c
"i just fucking ijbol",Release,,,youtube,Y5GJyHDPi7I,,"2026-10-09 11:04",,https://www.youtube.com/watch?v=Y5GJyHDPi7I
"29. It's Pronounced ""Rules"" (DELTARUNE Chapter 2 Soundtrack) - Toby Fox",,,,youtube,2nlbYPHb20w,,"2026-10-09 11:04",,https://www.youtube.com/watch?v=2nlbYPHb20w
"Dem Franchize Boyz - Oh I Think They Like Me Remix Feat. Jermaine Dupri, Da Brat, & Bow Wow",,,,youtube,gbDecPI0G_w,,"2026-10-09 11:04",,https://www.youtube.com/watch?v=gbDecPI0G_w
"DEV - Bass Down Low (Explicit) ft. The Cataracs",,,,youtube,OOAMfUJ3tsc,,"2026-10-09 11:04",,https://www.youtube.com/watch?v=OOAMfUJ3tsc
Lyposuct,D.I.M.,,,youtube,4VxLypaui6Q,,"2026-10-09 11:04",,https://www.youtube.com/watch?v=4VxLypaui6Q
"Bro is him...                                         #funk #remix #trap #heavensecho #heavens #echo",,,,youtube,fFzW9Zn9Cck,,"2026-10-09 11:04",,https://www.youtube.com/watch?v=fFzW9Zn9Cck
"AlunaGeorge - You Know You Like It (Tchami Remix) (Audio)",,,,youtube,kQdSldZXkE4,,"2026-10-09 11:04",,https://www.youtube.com/watch?v=kQdSldZXkE4
"HBP Kadaver〔124ʙᴘᴍ〕",,,,youtube,KYbeHIBocnc,,"2026-10-09 11:04",,https://www.youtube.com/watch?v=KYbeHIBocnc
"eyes off the wheel, i'm a star","Jane Remover",,,youtube,bxR_0Zo4wfw,,"2026-10-09 11:05",,https://www.youtube.com/watch?v=bxR_0Zo4wfw
"Doechii - Persuasive (Official Video)",,,,youtube,JUBqJzLPjXE,,"2026-10-09 11:05",,https://www.youtube.com/watch?v=JUBqJzLPjXE
"ICE CREAM PAINT JOB - DORROUGH MUSIC",,,,youtube,0yfArN-e2OU,,"2026-10-09 11:05",,https://www.youtube.com/watch?v=0yfArN-e2OU
"Drake - Take Care ft. Rihanna",,,,youtube,-zzP29emgpg,,"2026-10-09 11:05",,https://www.youtube.com/watch?v=-zzP29emgpg
"The Elephant Man","John Morris",,,youtube,3j03mo9bH9g,,"2026-10-09 11:05",,https://www.youtube.com/watch?v=3j03mo9bH9g
"Cornetto Cupidity Love Stories - Celebrate by Empire Of The Sun [Styalz Fuego Windows '95 Remix]",,,,youtube,K4GbfZMcZi8,,"2026-10-09 11:05",,https://www.youtube.com/watch?v=K4GbfZMcZi8
"Enrique Iglesias - Tonight (I'm Lovin' You) (Explicit Lyrics) ft. Ludacris, DJ Frank E",,,,youtube,WBALe-cBWGo,,"2026-10-09 11:05",,https://www.youtube.com/watch?v=WBALe-cBWGo
"Stay Alta",Estelle,,,youtube,he_xVDHyUaw,,"2026-10-09 11:05",,https://www.youtube.com/watch?v=he_xVDHyUaw
"f5ve - Sugar Free Venom feat. Kesha (Official MV)",,,,youtube,LmFsQm4DfPo,,"2026-10-09 11:05",,https://www.youtube.com/watch?v=LmFsQm4DfPo
"Fall Out Boy - Thnks fr th Mmrs (Official Music Video)",,,,youtube,onzL0EM1pKY,,"2026-10-09 11:05",,https://www.youtube.com/watch?v=onzL0EM1pKY
"Fatboy Slim - Role Model (Official Video)",,,,youtube,ZlAEQKRZNKE,,"2026-10-09 11:05",,https://www.youtube.com/watch?v=ZlAEQKRZNKE
"Feist - 1234",,,,youtube,ABYnqp-bxvg,,"2026-10-09 11:05",,https://www.youtube.com/watch?v=ABYnqp-bxvg
"Glamorous (Space Cowboy Remix)",Fergie,,,youtube,iNnXRstoAZA,,"2026-10-09 11:05",,https://www.youtube.com/watch?v=iNnXRstoAZA
Death,Disasterpeace,,,youtube,JMExaxV0z80,,"2026-10-09 11:05",,https://www.youtube.com/watch?v=JMExaxV0z80
"Flume - How To Build A Relationship (feat. JPEGMAFIA)",,,,youtube,DdJbW8sKa9M,,"2026-10-09 11:05",,https://www.youtube.com/watch?v=DdJbW8sKa9M
"Flux Pavilion - I Can't Stop",,,,youtube,3Q9rewnLFYw,,"2026-10-09 11:05",,https://www.youtube.com/watch?v=3Q9rewnLFYw
"clown nose","food house",,,youtube,r1Wnbm-OyUA,,"2026-10-09 11:05",,https://www.youtube.com/watch?v=r1Wnbm-OyUA
"now 2","food house",,,youtube,1QvBWEJCQ4w,,"2026-10-09 11:05",,https://www.youtube.com/watch?v=1QvBWEJCQ4w
"Fort Minor // Remember the name // Subtitulado al español",,,,youtube,O2xAoswYscs,,"2026-10-09 11:05",,https://www.youtube.com/watch?v=O2xAoswYscs
"Fortnite You Don't Know Me Lobby Music Original (By Hoshikuma Minami)",,,,youtube,jRLeErPLZ_M,,"2026-10-09 11:05",,https://www.youtube.com/watch?v=jRLeErPLZ_M
"Epic Games: Lord of the Wasteland (Fortnite Version)",,,,youtube,wK2fR4i_-cw,,"2026-10-09 11:05",,https://www.youtube.com/watch?v=wK2fR4i_-cw
"Fortnite | Pea Like Me Lobby Music (C5S3 Battle Pass)",,,,youtube,dYonFY1Qydo,,"2026-10-09 11:05",,https://www.youtube.com/watch?v=dYonFY1Qydo
"Freezepop: Brainpower with Lyrics",,,,youtube,keLVVzekMbU,,"2026-10-09 11:05",,https://www.youtube.com/watch?v=keLVVzekMbU
"How To Be Liked By All Members Of The Hex - Unlock Rank 4 Hex Syndicate Standing In Warframe",,,,youtube,rkcV5kATcT0,,"2026-10-09 11:05",,https://www.youtube.com/watch?v=rkcV5kATcT0
"Gettin' Freaky (Main Menu) - Friday Night Funkin' OST",,,,youtube,wmrMTGOoHqY,,"2026-10-09 11:05",,https://www.youtube.com/watch?v=wmrMTGOoHqY
"Fresh - Friday Night Funkin' OST",,,,youtube,mx82b-3A--Q,,"2026-10-09 11:05",,https://www.youtube.com/watch?v=mx82b-3A--Q
"Fresh (Boyfriend Remix) - Friday Night Funkin' OST",,,,youtube,qkEtJ0JT_dI,,"2026-10-09 11:05",,https://www.youtube.com/watch?v=qkEtJ0JT_dI
"Start Screen (Itch.io Build) - Friday Night Funkin' OST",,,,youtube,V4sMkQ9Ou6w,,"2026-10-09 11:05",,https://www.youtube.com/watch?v=V4sMkQ9Ou6w
"Roses - Friday Night Funkin' OST",,,,youtube,DKs-Tkw4X3I,,"2026-10-09 11:08",,https://www.youtube.com/watch?v=DKs-Tkw4X3I
"Thorns - Friday Night Funkin' OST",,,,youtube,lWja270s6qA,,"2026-10-09 11:08",,https://www.youtube.com/watch?v=lWja270s6qA
"From First To Last - The Latest Plague (Atticus Remix) [HD]",,,,youtube,yh5agGX7A9M,,"2026-10-09 11:08",,https://www.youtube.com/watch?v=yh5agGX7A9M
"Future - Low Life (Official Music Video) ft. The Weeknd",,,,youtube,K_9tX4eHztY,,"2026-10-09 11:08",,https://www.youtube.com/watch?v=K_9tX4eHztY
"Opening Credits | Game of Thrones | Season 8 (HBO)",,,,youtube,TZE9gVF1QbA,,"2026-10-09 11:08",,https://www.youtube.com/watch?v=TZE9gVF1QbA
Easy,"Genesis Owusu",,,youtube,q8Z5cNnOa3Q,,"2026-10-09 11:08",,https://www.youtube.com/watch?v=q8Z5cNnOa3Q
"Gorillaz - Stylo (Official Video)",,,,youtube,nhPaWIeULKk,,"2026-10-09 11:09",,https://www.youtube.com/watch?v=nhPaWIeULKk
"Gorillaz - Empire Ants ft. Little Dragon (Official Video)",,,,youtube,C-yP9f0gadU,,"2026-10-09 11:09",,https://www.youtube.com/watch?v=C-yP9f0gadU
"Gorillaz - Glitter Freeze - Plastic Beach",,,,youtube,DV7tqGOoIJM,,"2026-10-09 11:09",,https://www.youtube.com/watch?v=DV7tqGOoIJM
"Ecstasy (DJH Edit) 𓃦",,,,youtube,H6vdNEJEMws,,"2026-10-09 11:09",,https://www.youtube.com/watch?v=H6vdNEJEMws
"Magical Girl",,,,youtube,ShjUPLblXiU,,"2026-10-09 11:09",,https://www.youtube.com/watch?v=ShjUPLblXiU
"Surveillance (Official Audio)",,,,youtube,PVr56ZSNNm0,,"2026-10-09 11:09",,https://www.youtube.com/watch?v=PVr56ZSNNm0
"Funny DJ [AUDIO TRACK] Gummibär The Gummy Bear",,,,youtube,EaBPfabNTdM,,"2026-10-09 11:09",,https://www.youtube.com/watch?v=EaBPfabNTdM
"Beto'nun saç kurtarma operasyonu. 💇🧡 #gupseözay #gupi",,,,youtube,_AbExRtAArk,,"2026-10-09 11:09",,https://www.youtube.com/watch?v=_AbExRtAArk
"Натали  - Черепашка (Официальный клип)",,,,youtube,ObJjLzM5VjA,,"2026-10-09 11:09",,https://www.youtube.com/watch?v=ObJjLzM5VjA
"宇多田ヒカル『Electricity』Music Video",,,,youtube,9Ef8ZId58WY,,"2026-10-09 11:09",,https://www.youtube.com/watch?v=9Ef8ZId58WY
"宇多田ヒカル「Electricity (Arca Remix) 」 official visualizer",,,,youtube,9qAuWd8nCC8,,"2026-10-09 11:09",,https://www.youtube.com/watch?v=9qAuWd8nCC8
"宇多田ヒカル「Electricity (Karen Nyame KG remix) 」 official visualizer",,,,youtube,EWh-dh-1CVE,,"2026-10-09 11:09",,https://www.youtube.com/watch?v=EWh-dh-1CVE
"M.O.O.N. - 'Hydrogen' [Hotline Miami Soundtrack]",,,,youtube,SNE2oCZH_4k,,"2026-10-09 11:09",,https://www.youtube.com/watch?v=SNE2oCZH_4k
"Wata's Lounge","Cédric Menendez",,,youtube,0yQOWOHB_zA,,"2026-10-09 11:09",,https://www.youtube.com/watch?v=0yQOWOHB_zA
"Defy the Great Admin","Cédric Menendez",,,youtube,H2OHpf4olaE,,"2026-10-09 11:09",,https://www.youtube.com/watch?v=H2OHpf4olaE
"Surpassing Oneself","Cédric Menendez",,,youtube,HCmr5AinjzY,,"2026-10-09 11:09",,https://www.youtube.com/watch?v=HCmr5AinjzY
"Never Give Up","Cédric Menendez",,,youtube,ZHu5HmZ-Ee4,,"2026-10-09 11:09",,https://www.youtube.com/watch?v=ZHu5HmZ-Ee4
"Enter the City","Cédric Menendez",,,youtube,PTOV4tvpMSY,,"2026-10-09 11:09",,https://www.youtube.com/watch?v=PTOV4tvpMSY
"Greendy's Trance","Cédric Menendez",,,youtube,IxbAe9DTAlc,,"2026-10-09 11:09",,https://www.youtube.com/watch?v=IxbAe9DTAlc
"Inner Reflexion","Cédric Menendez",,,youtube,psGQ-1oRWi8,,"2026-10-09 11:09",,https://www.youtube.com/watch?v=psGQ-1oRWi8
"Try Hard - Hover : Revolt Of Gamers Original Soundtrack",,,,youtube,O46j-DB8Lcg,,"2026-10-09 11:09",,https://www.youtube.com/watch?v=O46j-DB8Lcg
"Iggy Azalea - Fancy ft. Charli XCX",,,,youtube,O-zpOMYRi0w,,"2026-10-09 11:09",,https://www.youtube.com/watch?v=O-zpOMYRi0w
"Teal Yomi / Olivine",Iglooghost,,,youtube,sxC_nOwV48c,,"2026-10-09 11:09",,https://www.youtube.com/watch?v=sxC_nOwV48c
"Mind Heist (Inception Trailer music) HD - Zack Hemsey",,,,youtube,dRnneA-y7Q4,,"2026-10-09 11:09",,https://www.youtube.com/watch?v=dRnneA-y7Q4
"Nancy Sinatra - You Only Live Twice",,,,youtube,Z6D6ObD9cMY,,"2026-10-09 11:09",,https://www.youtube.com/watch?v=Z6D6ObD9cMY
"Madonna - Die Another Day (Official Video)",,,,youtube,VlbaJA7aO9M,,"2026-10-09 11:09",,https://www.youtube.com/watch?v=VlbaJA7aO9M
"Adele - Skyfall (Official Lyric Video)",,,,youtube,DeumyOzKqgI,,"2026-10-09 11:09",,https://www.youtube.com/watch?v=DeumyOzKqgI
"Jamie xx- All Under One Roof Raving",,,,youtube,wk28cgCG3Ho,,"2026-10-09 11:09",,https://www.youtube.com/watch?v=wk28cgCG3Ho
"H•A•M (Album Version (Explicit))","Kanye West",,,youtube,Pyqe716HByE,,"2026-10-09 11:09",,https://www.youtube.com/watch?v=Pyqe716HByE
"Moody's Shuffle","HIDEKI NAGANUMA",,,youtube,dSeuKkYfZXs,,"2026-10-09 11:09",,https://www.youtube.com/watch?v=dSeuKkYfZXs
"[Jet Set Radio] Just Got Wicked",,,,youtube,UA7e4ZDr2Nc,,"2026-10-09 11:09",,https://www.youtube.com/watch?v=UA7e4ZDr2Nc
"Jurassic 5 - Improvise",,,,youtube,bQ9DNHwQusY,,"2026-10-09 11:09",,https://www.youtube.com/watch?v=bQ9DNHwQusY
"Dragula (Si Non Oscillas, Noli Tintinnare Mix) - Jet Set Radio",,,,youtube,ava2ydvqR0o,,"2026-10-09 11:09",,https://www.youtube.com/watch?v=ava2ydvqR0o
"The Latch Brothers - Me Likey the Poom Poom",,,,youtube,EffIvspwH-M,,"2026-10-09 11:09",,https://www.youtube.com/watch?v=EffIvspwH-M
"Jodeci - Freak'N You",,,,youtube,oYwL-FzFDKQ,,"2026-10-09 11:09",,https://www.youtube.com/watch?v=oYwL-FzFDKQ
"BLOODY STREAM",Coda,,,youtube,hmpJqJLsR48,,"2026-10-09 11:09",,https://www.youtube.com/watch?v=hmpJqJLsR48
"ジョジョ その血の記憶～END OF THE WORLD～","Tominaga TOMMY Hiroaki",,,youtube,xP6iYISIocw,,"2026-10-09 11:09",,https://www.youtube.com/watch?v=xP6iYISIocw
"JoJo's Bizarre Adventure: Golden Wind - Ending Song「Freak N You」by Jodeci",,,,youtube,1lTg2OwiVwc,,"2026-10-09 11:09",,https://www.youtube.com/watch?v=1lTg2OwiVwc
"JPEGMAFIA x Freaky - I Might Vote 4 Donald Trump",,,,youtube,O2AkSmQRoRw,,"2026-10-09 11:09",,https://www.youtube.com/watch?v=O2AkSmQRoRw
"FREAKYMAFIACULT - HATE",,,,youtube,Bde96_BvCbU,,"2026-10-09 11:09",,https://www.youtube.com/watch?v=Bde96_BvCbU
"Eiffel 65 - Blue (Da Ba Dee) 1998 Official Music Video (Remastered) HD",,,,youtube,4iwHb189X84,,"2026-10-09 11:09",,https://www.youtube.com/watch?v=4iwHb189X84
"Justice - Mannequin Love (Starring The Flints) (Official Audio)",,,,youtube,KTOgfHb8dZk,,"2026-10-09 11:09",,https://www.youtube.com/watch?v=KTOgfHb8dZk
"See You In My Nightmares","Kanye West",,,youtube,T5e-nhk4HTQ,,"2026-10-09 11:09",,https://www.youtube.com/watch?v=T5e-nhk4HTQ
"Use This Gospel","Kanye West",,,youtube,8yQVcGkbpAc,,"2026-10-09 11:09",,https://www.youtube.com/watch?v=8yQVcGkbpAc
"Katamari Fortissimo Damacy - 10 - Gin & Tonic & Red Red Roses (A Crimson Rose and a Gin Tonic)",,,,youtube,AnkcKdOubZA,,"2026-10-09 11:09",,https://www.youtube.com/watch?v=AnkcKdOubZA
"KATSEYE (캣츠아이) ""Touch"" Official MV",,,,youtube,l9CZykYZkOQ,,"2026-10-09 11:09",,https://www.youtube.com/watch?v=l9CZykYZkOQ
"Kendrick Lamar - i (Audio)",,,,youtube,jltN3fLFmTQ,,"2026-10-09 11:09",,https://www.youtube.com/watch?v=jltN3fLFmTQ
"Kendrick Lamar -   XXX (Lyrics) feat. U2",,,,youtube,imZRHL-wJDc,,"2026-10-09 11:09",,https://www.youtube.com/watch?v=imZRHL-wJDc
"Keri Hilson - Turnin Me On (Official Music Video) ft. Lil Wayne",,,,youtube,vNvbS0XUZWU,,"2026-10-09 11:09",,https://www.youtube.com/watch?v=vNvbS0XUZWU
"The Builder",,,,youtube,G6G3gB7DksA,,"2026-10-09 11:09",,https://www.youtube.com/watch?v=G6G3gB7DksA
"Scheming Weasel (faster version) – Kevin MacLeod (No Copyright Music)",,,,youtube,2CapGaKMsWU,,"2026-10-09 11:09",,https://www.youtube.com/watch?v=2CapGaKMsWU
"Kevin MacLeod: Movement Proposition",,,,youtube,ssN6I5LkW1Q,,"2026-10-09 11:09",,https://www.youtube.com/watch?v=ssN6I5LkW1Q
Blumenkranz,"Hiroyuki SAWANO",,,youtube,zRI5uW6DLXg,,"2026-10-09 11:09",,https://www.youtube.com/watch?v=zRI5uW6DLXg
"Nui Harime's theme (Kill la Kill) - Kiる厭KiLL",,,,youtube,1zAMJXZnJoY,,"2026-10-09 11:10",,https://www.youtube.com/watch?v=1zAMJXZnJoY
"There Will Be Blood - Kim Petras (Official Audio)",,,,youtube,8nBQ8xv2oLY,,"2026-10-09 11:10",,https://www.youtube.com/watch?v=8nBQ8xv2oLY
"Massacre - Kim Petras (Official Audio)",,,,youtube,Y3j488fXd8w,,"2026-10-09 11:10",,https://www.youtube.com/watch?v=Y3j488fXd8w
"KIRA - FOCUS ft. GUMI (Original Song) 【The Herta】",,,,youtube,aF4N-qSHbT4,,"2026-10-09 11:10",,https://www.youtube.com/watch?v=aF4N-qSHbT4
"Kittie Brackish Official Video",,,,youtube,yev3JqH6TpY,,"2026-10-09 11:10",,https://www.youtube.com/watch?v=yev3JqH6TpY
"The KLF - Justified & Ancient (Official Video)",,,,youtube,XP5oHL3zBDg,,"2026-10-09 11:10",,https://www.youtube.com/watch?v=XP5oHL3zBDg
"Lady Gaga - Paparazzi (Alximo's dubstep remix) [60 FPS]",,,,youtube,DYEogA8Jt2Q,,"2026-10-09 11:10",,https://www.youtube.com/watch?v=DYEogA8Jt2Q
"Lady Gaga - Paparazzi (Alximo's dubstep remix) [60 FPS]",,,,youtube,DYEogA8Jt2Q,,"2026-10-09 11:10",,https://www.youtube.com/watch?v=DYEogA8Jt2Q
"Lady Gaga - G.U.Y. (An ARTPOP Film) (Broadcast Edit)",,,,youtube,ohs0a-QnFF4,,"2026-10-09 11:10",,https://www.youtube.com/watch?v=ohs0a-QnFF4
"Sine From Above (Chester Lockhart, Mood Killer & Lil Texas Remix) (Official Audio)",,,,youtube,llCckgienuU,,"2026-10-09 11:10",,https://www.youtube.com/watch?v=llCckgienuU
"Zelda: Ocarina Of Time (Music) - Inside The Deku Tree",,,,youtube,BOzKT8POnso,,"2026-10-09 11:10",,https://www.youtube.com/watch?v=BOzKT8POnso
"""The Legend of Zelda: Ocarina of Time"" Music : Bonus - Fire Temple (v1.0)",,,,youtube,6QGRBfN7064,,"2026-10-09 11:10",,https://www.youtube.com/watch?v=6QGRBfN7064
"Escape from Ganon's Castle - The Legend of Zelda: Ocarina of Time OST",,,,youtube,flAGvWVSbCM,,"2026-10-09 11:10",,https://www.youtube.com/watch?v=flAGvWVSbCM
"LEGO Racers Remastered (25th Anniversary)",,,,youtube,VNNq9VkJ0so,,"2026-10-09 11:10",,https://www.youtube.com/watch?v=VNNq9VkJ0so
"Among Us Drip Theme Song Original (Among Us Trap Remix / Amogus Meme Music)",,,,youtube,grd-K33tOSM,,"2026-10-09 11:10",,https://www.youtube.com/watch?v=grd-K33tOSM
"kick of a lifetime",,,,youtube,KmGVTS2cssc,,"2026-10-09 11:10",,https://www.youtube.com/watch?v=KmGVTS2cssc
"Donut Shop Trappin (prod. Brodinski & Max Ant) [umru reeurocentrification] {123Bpm}",,,,youtube,Q7RTYb_9a6E,,"2026-10-09 11:10",,https://www.youtube.com/watch?v=Q7RTYb_9a6E
"Lil Wayne - Love me or Hate me",,,,youtube,uY3ZfQuV4og,,"2026-10-09 11:10",,https://www.youtube.com/watch?v=uY3ZfQuV4og
"A Ronin Mode Tribute to Linkin Park Reanimation Kyur4 th Ich HQ Remastered",,,,youtube,IjfymPZcA-4,,"2026-10-09 11:10",,https://www.youtube.com/watch?v=IjfymPZcA-4
"Lizzo - Scuse Me (Official Video)",,,,youtube,tjILCNcHevY,,"2026-10-09 11:10",,https://www.youtube.com/watch?v=tjILCNcHevY
"The G.O.A.T","LL COOL J",,,youtube,lLte2Bz-E-E,,"2026-10-09 11:10",,https://www.youtube.com/watch?v=lLte2Bz-E-E
"Spring Break Anthem (Music Video Only Version)",,,,youtube,jUw4Qh9uFK8,,"2026-10-09 11:10",,https://www.youtube.com/watch?v=jUw4Qh9uFK8
"Ludacris - Move B***H (Official Music Video) ft. Mystikal, I-20",,,,youtube,tw429JGL5zo,,"2026-10-09 11:10",,https://www.youtube.com/watch?v=tw429JGL5zo
"Ludacris - Money Maker (Official Music Video) ft. Pharrell",,,,youtube,T9Op2YQ7yyU,,"2026-10-09 11:10",,https://www.youtube.com/watch?v=T9Op2YQ7yyU
"Ludacris - One More Drink (Official Music Video) ft. T-Pain",,,,youtube,tzZFE-9gb7Q,,"2026-10-09 11:10",,https://www.youtube.com/watch?v=tzZFE-9gb7Q
"m-flo loves DOPING PANDA / she loves the CREAM -Amazing Nuts! Ver.-",,,,youtube,l-rexyelXOU,,"2026-10-09 11:10",,https://www.youtube.com/watch?v=l-rexyelXOU
"will.i.am Official Madagascar 2 Music Video: I Like To Move It",,,,youtube,9osbpEHvQVE,,"2026-10-09 11:10",,https://www.youtube.com/watch?v=9osbpEHvQVE
"1, 2 Oatmeal",,,,youtube,0Dpw0VvH4m0,,"2026-10-09 11:10",,https://www.youtube.com/watch?v=0Dpw0VvH4m0
"Metric “Dead Disco” (Official Video)",,,,youtube,cEsr5Mm3JfE,,"2026-10-09 11:10",,https://www.youtube.com/watch?v=cEsr5Mm3JfE
"Bamboo Banga (DJ Eli Remix)",M.I.A.,,,youtube,15GPCfzTvPs,,"2026-10-09 11:10",,https://www.youtube.com/watch?v=15GPCfzTvPs
"THE MESSAGE",M.I.A.,,,youtube,J9RGZScVj74,,"2026-10-09 11:10",,https://www.youtube.com/watch?v=J9RGZScVj74
"M.I.A. - Born Free",,,,youtube,IeMvUlxXyz8,,"2026-10-09 11:10",,https://www.youtube.com/watch?v=IeMvUlxXyz8
"M.I.A - MARIGOLD   (Official Video)",,,,youtube,mAHMO44kh4Q,,"2026-10-09 11:10",,https://www.youtube.com/watch?v=mAHMO44kh4Q
"C418 - Flake (Minecraft Volume Beta)",,,,youtube,yuySSmW5cfo,,"2026-10-09 11:10",,https://www.youtube.com/watch?v=yuySSmW5cfo
"C418 - Kyoto (Minecraft Volume Beta)",,,,youtube,FVNSvz-UyuA,,"2026-10-09 11:10",,https://www.youtube.com/watch?v=FVNSvz-UyuA
"Infinite Amethyst","Lena Raine",,,youtube,y-f8pEX1Q1M,,"2026-10-09 11:10",,https://www.youtube.com/watch?v=y-f8pEX1Q1M
"Jack Black - Steve's Lava Chicken (Official Music Video) | A Minecraft Movie Soundtrack | WaterTower",,,,youtube,41O_MydqxTU,,"2026-10-09 11:10",,https://www.youtube.com/watch?v=41O_MydqxTU
"MISS KITTIN - Frank Sinatra",,,,youtube,ouWAymYiUn8,,"2026-10-09 11:10",,https://www.youtube.com/watch?v=ouWAymYiUn8
"Missy Elliott - Beep Me 911 [Official Music Video]",,,,youtube,cWHicFCKxVE,,"2026-10-09 11:10",,https://www.youtube.com/watch?v=cWHicFCKxVE
"MØ - If It's Over (Audio) ft. Charli XCX",,,,youtube,6-uPzu7eTHI,,"2026-10-09 11:10",,https://www.youtube.com/watch?v=6-uPzu7eTHI
"MØ - Kindness (Official Video)",,,,youtube,02XGlC1OteA,,"2026-10-09 11:10",,https://www.youtube.com/watch?v=02XGlC1OteA
"MØ - Youth Is Lost",,,,youtube,OeJf8aMk6m4,,"2026-10-09 11:10",,https://www.youtube.com/watch?v=OeJf8aMk6m4
"Mohito feat. Howard Jones - Slip Away (Steve Angello Mix)",,,,youtube,F-OnwSrKJYM,,"2026-10-09 11:10",,https://www.youtube.com/watch?v=F-OnwSrKJYM
"M.O.O.N. - 'Hydrogen' [Hotline Miami Soundtrack]",,,,youtube,SNE2oCZH_4k,,"2026-10-09 11:10",,https://www.youtube.com/watch?v=SNE2oCZH_4k
WET,Mowalola,,,youtube,zYygiV-kZZA,,"2026-10-09 11:10",,https://www.youtube.com/watch?v=zYygiV-kZZA
"Mr. Oizo - Intra (Official Audio)",,,,youtube,CHhRKRZOBqQ,,"2026-10-09 11:10",,https://www.youtube.com/watch?v=CHhRKRZOBqQ
"Mr Oizo - Flat beat (Official Video with Flat Eric - 1999 - F Communications)",,,,youtube,qmsbP13xu6k,,"2026-10-09 11:10",,https://www.youtube.com/watch?v=qmsbP13xu6k
"The Cruel Angel's Thesis | Evangelion Finally",,,,youtube,-RRWvHTQjPE,,"2026-10-09 11:10",,https://www.youtube.com/watch?v=-RRWvHTQjPE
"Frosted Glacier - Swaying Ghost House [New Super Mario Bros Wii U]",,,,youtube,BVj_qYAjYJE,,"2026-10-09 11:10",,https://www.youtube.com/watch?v=BVj_qYAjYJE
"Lava Overworld - New Super Mario Bros.",,,,youtube,p85ONnZ0kiM,,"2026-10-09 11:10",,https://www.youtube.com/watch?v=p85ONnZ0kiM
"Desert - New Super Mario Bros. Wii Music",,,,youtube,_Ofwl7PJn7U,,"2026-10-09 11:10",,https://www.youtube.com/watch?v=_Ofwl7PJn7U
"NewJeans (뉴진스) 'Cool With You' Official MV (Performance ver.)",,,,youtube,kKsivrgoyDw,,"2026-10-09 11:10",,https://www.youtube.com/watch?v=kKsivrgoyDw
"FAX FACTORY / Osamu Sato",,,,youtube,ctMTWrZ5Wuo,,"2026-10-09 11:10",,https://www.youtube.com/watch?v=ctMTWrZ5Wuo
"Panic! At The Disco - ""Lying..."" ACOUSTIC (High Quality)",,,,youtube,Owk5YXluv9M,,"2026-10-09 11:10",,https://www.youtube.com/watch?v=Owk5YXluv9M
"Parallax - Introduction",,,,youtube,ncS51rULSDM,,"2026-10-09 11:11",,https://www.youtube.com/watch?v=ncS51rULSDM
"Heartbeat, Heartbreak","Shihoko Hirata",,,youtube,lKcy4hLvzgI,,"2026-10-09 11:11",,https://www.youtube.com/watch?v=lKcy4hLvzgI
"Raspy Shit",Pharrell,,,youtube,kERHoXbId0g,,"2026-10-09 11:11",,https://www.youtube.com/watch?v=kERHoXbId0g
"Song for Denise","Piano Fantasia",,,youtube,aLp8SISp4nM,,"2026-10-09 11:11",,https://www.youtube.com/watch?v=aLp8SISp4nM
"PinkPantheress - Another life (feat. Rema) [Visualiser]",,,,youtube,pmyTi8JebD4,,"2026-10-09 11:11",,https://www.youtube.com/watch?v=pmyTi8JebD4
"PinkPantheress ft. Rema - Another Life (Artisan Remix) [unofficial]",,,,youtube,Nw7pDd7TFBg,,"2026-10-09 11:11",,https://www.youtube.com/watch?v=Nw7pDd7TFBg
"P.O.D. - Youth of the Nation (Official Music Video) [HD]",,,,youtube,EDKwCvD56kw,,"2026-10-09 11:11",,https://www.youtube.com/watch?v=EDKwCvD56kw
"Probot - Shake Your Blood (Featuring Lemmy)",,,,youtube,o9j8bXMgnpk,,"2026-10-09 11:11",,https://www.youtube.com/watch?v=o9j8bXMgnpk
"Prodigy  No Good  O2 Manchester 14.12.17",,,,youtube,rZkADOukLfs,,"2026-10-09 11:11",,https://www.youtube.com/watch?v=rZkADOukLfs
"Rammstein - Radio (Official Video)",,,,youtube,z0NfI2NeDHI,,"2026-10-09 11:11",,https://www.youtube.com/watch?v=z0NfI2NeDHI
"Red Velvet 레드벨벳 'Dumb Dumb' MV",,,,youtube,XGdbaEDVWp0,,"2026-10-09 11:11",,https://www.youtube.com/watch?v=XGdbaEDVWp0
"Title - Rhythm Heaven",,,,youtube,Y34WtegEado,,"2026-10-09 11:11",,https://www.youtube.com/watch?v=Y34WtegEado
"The Tragic Story behind Rhythm Heaven Groove",,,,youtube,V_xqaog5q60,,"2026-10-09 11:11",,https://www.youtube.com/watch?v=V_xqaog5q60
"The Dazzles (Love Ooh Ooh Paradise) - Rhythm Heaven (ENG Version)",,,,youtube,4EvH4AFCFKw,,"2026-10-09 11:11",,https://www.youtube.com/watch?v=4EvH4AFCFKw
"Karate Man (Struck by the Rain) - Rhythm Heaven (ENG Version)",,,,youtube,VHKP_OE5iY8,,"2026-10-09 11:11",,https://www.youtube.com/watch?v=VHKP_OE5iY8
"Lonely Storm - Rhythm Heaven Fever",,,,youtube,k9NswXHNN9M,,"2026-10-09 11:11",,https://www.youtube.com/watch?v=k9NswXHNN9M
"The Tragic Story behind Rhythm Heaven Groove",,,,youtube,V_xqaog5q60,,"2026-10-09 11:11",,https://www.youtube.com/watch?v=V_xqaog5q60
"Title Screen - Rhythm Heaven Fever",,,,youtube,-dr-tCUAdec,,"2026-10-09 11:11",,https://www.youtube.com/watch?v=-dr-tCUAdec
"[Rhythm Heaven Fever] ~ Screwbot Factory 2 (Perfect)",,,,youtube,60-e0oK7gE0,,"2026-10-09 11:11",,https://www.youtube.com/watch?v=60-e0oK7gE0
"Fork Lifter - Rhythm Heaven Fever",,,,youtube,Alxw27a-BvQ,,"2026-10-09 11:11",,https://www.youtube.com/watch?v=Alxw27a-BvQ
"[Rhythm Heaven Fever] ~ Cheer Readers (Perfect)",,,,youtube,wpJVee7g4ls,,"2026-10-09 11:11",,https://www.youtube.com/watch?v=wpJVee7g4ls
"Screwbot Factory 2 - Rhythm Heaven Fever (Egyptian Trend Song)",,,,youtube,NVxD8565p0A,,"2026-10-09 11:11",,https://www.youtube.com/watch?v=NVxD8565p0A
"Hi-Hat (Title Screen) - Rhythm Heaven Fever",,,,youtube,jju7fpw96Tc,,"2026-10-09 11:11",,https://www.youtube.com/watch?v=jju7fpw96Tc
"[Rhythm Heaven Fever] ~ Tap Trial",,,,youtube,4f_2e36J1FY,,"2026-10-09 11:11",,https://www.youtube.com/watch?v=4f_2e36J1FY
"Rico Nasty - Hit That (Official Music Video)",,,,youtube,wlR3S3Yeb6Q,,"2026-10-09 11:11",,https://www.youtube.com/watch?v=wlR3S3Yeb6Q
"Rihana - Where Have You Been (Peter Rauhofer Reconstruction Mix)",,,,youtube,fx3AIK1EhnY,,"2026-10-09 11:11",,https://www.youtube.com/watch?v=fx3AIK1EhnY
"10 BAD BITCHES","River Moon",,,youtube,tyVSeGFR4eQ,,"2026-10-09 11:11",,https://www.youtube.com/watch?v=tyVSeGFR4eQ
"ROSALÍA - LA FAMA (Official Video) ft. The Weeknd",,,,youtube,e-CEd6xrRQc,,"2026-10-09 11:11",,https://www.youtube.com/watch?v=e-CEd6xrRQc
"RÜFÜS DU SOL ●● Innerbloom (Official Video)",,,,youtube,Tx9zMFodNtA,,"2026-10-09 11:11",,https://www.youtube.com/watch?v=Tx9zMFodNtA
"LEGO - 8-bit trip",,,,youtube,4qsWFFuYZYI,,"2026-10-09 11:11",,https://www.youtube.com/watch?v=4qsWFFuYZYI
"Mamo break up with Usagi",,,,youtube,0AgDdmE-dQA,,"2026-10-09 11:11",,https://www.youtube.com/watch?v=0AgDdmE-dQA
"SAINT PEPSI: FANTASY",,,,youtube,4My1uzehKsA,,"2026-10-09 11:11",,https://www.youtube.com/watch?v=4My1uzehKsA
"Scarface (Push It To The Limit)","Paul Engemann",,,youtube,TgHi0LxiPfg,,"2026-10-09 11:11",,https://www.youtube.com/watch?v=TgHi0LxiPfg
"Depersonalization vs Derealization",,,,youtube,_1GCjggflEU,,"2026-10-09 11:11",,https://www.youtube.com/watch?v=_1GCjggflEU
"Attraction make Amanda Holden CRY! | Britain's Got Talent",,,,youtube,ppET8N_-zos,,"2026-10-09 11:11",,https://www.youtube.com/watch?v=ppET8N_-zos
"I Am... All Of Me","Crush 40",,,youtube,NucG0kD3pkg,,"2026-10-09 11:11",,https://www.youtube.com/watch?v=NucG0kD3pkg
"My Name Is Skrillex (HQ)",,,,youtube,Mxwr20HFQsA,,"2026-10-09 11:11",,https://www.youtube.com/watch?v=Mxwr20HFQsA
"SCARY MONSTERS & NICE SPRITES (PHONAT REMIX) - SKRILLEX",,,,youtube,DPkfRjfZCkE,,"2026-10-09 11:11",,https://www.youtube.com/watch?v=DPkfRjfZCkE
"Mumbai Power (feat. Beam)",Skrillex,,,youtube,6lJjotvT4FQ,,"2026-10-09 11:11",,https://www.youtube.com/watch?v=6lJjotvT4FQ
"Vyzee x L.O.V.E [SOPHIE Mix]",,,,youtube,m7uJ-F2Yfos,,"2026-10-09 11:11",,https://www.youtube.com/watch?v=m7uJ-F2Yfos
"Smash Mouth - Then The Morning Comes",,,,youtube,cB9JJIoAdYM,,"2026-10-09 11:11",,https://www.youtube.com/watch?v=cB9JJIoAdYM
"Sonic 1 Music: Drowning",,,,youtube,9Yw5jkAHgME,,"2026-10-09 11:11",,https://www.youtube.com/watch?v=9Yw5jkAHgME
"Sky Sanctuary Zone - Sonic & Knuckles [OST]",,,,youtube,EGFkLgTX5uo,,"2026-10-09 11:11",,https://www.youtube.com/watch?v=EGFkLgTX5uo
"Vela-Nova - Sonic Rush [OST]",,,,youtube,-7WQn-SXYZ4,,"2026-10-09 11:11",,https://www.youtube.com/watch?v=-7WQn-SXYZ4
"Crisis City - Sonic the Hedgehog [OST]",,,,youtube,TKNQEol9OXM,,"2026-10-09 11:11",,https://www.youtube.com/watch?v=TKNQEol9OXM
"Richard Jacques & Hideki Naganuma - Graffiti City Medley",,,,youtube,P1SIwHIKC6c,,"2026-10-09 11:11",,https://www.youtube.com/watch?v=P1SIwHIKC6c
"SONIKKU - WKND (feat. LIZ) [Official Lyrics Visualizer]",,,,youtube,xDhgyb0qESI,,"2026-10-09 11:11",,https://www.youtube.com/watch?v=xDhgyb0qESI
"SOPHIE - Do You Wanna Be Alive? (feat. BIG SISTER)",,,,youtube,5aPo7FbH6T0,,"2026-10-09 11:11",,https://www.youtube.com/watch?v=5aPo7FbH6T0
"HOW TO FAKE FLEXIBILITY",,,,youtube,MCPJXEPNW5k,,"2026-10-09 11:11",,https://www.youtube.com/watch?v=MCPJXEPNW5k
"IsAmUxPompa  Yyy Niee",,,,youtube,wkrkNvZWMMI,,"2026-10-09 11:11",,https://www.youtube.com/watch?v=wkrkNvZWMMI
"Defeat Jingle - Splatoon OST",,,,youtube,-qJmd58lZj4,,"2026-10-09 11:11",,https://www.youtube.com/watch?v=-qJmd58lZj4
"♪ #47 Onward 🎵 Caitlin Koi Lyric Video - Splatoon 3",,,,youtube,XMsdHSliBmE,,"2026-10-09 11:11",,https://www.youtube.com/watch?v=XMsdHSliBmE
"How Inkopolis Square Changed - DLC Comparison (Splatoon 2 vs 3)",,,,youtube,JFaVPgOw1MY,,"2026-10-09 11:12",,https://www.youtube.com/watch?v=JFaVPgOw1MY
"Defeat (Jingle) - Wet Floor [Splatoon 2 OST]",,,,youtube,kpnnr4Rd7cM,,"2026-10-09 11:12",,https://www.youtube.com/watch?v=kpnnr4Rd7cM
"♪ Acid Hues ♫ Caitlin Koi Lyric Video - Splatoon 2",,,,youtube,NQuNXvwYDnM,,"2026-10-09 11:12",,https://www.youtube.com/watch?v=NQuNXvwYDnM
"Tentakeel Outpost - Turquoise October [Splatoon 2 OST]",,,,youtube,BHq7EmG-B1I,,"2026-10-09 11:12",,https://www.youtube.com/watch?v=BHq7EmG-B1I
"Turquoise October - Octo Canyon (Suction-Cup Lookout) [STRM_World] - Splatune 2 Beta Tracks",,,,youtube,zVPbuk-Wtfc,,"2026-10-09 11:12",,https://www.youtube.com/watch?v=zVPbuk-Wtfc
"Splatoon 2 OST: Hero Mode: (Sector 3) Beaker's Depot [Turquoise October]",,,,youtube,ODDUDy5ciSw,,"2026-10-09 11:12",,https://www.youtube.com/watch?v=ODDUDy5ciSw
"Slimeskin Garrison - Turquoise October [Splatoon 2 OST]",,,,youtube,rmKw-12gU7k,,"2026-10-09 11:12",,https://www.youtube.com/watch?v=rmKw-12gU7k
"SPLATOON 2 - All Cephalon HQ Kettle Locations (World 5)",,,,youtube,YGTwiFRTJYg,,"2026-10-09 11:12",,https://www.youtube.com/watch?v=YGTwiFRTJYg
"Anarchy Poisons (Bird Mix) Shiver - Splatoon 3 OST",,,,youtube,0QXWksyGD84,,"2026-10-09 11:12",,https://www.youtube.com/watch?v=0QXWksyGD84
"Anarchy Poisons (Snake Mix) Frye - Splatoon 3 OST",,,,youtube,iIVPHyOQLcY,,"2026-10-09 11:12",,https://www.youtube.com/watch?v=iIVPHyOQLcY
"♪ Anarchy Poisons (Boar Mix) Big Man's Solo ♫ Caitlin Koi Lyric Video ft. @lazymonowo - Splatoon 3",,,,youtube,h3J8oLn7Ars,,"2026-10-09 11:12",,https://www.youtube.com/watch?v=h3J8oLn7Ars
"Deep Cut: Anarchy Rainbow - Splatoon 3 - Nintendo Switch",,,,youtube,DtMOAvOWTvY,,"2026-10-09 11:12",,https://www.youtube.com/watch?v=DtMOAvOWTvY
"Hyper Diver - Anxiety Society",,,,youtube,t94rJOGeRZs,,"2026-10-09 11:12",,https://www.youtube.com/watch?v=t94rJOGeRZs
"🌈 Anarchy Rainbow ♫ Caitlin Koi Lyric Video - Splatoon 3",,,,youtube,B0aW3g2j9oQ,,"2026-10-09 11:12",,https://www.youtube.com/watch?v=B0aW3g2j9oQ
"Splattack! (Octo) - [Dedf1sh]",,,,youtube,dho8hDc3EP0,,"2026-10-09 11:12",,https://www.youtube.com/watch?v=dho8hDc3EP0
"Splatoon 3: Side Order explained (in 3 minutes)",,,,youtube,nk6yoHS5FeA,,"2026-10-09 11:12",,https://www.youtube.com/watch?v=nk6yoHS5FeA
"How To Get EVERYTHING in Side Order - Splatoon 3",,,,youtube,9i1BjYJ4apc,,"2026-10-09 11:12",,https://www.youtube.com/watch?v=9i1BjYJ4apc
"Jitter2 - Free Association",,,,youtube,m0mVrJN5eQE,,"2026-10-09 11:12",,https://www.youtube.com/watch?v=m0mVrJN5eQE
"Routin3s - Free Association",,,,youtube,1dSGrv_vxOk,,"2026-10-09 11:12",,https://www.youtube.com/watch?v=1dSGrv_vxOk
"【サイドオーダー】ゴロゴロマルチャーレ戦「C0ld St0rage」【スプラトゥーン3 DLC】【BGM・プレイ動画】",,,,youtube,85e7SBD3E8c,,"2026-10-09 11:12",,https://www.youtube.com/watch?v=85e7SBD3E8c
"Super Mario Bros. 2 - Wart (No Damage)",,,,youtube,O1s6O1dxRU4,,"2026-10-09 11:12",,https://www.youtube.com/watch?v=O1s6O1dxRU4
"Super Mario Bros. 3 - Underworld Theme",,,,youtube,TmnZgBpYG_4,,"2026-10-09 11:12",,https://www.youtube.com/watch?v=TmnZgBpYG_4
"Super Mario Bros. 3 - Fortress Theme",,,,youtube,wEc6-RUYVoE,,"2026-10-09 11:12",,https://www.youtube.com/watch?v=wEc6-RUYVoE
"Super Mario Bros 3 - All Warp Whistle Locations",,,,youtube,VW33V2BhnCA,,"2026-10-09 11:12",,https://www.youtube.com/watch?v=VW33V2BhnCA
"Super Mario Bros. 3 - World Map 7: Pipe Maze Theme",,,,youtube,PhYMtJrfTLY,,"2026-10-09 11:12",,https://www.youtube.com/watch?v=PhYMtJrfTLY
"Shadow Mario",,,,youtube,yomM_RIBM8s,,"2026-10-09 11:12",,https://www.youtube.com/watch?v=yomM_RIBM8s
Underground,,,,youtube,ybhl4uV0Hq4,,"2026-10-09 11:12",,https://www.youtube.com/watch?v=ybhl4uV0Hq4
"Il Piantissimo",,,,youtube,RCfxQ1g6jFc,,"2026-10-09 11:12",,https://www.youtube.com/watch?v=RCfxQ1g6jFc
"Super Mario Sunshine - Kidnap Peach Yourself!",,,,youtube,b8VbfSWec-M,,"2026-10-09 11:12",,https://www.youtube.com/watch?v=b8VbfSWec-M
"Baby Bowser Thinks Princess Peach is His Mom - Super Mario Sunshine",,,,youtube,vxWpyjtHLRw,,"2026-10-09 11:12",,https://www.youtube.com/watch?v=vxWpyjtHLRw
"FOOLISH (Feat. DUVV)",swimrabbit,,,youtube,58XmeHWjCLI,,"2026-10-09 11:12",,https://www.youtube.com/watch?v=58XmeHWjCLI
"Татьяна Овсиенко - По льду (Official Video, 2001) @MELOMAN-HIT",,,,youtube,7wscMyWZq-I,,"2026-10-09 11:12",,https://www.youtube.com/watch?v=7wscMyWZq-I
"""Chocolate Rain"" Original Song by Tay Zonday",,,,youtube,EwTZ2xpQwpA,,"2026-10-09 11:12",,https://www.youtube.com/watch?v=EwTZ2xpQwpA
"Nasty (Match My Heat Remix)",Tinashe,,,youtube,w5mYkHvIjPs,,"2026-10-09 11:12",,https://www.youtube.com/watch?v=w5mYkHvIjPs
"Nasty (Match My Speed Remix)",Tinashe,,,youtube,X0dfn3sv9Qo,,"2026-10-09 11:12",,https://www.youtube.com/watch?v=X0dfn3sv9Qo
"Tohji - GOKU VIBES  ~ GOKU VIBES (Remix) feat. Elle Teresa",,,,youtube,u7La1XWubp8,,"2026-10-09 11:12",,https://www.youtube.com/watch?v=u7La1XWubp8
BATUCADA,"TOWA TEI",,,youtube,i1T-xGNiZOM,,"2026-10-09 11:12",,https://www.youtube.com/watch?v=i1T-xGNiZOM
"""LUV CONNECTION"" TOWA TEI WITH JOI CARDWELL & VIVIEN SESSOMS",,,,youtube,Zgd5URkP5YE,,"2026-10-09 11:12",,https://www.youtube.com/watch?v=Zgd5URkP5YE
"""LUV PANDEMIC"" TOWA TEI",,,,youtube,elc8bll7CHk,,"2026-10-09 11:12",,https://www.youtube.com/watch?v=elc8bll7CHk
"Travis Scott - SKELETONS (Audio)",,,,youtube,tAyYYKcySXA,,"2026-10-09 11:12",,https://www.youtube.com/watch?v=tAyYYKcySXA
"Travis Scott - My Eyes (Part 2)",,,,youtube,v1mGtc-e-yQ,,"2026-10-09 11:12",,https://www.youtube.com/watch?v=v1mGtc-e-yQ
"Travis Scott - SKITZO (Official Audio) ft. Young Thug",,,,youtube,Zk-4WvSPpac,,"2026-10-09 11:12",,https://www.youtube.com/watch?v=Zk-4WvSPpac
"Travis Scott - SKITZO (Official Audio) ft. Young Thug",,,,youtube,Zk-4WvSPpac,,"2026-10-09 11:12",,https://www.youtube.com/watch?v=Zk-4WvSPpac
"Troye Sivan - Rush (Big Freedia Remix / Official Audio)",,,,youtube,qP-3zHOMvJs,,"2026-10-09 11:12",,https://www.youtube.com/watch?v=qP-3zHOMvJs
"Troye Sivan - Rush (Big Freedia Remix / Dub Mix / Official Audio)",,,,youtube,8RnlHUwIRTI,,"2026-10-09 11:12",,https://www.youtube.com/watch?v=8RnlHUwIRTI
"Troye Sivan - Rush (feat. PinkPantheress & Hyunjin of Stray Kids / Official Audio)",,,,youtube,wu0Uftnkssw,,"2026-10-09 11:12",,https://www.youtube.com/watch?v=wu0Uftnkssw
"TWICE ""FANCY"" M/V",,,,youtube,kOHB85vDuow,,"2026-10-09 11:12",,https://www.youtube.com/watch?v=kOHB85vDuow
"Tyler, The Creator - LEMONHEAD (Official Video)",,,,youtube,a5JCltuobqQ,,"2026-10-09 11:12",,https://www.youtube.com/watch?v=a5JCltuobqQ
"Uffie - Pop The Glock (Ellen Allien Bang The Glock Remix)",,,,youtube,RmIFRz0hYIk,,"2026-10-09 11:12",,https://www.youtube.com/watch?v=RmIFRz0hYIk
"Nyeh Heh Heh!","Toby Fox",,,youtube,-W6_6WHBm1Q,,"2026-10-09 11:12",,https://www.youtube.com/watch?v=-W6_6WHBm1Q
"U.S.U.R.A. - Tear It Up !",,,,youtube,LwbrSstr9Lw,,"2026-10-09 11:12",,https://www.youtube.com/watch?v=LwbrSstr9Lw
"Title - Vib-Ribbon (Original Soundtrack)",,,,youtube,K6tmA6oTA9I,,"2026-10-09 11:12",,https://www.youtube.com/watch?v=K6tmA6oTA9I
"Walter Murphy - A Fifth of Beethoven",,,,youtube,0ouMaLRth-s,,"2026-10-09 11:12",,https://www.youtube.com/watch?v=0ouMaLRth-s
"The Weeknd - São Paulo (Official Music Video)",,,,youtube,2kjolTLZ_Mg,,"2026-10-09 11:12",,https://www.youtube.com/watch?v=2kjolTLZ_Mg
"CDR File Whatsapp Save Problem | CDR File Automatic Save in ZIP File Problem Solution | GraphicVista",,,,youtube,VwPV2WyU2DU,,"2026-10-09 11:12",,https://www.youtube.com/watch?v=VwPV2WyU2DU
"cigs up",whoTF,,,youtube,ieW9UTDt3nU,,"2026-10-09 11:12",,https://www.youtube.com/watch?v=ieW9UTDt3nU
"Ayo - Who",,,,youtube,EPMrXkyZTfk,,"2026-10-09 11:13",,https://www.youtube.com/watch?v=EPMrXkyZTfk
"[TAS] Wii Play Shooting Range",,,,youtube,R3IJ0thvdHk,,"2026-10-09 11:13",,https://www.youtube.com/watch?v=R3IJ0thvdHk
"Wii Play - Two-Player Find Mii",,,,youtube,LMZFX3AKhro,,"2026-10-09 11:13",,https://www.youtube.com/watch?v=LMZFX3AKhro
"Wii Play OST - Pose Mii - Finish Round",,,,youtube,Kacdfa_lQes,,"2026-10-09 11:13",,https://www.youtube.com/watch?v=Kacdfa_lQes
"Laser Hockey (30 Seconds Left) - Wii Play",,,,youtube,FYcQSLhsHxE,,"2026-10-09 11:13",,https://www.youtube.com/watch?v=FYcQSLhsHxE
"Wii Play - Two-Player Laser Hockey",,,,youtube,jjrLeE9Ip7Q,,"2026-10-09 11:13",,https://www.youtube.com/watch?v=jjrLeE9Ip7Q
"Cordae - Locationships [Official Music Video]",,,,youtube,j9ldzDkCXZY,,"2026-10-09 11:13",,https://www.youtube.com/watch?v=j9ldzDkCXZY
"Cordae - Have Mercy (Official Music Video)",,,,youtube,7lzE0kQnVIk,,"2026-10-09 11:13",,https://www.youtube.com/watch?v=7lzE0kQnVIk
"Cordae - Broke As F**k [Official Music Video]",,,,youtube,5_NPnrDGFps,,"2026-10-09 11:13",,https://www.youtube.com/watch?v=5_NPnrDGFps
"Yoshi's Island OST - Castle & Fortress",,,,youtube,34uh4AMthsU,,"2026-10-09 11:13",,https://www.youtube.com/watch?v=34uh4AMthsU
"Yung Skrrt - McDonalds // Music Video",,,,youtube,HgkU6I6oDQU,,"2026-10-09 11:13",,https://www.youtube.com/watch?v=HgkU6I6oDQU
"100 gecs - stupid horse (FAN ANIMATION)",,,,youtube,WZvfTyS1qb8,,"2026-10-09 11:13",,https://www.youtube.com/watch?v=WZvfTyS1qb8
"Aaron Carter - I Want Candy (Official Video)",,,,youtube,zaL9VrQOP0E,,"2026-10-09 11:13",,https://www.youtube.com/watch?v=zaL9VrQOP0E
"The Amazing Digital Circus - Main Theme",,,,youtube,H-AT42lYGBg,,"2026-10-09 11:13",,https://www.youtube.com/watch?v=H-AT42lYGBg
"The Andy Griffith Show *** The Opening Theme Song",,,,youtube,TvSXdO7SDCE,,"2026-10-09 11:13",,https://www.youtube.com/watch?v=TvSXdO7SDCE
"Winters Love","Animal Collective",,,youtube,T2ShTIcETEs,,"2026-10-09 11:13",,https://www.youtube.com/watch?v=T2ShTIcETEs
"Basement Jaxx - Where's Your Head At (Official Video)",,,,youtube,5rAOyh7YmEc,,"2026-10-09 11:13",,https://www.youtube.com/watch?v=5rAOyh7YmEc
"Bella Poarch - Build a B*tch (Official Music Video)",,,,youtube,FLGCGc7sAUw,,"2026-10-09 11:13",,https://www.youtube.com/watch?v=FLGCGc7sAUw
"björk : ovule",,,,youtube,cPr_D-b5v2Q,,"2026-10-09 11:13",,https://www.youtube.com/watch?v=cPr_D-b5v2Q
"U Was At The Club (Bottoms Up) - OFFICIAL VIDEO",,,,youtube,j2im_XnThMk,,"2026-10-09 11:13",,https://www.youtube.com/watch?v=j2im_XnThMk
"37th - BROCKHAMPTON",,,,youtube,PHsqIChmlao,,"2026-10-09 11:13",,https://www.youtube.com/watch?v=PHsqIChmlao
"ALWAYS SOMETHING - BROCKHAMPTON",,,,youtube,DA61JlQ6ON4,,"2026-10-09 11:13",,https://www.youtube.com/watch?v=DA61JlQ6ON4
"BTS (방탄소년단) '봄날 (Spring Day)' Official MV",,,,youtube,xEeFrLSkMm8,,"2026-10-09 11:13",,https://www.youtube.com/watch?v=xEeFrLSkMm8
"Bunny Hill (Race 3) - Bunny Hill OST",,,,youtube,yZO70OjMmVM,,"2026-10-09 11:13",,https://www.youtube.com/watch?v=yZO70OjMmVM
"Caillou Theme Song",,,,youtube,6iKuda2LL8c,,"2026-10-09 11:13",,https://www.youtube.com/watch?v=6iKuda2LL8c
"No Angel","Charli XCX",,,youtube,-Jtpm0uWG38,,"2026-10-09 11:13",,https://www.youtube.com/watch?v=-Jtpm0uWG38
"bROOM bROOM (99jakes & dontloveme's KIRBYS INHALE IN ME MOMS CAR remix)",,,,youtube,YU5DqgHsQAA,,"2026-10-09 11:13",,https://www.youtube.com/watch?v=YU5DqgHsQAA
"The Worst Guys (Feat. Chance The Rapper) - Childish Gambino",,,,youtube,dwUug-ucBLc,,"2026-10-09 11:13",,https://www.youtube.com/watch?v=dwUug-ucBLc
"CUTTHROAT (Piotr MacieJeski/Drivealone) - Sustain/Decay",,,,youtube,vnKvlTbHTl8,,"2026-10-09 11:13",,https://www.youtube.com/watch?v=vnKvlTbHTl8
"David Bowie- The Speed of Life",,,,youtube,Hkyp6HCqrs4,,"2026-10-09 11:13",,https://www.youtube.com/watch?v=Hkyp6HCqrs4
"Disney Eurobeat 3 - Disney Mambo Nº5 (The Little Bit...)",,,,youtube,NXAeVLXXIF4,,"2026-10-09 11:13",,https://www.youtube.com/watch?v=NXAeVLXXIF4
"DJ Sammy - Heaven",,,,youtube,ZwY4YPxTufs,,"2026-10-09 11:13",,https://www.youtube.com/watch?v=ZwY4YPxTufs
"Donatachi - fade away feat. BESTIES",,,,youtube,DqM5HBC4qhM,,"2026-10-09 11:13",,https://www.youtube.com/watch?v=DqM5HBC4qhM
"Duke Ellington, ""Take the A Train""",,,,youtube,cb2w2m1JmCY,,"2026-10-09 11:13",,https://www.youtube.com/watch?v=cb2w2m1JmCY
"Elmo's World Opening Theme Song [HQ]",,,,youtube,Qw6RD5S3e8o,,"2026-10-09 11:13",,https://www.youtube.com/watch?v=Qw6RD5S3e8o
"Migos ft. Young Thug - YRN (EZRA Remix) Lyrics | the vivi trend oh",,,,youtube,PVePPxUZivk,,"2026-10-09 11:13",,https://www.youtube.com/watch?v=PVePPxUZivk
"Fatboy Slim - We Want To See These Fingers",,,,youtube,9QmLuBUnErk,,"2026-10-09 11:13",,https://www.youtube.com/watch?v=9QmLuBUnErk
Nocturne,Disasterpeace,,,youtube,8G2oR7QQpUU,,"2026-10-09 11:13",,https://www.youtube.com/watch?v=8G2oR7QQpUU
"everybody's eyes","food house",,,youtube,-a9Vqs-9S4U,,"2026-10-09 11:13",,https://www.youtube.com/watch?v=-a9Vqs-9S4U
"Frank Ocean - Nights",,,,youtube,r4l9bFqgMaQ,,"2026-10-09 11:13",,https://www.youtube.com/watch?v=r4l9bFqgMaQ
"Bopeebo - Friday Night Funkin' OST",,,,youtube,V60N12UFNN4,,"2026-10-09 11:13",,https://www.youtube.com/watch?v=V60N12UFNN4
"Game Over - Friday Night Funkin' OST",,,,youtube,OsSDYf5yMOE,,"2026-10-09 11:13",,https://www.youtube.com/watch?v=OsSDYf5yMOE
"Cocoa - Friday Night Funkin' OST",,,,youtube,DWdMu4X4jQ0,,"2026-10-09 11:13",,https://www.youtube.com/watch?v=DWdMu4X4jQ0
"Eggnog - Friday Night Funkin' OST",,,,youtube,jQ4QBD-Cu5I,,"2026-10-09 11:13",,https://www.youtube.com/watch?v=jQ4QBD-Cu5I
"Game Over (Chiptune Version) - Friday Night Funkin' OST",,,,youtube,jgAwS4--HmA,,"2026-10-09 11:13",,https://www.youtube.com/watch?v=jgAwS4--HmA
"FRI3NDZONE - STREETVIEW W/ MBRR [Official Music Video]",,,,youtube,K5eBmYYDT4A,,"2026-10-09 11:13",,https://www.youtube.com/watch?v=K5eBmYYDT4A
"Gorillaz - Empire Ants ft. Little Dragon (Official Video)",,,,youtube,C-yP9f0gadU,,"2026-10-09 11:13",,https://www.youtube.com/watch?v=C-yP9f0gadU
"La La La I Love You - Gummibär - The Gummy Bear",,,,youtube,LVDwipU1l8c,,"2026-10-09 11:13",,https://www.youtube.com/watch?v=LVDwipU1l8c
"La La La I Love You - Gummibär - The Gummy Bear",,,,youtube,LVDwipU1l8c,,"2026-10-09 11:13",,https://www.youtube.com/watch?v=LVDwipU1l8c
"A fan stopped me in public",,,,youtube,qUBDA7etHXY,,"2026-10-09 11:13",,https://www.youtube.com/watch?v=qUBDA7etHXY
"Utada Hikaru - 誰にも言わない (Darenimo iwanai) (I won't tell anybody) (English subs + Lyrics)",,,,youtube,AEwXeQSz09Q,,"2026-10-09 11:13",,https://www.youtube.com/watch?v=AEwXeQSz09Q
"Santigold - Who Be Lovin' Me (feat. ILOVEMAKONNEN) (Official Music Video)",,,,youtube,i0PD1nVz0kA,,"2026-10-09 11:13",,https://www.youtube.com/watch?v=i0PD1nVz0kA
"Moley's Melancholy",,,,youtube,rqML0Ad_lxc,,"2026-10-09 11:13",,https://www.youtube.com/watch?v=rqML0Ad_lxc
"Flintstones - Jacob Collier",,,,youtube,zua831utwMM,,"2026-10-09 11:13",,https://www.youtube.com/watch?v=zua831utwMM
"Janelle Monáe - PYNK [Official Music Video]",,,,youtube,PaYvlVR_BEc,,"2026-10-09 11:14",,https://www.youtube.com/watch?v=PaYvlVR_BEc
"Sungazer - Want to Want Me (Jason Derulo ""djazz"" remix)",,,,youtube,vpaVOJPtgyA,,"2026-10-09 11:14",,https://www.youtube.com/watch?v=vpaVOJPtgyA
"SexyBack (Linus Loves Remix)","Justin Timberlake",,,youtube,wfWbSpRZc74,,"2026-10-09 11:14",,https://www.youtube.com/watch?v=wfWbSpRZc74
"Fugue 7777",,,,youtube,XOsdLrYg66I,,"2026-10-09 11:14",,https://www.youtube.com/watch?v=XOsdLrYg66I
"LONELY ROLLING STAR","Saki Kabata",,,youtube,pI5-LvbE4AE,,"2026-10-09 11:14",,https://www.youtube.com/watch?v=pI5-LvbE4AE
"You Are Smart","Katamari Damacy Series SOUND TEAM",,,youtube,Me-opLaRJ5w,,"2026-10-09 11:14",,https://www.youtube.com/watch?v=Me-opLaRJ5w
"Katamari Fortissimo Damacy - 20 - Katamari of Love ~ Ending Theme",,,,youtube,yL-KTt4kD7E,,"2026-10-09 11:14",,https://www.youtube.com/watch?v=yL-KTt4kD7E
"TAMAGOTCHIS (WILLIAM CROOKS Remix)",Katt,,,youtube,30_XtD2Y73s,,"2026-10-09 11:14",,https://www.youtube.com/watch?v=30_XtD2Y73s
"Dancing in the Moonlight (Original Recording) - King Harvest",,,,youtube,g5JqPxmYhlo,,"2026-10-09 11:14",,https://www.youtube.com/watch?v=g5JqPxmYhlo
"KnickKnack - Bobby McFerrin",,,,youtube,eZ9HZOwJOdI,,"2026-10-09 11:14",,https://www.youtube.com/watch?v=eZ9HZOwJOdI
"Life Sim - IDL",,,,youtube,SySgCOwaeLk,,"2026-10-09 11:14",,https://www.youtube.com/watch?v=SySgCOwaeLk
"Here I Go (ft. Charli xcx) - Uncensored Version",,,,youtube,kHwpS0LakeU,,"2026-10-09 11:14",,https://www.youtube.com/watch?v=kHwpS0LakeU
"[MV] 이달의 소녀 (LOONA) ""Butterfly""",,,,youtube,XEOCbFJjRw0,,"2026-10-09 11:14",,https://www.youtube.com/watch?v=XEOCbFJjRw0
"Madeon - Innocence (Audio) ft. Aquilo",,,,youtube,lz10F2Rtqv8,,"2026-10-09 11:14",,https://www.youtube.com/watch?v=lz10F2Rtqv8
"TELL ME WHY",M.I.A.,,,youtube,OuYTuxECq5c,,"2026-10-09 11:14",,https://www.youtube.com/watch?v=OuYTuxECq5c
SPACE,M.I.A.,,,youtube,9S4PUGeYr3A,,"2026-10-09 11:14",,https://www.youtube.com/watch?v=9S4PUGeYr3A
"Randy Newman - Monsters, Inc. (From ""Monsters, Inc."")",,,,youtube,ayMPmc0_2r8,,"2026-10-09 11:14",,https://www.youtube.com/watch?v=ayMPmc0_2r8
"""MythBusters"" Theme Song (2003-2011) - Ringtone Edition",,,,youtube,q0eTXZgTBUk,,"2026-10-09 11:14",,https://www.youtube.com/watch?v=q0eTXZgTBUk
"NewJeans (뉴진스) 'Super Shy' Official MV",,,,youtube,ArmDp-zijuc,,"2026-10-09 11:14",,https://www.youtube.com/watch?v=ArmDp-zijuc
"NewJeans (뉴진스) 'ASAP' Official MV",,,,youtube,dJdqn5v4Dkw,,"2026-10-09 11:14",,https://www.youtube.com/watch?v=dJdqn5v4Dkw
"Every day is a Mario Day on Nintendo Switch!",,,,youtube,akJ0OMcgrzI,,"2026-10-09 11:14",,https://www.youtube.com/watch?v=akJ0OMcgrzI
"Northeast Party House - L.A (Visualiser)",,,,youtube,B44g4XjvHJQ,,"2026-10-09 11:14",,https://www.youtube.com/watch?v=B44g4XjvHJQ
"N.W.A. - Express Yourself (Official Music Video)",,,,youtube,u31FO_4d9TY,,"2026-10-09 11:14",,https://www.youtube.com/watch?v=u31FO_4d9TY
"Chrome Country","Daniel Lopatin",,,youtube,1737WkBPs5o,,"2026-10-09 11:14",,https://www.youtube.com/watch?v=1737WkBPs5o
"Paramore: That's What You Get [OFFICIAL VIDEO]",,,,youtube,1kz6hNDlEEg,,"2026-10-09 11:14",,https://www.youtube.com/watch?v=1kz6hNDlEEg
"Paramore: Hard Times [OFFICIAL VIDEO]",,,,youtube,AEB6ibtdPZc,,"2026-10-09 11:14",,https://www.youtube.com/watch?v=AEB6ibtdPZc
"[Official Music Video] Perfume「ポリリズム」",,,,youtube,KbiSxunJatM,,"2026-10-09 11:14",,https://www.youtube.com/watch?v=KbiSxunJatM
Congratulations,,,,youtube,PHgc8Q6qTjc,,"2026-10-09 11:14",,https://www.youtube.com/watch?v=PHgc8Q6qTjc
"PinkPantheress - Bury me (feat. Kelela) [Visualiser]",,,,youtube,PuxPJTBOVp8,,"2026-10-09 11:14",,https://www.youtube.com/watch?v=PuxPJTBOVp8
"Phantogram ""Don't Move"" [Official Video]",,,,youtube,Ur17pfjIRVo,,"2026-10-09 11:14",,https://www.youtube.com/watch?v=Ur17pfjIRVo
"Pokémon Capture Fanfare - Pokémon Red & Blue",,,,youtube,_jDKA0YsZtE,,"2026-10-09 11:14",,https://www.youtube.com/watch?v=_jDKA0YsZtE
"Primal Scream - Loaded (Andy Weatherall Mix - Official Audio)",,,,youtube,Ha1H-UQhVW0,,"2026-10-09 11:14",,https://www.youtube.com/watch?v=Ha1H-UQhVW0
"Red Velvet 레드벨벳 '러시안 룰렛 (Russian Roulette)' MV",,,,youtube,QslJYDX3o8s,,"2026-10-09 11:14",,https://www.youtube.com/watch?v=QslJYDX3o8s
"Red Velvet 레드벨벳 'Psycho' MV",,,,youtube,uR8Mrt1IpXg,,"2026-10-09 11:14",,https://www.youtube.com/watch?v=uR8Mrt1IpXg
"[Rhythm Heaven] - Glee Club (Perfect) (English)",,,,youtube,vYRx9QKhhhg,,"2026-10-09 11:14",,https://www.youtube.com/watch?v=vYRx9QKhhhg
"[Rhythm Heaven] - Glee Club 2 (Perfect) (English)",,,,youtube,EVh7D95cZ08,,"2026-10-09 11:14",,https://www.youtube.com/watch?v=EVh7D95cZ08
"Rhythm Heaven: Fan Club (Thrilling Is This Love? ドキッ ! こういうのが恋なの?)",,,,youtube,qwlx4bH73EQ,,"2026-10-09 11:14",,https://www.youtube.com/watch?v=qwlx4bH73EQ
"Rhythm Heaven: Fan Club (Thrilling Is This Love? ドキッ ! こういうのが恋なの?)",,,,youtube,qwlx4bH73EQ,,"2026-10-09 11:14",,https://www.youtube.com/watch?v=qwlx4bH73EQ
"[Rhythm Heaven] - Big Rock Finish (Perfect) (English)",,,,youtube,g5uHzCJflgs,,"2026-10-09 11:14",,https://www.youtube.com/watch?v=g5uHzCJflgs
"The Dazzles (Love Ooh Ooh Paradise) - Rhythm Heaven (ENG Version)",,,,youtube,4EvH4AFCFKw,,"2026-10-09 11:14",,https://www.youtube.com/watch?v=4EvH4AFCFKw
"Tunnel - Rhythm Heaven",,,,youtube,oKpbI5EW3TY,,"2026-10-09 11:14",,https://www.youtube.com/watch?v=oKpbI5EW3TY
"Prologue (Double Date) - Rhythm Heaven Fever",,,,youtube,yyOyfSb0dcY,,"2026-10-09 11:14",,https://www.youtube.com/watch?v=yyOyfSb0dcY
"[Rhythm Heaven Fever] ~ Air Rally (Perfect)",,,,youtube,pMPf9jvLSdM,,"2026-10-09 11:14",,https://www.youtube.com/watch?v=pMPf9jvLSdM
"Flipper-Flop - Rhythm Heaven Fever",,,,youtube,bBdTOh0zWac,,"2026-10-09 11:14",,https://www.youtube.com/watch?v=bBdTOh0zWac
"[Rhythm Heaven Fever] ~ Double Date (Perfect)",,,,youtube,bFATbuOsar0,,"2026-10-09 11:14",,https://www.youtube.com/watch?v=bFATbuOsar0
"Lonely Storm - Rhythm Heaven Fever",,,,youtube,k9NswXHNN9M,,"2026-10-09 11:14",,https://www.youtube.com/watch?v=k9NswXHNN9M
"Rhythm Heaven Fever - I Love You, My One and Only [ENG] [LYRICS]",,,,youtube,R3Kt9-P2lOg,,"2026-10-09 11:14",,https://www.youtube.com/watch?v=R3Kt9-P2lOg
"Beat the Beat Rhythm Paradise - Ringside (Japanese)",,,,youtube,8c9ZqwyN5vU,,"2026-10-09 11:14",,https://www.youtube.com/watch?v=8c9ZqwyN5vU
"Rico Nasty - Popstar [Official Music Video]",,,,youtube,lAqyz1oGKu4,,"2026-10-09 11:14",,https://www.youtube.com/watch?v=lAqyz1oGKu4
"salute - 'luv stuck (with piri)' (Official Visualiser)",,,,youtube,LvpQ2SBG-ug,,"2026-10-09 11:14",,https://www.youtube.com/watch?v=LvpQ2SBG-ug
"Schnuffel Bunny - Snuggle Song",,,,youtube,ps9e1vqOKtM,,"2026-10-09 11:14",,https://www.youtube.com/watch?v=ps9e1vqOKtM
"DRAM - Exposure (Official Music Video)",,,,youtube,6KptcBY7HKw,,"2026-10-09 11:14",,https://www.youtube.com/watch?v=6KptcBY7HKw
"Sigma - Nobody To Love",,,,youtube,Y6L64M6TvtQ,,"2026-10-09 11:14",,https://www.youtube.com/watch?v=Y6L64M6TvtQ
"Simple Plan - Perfect (Official Video) [HD]",,,,youtube,RUi54JTgL5s,,"2026-10-09 11:14",,https://www.youtube.com/watch?v=RUi54JTgL5s
"Skype - Skype Ringtone [HQ SOUND]",,,,youtube,tsUyjzRIU9w,,"2026-10-09 11:15",,https://www.youtube.com/watch?v=tsUyjzRIU9w
"Get Out (2017) - No, No, No Scene (3/10) | Movieclips",,,,youtube,y1OhC9h3flY,,"2026-10-09 11:15",,https://www.youtube.com/watch?v=y1OhC9h3flY
"Radiant Emerald : Diamond In The Sky",SEGA,,,youtube,J81_NbpiZb4,,"2026-10-09 11:15",,https://www.youtube.com/watch?v=J81_NbpiZb4
"Decksterity - Yule Tide (Unofficial Lyrics) - Splatoon 3: Frosty Fest",,,,youtube,Wb-hF6mf3Hw,,"2026-10-09 11:15",,https://www.youtube.com/watch?v=Wb-hF6mf3Hw
"Iron Mic - Sugar Ray",,,,youtube,FkE1ZmvjP_E,,"2026-10-09 11:15",,https://www.youtube.com/watch?v=FkE1ZmvjP_E
"Flowers (C & J Mix)","Sweet Female Attitude",,,youtube,HwkSJ8GL7ww,,"2026-10-09 11:15",,https://www.youtube.com/watch?v=HwkSJ8GL7ww
"Sweet Female Attitude - Flowers (Official Video)",,,,youtube,iR2tIyj8_y8,,"2026-10-09 11:15",,https://www.youtube.com/watch?v=iR2tIyj8_y8
"Obertura 1812. P.I. Tchaikovski. Voces para la Paz",,,,youtube,fU6v1H2y6Hs,,"2026-10-09 11:15",,https://www.youtube.com/watch?v=fU6v1H2y6Hs
"Timbaland - Apologize ft. OneRepublic",,,,youtube,ZSM3w1v-A_Y,,"2026-10-09 11:15",,https://www.youtube.com/watch?v=ZSM3w1v-A_Y
"Randy Newman - You've Got a Friend in Me (From ""Toy Story"")",,,,youtube,1MPZRcyTrcU,,"2026-10-09 11:15",,https://www.youtube.com/watch?v=1MPZRcyTrcU
"TWS (투어스) '마음 따라 뛰는 건 멋지지 않아?' Official MV",,,,youtube,Csaj3X6PKxY,,"2026-10-09 11:15",,https://www.youtube.com/watch?v=Csaj3X6PKxY
"SWEET / I THOUGHT YOU WANTED TO DANCE (Audio)",,,,youtube,ZKjIHQxG_3Q,,"2026-10-09 11:15",,https://www.youtube.com/watch?v=ZKjIHQxG_3Q
"underscores 'Cops and robbers' Official Video",,,,youtube,u6BajlmkcQc,,"2026-10-09 11:15",,https://www.youtube.com/watch?v=u6BajlmkcQc
"Universal Centennial Logo",,,,youtube,bNJW113tbKk,,"2026-10-09 11:15",,https://www.youtube.com/watch?v=bNJW113tbKk
"Bath Song KARAOKE! @CoComelon for Kids | Sing Along With Me! | Moonbug Kids Songs",,,,youtube,k8EPzXBfNh8,,"2026-10-09 11:15",,https://www.youtube.com/watch?v=k8EPzXBfNh8
"Tanks! (All Variations) - Wii Play",,,,youtube,F8X72xFkqws,,"2026-10-09 11:15",,https://www.youtube.com/watch?v=F8X72xFkqws
"Microsoft Windows XP Startup Sound",,,,youtube,7nQ2oiVqKHw,,"2026-10-09 11:15",,https://www.youtube.com/watch?v=7nQ2oiVqKHw
"Young Money - Bed Rock (Official Music Video)",,,,youtube,Ha80ZaecGkQ,,"2026-10-09 11:15",,https://www.youtube.com/watch?v=Ha80ZaecGkQ
"50 cent   Beyonce   In da club   YouTube",,,,youtube,bbpV1noU-mA,,"2026-10-09 11:15",,https://www.youtube.com/watch?v=bbpV1noU-mA
"6IX9INE- YAYA (Official Music Video)",,,,youtube,yxgJclR4dUU,,"2026-10-09 11:15",,https://www.youtube.com/watch?v=yxgJclR4dUU
"Alan Walker – The Spectre [Extended Intro Remix #10474]",,,,youtube,rGmzKaA0CWo,,"2026-10-09 11:15",,https://www.youtube.com/watch?v=rGmzKaA0CWo
"Aphex Twin - Schottkey 7th Path",,,,youtube,3hCDHH9jHZk,,"2026-10-09 11:15",,https://www.youtube.com/watch?v=3hCDHH9jHZk
"Carn Marth","Aphex Twin",,,youtube,g2n9qird57g,,"2026-10-09 11:15",,https://www.youtube.com/watch?v=g2n9qird57g
"????? B",Arca,,,youtube,eXz51PKRRi8,,"2026-10-09 11:15",,https://www.youtube.com/watch?v=eXz51PKRRi8
"Ashnikko - Deal With It (feat. Kelis) [Official Music Video]",,,,youtube,DXGelmwqfm4,,"2026-10-09 11:15",,https://www.youtube.com/watch?v=DXGelmwqfm4
"Agust D '대취타' MV",,,,youtube,qGjAWJ2zWWI,,"2026-10-09 11:15",,https://www.youtube.com/watch?v=qGjAWJ2zWWI
Radio,"The Avalanches",,,youtube,6dajlqL8NCc,,"2026-10-09 11:15",,https://www.youtube.com/watch?v=6dajlqL8NCc
"Tim Berg - Seek Bromance (Official Music Video) | Ministry of Sound",,,,youtube,eWUC5Q0RCAA,,"2026-10-09 11:15",,https://www.youtube.com/watch?v=eWUC5Q0RCAA
"Bad Religion - ""21st Century (Digital Boy)""",,,,youtube,v-D-fn-Z04w,,"2026-10-09 11:15",,https://www.youtube.com/watch?v=v-D-fn-Z04w
"bbno$ - it boy (official music video)",,,,youtube,QuvqzlxEO6g,,"2026-10-09 11:15",,https://www.youtube.com/watch?v=QuvqzlxEO6g
"Danielle Bregoli is BHAD BHABIE “Hi Bich / Whachu Know” (Official Music Video)",,,,youtube,1NyMSWqIJDQ,,"2026-10-09 11:15",,https://www.youtube.com/watch?v=1NyMSWqIJDQ
"Big Sean - Control f. Kendrick Lamar & Jay Electronica",,,,youtube,xufJHc2EdBA,,"2026-10-09 11:15",,https://www.youtube.com/watch?v=xufJHc2EdBA
"Billie Eilish - BITTERSUITE (Official Lyric Video)",,,,youtube,LmVw3u3SxoA,,"2026-10-09 11:15",,https://www.youtube.com/watch?v=LmVw3u3SxoA
"björk : jóga",,,,youtube,loB0kmz_0MM,,"2026-10-09 11:15",,https://www.youtube.com/watch?v=loB0kmz_0MM
"Children of the Sea","Black Sabbath",,,youtube,suRA7ip-p2E,,"2026-10-09 11:15",,https://www.youtube.com/watch?v=suRA7ip-p2E
"Blanca - Not Backing Down feat. Tedashii (Official Audio)",,,,youtube,JonNiwvS47U,,"2026-10-09 11:15",,https://www.youtube.com/watch?v=JonNiwvS47U
"Bobby Shmurda - Hot N*gga (Official Music Video)",,,,youtube,vJwKKKd2ZYE,,"2026-10-09 11:15",,https://www.youtube.com/watch?v=vJwKKKd2ZYE
"Bomb Rush Cyberfunk OST - Chromebies",,,,youtube,pPLjeQ-SwBs,,"2026-10-09 11:15",,https://www.youtube.com/watch?v=pPLjeQ-SwBs
"Bomb Rush Cyberfunk OST - Hair Dun Nails Dun",,,,youtube,g4G82aQAvws,,"2026-10-09 11:15",,https://www.youtube.com/watch?v=g4G82aQAvws
"brakence introvert pt 2 chicago",,,,youtube,6gbTrUq1oP4,,"2026-10-09 11:15",,https://www.youtube.com/watch?v=6gbTrUq1oP4
"WHAT'S THE OCCASION - BROCKHAMPTON",,,,youtube,aAjfDCqe_cc,,"2026-10-09 11:15",,https://www.youtube.com/watch?v=aAjfDCqe_cc
"The Ending - BROCKHAMPTON",,,,youtube,bYmqS6xb2MQ,,"2026-10-09 11:15",,https://www.youtube.com/watch?v=bYmqS6xb2MQ
"BTS (방탄소년단) 'DNA' Official MV",,,,youtube,MBdVXkSdhwU,,"2026-10-09 11:15",,https://www.youtube.com/watch?v=MBdVXkSdhwU
"BTS (방탄소년단) 'IDOL' Official MV",,,,youtube,pBuZEGYXA6E,,"2026-10-09 11:15",,https://www.youtube.com/watch?v=pBuZEGYXA6E
"gupi - Bunny Hill OST - Race 2",,,,youtube,F6f4vDXxnpA,,"2026-10-09 11:15",,https://www.youtube.com/watch?v=F6f4vDXxnpA
"Bush - Machinehead",,,,youtube,5WPbqYoz9HA,,"2026-10-09 11:15",,https://www.youtube.com/watch?v=5WPbqYoz9HA
"Cannibus - Nigganometry (1998)",,,,youtube,HjT7h3KKSpk,,"2026-10-09 11:15",,https://www.youtube.com/watch?v=HjT7h3KKSpk
"✨HODAAA✨El trabajo que me costó jajajajajajajajaj",,,,youtube,QKqMblAbi2A,,"2026-10-09 11:15",,https://www.youtube.com/watch?v=QKqMblAbi2A
"Charli XCX - Boys [Official Video]",,,,youtube,mPRy1B4t5YA,,"2026-10-09 11:15",,https://www.youtube.com/watch?v=mPRy1B4t5YA
"computers - clown core",,,,youtube,6Gha9xrM10w,,"2026-10-09 11:15",,https://www.youtube.com/watch?v=6Gha9xrM10w
"CRUSH3D Launch Trailer",,,,youtube,qdvnUvVe7Xw,,"2026-10-09 11:15",,https://www.youtube.com/watch?v=qdvnUvVe7Xw
"Did i sit on something? (Giantess animation)",,,,youtube,RdchjXXHO1k,,"2026-10-09 11:15",,https://www.youtube.com/watch?v=RdchjXXHO1k
"Crush 3D - Trailer FR",,,,youtube,PBTKhj-_XOE,,"2026-10-09 11:16",,https://www.youtube.com/watch?v=PBTKhj-_XOE
"City Tutorial 04 - Crush",,,,youtube,igqBz5sbJkQ,,"2026-10-09 11:16",,https://www.youtube.com/watch?v=igqBz5sbJkQ
"CRUSH3D Trailer",,,,youtube,8ALbaxJpxy8,,"2026-10-09 11:16",,https://www.youtube.com/watch?v=8ALbaxJpxy8
"Funfair 01 (B) - Crush",,,,youtube,UQYxBKJ7nPA,,"2026-10-09 11:16",,https://www.youtube.com/watch?v=UQYxBKJ7nPA
"CYBERPUNK 2077 SOUNDTRACK - REAL WINDOW by Bryan Aspey & Quantum Lovers (Official Video)",,,,youtube,bjK-a2oF2SU,,"2026-10-09 11:16",,https://www.youtube.com/watch?v=bjK-a2oF2SU
Maniak,Picasso,,,youtube,inhZ3wJ1cOA,,"2026-10-09 11:16",,https://www.youtube.com/watch?v=inhZ3wJ1cOA
"CYBERPUNK 2077 SOUNDTRACK - PILLING IN MY HEAD by Nina Kraviz & Bara Nova (Official Video)",,,,youtube,0IjX_oREqYQ,,"2026-10-09 11:16",,https://www.youtube.com/watch?v=0IjX_oREqYQ
"D12 - My Band ft. Cameo (Official Music Video)",,,,youtube,ttWQK5VXskA,,"2026-10-09 11:16",,https://www.youtube.com/watch?v=ttWQK5VXskA
"Select - DAZEGXD",,,,youtube,dRX2WDsuef8,,"2026-10-09 11:16",,https://www.youtube.com/watch?v=dRX2WDsuef8
"9. Lancer (DELTARUNE Chapter 1 Soundtrack) - Toby Fox",,,,youtube,NBQ5oc5FMkU,,"2026-10-09 11:16",,https://www.youtube.com/watch?v=NBQ5oc5FMkU
"Vs. Lancer","Toby Fox",,,youtube,Ce-gU8G6Vik,,"2026-10-09 11:16",,https://www.youtube.com/watch?v=Ce-gU8G6Vik
"A Simple Diversion","Toby Fox",,,youtube,p1U5FjgwDhA,,"2026-10-09 11:16",,https://www.youtube.com/watch?v=p1U5FjgwDhA
"NOW'S YOUR CHANCE TO BE A","Toby Fox",,,youtube,2GbBD_7AsGA,,"2026-10-09 11:16",,https://www.youtube.com/watch?v=2GbBD_7AsGA
"Dance Wiv Me (The Aston Shuffle Remix)","Dizzee Rascal",,,youtube,_QeyK8fXK4s,,"2026-10-09 11:16",,https://www.youtube.com/watch?v=_QeyK8fXK4s
"Dizzee Rascal & Calvin Harris - Dance Wiv Me",,,,youtube,c2MiyZx8MTY,,"2026-10-09 11:16",,https://www.youtube.com/watch?v=c2MiyZx8MTY
"DJ shadow   Organ Donor",,,,youtube,U4E60Ffa9yQ,,"2026-10-09 11:16",,https://www.youtube.com/watch?v=U4E60Ffa9yQ
"BULLFROG | Swamp Sessions",,,,youtube,lZaHvDpctPU,,"2026-10-09 11:16",,https://www.youtube.com/watch?v=lZaHvDpctPU
"BOOM BAP | Swamp Session",,,,youtube,6skI89ZGaV4,,"2026-10-09 11:16",,https://www.youtube.com/watch?v=6skI89ZGaV4
"Drake - First Person Shooter ft. J. Cole",,,,youtube,Xty2gi5cMa8,,"2026-10-09 11:16",,https://www.youtube.com/watch?v=Xty2gi5cMa8
sole,"food house",,,youtube,m8ZdI13ujdk,,"2026-10-09 11:16",,https://www.youtube.com/watch?v=m8ZdI13ujdk
"vitamin d freestyle","food house",,,youtube,JVlnXqXrHHU,,"2026-10-09 11:16",,https://www.youtube.com/watch?v=JVlnXqXrHHU
"Fred again.. x I. Jordan - Admit (U Don't Want 2) (10 February 2022)",,,,youtube,ZebUBXyJ9mY,,"2026-10-09 11:16",,https://www.youtube.com/watch?v=ZebUBXyJ9mY
"SSBB JAT24(Snake) vs RavenTsuki(Ganondorf) - Friendly 2/3",,,,youtube,lLmD4egRQg4,,"2026-10-09 11:16",,https://www.youtube.com/watch?v=lLmD4egRQg4
"Girls' Generation 소녀시대 'Gee' MV",,,,youtube,U7mPqycQ0tQ,,"2026-10-09 11:16",,https://www.youtube.com/watch?v=U7mPqycQ0tQ
"C Thru",BABii,,,youtube,xss1z_eiZoM,,"2026-10-09 11:16",,https://www.youtube.com/watch?v=xss1z_eiZoM
"ハチ  MV「マトリョシカ」HACHI / MATORYOSHKA",,,,youtube,HOz-9FzIDf0,,"2026-10-09 11:16",,https://www.youtube.com/watch?v=HOz-9FzIDf0
"Halsey - I am not a woman, I'm a god (Underworld’s Drift Mix / Audio)",,,,youtube,p2Fjtbl5jEw,,"2026-10-09 11:16",,https://www.youtube.com/watch?v=p2Fjtbl5jEw
FANTASIZE,,,,youtube,A1Nd_wEkGAQ,,"2026-10-09 11:16",,https://www.youtube.com/watch?v=A1Nd_wEkGAQ
Underground,"Cédric Menendez",,,youtube,Z0ZIrgNSRdQ,,"2026-10-09 11:16",,https://www.youtube.com/watch?v=Z0ZIrgNSRdQ
"HIDEKI NAGANUMA - HEAVEN★UP",,,,youtube,6FsyVf4hWvw,,"2026-10-09 11:16",,https://www.youtube.com/watch?v=6FsyVf4hWvw
"Iglooghost - 'Gold Coat (feat. Cuushe)'",,,,youtube,XgnNhza-JeI,,"2026-10-09 11:16",,https://www.youtube.com/watch?v=XgnNhza-JeI
"Iglooghost - Infinite Mint feat. Cuushe",,,,youtube,lJxXxgC87K4,,"2026-10-09 11:16",,https://www.youtube.com/watch?v=lJxXxgC87K4
"I Snore Like a Truck",Haxell,,,youtube,u4dqeMOw6mg,,"2026-10-09 11:16",,https://www.youtube.com/watch?v=u4dqeMOw6mg
"Love Movin'","J Dilla",,,youtube,Ig5HJoOEtuU,,"2026-10-09 11:16",,https://www.youtube.com/watch?v=Ig5HJoOEtuU
"Jack Ü - Take Ü There feat. Kiesza [OFFICIAL VIDEO]",,,,youtube,C9slkeFXogU,,"2026-10-09 11:16",,https://www.youtube.com/watch?v=C9slkeFXogU
"Jack Ü - Take Ü There (feat. Kiesza) (Vindata Remix)",,,,youtube,XqifovV_YRM,,"2026-10-09 11:16",,https://www.youtube.com/watch?v=XqifovV_YRM
"Jack Ü - Take Ü There (feat. Kiesza) (Netsky Remix)",,,,youtube,0E1BaIGjzX0,,"2026-10-09 11:16",,https://www.youtube.com/watch?v=0E1BaIGjzX0
"Jack Ü - Take Ü There (feat. Kiesza) (Felix Cartal Remix)",,,,youtube,ZGbAJZK4pPg,,"2026-10-09 11:16",,https://www.youtube.com/watch?v=ZGbAJZK4pPg
"Jack Ü - Take Ü There (feat. Kiesza) (Tujamo Remix)",,,,youtube,yu75IbPTzYc,,"2026-10-09 11:16",,https://www.youtube.com/watch?v=yu75IbPTzYc
"Jack Ü - Take Ü There (Tchami Remix)",,,,youtube,bcybY1s2mzQ,,"2026-10-09 11:16",,https://www.youtube.com/watch?v=bcybY1s2mzQ
"Jack Ü - Take Ü There (feat. Kiesza) (Missy Elliott Remix)",,,,youtube,r89yS7-1Q8A,,"2026-10-09 11:16",,https://www.youtube.com/watch?v=r89yS7-1Q8A
"Death Wish (Album Version (Explicit))",Jadakiss,,,youtube,rl3wjrdZslc,,"2026-10-09 11:16",,https://www.youtube.com/watch?v=rl3wjrdZslc
"Janet Jackson - No Sleeep (Finn Keane Remix)",,,,youtube,RYvpAdeYtNg,,"2026-10-09 11:16",,https://www.youtube.com/watch?v=RYvpAdeYtNg
"Jason Derulo ""Stupid Love"" (Official HD Music Video)",,,,youtube,8Ap7aJsfaXQ,,"2026-10-09 11:16",,https://www.youtube.com/watch?v=8Ap7aJsfaXQ
"Points of Authority / 99 Problems / One Step Closer",JAŸ-Z,,,youtube,PwzSb92YWK0,,"2026-10-09 11:16",,https://www.youtube.com/watch?v=PwzSb92YWK0
"Miller Boll Breakers","Deavid Soul",,,youtube,5XnkLA4pz-c,,"2026-10-09 11:16",,https://www.youtube.com/watch?v=5XnkLA4pz-c
"Toronto - Jet Set Station [feat Dj-K]",,,,youtube,XbRtmEJoKeg,,"2026-10-09 11:16",,https://www.youtube.com/watch?v=XbRtmEJoKeg
"Fly Like a Butterfly","HIDEKI NAGANUMA",,,youtube,2rlQ2IcgsmU,,"2026-10-09 11:16",,https://www.youtube.com/watch?v=2rlQ2IcgsmU
"I'm not a model",,,,youtube,p5Tc94-nboU,,"2026-10-09 11:16",,https://www.youtube.com/watch?v=p5Tc94-nboU
"Reviewing JPEGMAFIA's LP! [Offline Version] in 10 seconds or less",,,,youtube,tBQ7Y8XogQY,,"2026-10-09 11:16",,https://www.youtube.com/watch?v=tBQ7Y8XogQY
"Guess What Bitch, We Back Hoe!",JPEGMAFIA,,,youtube,5MWX_jlcZ3c,,"2026-10-09 11:16",,https://www.youtube.com/watch?v=5MWX_jlcZ3c
"The Jungle Book. I wanna be like you. King Louis",,,,youtube,ud5J7Ye332I,,"2026-10-09 11:16",,https://www.youtube.com/watch?v=ud5J7Ye332I
Gorgeous,"Kanye West",,,youtube,miJAfs7jhak,,"2026-10-09 11:16",,https://www.youtube.com/watch?v=miJAfs7jhak
"Kendrick Lamar 'HiiiPOWER' OFFICIAL MUSIC VIDEO",,,,youtube,-PXIbVNfj3s,,"2026-10-09 11:17",,https://www.youtube.com/watch?v=-PXIbVNfj3s
"Kendrick Lamar - A.D.H.D (Official Video)",,,,youtube,QjlFqgRbICY,,"2026-10-09 11:17",,https://www.youtube.com/watch?v=QjlFqgRbICY
"m.A.A.d city","Kendrick Lamar",,,youtube,mprkqDNUQb0,,"2026-10-09 11:17",,https://www.youtube.com/watch?v=mprkqDNUQb0
"I Don't Want It At All - Kim Petras (Official Music Video)",,,,youtube,JC9FA8lZRy8,,"2026-10-09 11:17",,https://www.youtube.com/watch?v=JC9FA8lZRy8
"Blow It All - Kim Petras (Official Lyric Video)",,,,youtube,jSswq_f4yTg,,"2026-10-09 11:17",,https://www.youtube.com/watch?v=jSswq_f4yTg
"King Princess, Avalon Emerson - PAIN (Avalon Emerson's Quarter Alpha Mix - Official Audio)",,,,youtube,5lA5y0vL2ss,,"2026-10-09 11:17",,https://www.youtube.com/watch?v=5lA5y0vL2ss
"Like it or Love it",Kreayshawn,,,youtube,45toav4QZX4,,"2026-10-09 11:17",,https://www.youtube.com/watch?v=45toav4QZX4
"Just Dance (HCCR'S Bambossa Main Mix)","Lady Gaga",,,youtube,sFayrvoI9a8,,"2026-10-09 11:17",,https://www.youtube.com/watch?v=sFayrvoI9a8
"Lady Gaga feat. Colby O'Donis - Just Dance (Richard Vission Remix)",,,,youtube,g-83glp42Zc,,"2026-10-09 11:17",,https://www.youtube.com/watch?v=g-83glp42Zc
"Just Dance (Trevor Simpson Remix)","Lady Gaga",,,youtube,AFUq_YqMZ9U,,"2026-10-09 11:17",,https://www.youtube.com/watch?v=AFUq_YqMZ9U
"Lady Gaga - Just Dance (Official Music Video) ft. Colby O'Donis",,,,youtube,2Abk1jAONjw,,"2026-10-09 11:17",,https://www.youtube.com/watch?v=2Abk1jAONjw
"Lady Gaga - Just Dance (Official Music Video) ft. Colby O'Donis",,,,youtube,2Abk1jAONjw,,"2026-10-09 11:17",,https://www.youtube.com/watch?v=2Abk1jAONjw
"Latto - Put It On Da Floor Again (Official Video) ft. Cardi B",,,,youtube,-WtNCR3EDS4,,"2026-10-09 11:17",,https://www.youtube.com/watch?v=-WtNCR3EDS4
"laura les - Haunted {OFFICIAL MUSIC VIDEO}",,,,youtube,879ysA4h9r4,,"2026-10-09 11:17",,https://www.youtube.com/watch?v=879ysA4h9r4
"Le Tigre  --  Nanny Nanny Boo Boo (Junior Senior Remix)",,,,youtube,aS0mqFWZzUg,,"2026-10-09 11:17",,https://www.youtube.com/watch?v=aS0mqFWZzUg
"Lily Allen | URL Badman (Official Video)",,,,youtube,lDlofPAOZy0,,"2026-10-09 11:17",,https://www.youtube.com/watch?v=lDlofPAOZy0
"Ntr\mssion - Linkin Park",,,,youtube,ulXz1s4LPms,,"2026-10-09 11:17",,https://www.youtube.com/watch?v=ulXz1s4LPms
"Opening - Linkin Park",,,,youtube,_pEw0p7WEbs,,"2026-10-09 11:17",,https://www.youtube.com/watch?v=_pEw0p7WEbs
"Papercut [Official HD Music Video] - Linkin Park",,,,youtube,vjVkXlxsO8Q,,"2026-10-09 11:17",,https://www.youtube.com/watch?v=vjVkXlxsO8Q
"★ Dark Nightcore ☆ Linkin Park 【Ppr:Kut】 ✮ Papercut Reanimation Remix ✮",,,,youtube,hBFNP03A8lE,,"2026-10-09 11:17",,https://www.youtube.com/watch?v=hBFNP03A8lE
"JONATHAN DAVIS FT LINKIN PARK - ONE STEP CLOSER (LIVE)",,,,youtube,XvENSTCqKdI,,"2026-10-09 11:17",,https://www.youtube.com/watch?v=XvENSTCqKdI
"Crawling [Official HD Music Video] - Linkin Park",,,,youtube,Gd9OhYroLN0,,"2026-10-09 11:17",,https://www.youtube.com/watch?v=Gd9OhYroLN0
"Linkin Park Ft. Aaron Lewis (Staind) - KRWLING (remix)",,,,youtube,uHNEYPth_Z4,,"2026-10-09 11:17",,https://www.youtube.com/watch?v=uHNEYPth_Z4
"Hit The Floor - Linkin Park (Meteora)",,,,youtube,oMals9XXQY8,,"2026-10-09 11:17",,https://www.youtube.com/watch?v=oMals9XXQY8
"Faint (Official Music Video) [4K UPGRADE] – Linkin Park",,,,youtube,LYU-8IFcDPw,,"2026-10-09 11:17",,https://www.youtube.com/watch?v=LYU-8IFcDPw
"Figure.09 - Linkin Park (Meteora)",,,,youtube,LpC0SKU6O00,,"2026-10-09 11:17",,https://www.youtube.com/watch?v=LpC0SKU6O00
"From The Inside (Official Music Video) [4K UPGRADE] – Linkin Park",,,,youtube,YLHpvjrFpe0,,"2026-10-09 11:17",,https://www.youtube.com/watch?v=YLHpvjrFpe0
"CASTLE OF GLASS (Official Music Video) [4K Upgrade] - Linkin Park",,,,youtube,ScNNfyq3d_w,,"2026-10-09 11:17",,https://www.youtube.com/watch?v=ScNNfyq3d_w
"Phase Alpha",Release,,,youtube,5d4ETFS7OuM,,"2026-10-09 11:17",,https://www.youtube.com/watch?v=5d4ETFS7OuM
"Melleefresh vs deadmau5 / Hey Baby (Original Mix)",,,,youtube,fQ_UeBxEQPQ,,"2026-10-09 11:17",,https://www.youtube.com/watch?v=fQ_UeBxEQPQ
"M.I.A. - Bad Girls",,,,youtube,3Yuqxl284cg,,"2026-10-09 11:17",,https://www.youtube.com/watch?v=3Yuqxl284cg
"M.I.A. Ft. Missy Elliott & Azealia Banks - Bad Girls (N.A.R.S. Remix)",,,,youtube,iMTjH2bi6WU,,"2026-10-09 11:17",,https://www.youtube.com/watch?v=iMTjH2bi6WU
"M.I.A. - Bad Girls (Leo Justi Remix)",,,,youtube,bgY-9uVY23A,,"2026-10-09 11:17",,https://www.youtube.com/watch?v=bgY-9uVY23A
"Millionaires (Alcohol) Official Music Video",,,,youtube,AOVK_iQvvsw,,"2026-10-09 11:17",,https://www.youtube.com/watch?v=AOVK_iQvvsw
"C418 - Death (Music Only)",,,,youtube,6_zrRhg2eOc,,"2026-10-09 11:17",,https://www.youtube.com/watch?v=6_zrRhg2eOc
"MØ - Nights With You (Cheat Codes Remix)",,,,youtube,qeM8NkLwhdU,,"2026-10-09 11:17",,https://www.youtube.com/watch?v=qeM8NkLwhdU
"MØ - Blur (Official Video) ft. Foster The People",,,,youtube,qM5tNSHScY4,,"2026-10-09 11:17",,https://www.youtube.com/watch?v=qM5tNSHScY4
"Mr. Muthafuckin' eXquire - Huzzah",,,,youtube,1bzoyVKZaL4,,"2026-10-09 11:17",,https://www.youtube.com/watch?v=1bzoyVKZaL4
