title,artist,album,isrc,platform,trackId,duration,addedDate,addedBy,url
"Remix 4 (Early Version) - Rhythm Heaven Fever",,,,youtube,W3siqBIucHQ,,"2026-10-09 19:05",,https://www.youtube.com/watch?v=W3siqBIucHQ
"Rhythm Heaven Wii - Manzai birds",,,,youtube,xdcKicUYVek,,"2026-10-09 19:05",,https://www.youtube.com/watch?v=xdcKicUYVek
"Rhythm Heaven Fever - Kung Fu Ball (Score: 8433)",,,,youtube,5r_HbeIRg60,,"2026-10-09 19:05",,https://www.youtube.com/watch?v=5r_HbeIRg60
"Pirate Crew - Rhythm Heaven Fever",,,,youtube,nef6C85g4Fg,,"2026-10-09 19:05",,https://www.youtube.com/watch?v=nef6C85g4Fg
"Hi-Hat (Blue Birds) - Rhythm Heaven Fever (Buildup Version)",,,,youtube,qn1yhCEYbXU,,"2026-10-09 19:05",,https://www.youtube.com/watch?v=qn1yhCEYbXU
"Rhythm Heaven Fever - I Love You, My One and Only [ENG] [LYRICS]",,,,youtube,R3Kt9-P2lOg,,"2026-10-09 19:05",,https://www.youtube.com/watch?v=R3Kt9-P2lOg
"Rhythm Heaven Wii - Manzai birds",,,,youtube,xdcKicUYVek,,"2026-10-09 19:05",,https://www.youtube.com/watch?v=xdcKicUYVek
"Rico Nasty - Pussy Poppin [Official Music Video]",,,,youtube,0BmtH4hcw38,,"2026-10-09 19:05",,https://www.youtube.com/watch?v=0BmtH4hcw38
"Shygirl - SIREN (Lyric Video)",,,,youtube,EphR3h-mIZQ,,"2026-10-09 19:05",,https://www.youtube.com/watch?v=EphR3h-mIZQ
Gummiband,Siriusmo,,,youtube,F2iiBrP4MIk,,"2026-10-09 19:05",,https://www.youtube.com/watch?v=F2iiBrP4MIk
"Six Sex - sex dealer",,,,youtube,dwUm0G6At_I,,"2026-10-09 19:05",,https://www.youtube.com/watch?v=dwUm0G6At_I
"Skrillex - Kill Everybody (Official Audio)",,,,youtube,F21aifX0lZY,,"2026-10-09 19:05",,https://www.youtube.com/watch?v=F21aifX0lZY
"Snoop Dogg ft. The Dogg Pound & The Dramatics - Doggy Dogg World (Official Video) [Explicit]",,,,youtube,En3IgstEmcU,,"2026-10-09 19:06",,https://www.youtube.com/watch?v=En3IgstEmcU
"Palmtree Panic - Sonic the Hedgehog CD [OST]",,,,youtube,zbGLPqs9SeQ,,"2026-10-09 19:06",,https://www.youtube.com/watch?v=zbGLPqs9SeQ
"Sonic CD: Wacky Workbench Zone 1 (Good Future Walkthrough) [1080 HD]",,,,youtube,bMaIpNEgZQo,,"2026-10-09 19:06",,https://www.youtube.com/watch?v=bMaIpNEgZQo
"Metallic Madness - Sonic the Hedgehog CD [OST]",,,,youtube,8v26dA0kcsQ,,"2026-10-09 19:06",,https://www.youtube.com/watch?v=8v26dA0kcsQ
Krack,Soulwax,,,youtube,NQus0bbHOvk,,"2026-10-09 19:06",,https://www.youtube.com/watch?v=NQus0bbHOvk
"Accidents and Compliments",Soulwax,,,youtube,ghJUe3SitWU,,"2026-10-09 19:06",,https://www.youtube.com/watch?v=ghJUe3SitWU
"Accidents and Compliments",Soulwax,,,youtube,ghJUe3SitWU,,"2026-10-09 19:06",,https://www.youtube.com/watch?v=ghJUe3SitWU
"Shark Bytes | Splatoon 2: Octo Expansion Extended OST",,,,youtube,NIbpqFU4a2Q,,"2026-10-09 19:06",,https://www.youtube.com/watch?v=NIbpqFU4a2Q
"Shark Bytes | Splatoon 2: Octo Expansion Extended OST",,,,youtube,NIbpqFU4a2Q,,"2026-10-09 19:06",,https://www.youtube.com/watch?v=NIbpqFU4a2Q
"Splatoon2 DLC OST 31 : Actually It's Commander Tartar's Theme",,,,youtube,LrB_XQhIFjM,,"2026-10-09 19:06",,https://www.youtube.com/watch?v=LrB_XQhIFjM
"Splatoon 3 OST - Missing Ink - Pour it On",,,,youtube,LBtQUNPj0hI,,"2026-10-09 19:06",,https://www.youtube.com/watch?v=LBtQUNPj0hI
"C-Side w/ Unofficial Lyrics (Full Playlist) - Splatoon 3",,,,youtube,7CDm1KtqGcs,,"2026-10-09 19:06",,https://www.youtube.com/watch?v=7CDm1KtqGcs
"Splatoon 3 - Daybreaker Anthem - Nintendo Switch",,,,youtube,tk_HrRkUyDQ,,"2026-10-09 19:06",,https://www.youtube.com/watch?v=tk_HrRkUyDQ
"Splatoon 3 OST: Stars in the Deep - Sandcastles (Future Utopia Island) Phases 1-4",,,,youtube,NSRLoKQdXFk,,"2026-10-09 19:06",,https://www.youtube.com/watch?v=NSRLoKQdXFk
"Hero Mode Alterna Mission Clear - Splatoon 3 OST",,,,youtube,xTKZc386Ak4,,"2026-10-09 19:06",,https://www.youtube.com/watch?v=xTKZc386Ak4
"Full Rinse - Squarepusher (Extended Version)",,,,youtube,SluOQSh_hjU,,"2026-10-09 19:06",,https://www.youtube.com/watch?v=SluOQSh_hjU
"Sue DJ, La La Life - Be Like New",,,,youtube,JxfRdVVoHrY,,"2026-10-09 19:06",,https://www.youtube.com/watch?v=JxfRdVVoHrY
"Back In The Day Funked Out","Swami Sound",,,youtube,_MNwzni-WxU,,"2026-10-09 19:06",,https://www.youtube.com/watch?v=_MNwzni-WxU
"T.I. - Whatever You Like [Official Video]",,,,youtube,nQJACVmankY,,"2026-10-09 19:06",,https://www.youtube.com/watch?v=nQJACVmankY
"T.I., Kendrick Lamar, & B.o.B - 'Memories Back Then' [Behind the Scenes]",,,,youtube,XZMq1uS7LIs,,"2026-10-09 19:06",,https://www.youtube.com/watch?v=XZMq1uS7LIs
"tracey brakes - dubstep boy (Visualizer)",,,,youtube,E_rdJ-HnpJ8,,"2026-10-09 19:06",,https://www.youtube.com/watch?v=E_rdJ-HnpJ8
"TWRP - The Hit feat. Ninja Sex Party (Official Video)",,,,youtube,uOWWaRbZucE,,"2026-10-09 19:06",,https://www.youtube.com/watch?v=uOWWaRbZucE
"THE BROWN STAINS OF DARKEESE LATIFAH PART 6-12 (Remix)","Tyler, The Creator",,,youtube,Y8SaaNqHCN4,,"2026-10-09 19:06",,https://www.youtube.com/watch?v=Y8SaaNqHCN4
"HOT WIND BLOWS (Audio)",,,,youtube,fwGs72ihIeI,,"2026-10-09 19:07",,https://www.youtube.com/watch?v=fwGs72ihIeI
"come_a_little_closer_wip_150_bpm ~~Recorded with www.BANDICAM.com~~",,,,youtube,1xLK37_fWSY,,"2026-10-09 19:07",,https://www.youtube.com/watch?v=1xLK37_fWSY
"FIND YOU ft. BABii",umru,,,youtube,Vbi8vm3HyD4,,"2026-10-09 19:07",,https://www.youtube.com/watch?v=Vbi8vm3HyD4
"Find You ft. BABii (dontloveme euphoric club mix) ᯓ.𖥔",,,,youtube,oawbZZuRNcA,,"2026-10-09 19:07",,https://www.youtube.com/watch?v=oawbZZuRNcA
"100. MEGALOVANIA (UNDERTALE Soundtrack) - Toby Fox",,,,youtube,KK3KXAECte4,,"2026-10-09 19:07",,https://www.youtube.com/watch?v=KK3KXAECte4
"Bad Mirror","The Vicious Five",,,youtube,wwY5OWixMHU,,"2026-10-09 19:07",,https://www.youtube.com/watch?v=wwY5OWixMHU
"Wii Play - Longplay | Wii",,,,youtube,gfz-l5GI-v4,,"2026-10-09 19:07",,https://www.youtube.com/watch?v=gfz-l5GI-v4
"Wii Play - Two-Player Laser Hockey",,,,youtube,jjrLeE9Ip7Q,,"2026-10-09 19:07",,https://www.youtube.com/watch?v=jjrLeE9Ip7Q
"Wii Play - Billiards (Balls Moving) [Wii Play OST]",,,,youtube,NODsnAvue-E,,"2026-10-09 19:07",,https://www.youtube.com/watch?v=NODsnAvue-E
"XRay Spex - Oh Bondage! Up Yours!",,,,youtube,FYMObdOqcRg,,"2026-10-09 19:07",,https://www.youtube.com/watch?v=FYMObdOqcRg
"Yellow Magic Orchestra - Rydeen (1979)",,,,youtube,Nv5jMLJQ9f4,,"2026-10-09 19:07",,https://www.youtube.com/watch?v=Nv5jMLJQ9f4
"Yoshi's Island OST - Underground",,,,youtube,tnYYq41fCjs,,"2026-10-09 19:07",,https://www.youtube.com/watch?v=tnYYq41fCjs
"Got Your Number","The Young Punx",,,youtube,h2jI7FvXup8,,"2026-10-09 19:07",,https://www.youtube.com/watch?v=h2jI7FvXup8
"100 gecs - 800db cloud (Official Music Video)",,,,youtube,GYD11HwSyUI,,"2026-10-09 19:07",,https://www.youtube.com/watch?v=GYD11HwSyUI
"The A-Team","The Daniel Caine Orchestra",,,youtube,dO8olXxW1GE,,"2026-10-09 19:07",,https://www.youtube.com/watch?v=dO8olXxW1GE
"ABBA - SOS (Official Music Video)",,,,youtube,cvChjHcABPA,,"2026-10-09 19:07",,https://www.youtube.com/watch?v=cvChjHcABPA
"Animal Crossing: New Horizons - Theme Song Performance - Nintendo Switch",,,,youtube,lWKdsawDSvU,,"2026-10-09 19:07",,https://www.youtube.com/watch?v=lWKdsawDSvU
"How to Unlock The Resident Service Center Upgrade! - Animal Crossing: New Horizons Tips & Tricks",,,,youtube,g7zFOXiQpwQ,,"2026-10-09 19:07",,https://www.youtube.com/watch?v=g7zFOXiQpwQ
"If I Was A Folkstar","The Avalanches",,,youtube,H86doZD9OMQ,,"2026-10-09 19:07",,https://www.youtube.com/watch?v=H86doZD9OMQ
"The Avalanches - Because I'm Me (Official Video)",,,,youtube,eu0KsZ_MVBc,,"2026-10-09 19:07",,https://www.youtube.com/watch?v=eu0KsZ_MVBc
"Chappell Roan - Good Luck, Babe! (Official Music Video)",,,,youtube,U_Lz_MG35hM,,"2026-10-09 19:07",,https://www.youtube.com/watch?v=U_Lz_MG35hM
"Charli XCX - Track10 [Official Audio]",,,,youtube,Rj6dwEBmBJA,,"2026-10-09 19:07",,https://www.youtube.com/watch?v=Rj6dwEBmBJA
"Magoo Opening",Cornelius,,,youtube,wc0CfZmlXzM,,"2026-10-09 19:07",,https://www.youtube.com/watch?v=wc0CfZmlXzM
till_we_drop_unmixed,,,,youtube,RpDMXsB39Q8,,"2026-10-09 19:08",,https://www.youtube.com/watch?v=RpDMXsB39Q8
"Disney Eurobeat: ABeatC All Stars - It's a Small World (slowed & reverb)",,,,youtube,2e1kBRL9SrQ,,"2026-10-09 19:08",,https://www.youtube.com/watch?v=2e1kBRL9SrQ
"movies for guys","Jane Remover",,,youtube,hoFNK6O3QvE,,"2026-10-09 19:08",,https://www.youtube.com/watch?v=hoFNK6O3QvE
"Tutorial -  Friday Night Funkin' OST",,,,youtube,V-7nSV5M3Bk,,"2026-10-09 19:08",,https://www.youtube.com/watch?v=V-7nSV5M3Bk
"LET IT BE","Frost Children",,,youtube,abOQKwNONxE,,"2026-10-09 19:08",,https://www.youtube.com/watch?v=abOQKwNONxE
"High Powered Boys - Do It",,,,youtube,y98KsnsQZlk,,"2026-10-09 19:08",,https://www.youtube.com/watch?v=y98KsnsQZlk
"UTADA HIKARU - Keep Tryin' (Lyrics)",,,,youtube,yIz0uY6rZZU,,"2026-10-09 19:08",,https://www.youtube.com/watch?v=yIz0uY6rZZU
"Joji - Gimme Love (Official Video)",,,,youtube,jPan651rVMs,,"2026-10-09 19:08",,https://www.youtube.com/watch?v=jPan651rVMs
"Katamari Damacy Soundtrack - 06 - The Wonderful Stars walk is wonderful",,,,youtube,5w9fOAG5Xz8,,"2026-10-09 19:08",,https://www.youtube.com/watch?v=5w9fOAG5Xz8
"Great Fairy's Fountain   The Legend of Zelda  Ocarina of Time",,,,youtube,Dac_6-edN4E,,"2026-10-09 19:08",,https://www.youtube.com/watch?v=Dac_6-edN4E
"Horse Race - The Legend of Zelda: Ocarina of Time Music Extended",,,,youtube,fCeTkFOzmOk,,"2026-10-09 19:08",,https://www.youtube.com/watch?v=fCeTkFOzmOk
"Ingo - SoundTrack - The Legend Of Zelda: Ocarina Of Time",,,,youtube,FOOYM6XGojI,,"2026-10-09 19:08",,https://www.youtube.com/watch?v=FOOYM6XGojI
"Ice Cavern - The Legend of Zelda: Ocarina of Time Music Extended",,,,youtube,rldyOijViz0,,"2026-10-09 19:08",,https://www.youtube.com/watch?v=rldyOijViz0
"All Great Fairy Locations In Zelda: Breath Of The Wild",,,,youtube,10BcY_8gkpA,,"2026-10-09 19:08",,https://www.youtube.com/watch?v=10BcY_8gkpA
"LEGO Racers Remastered (25th Anniversary)",,,,youtube,VNNq9VkJ0so,,"2026-10-09 19:08",,https://www.youtube.com/watch?v=VNNq9VkJ0so
"Little Mix - Break Up Song (Official Video)",,,,youtube,Zte1KtYNx6Y,,"2026-10-09 19:08",,https://www.youtube.com/watch?v=Zte1KtYNx6Y
"YOLO (feat. Adam Levine & Kendrick Lamar)",,,,youtube,z5Otla5157c,,"2026-10-09 19:08",,https://www.youtube.com/watch?v=z5Otla5157c
"LunchMoney Lewis - Bills (Official Video)",,,,youtube,_IrQHeDcMi8,,"2026-10-09 19:08",,https://www.youtube.com/watch?v=_IrQHeDcMi8
"Manfred Mann - Blinded by the Light",,,,youtube,lcWVL4B-4pI,,"2026-10-09 19:08",,https://www.youtube.com/watch?v=lcWVL4B-4pI
"Wi-Fi Menu Medley (Looped) - Mario Kart Wii Music Music Extended",,,,youtube,x1MmGRnWvSo,,"2026-10-09 19:08",,https://www.youtube.com/watch?v=x1MmGRnWvSo
"Mario Kart 8 Deluxe - Booster Course Pass - Credits [Switch]",,,,youtube,ZNrQol6fZBE,,"2026-10-09 19:08",,https://www.youtube.com/watch?v=ZNrQol6fZBE
"Character Select (NAOMI) - Marvel vs. Capcom 2: New Age of Heroes",,,,youtube,5N-13xdr74Y,,"2026-10-09 19:08",,https://www.youtube.com/watch?v=5N-13xdr74Y
"MIA and MISSY - One For The Head Skit",,,,youtube,RPSLSdY1g1g,,"2026-10-09 19:08",,https://www.youtube.com/watch?v=RPSLSdY1g1g
"Minecraft C418 - Key | 1 Hour",,,,youtube,s-C_KQkiiMI,,"2026-10-09 19:09",,https://www.youtube.com/watch?v=s-C_KQkiiMI
"Mr. Oizo - Lars Von Sen (X-Mas Remix) [Official Audio]",,,,youtube,bu8E_VA5dfs,,"2026-10-09 19:09",,https://www.youtube.com/watch?v=bu8E_VA5dfs
"Natasha Bedingfield - Unwritten (Official Video) (as featured in Anyone But You)",,,,youtube,b7k0a5hYnSI,,"2026-10-09 19:09",,https://www.youtube.com/watch?v=b7k0a5hYnSI
"Stay Together",N.E.R.D.,,,youtube,EYeDZPxWN5o,,"2026-10-09 19:09",,https://www.youtube.com/watch?v=EYeDZPxWN5o
"Perfume Nee Live",,,,youtube,u4mKH_Il-44,,"2026-10-09 19:09",,https://www.youtube.com/watch?v=u4mKH_Il-44
"Pictureplane - Gothstar , official video",,,,youtube,NuxE7TjYuo4,,"2026-10-09 19:09",,https://www.youtube.com/watch?v=NuxE7TjYuo4
"""2024"" prod. ojivolta, earlonthebeat, and Kanye West",,,,youtube,YG3EhWlBaoI,,"2026-10-09 19:09",,https://www.youtube.com/watch?v=YG3EhWlBaoI
"Pokémon Red, Green, Blue & Yellow ""fanfare pokemon caught""",,,,youtube,GhGS16Su4WQ,,"2026-10-09 19:09",,https://www.youtube.com/watch?v=GhGS16Su4WQ
"Seasons of Love (HD)",,,,youtube,UvyHuse6buY,,"2026-10-09 19:09",,https://www.youtube.com/watch?v=UvyHuse6buY
"[Rhythm Heaven] - Frog Hop (Perfect) (English)",,,,youtube,S0ohqqrarLg,,"2026-10-09 19:09",,https://www.youtube.com/watch?v=S0ohqqrarLg
"[Rhythm Heaven] - Frog Hop 2 (Perfect) (English)",,,,youtube,h1A4ZwF1-Z4,,"2026-10-09 19:09",,https://www.youtube.com/watch?v=h1A4ZwF1-Z4
"[Rhythm Heaven Fever] ~ Flock Step (Perfect)",,,,youtube,uuAgccyZVJ8,,"2026-10-09 19:09",,https://www.youtube.com/watch?v=uuAgccyZVJ8
"Shinichi Osawa - Star Guitar (Armand van Helden Rmx)",,,,youtube,EglZmp2oykE,,"2026-10-09 19:09",,https://www.youtube.com/watch?v=EglZmp2oykE
"Star Guitar/Popular Computer Remix (The One+)","MONDO GROSSO",,,youtube,2m1Rfzr1KUg,,"2026-10-09 19:09",,https://www.youtube.com/watch?v=2m1Rfzr1KUg
"sin with sebastian - Shut up (and Sleep with Me)",,,,youtube,KTfXUXqtkQw,,"2026-10-09 19:09",,https://www.youtube.com/watch?v=KTfXUXqtkQw
"Back 2 Back - Sonic Rush [OST]",,,,youtube,0JY3W5J2UeI,,"2026-10-09 19:09",,https://www.youtube.com/watch?v=0JY3W5J2UeI
"Sonic Heroes - Sonic Heroes [OST]",,,,youtube,WMiELYCfyJA,,"2026-10-09 19:09",,https://www.youtube.com/watch?v=WMiELYCfyJA
"Color Pulse - Splatoon 2 [Off the Hook]",,,,youtube,0CYyFle-At4,,"2026-10-09 19:09",,https://www.youtube.com/watch?v=0CYyFle-At4
"Splatoon 3 – Three Wishes – Nintendo Switch",,,,youtube,k2N9rVrIb6s,,"2026-10-09 19:09",,https://www.youtube.com/watch?v=k2N9rVrIb6s
"Overworld Theme - Super Mario: World",,,,youtube,tAaGKo4XVvM,,"2026-10-09 19:09",,https://www.youtube.com/watch?v=tAaGKo4XVvM
"Underwater Theme - Super Mario World",,,,youtube,prsgdfF7sBM,,"2026-10-09 19:09",,https://www.youtube.com/watch?v=prsgdfF7sBM
"Super Mario World - Bonus (Restored)",,,,youtube,EMUh6vPjBXc,,"2026-10-09 19:09",,https://www.youtube.com/watch?v=EMUh6vPjBXc
"Intro - Super Mario Sunshine (Opening Cutscene, First Shine)",,,,youtube,L9EBr8UO_og,,"2026-10-09 19:09",,https://www.youtube.com/watch?v=L9EBr8UO_og
Event,,,,youtube,fKRCb_n6ssM,,"2026-10-09 19:10",,https://www.youtube.com/watch?v=fKRCb_n6ssM
"Tokyo Ghetto Pussy - To Another Galaxy (1996)",,,,youtube,PlRg1EgCRRc,,"2026-10-09 19:10",,https://www.youtube.com/watch?v=PlRg1EgCRRc
"Teenage Mutants/TOWA TEI with Miho Hatori 【2017.10.20】",,,,youtube,r0gc8iVcb6Q,,"2026-10-09 19:10",,https://www.youtube.com/watch?v=r0gc8iVcb6Q
"Tyler, The Creator - Glitter (Live)  Pt. 1",,,,youtube,qutoZVXmasU,,"2026-10-09 19:10",,https://www.youtube.com/watch?v=qutoZVXmasU
"WILSHIRE (Audio)",,,,youtube,LxGVyJLjbiY,,"2026-10-09 19:10",,https://www.youtube.com/watch?v=LxGVyJLjbiY
"Wii Play - All Platinum Medals Earned!",,,,youtube,SRVN99KpB1g,,"2026-10-09 19:10",,https://www.youtube.com/watch?v=SRVN99KpB1g
"Wii Sports Baseball - Over 3000 Skill Level!",,,,youtube,UPrIZRlQbtw,,"2026-10-09 19:10",,https://www.youtube.com/watch?v=UPrIZRlQbtw
"Super Mario World 2: Yoshi's Island Soundtrack (1995)",,,,youtube,ntyagDpxpy4,,"2026-10-09 19:10",,https://www.youtube.com/watch?v=ntyagDpxpy4
"Memories Of Tokyo-To - 03 - Say Somethin [OFFICIAL]",,,,youtube,Uk-PAb0b6jM,,"2026-10-09 19:10",,https://www.youtube.com/watch?v=Uk-PAb0b6jM
"Memories Of Tokyo-To - 11 - Benten-cho Boogie [OFFICIAL]",,,,youtube,UE6iennwfzI,,"2026-10-09 19:10",,https://www.youtube.com/watch?v=UE6iennwfzI
"50 Cent - P.I.M.P. (Snoop Dogg Remix) ft. Snoop Dogg, G-Unit",,,,youtube,UDApZhXTpH8,,"2026-10-09 19:10",,https://www.youtube.com/watch?v=UDApZhXTpH8
"AC/DC - T.N.T. (Live At River Plate, December 2009)",,,,youtube,44XYEeD1A1U,,"2026-10-09 19:10",,https://www.youtube.com/watch?v=44XYEeD1A1U
"Run Away With Me, reharmonized (feat. Kate Steinberg)",,,,youtube,uRsZhLpHtEA,,"2026-10-09 19:10",,https://www.youtube.com/watch?v=uRsZhLpHtEA
"Anthrax & Public Enemy - Bring The Noise (Official Video)",,,,youtube,kl1hgXfX5-U,,"2026-10-09 19:10",,https://www.youtube.com/watch?v=kl1hgXfX5-U
"Aphex Twin - On",,,,youtube,38RMZ9H7Cg8,,"2026-10-09 19:10",,https://www.youtube.com/watch?v=38RMZ9H7Cg8
Greedy,"Ariana Grande",,,youtube,nw8zdCwp3k4,,"2026-10-09 19:10",,https://www.youtube.com/watch?v=nw8zdCwp3k4
"Ben Liebrand x The Art of Noise - Paranoimia '89 (Official Video)",,,,youtube,LKhziFV-73k,,"2026-10-09 19:10",,https://www.youtube.com/watch?v=LKhziFV-73k
"Ava Max - Naked [Official Music Video]",,,,youtube,KMBE_hcSDTI,,"2026-10-09 19:10",,https://www.youtube.com/watch?v=KMBE_hcSDTI
"浜崎あゆみ / SURREAL",,,,youtube,0tL8zh2jPxk,,"2026-10-09 19:10",,https://www.youtube.com/watch?v=0tL8zh2jPxk
"Ayesha Erotica - Yummy",,,,youtube,eGFWp0iaT_E,,"2026-10-09 19:10",,https://www.youtube.com/watch?v=eGFWp0iaT_E
"BabyTron - 100 Bars (Official Music Video)",,,,youtube,v77ajUleJ5c,,"2026-10-09 19:10",,https://www.youtube.com/watch?v=v77ajUleJ5c
"Basement Jaxx - Yo-Yo",,,,youtube,8GvtzCSxsbU,,"2026-10-09 19:10",,https://www.youtube.com/watch?v=8GvtzCSxsbU
"Beyoncé - Video Phone (Extended Remix featuring Lady Gaga)",,,,youtube,CGkvXp0vdng,,"2026-10-09 19:11",,https://www.youtube.com/watch?v=CGkvXp0vdng
"Killing Machines (The BIONICLE Music) [Full Ver.]",,,,youtube,g3dFNs-DtQk,,"2026-10-09 19:11",,https://www.youtube.com/watch?v=g3dFNs-DtQk
"Sheer (feat. Onlytom)","bk beats",,,youtube,Ms7rFkkGkKM,,"2026-10-09 19:11",,https://www.youtube.com/watch?v=Ms7rFkkGkKM
"Bomb Rush Cyberfunk OST - Big City Life ft OV (written by G. Roberts and P. Mukhi)",,,,youtube,5t4KSZw_ekA,,"2026-10-09 19:11",,https://www.youtube.com/watch?v=5t4KSZw_ekA
"Precious Thing",Olli,,,youtube,3rphZ6C2hvQ,,"2026-10-09 19:11",,https://www.youtube.com/watch?v=3rphZ6C2hvQ
"Boys Noize - ""Sperm""",,,,youtube,dvMpKiAVAC4,,"2026-10-09 19:11",,https://www.youtube.com/watch?v=dvMpKiAVAC4
"Calvin Harris - I'm Not Alone (Official Video)",,,,youtube,JeTE5cnkhGc,,"2026-10-09 19:11",,https://www.youtube.com/watch?v=JeTE5cnkhGc
"Craig David - Fill Me In (US Version) Official Music Video - Lyrics in the Descripton",,,,youtube,YG8ll9EXMOw,,"2026-10-09 19:11",,https://www.youtube.com/watch?v=YG8ll9EXMOw
"Chip Da Ripper freestyle (Interior Crocodile Alligator full song)",,,,youtube,ZIfSaDNVjXI,,"2026-10-09 19:11",,https://www.youtube.com/watch?v=ZIfSaDNVjXI
"CYBERPUNK 2077 SOUNDTRACK - HOOD by Konrad OldMoney feat Awrath & ChickyChickas (Official Video)",,,,youtube,xGuB0TZS8aM,,"2026-10-09 19:11",,https://www.youtube.com/watch?v=xGuB0TZS8aM
"Daft Punk - Make Love (Official Audio)",,,,youtube,UeZG0viNAjM,,"2026-10-09 19:11",,https://www.youtube.com/watch?v=UeZG0viNAjM
"Daft Punk - Technologic (Official Music Video Remastered)",,,,youtube,D8K90hX4PrE,,"2026-10-09 19:11",,https://www.youtube.com/watch?v=D8K90hX4PrE
"Daft Punk - Television Rules the Nation (Official Music Video)",,,,youtube,StACmxSQKY8,,"2026-10-09 19:11",,https://www.youtube.com/watch?v=StACmxSQKY8
"Before the Story","Toby Fox",,,youtube,_0pFoKrY5TU,,"2026-10-09 19:11",,https://www.youtube.com/watch?v=_0pFoKrY5TU
"Dizzee Rascal & Calvin Harris - Dance Wiv Me",,,,youtube,c2MiyZx8MTY,,"2026-10-09 19:11",,https://www.youtube.com/watch?v=c2MiyZx8MTY
"Doechii - GTFO (Audio)",,,,youtube,15BJ32cohbE,,"2026-10-09 19:11",,https://www.youtube.com/watch?v=15BJ32cohbE
"Dom Dolla, Nelly Furtado - Eat Your Man (Official Lyric Video)",,,,youtube,4qS9JUnTwww,,"2026-10-09 19:11",,https://www.youtube.com/watch?v=4qS9JUnTwww
"Dua Lipa - Illusion (Official Music Video)",,,,youtube,a9cyG_yfh1k,,"2026-10-09 19:11",,https://www.youtube.com/watch?v=a9cyG_yfh1k
"Far East Movement - Turn Up The Love ft. Cover Drive",,,,youtube,UqXVgAmqBOs,,"2026-10-09 19:11",,https://www.youtube.com/watch?v=UqXVgAmqBOs
"Frank Ocean - Nights pt.2 [Slowed+Reverb] [Loop]",,,,youtube,d88Cojs3ku8,,"2026-10-09 19:11",,https://www.youtube.com/watch?v=d88Cojs3ku8
"Fortnite | Return Of The Tiger Lobby Music (C5S1 Battle Pass)",,,,youtube,w-yq8uFuXOY,,"2026-10-09 19:11",,https://www.youtube.com/watch?v=w-yq8uFuXOY
"Fortnite Festival - Streets Ignite By Epic Games (Medium Gameplay) (100% Flawless)",,,,youtube,MtlU248qYmE,,"2026-10-09 19:11",,https://www.youtube.com/watch?v=MtlU248qYmE
"Fortnite | Make It Known Lobby Music (FNCS 5:1)",,,,youtube,2KP5PLYbOMs,,"2026-10-09 19:12",,https://www.youtube.com/watch?v=2KP5PLYbOMs
"Fortnite | Where My Wookiees At? Lobby Music",,,,youtube,LFBWMFhId7A,,"2026-10-09 19:12",,https://www.youtube.com/watch?v=LFBWMFhId7A
Thirtysixtwentyfive,"Four Tet",,,youtube,AXDbvkuXd3k,,"2026-10-09 19:12",,https://www.youtube.com/watch?v=AXDbvkuXd3k
"The Game, Kanye West - Eazy (Official Music Video)",,,,youtube,qy7sci2az88,,"2026-10-09 19:12",,https://www.youtube.com/watch?v=qy7sci2az88
"GLOO - Force You (Official Video)",,,,youtube,PJHbTSNn4a8,,"2026-10-09 19:12",,https://www.youtube.com/watch?v=PJHbTSNn4a8
"I’ll teach you how to mix Dewar Highball #cocktail #forypupage",,,,youtube,oZ-2ZlxQvwI,,"2026-10-09 19:12",,https://www.youtube.com/watch?v=oZ-2ZlxQvwI
"To Your Eternity Opening (Full) -Pink Blood- Lyrics",,,,youtube,YdjgxFg2GOA,,"2026-10-09 19:12",,https://www.youtube.com/watch?v=YdjgxFg2GOA
宇多田ヒカル『君に夢中』,,,,youtube,5YKBgBMynbI,,"2026-10-09 19:12",,https://www.youtube.com/watch?v=5YKBgBMynbI
"Hitkidd, GloRilla - F.N.F. (Let's Go)",,,,youtube,ww6ykF2ktaI,,"2026-10-09 19:12",,https://www.youtube.com/watch?v=ww6ykF2ktaI
"james brown sexy machine",,,,youtube,ZNaXb3uuekk,,"2026-10-09 19:12",,https://www.youtube.com/watch?v=ZNaXb3uuekk
"Jamiroquai - Little L (Wounded Buffalo Remix - Official Audio)",,,,youtube,dTwIabv0274,,"2026-10-09 19:12",,https://www.youtube.com/watch?v=dTwIabv0274
"Jamiroquai - Little L (Official Video)",,,,youtube,1hHSH9sJUEo,,"2026-10-09 19:12",,https://www.youtube.com/watch?v=1hHSH9sJUEo
ReDoin,,,,youtube,rjRV0G6qWgw,,"2026-10-09 19:12",,https://www.youtube.com/watch?v=rjRV0G6qWgw
"Grace and Glory (B.B.M.H.Mix)","HIDEKI NAGANUMA",,,youtube,pPrbwl6Ld1w,,"2026-10-09 19:12",,https://www.youtube.com/watch?v=pPrbwl6Ld1w
"Free XXX & Teanna",JPEGMAFIA,,,youtube,wRNIIy9uWns,,"2026-10-09 19:12",,https://www.youtube.com/watch?v=wRNIIy9uWns
"Justice - DVNO (Todd Edwards Sunshine Brothersremix) [Official Audio]",,,,youtube,__l3mcL53rI,,"2026-10-09 19:12",,https://www.youtube.com/watch?v=__l3mcL53rI
"Kanye West - Stronger (Caprii Remix) [Kanye Video]",,,,youtube,YtpK1Tp4y34,,"2026-10-09 19:12",,https://www.youtube.com/watch?v=YtpK1Tp4y34
DUCKWORTH.,"Kendrick Lamar",,,youtube,Dm-foWGDBF0,,"2026-10-09 19:12",,https://www.youtube.com/watch?v=Dm-foWGDBF0
"Kendrick Lamar - DUCKWORTH Instrumental PART 3 (NO PAUSES) - EXTENDED",,,,youtube,ftkDeauR68A,,"2026-10-09 19:12",,https://www.youtube.com/watch?v=ftkDeauR68A
"YOKO TAKAHASHI - A CRUEL ANGEL'S THESIS (GHOULIE VS K?D REMIX)",,,,youtube,hbfgmuPKVk8,,"2026-10-09 19:12",,https://www.youtube.com/watch?v=hbfgmuPKVk8
"Chip Da Ripper freestyle (Interior Crocodile Alligator full song)",,,,youtube,ZIfSaDNVjXI,,"2026-10-09 19:12",,https://www.youtube.com/watch?v=ZIfSaDNVjXI
"Lil Wayne - Love Me (Explicit Version/Closed Captioned) ft. Drake, Future",,,,youtube,KY44zvhWhp4,,"2026-10-09 19:12",,https://www.youtube.com/watch?v=KY44zvhWhp4
"""Pts.Of.Athrty"" (Official HD Video) - Linkin Park",,,,youtube,GgxcvmkPD-I,,"2026-10-09 19:12",,https://www.youtube.com/watch?v=GgxcvmkPD-I
"Plc.4 Mie HædAmp Live [feat. Zion] - Linkin Park",,,,youtube,arIr7nzLol0,,"2026-10-09 19:13",,https://www.youtube.com/watch?v=arIr7nzLol0
"P5hng Me A*wy/Mike Shinoda [feat. Stephen Richards] - Linkin Park",,,,youtube,cRXEAztk0uI,,"2026-10-09 19:13",,https://www.youtube.com/watch?v=cRXEAztk0uI
"Easier To Run - Linkin Park (Meteora)",,,,youtube,U5zdmjVeQzE,,"2026-10-09 19:13",,https://www.youtube.com/watch?v=U5zdmjVeQzE
"Little Mix - DNA",,,,youtube,D3h-lLj3xv4,,"2026-10-09 19:13",,https://www.youtube.com/watch?v=D3h-lLj3xv4
"Hugs (feat. Pharrell)",,,,youtube,0JVwfJGfins,,"2026-10-09 19:13",,https://www.youtube.com/watch?v=0JVwfJGfins
"LSD - Audio (Official Video) ft. Sia, Diplo, Labrinth",,,,youtube,tjA7nAHOAww,,"2026-10-09 19:13",,https://www.youtube.com/watch?v=tjA7nAHOAww
"Magdalena Bay - Fear, Sex (Official Audio)",,,,youtube,QA621oAZ_9Y,,"2026-10-09 19:13",,https://www.youtube.com/watch?v=QA621oAZ_9Y
"Mario Kart 8 -  Spectator Music (Extended) (HD/HQ)",,,,youtube,mas4xQKrWLY,,"2026-10-09 19:13",,https://www.youtube.com/watch?v=mas4xQKrWLY
"MBE ONLINE TUTORIAL 1 - Come effettuare una spedizione in Italia",,,,youtube,_HUJ7NPzFNo,,"2026-10-09 19:13",,https://www.youtube.com/watch?v=_HUJ7NPzFNo
BELIEVER,M.I.A.,,,youtube,eCYFx2JVwCw,,"2026-10-09 19:13",,https://www.youtube.com/watch?v=eCYFx2JVwCw
"C418 - Concrete Halls (Minecraft Volume Beta)",,,,youtube,DwXtbA64lHE,,"2026-10-09 19:13",,https://www.youtube.com/watch?v=DwXtbA64lHE
"Beginning 2","Daniel Rosenfeld",,,youtube,ZayVhzI8ANE,,"2026-10-09 19:13",,https://www.youtube.com/watch?v=ZayVhzI8ANE
"""Still Alive"" - The Theme Song from Mirror's Edge",,,,youtube,SzmUde_EK5Y,,"2026-10-09 19:13",,https://www.youtube.com/watch?v=SzmUde_EK5Y
"MONDO GROSSO / ラビリンス",,,,youtube,_2quiyHfJQw,,"2026-10-09 19:13",,https://www.youtube.com/watch?v=_2quiyHfJQw
"Yeah You",N.E.R.D.,,,youtube,2OHV0gnq7EE,,"2026-10-09 19:13",,https://www.youtube.com/watch?v=2OHV0gnq7EE
"Ninajirachi - Delete",,,,youtube,ifkJ3xffHM4,,"2026-10-09 19:13",,https://www.youtube.com/watch?v=ifkJ3xffHM4
"N.W.A. - Straight Outta Compton (Official Music Video)",,,,youtube,TMZi25Pq3T8,,"2026-10-09 19:13",,https://www.youtube.com/watch?v=TMZi25Pq3T8
"Just out of curiosity, which clubs did you geniuses pick to DJ? (Heaven NYC, October 31, 2022)",,,,youtube,PBuTPer_w9w,,"2026-10-09 19:13",,https://www.youtube.com/watch?v=PBuTPer_w9w
"Oliver Tree - Fuck [Official Music Video]",,,,youtube,H8QQHGupPrs,,"2026-10-09 19:13",,https://www.youtube.com/watch?v=H8QQHGupPrs
"Orgy - ''Blue Monday'' (Music Video) HD",,,,youtube,aJZTfl3DmCU,,"2026-10-09 19:13",,https://www.youtube.com/watch?v=aJZTfl3DmCU
21_questionable_breakbeats_180bpm,,,,youtube,v2jXcQmwm7Q,,"2026-10-09 19:13",,https://www.youtube.com/watch?v=v2jXcQmwm7Q
"Para One & Tacteel - Rome",,,,youtube,0RinVimSIc0,,"2026-10-09 19:13",,https://www.youtube.com/watch?v=0RinVimSIc0
"Pharrell Williams - Young Girl / I Really Like You (Ft. Jay-Z)",,,,youtube,5ERMRzjmNto,,"2026-10-09 19:13",,https://www.youtube.com/watch?v=5ERMRzjmNto
"Playboi Carti - R.I.P.",,,,youtube,GRoa6w-wnT4,,"2026-10-09 19:14",,https://www.youtube.com/watch?v=GRoa6w-wnT4
"The Presets - You Belong (Visualiser)",,,,youtube,D3japjsoXMU,,"2026-10-09 19:14",,https://www.youtube.com/watch?v=D3japjsoXMU
"Erotic City",Prince,,,youtube,KY4gnToCXa4,,"2026-10-09 19:14",,https://www.youtube.com/watch?v=KY4gnToCXa4
BATDANCE,,,,youtube,unbunk9MCbs,,"2026-10-09 19:14",,https://www.youtube.com/watch?v=unbunk9MCbs
"The Prodigy - Breathe (Official Video)",,,,youtube,6_PAHbqq-o4,,"2026-10-09 19:14",,https://www.youtube.com/watch?v=6_PAHbqq-o4
"Proux - Missing Love feat. Daniel En Test (Single Version) single 0043",,,,youtube,9YHQkuIfKrA,,"2026-10-09 19:14",,https://www.youtube.com/watch?v=9YHQkuIfKrA
"[Rhythm Heaven Fever] ~ Working Dough 2 (Perfect)",,,,youtube,5tLtxg5M2BI,,"2026-10-09 19:14",,https://www.youtube.com/watch?v=5tLtxg5M2BI
"Remix 9 (Beautiful One Day) - Rhythm Heaven Fever (ENG Version)",,,,youtube,sXTcvj253KY,,"2026-10-09 19:14",,https://www.youtube.com/watch?v=sXTcvj253KY
"Remix 9 (Beautiful One Day) - Rhythm Heaven Fever (ENG Version)",,,,youtube,sXTcvj253KY,,"2026-10-09 19:14",,https://www.youtube.com/watch?v=sXTcvj253KY
"Rihanna - S&M",,,,youtube,KdS6HFQ_LUc,,"2026-10-09 19:14",,https://www.youtube.com/watch?v=KdS6HFQ_LUc
"SebastiAn - Walkman (Official Audio)",,,,youtube,eC3SpVVrZ4E,,"2026-10-09 19:14",,https://www.youtube.com/watch?v=eC3SpVVrZ4E
"Six Sex - Performance Actitud (Pose)",,,,youtube,qzXq9MHFk0k,,"2026-10-09 19:14",,https://www.youtube.com/watch?v=qzXq9MHFk0k
"MONSTA - Holdin' On (Skrillex & Nero Remix)",,,,youtube,wpkeZ2kwpkM,,"2026-10-09 19:14",,https://www.youtube.com/watch?v=wpkeZ2kwpkM
"Snoop Dogg - Sensual Seduction (Official Music Video)",,,,youtube,Y1PVmANeyAg,,"2026-10-09 19:14",,https://www.youtube.com/watch?v=Y1PVmANeyAg
"Snow Strippers - Just Your Doll (Official Video)",,,,youtube,qduZx7rhYlI,,"2026-10-09 19:14",,https://www.youtube.com/watch?v=qduZx7rhYlI
"Sonic CD (JP) OST: Act Clear",,,,youtube,EgFKDfprVck,,"2026-10-09 19:14",,https://www.youtube.com/watch?v=EgFKDfprVck
"Metal Scratchin    Sonic Rush Music Extended [Music OST][Original Soundtrack]",,,,youtube,y8cp3QpZWtU,,"2026-10-09 19:14",,https://www.youtube.com/watch?v=y8cp3QpZWtU
"SOPHIE - BIPP (Official Stream)",,,,youtube,MVc3Z-bG6Eo,,"2026-10-09 19:14",,https://www.youtube.com/watch?v=MVc3Z-bG6Eo
"Sophie & Doss - L.O.V.E. Me Off Earth (A. G. Cook Mashup)",,,,youtube,V0QfH3jMa5Y,,"2026-10-09 19:14",,https://www.youtube.com/watch?v=V0QfH3jMa5Y
Compute,Soulwax,,,youtube,X9b5TN2VI9E,,"2026-10-09 19:14",,https://www.youtube.com/watch?v=X9b5TN2VI9E
Compute,Soulwax,,,youtube,X9b5TN2VI9E,,"2026-10-09 19:14",,https://www.youtube.com/watch?v=X9b5TN2VI9E
"Soulwax - Krack",,,,youtube,WfufrJcLwWs,,"2026-10-09 19:14",,https://www.youtube.com/watch?v=WfufrJcLwWs
"Calamari Inkantation - Splatoon (Extended)",,,,youtube,eJOizZWp-MY,,"2026-10-09 19:15",,https://www.youtube.com/watch?v=eJOizZWp-MY
"Calamari Inkantation - Splatoon (Extended)",,,,youtube,eJOizZWp-MY,,"2026-10-09 19:15",,https://www.youtube.com/watch?v=eJOizZWp-MY
"Splatoon OST - Octoling Rendezvous (Battle Beat) (w/ Final Checkpoint)",,,,youtube,gWqJJqb3uAE,,"2026-10-09 19:15",,https://www.youtube.com/watch?v=gWqJJqb3uAE
"♪ Spicy Calamari Inkantation ♫ [OLD] Caitlin Koi Music Video - Splatoon 2",,,,youtube,oyAi0qScNnk,,"2026-10-09 19:15",,https://www.youtube.com/watch?v=oyAi0qScNnk
"♪ Spicy Calamari Inkantation ♫ [OLD] Caitlin Koi Music Video - Splatoon 2",,,,youtube,oyAi0qScNnk,,"2026-10-09 19:15",,https://www.youtube.com/watch?v=oyAi0qScNnk
"Pop n Schlock - Splatoon 3 (EXTENDED)",,,,youtube,O9miIu-u-zQ,,"2026-10-09 19:15",,https://www.youtube.com/watch?v=O9miIu-u-zQ
"routine2 - Splatoon 3 : Side Order DLC Original Soundtrack",,,,youtube,CZqectxYUOI,,"2026-10-09 19:15",,https://www.youtube.com/watch?v=CZqectxYUOI
"Hope It Stays","Swami Sound",,,youtube,pWAdIFwIfBA,,"2026-10-09 19:15",,https://www.youtube.com/watch?v=pWAdIFwIfBA
"tracey brakes - wonderloud",,,,youtube,aCY4VWsP4m4,,"2026-10-09 19:15",,https://www.youtube.com/watch?v=aCY4VWsP4m4
"Travis Scott - SICKO MODE (Official Video) ft. Drake",,,,youtube,6ONRf7h3Mdk,,"2026-10-09 19:15",,https://www.youtube.com/watch?v=6ONRf7h3Mdk
"Travis Scott - lost forever (ft. Westside Gunn & James Blake) [EXTENDED VERSION]",,,,youtube,70AjT8cG6-g,,"2026-10-09 19:15",,https://www.youtube.com/watch?v=70AjT8cG6-g
"Ty Dolla $ign - Ego Death (feat. Kanye West, FKA twigs & Skrillex) [Official Visualizer]",,,,youtube,ik4USIChrkY,,"2026-10-09 19:15",,https://www.youtube.com/watch?v=ik4USIChrkY
"FUCKING YOUNG / PERFECT","Tyler, The Creator",,,youtube,fCSq2NKk9ng,,"2026-10-09 19:15",,https://www.youtube.com/watch?v=fCSq2NKk9ng
"Tyler, The Creator - I THINK (feat. Solange)",,,,youtube,crkYHUGHtZY,,"2026-10-09 19:15",,https://www.youtube.com/watch?v=crkYHUGHtZY
"MASSA (Audio)",,,,youtube,0vGz0bFutZs,,"2026-10-09 19:15",,https://www.youtube.com/watch?v=0vGz0bFutZs
"Come On, Let's Go","Tyler, The Creator",,,youtube,wddlkQXU8ww,,"2026-10-09 19:15",,https://www.youtube.com/watch?v=wddlkQXU8ww
"Tyler, The Creator - Sticky feat. GloRilla, Sexyy Red & Lil Wayne (Letra/Legendado)",,,,youtube,mKzg_ZdDSRc,,"2026-10-09 19:15",,https://www.youtube.com/watch?v=mKzg_ZdDSRc
"THAT GUY (Official Video)",,,,youtube,M0qiZHV4E3U,,"2026-10-09 19:15",,https://www.youtube.com/watch?v=M0qiZHV4E3U
"Uffie feat. Pharrell Williams - ADD SUV",,,,youtube,oMYeUkpYkIM,,"2026-10-09 19:15",,https://www.youtube.com/watch?v=oMYeUkpYkIM
"✡︎ Heart 2 [MILKFISH Remix for Bar Mitzvah] {180 beats per minute} ✡︎",,,,youtube,7QrzGJh15dM,,"2026-10-09 19:15",,https://www.youtube.com/watch?v=7QrzGJh15dM
"Victoria Monét, USHER - SOS (Sex on Sight) (feat. USHER) (Audio)",,,,youtube,NhXnW4iiglc,,"2026-10-09 19:15",,https://www.youtube.com/watch?v=NhXnW4iiglc
"Gët Busy [Official Music Video]",,,,youtube,bd5l5NtzoWc,,"2026-10-09 19:15",,https://www.youtube.com/watch?v=bd5l5NtzoWc
"Breathe [Official Audio]",,,,youtube,oXS8DxRYvbU,,"2026-10-09 19:15",,https://www.youtube.com/watch?v=oXS8DxRYvbU
"MAKE U 3 ME (OFFICIAL MUSIC VIDEO) - Alice Longyu Gao",,,,youtube,PyQI282tOOI,,"2026-10-09 19:16",,https://www.youtube.com/watch?v=PyQI282tOOI
"浜崎あゆみ / BLUE BIRD",,,,youtube,ZJVyorAFeqg,,"2026-10-09 19:16",,https://www.youtube.com/watch?v=ZJVyorAFeqg
"Birdy Nam Nam - Goin' in [Official Music Video]",,,,youtube,44xUwId9AgM,,"2026-10-09 19:16",,https://www.youtube.com/watch?v=44xUwId9AgM
"Blood Orange - Chewing Gum (feat. A$AP Rocky and Project Pat) (Official Video)",,,,youtube,Q0gG0DtbPcY,,"2026-10-09 19:16",,https://www.youtube.com/watch?v=Q0gG0DtbPcY
TEAM,BROCKHAMPTON,,,youtube,uOpgaOqJrEg,,"2026-10-09 19:16",,https://www.youtube.com/watch?v=uOpgaOqJrEg
"CYBERPUNK 2077 SOUNDTRACK - I REALLY WANT TO STAY AT YOUR HOUSE by Rosa Walton & Hallie Coggins",,,,youtube,gzbLODUb1sA,,"2026-10-09 19:16",,https://www.youtube.com/watch?v=gzbLODUb1sA
"deadmau5 - Brazil (Second Edit) (HQ)",,,,youtube,a2PM5iTlmRE,,"2026-10-09 19:16",,https://www.youtube.com/watch?v=a2PM5iTlmRE
"Fatboy Slim - Fucking In Heaven (Official Audio)",,,,youtube,XmKJOdRf_3s,,"2026-10-09 19:16",,https://www.youtube.com/watch?v=XmKJOdRf_3s
Lantern,Frij,,,youtube,GdqtPe3GQbU,,"2026-10-09 19:16",,https://www.youtube.com/watch?v=GdqtPe3GQbU
"Everyone's A V.I.P. To Someone","The Go! Team",,,youtube,7HOtWxosM_Y,,"2026-10-09 19:16",,https://www.youtube.com/watch?v=7HOtWxosM_Y
"Featurecast - Recipe for the Perfect Afro",,,,youtube,LZasvSbIlrM,,"2026-10-09 19:16",,https://www.youtube.com/watch?v=LZasvSbIlrM
"Kanye West - Jesus Lord pt 2 (Audio)",,,,youtube,HWzLbfkoztE,,"2026-10-09 19:16",,https://www.youtube.com/watch?v=HWzLbfkoztE
"Kids & Explosions - Swear Words",,,,youtube,uWnOnFCtWL4,,"2026-10-09 19:16",,https://www.youtube.com/watch?v=uWnOnFCtWL4
"Ladytron - Playgirl [Official Music Video]",,,,youtube,qMH6wljk4Xw,,"2026-10-09 19:16",,https://www.youtube.com/watch?v=qMH6wljk4Xw
"Lil Yachty - sAy sOMETHINg (Official Audio)",,,,youtube,I6cyvvQhNko,,"2026-10-09 19:16",,https://www.youtube.com/watch?v=I6cyvvQhNko
"I Just Had Sex (feat. Akon)",,,,youtube,lQlIhraqL7o,,"2026-10-09 19:16",,https://www.youtube.com/watch?v=lQlIhraqL7o
"LUNICE ------------ OPEN ft Yuki Dreams Again {ALBUM OUT NOW}",,,,youtube,F-2i4ZlLnZI,,"2026-10-09 19:16",,https://www.youtube.com/watch?v=F-2i4ZlLnZI
U.R.A.Q.T.,M.I.A.,,,youtube,FNe7jDYB_io,,"2026-10-09 19:16",,https://www.youtube.com/watch?v=FNe7jDYB_io
"C418 - Wait (Minecraft Volume Beta)",,,,youtube,sBl9qcaQos4,,"2026-10-09 19:16",,https://www.youtube.com/watch?v=sBl9qcaQos4
"SOPHIE - B Who I Want 2 B (feat. Namie Amuro and Hatsune Miku) (Himera Edit)",,,,youtube,HyK7dWCJs3s,,"2026-10-09 19:16",,https://www.youtube.com/watch?v=HyK7dWCJs3s
"Don't Worry About It (Edited)",N.E.R.D.,,,youtube,jReNhfp7lsk,,"2026-10-09 19:16",,https://www.youtube.com/watch?v=jReNhfp7lsk
"Multiplayer Results - New Super Mario Bros. Wii",,,,youtube,EmwODOAR8e0,,"2026-10-09 19:16",,https://www.youtube.com/watch?v=EmwODOAR8e0
"Try Again Theme - Rhythm Heaven Fever",,,,youtube,gM4rFDGVk7E,,"2026-10-09 19:16",,https://www.youtube.com/watch?v=gM4rFDGVk7E
"Introduction - Rhythm Heaven Fever",,,,youtube,0-zE9tXN33E,,"2026-10-09 19:17",,https://www.youtube.com/watch?v=0-zE9tXN33E
"Monkey Watch explained [Rhythm Heaven Fever]",,,,youtube,3-gHSov6hBU,,"2026-10-09 19:17",,https://www.youtube.com/watch?v=3-gHSov6hBU
"Game Select 2 - Rhythm Heaven",,,,youtube,Ynr7Fy4cbFM,,"2026-10-09 19:17",,https://www.youtube.com/watch?v=Ynr7Fy4cbFM
"SCRIPT - newwaytocope",,,,youtube,QJcqaSDwP9Y,,"2026-10-09 19:17",,https://www.youtube.com/watch?v=QJcqaSDwP9Y
"What U Need - Sonic Rush [OST]",,,,youtube,neN6N5tKTTU,,"2026-10-09 19:17",,https://www.youtube.com/watch?v=neN6N5tKTTU
"Splatoon 3 OST - Paintscraper [C-Side] (FULL VERSION) [15-MIN EXTENDED]",,,,youtube,UkTVdqFYcog,,"2026-10-09 19:17",,https://www.youtube.com/watch?v=UkTVdqFYcog
"Super Mario Sunshine - Pinna Park: Episode 2: The Beach Cannon's Secret",,,,youtube,PoeF0jJe3Lw,,"2026-10-09 19:17",,https://www.youtube.com/watch?v=PoeF0jJe3Lw
"BLOW MY LOAD","Tyler, The Creator",,,youtube,JWA7zR1fbSc,,"2026-10-09 19:17",,https://www.youtube.com/watch?v=JWA7zR1fbSc
"SEE YOU AGAIN featuring Kali Uchis",,,,youtube,TGgcC5xg9YI,,"2026-10-09 19:17",,https://www.youtube.com/watch?v=TGgcC5xg9YI
"HEAVEN TO ME",,,,youtube,wm_hfvgakcM,,"2026-10-09 19:17",,https://www.youtube.com/watch?v=wm_hfvgakcM
"Your favorite sidekick (feat. 8485)",,,,youtube,79Ll_65fbFg,,"2026-10-09 19:17",,https://www.youtube.com/watch?v=79Ll_65fbFg
"Tired Of Sex",Weezer,,,youtube,THDc2MAMwok,,"2026-10-09 19:17",,https://www.youtube.com/watch?v=THDc2MAMwok
"Memories Of Tokyo-To - 01 - Pump Up The Love [OFFICIAL]",,,,youtube,X5BRutwcgmw,,"2026-10-09 19:17",,https://www.youtube.com/watch?v=X5BRutwcgmw
"Memories Of Tokyo-To - 04 - Midnight In Tokyo-To (feat. Anton Corazza) [OFFICIAL]",,,,youtube,MMy5FXN50T4,,"2026-10-09 19:17",,https://www.youtube.com/watch?v=MMy5FXN50T4
"Memories Of Tokyo-To - 10 - Getaway [OFFICIAL]",,,,youtube,_X-7yWo1vXE,,"2026-10-09 19:17",,https://www.youtube.com/watch?v=_X-7yWo1vXE
"We Bring The BOOM! 💥",,,,youtube,btnZ-segFG0,,"2026-10-09 19:17",,https://www.youtube.com/watch?v=btnZ-segFG0
"Ali & Gipp - Go 'Head ft. Chocolate Tai",,,,youtube,YmJi0fYVVgc,,"2026-10-09 19:17",,https://www.youtube.com/watch?v=YmJi0fYVVgc
"Alison Wonderland - Happy Place",,,,youtube,_EUK9DrGhsU,,"2026-10-09 19:17",,https://www.youtube.com/watch?v=_EUK9DrGhsU
"NIAMOS! (Chandrilian Club Mix) (From ""Andor (Season 2)"")","Nicholas Britell",,,youtube,WxLBOwdTKjI,,"2026-10-09 19:17",,https://www.youtube.com/watch?v=WxLBOwdTKjI
"Aphex Twin - "" I "" 1 hour looped",,,,youtube,P3hK9WIKoTQ,,"2026-10-09 19:17",,https://www.youtube.com/watch?v=P3hK9WIKoTQ
Mother,Arca,,,youtube,2Cb89GTxW84,,"2026-10-09 19:17",,https://www.youtube.com/watch?v=2Cb89GTxW84
Sisters,Arca,,,youtube,HFaLdmbDyDI,,"2026-10-09 19:17",,https://www.youtube.com/watch?v=HFaLdmbDyDI
"Arcane: Season 2 | ""Paint The Town Blue"" | Music Video | Netflix",,,,youtube,pl2K9rvsS74,,"2026-10-09 19:18",,https://www.youtube.com/watch?v=pl2K9rvsS74
"[TRAD PT-BR] OTONABLUE [オトナブルー] – ATARASHII GAKKO! [新しい学校のリーダーズ]",,,,youtube,bAo6PG0uFpE,,"2026-10-09 19:18",,https://www.youtube.com/watch?v=bAo6PG0uFpE
"Baby Keem, Kendrick Lamar - range brothers (Official Audio)",,,,youtube,IkuBYRUwWdg,,"2026-10-09 19:18",,https://www.youtube.com/watch?v=IkuBYRUwWdg
"BEJALVIN  - FULL ALBUM",,,,youtube,WZd-X_ICjgU,,"2026-10-09 19:18",,https://www.youtube.com/watch?v=WZd-X_ICjgU
"Beyoncé - VIRGO'S GROOVE (Official Lyric Video)",,,,youtube,aD3HgrfjrAw,,"2026-10-09 19:18",,https://www.youtube.com/watch?v=aD3HgrfjrAw
"Billie Eilish - BITTERSUITE (Official Lyric Video)",,,,youtube,LmVw3u3SxoA,,"2026-10-09 19:18",,https://www.youtube.com/watch?v=LmVw3u3SxoA
"Billie Eilish - BLUE (first part only and extended)",,,,youtube,pWMhEX9wTbs,,"2026-10-09 19:18",,https://www.youtube.com/watch?v=pWMhEX9wTbs
"Ecco2k & bladee - Amygdala (Official Video)",,,,youtube,4An4oR035j8,,"2026-10-09 19:18",,https://www.youtube.com/watch?v=4An4oR035j8
"Bomb Rush Cyberfunk OST - Scraped On The Way Out",,,,youtube,eu2eZjT-vDI,,"2026-10-09 19:18",,https://www.youtube.com/watch?v=eu2eZjT-vDI
"Boys Noize-Jeffer (Para One Remix)",,,,youtube,m5sIY62LFqI,,"2026-10-09 19:18",,https://www.youtube.com/watch?v=m5sIY62LFqI
TEAM,BROCKHAMPTON,,,youtube,uOpgaOqJrEg,,"2026-10-09 19:18",,https://www.youtube.com/watch?v=uOpgaOqJrEg
"Big Pussy",BROCKHAMPTON,,,youtube,fjBIk9T3-Tc,,"2026-10-09 19:18",,https://www.youtube.com/watch?v=fjBIk9T3-Tc
"Stranger Think - C418",,,,youtube,a3wGYbq6_Mc,,"2026-10-09 19:18",,https://www.youtube.com/watch?v=a3wGYbq6_Mc
"Cassius - Cassius 1999 (Radio Edit) [Official Audio]",,,,youtube,NDesnOyWzL0,,"2026-10-09 19:18",,https://www.youtube.com/watch?v=NDesnOyWzL0
"Cash Cobain, Ice Spice, Bay Swag - Fisherrr (Remix)",,,,youtube,r9vPqobEs2s,,"2026-10-09 19:18",,https://www.youtube.com/watch?v=r9vPqobEs2s
"The Chemical Brothers - Elektrobank (Official Music Video)",,,,youtube,L0dxByaPWhM,,"2026-10-09 19:18",,https://www.youtube.com/watch?v=L0dxByaPWhM
"Clipse - Grindin' (Official HD Video)",,,,youtube,TjWAWcx4xdE,,"2026-10-09 19:18",,https://www.youtube.com/watch?v=TjWAWcx4xdE
"CORNELIUS - ""Count Five or Six"" - Yo Gabba Gabba!",,,,youtube,FDcouGIvDi4,,"2026-10-09 19:18",,https://www.youtube.com/watch?v=FDcouGIvDi4
"Crush 3D - The Basics Gameplay Tutorial",,,,youtube,mqzS_xRhJiA,,"2026-10-09 19:18",,https://www.youtube.com/watch?v=mqzS_xRhJiA
Endsong,"The Cure",,,youtube,gA5pg7DRLf4,,"2026-10-09 19:18",,https://www.youtube.com/watch?v=gA5pg7DRLf4
"TELO$ - Flacko Locko (Cyberpunk 2077 101.9 The Dirge)",,,,youtube,L1aYDBdrYPU,,"2026-10-09 19:18",,https://www.youtube.com/watch?v=L1aYDBdrYPU
"Beached Tarantula - I Will Follow (Cyberpunk 2077 107.3 Morro Rock Radio)",,,,youtube,zJ4x2AxX10w,,"2026-10-09 19:18",,https://www.youtube.com/watch?v=zJ4x2AxX10w
"drukhari webway path",Release,,,youtube,tMSgzYQGFkI,,"2026-10-09 19:18",,https://www.youtube.com/watch?v=tMSgzYQGFkI
"Deez Nuts! [Trap Remix]",,,,youtube,Fb9_yYYRi5g,,"2026-10-09 19:19",,https://www.youtube.com/watch?v=Fb9_yYYRi5g
"Duck Eat Duck World","Destroy Boys",,,youtube,vUUV5y8Qm6U,,"2026-10-09 19:19",,https://www.youtube.com/watch?v=vUUV5y8Qm6U
"Digitalism - Zdarlight / I Want I Want [Live]",,,,youtube,vDxCFzGE4hU,,"2026-10-09 19:19",,https://www.youtube.com/watch?v=vDxCFzGE4hU
"Doja Cat - Streets (Official Video)",,,,youtube,jJdlgKzVsnI,,"2026-10-09 19:19",,https://www.youtube.com/watch?v=jJdlgKzVsnI
"When the Music's Over","The Doors",,,youtube,nOJSmXSFCWk,,"2026-10-09 19:19",,https://www.youtube.com/watch?v=nOJSmXSFCWk
"Drake - First Person Shooter (2nd Part Only) (Looped)",,,,youtube,5Xi0ShMY1Qg,,"2026-10-09 19:19",,https://www.youtube.com/watch?v=5Xi0ShMY1Qg
"Drake - FAMILY MATTERS (last part only)",,,,youtube,Zezj9bhyCfc,,"2026-10-09 19:19",,https://www.youtube.com/watch?v=Zezj9bhyCfc
"Ducky - Tru",,,,youtube,QrjpmPq836M,,"2026-10-09 19:19",,https://www.youtube.com/watch?v=QrjpmPq836M
"Empire Of The Sun - We Are The People (Official Music Video)",,,,youtube,hN5X4kGhAtU,,"2026-10-09 19:19",,https://www.youtube.com/watch?v=hN5X4kGhAtU
"We Are The People (Wawa Club Remix)","Empire Of The Sun",,,youtube,e-PctlZuZJ8,,"2026-10-09 19:19",,https://www.youtube.com/watch?v=e-PctlZuZJ8
"TheFatRat - Unity",,,,youtube,n8X9_MgEdCg,,"2026-10-09 19:19",,https://www.youtube.com/watch?v=n8X9_MgEdCg
"Fez - Original Game Soundtrack - Pressure [HD]",,,,youtube,aw8W2mYhAMA,,"2026-10-09 19:19",,https://www.youtube.com/watch?v=aw8W2mYhAMA
"FKA twigs - Striptease",,,,youtube,wZ2njttY3BA,,"2026-10-09 19:19",,https://www.youtube.com/watch?v=wZ2njttY3BA
"Fortnite | Flickering Flame Lobby Music (C5S1 Battle Pass)",,,,youtube,Vej83fO9two,,"2026-10-09 19:19",,https://www.youtube.com/watch?v=Vej83fO9two
"Fortnite | You're All Mine Lobby Music (C5S2 Battle Pass)",,,,youtube,GYdE9EanQ6A,,"2026-10-09 19:19",,https://www.youtube.com/watch?v=GYdE9EanQ6A
"Fortnite | The Hunting Ground Lobby Music (C5S2 Battle Pass)",,,,youtube,xpfcbBorXUs,,"2026-10-09 19:19",,https://www.youtube.com/watch?v=xpfcbBorXUs
"Fortnite | Fire And Steel Lobby Music (C5S3 Battle Pass)",,,,youtube,ytLdUzk05_k,,"2026-10-09 19:19",,https://www.youtube.com/watch?v=ytLdUzk05_k
"Chopin - Prelude in E Minor (Op. 28 No. 4)",,,,youtube,CU9RgI9j7Do,,"2026-10-09 19:19",,https://www.youtube.com/watch?v=CU9RgI9j7Do
"The Fresh Prince Of Bel Air Theme Song (Full)",,,,youtube,1nCqRmx3Dnw,,"2026-10-09 19:19",,https://www.youtube.com/watch?v=1nCqRmx3Dnw
"Guns - Friday Night Funkin' OST",,,,youtube,K5lp8aAoT1g,,"2026-10-09 19:19",,https://www.youtube.com/watch?v=K5lp8aAoT1g
"Frost Children - MAYFLY (ft. Gary Wilson) (Official Video)",,,,youtube,Ycpe35pugoU,,"2026-10-09 19:19",,https://www.youtube.com/watch?v=Ycpe35pugoU
"Don't Wanna / Let's Do It (Thorpey Remix)",GFOTY,,,youtube,wdsLTwNcIRg,,"2026-10-09 19:19",,https://www.youtube.com/watch?v=wdsLTwNcIRg
"GTA - Help Me! (Audio Only)",,,,youtube,TKd4GKi2olk,,"2026-10-09 19:19",,https://www.youtube.com/watch?v=TKd4GKi2olk
"Gorillaz - Every Planet We Reach - Demon Days",,,,youtube,eevt2glBfMg,,"2026-10-09 19:20",,https://www.youtube.com/watch?v=eevt2glBfMg
"Gorillaz - Cloud of Unknowing - Plastic Beach",,,,youtube,h7H73jpgX3U,,"2026-10-09 19:20",,https://www.youtube.com/watch?v=h7H73jpgX3U
"Side By Side",GRRL,,,youtube,qrclnbuVoCI,,"2026-10-09 19:20",,https://www.youtube.com/watch?v=qrclnbuVoCI
"Halo Theme Song Original",,,,youtube,0jXTBAGv9ZQ,,"2026-10-09 19:20",,https://www.youtube.com/watch?v=0jXTBAGv9ZQ
"Headman - Catch me if you can (Bag Raiders Remix)",,,,youtube,Op-WkwukhoQ,,"2026-10-09 19:20",,https://www.youtube.com/watch?v=Op-WkwukhoQ
"宇多田ヒカル - traveling",,,,youtube,tuyZ9f6mHZk,,"2026-10-09 19:20",,https://www.youtube.com/watch?v=tuyZ9f6mHZk
"宇多田ヒカル - traveling (Live)",,,,youtube,hy8ru3CgPeE,,"2026-10-09 19:20",,https://www.youtube.com/watch?v=hy8ru3CgPeE
"宇多田ヒカル - Can You Keep A Secret?",,,,youtube,SRQbQ_nd4fc,,"2026-10-09 19:20",,https://www.youtube.com/watch?v=SRQbQ_nd4fc
"HOME - Decay",,,,youtube,N2SW_MWBa6w,,"2026-10-09 19:20",,https://www.youtube.com/watch?v=N2SW_MWBa6w
"iamamiwhoami; y",,,,youtube,LEoGQU_k78k,,"2026-10-09 19:20",,https://www.youtube.com/watch?v=LEoGQU_k78k
"IC3PEAK - Смерти Больше Нет",,,,youtube,MBG3Gdt5OGs,,"2026-10-09 19:20",,https://www.youtube.com/watch?v=MBG3Gdt5OGs
"inabakumori - Lagtrain (Vo. Kaai Yuki) [ENG SUB]",,,,youtube,K76VQNtmJVs,,"2026-10-09 19:20",,https://www.youtube.com/watch?v=K76VQNtmJVs
"Jamie xx - Waited All Night (ft. Romy & Oliver Sim)",,,,youtube,EmvUY_RgsG0,,"2026-10-09 19:20",,https://www.youtube.com/watch?v=EmvUY_RgsG0
"The Name's Bond... James Bond | Casino Royale (Original Motion Picture Soundtrack)",,,,youtube,CDwwXiE_VKw,,"2026-10-09 19:20",,https://www.youtube.com/watch?v=CDwwXiE_VKw
"Jet Set Radio Future - Birthday Cake",,,,youtube,dLz3ia7TFqM,,"2026-10-09 19:20",,https://www.youtube.com/watch?v=dLz3ia7TFqM
"JEWELSSEA — Shawty Gonna Let Me Electro",,,,youtube,e-iPxeDx0SE,,"2026-10-09 19:20",,https://www.youtube.com/watch?v=e-iPxeDx0SE
"JID - 151 Rum (Audio)",,,,youtube,k_TbOH8iE4U,,"2026-10-09 19:20",,https://www.youtube.com/watch?v=k_TbOH8iE4U
"JoJo's Bizarre Adventure - Ending 1 [4K 60FPS | Creditless | CC]",,,,youtube,DdGEcJnyVsU,,"2026-10-09 19:20",,https://www.youtube.com/watch?v=DdGEcJnyVsU
"JoJo's Bizarre Adventure - Opening 5 v1 [4K 60FPS | Creditless | CC]",,,,youtube,AQ3oyp4D6FY,,"2026-10-09 19:20",,https://www.youtube.com/watch?v=AQ3oyp4D6FY
"JoJo's Bizarre Adventure: Stone Ocean - OP || Opening 1 v2 [HD]",,,,youtube,9l5VL-JM_Ws,,"2026-10-09 19:20",,https://www.youtube.com/watch?v=9l5VL-JM_Ws
"Antonio Rios - Nunca me Faltes (Video Oficial)",,,,youtube,Du1UJyRwmts,,"2026-10-09 19:20",,https://www.youtube.com/watch?v=Du1UJyRwmts
"Justice - D.A.N.C.E. (Jackson Remix) [Official Audio]",,,,youtube,p3LFsKf0SzQ,,"2026-10-09 19:20",,https://www.youtube.com/watch?v=p3LFsKf0SzQ
"Justice - Audio, Video, Disco. (Official Video)",,,,youtube,lqBhgEQ4LT0,,"2026-10-09 19:20",,https://www.youtube.com/watch?v=lqBhgEQ4LT0
"Justice - Audio, Video, Disco. (Para One Remix) [Official Audio]",,,,youtube,4oXpQ8iDwv0,,"2026-10-09 19:20",,https://www.youtube.com/watch?v=4oXpQ8iDwv0
"Justice - Audio, Video, Disco. (Mickey Moonlight Remix) [Official Audio]",,,,youtube,IZ0ZoNT92nw,,"2026-10-09 19:21",,https://www.youtube.com/watch?v=IZ0ZoNT92nw
"Justin Bieber - E.T.A. (Nature Visual)",,,,youtube,TiK7QtIHy_Y,,"2026-10-09 19:21",,https://www.youtube.com/watch?v=TiK7QtIHy_Y
"Justin Timberlake - Let Me Talk To You/My Love ft. T.I.",,,,youtube,xjpe7EGyiw8,,"2026-10-09 19:21",,https://www.youtube.com/watch?v=xjpe7EGyiw8
"Justin Timberlake - My Love",,,,youtube,FqP3-_F0YTs,,"2026-10-09 19:21",,https://www.youtube.com/watch?v=FqP3-_F0YTs
"Kane West-Good Price (Amazon AMV)",,,,youtube,sSnJo5i9vaA,,"2026-10-09 19:21",,https://www.youtube.com/watch?v=sSnJo5i9vaA
PABLO,DONDA,,,youtube,AgsP9jrL7LY,,"2026-10-09 19:21",,https://www.youtube.com/watch?v=AgsP9jrL7LY
"Katamari Fortissimo Damacy - 17 - Lovely Angel",,,,youtube,NHzuFpLwnTk,,"2026-10-09 19:21",,https://www.youtube.com/watch?v=NHzuFpLwnTk
"XXX ft. U2 - Kendrick Lamar (DAMN)",,,,youtube,dgH-wjP1JPc,,"2026-10-09 19:21",,https://www.youtube.com/watch?v=dgH-wjP1JPc
"Kendrick Lamar  - The Heart Part 4 Lyrics",,,,youtube,VEohspvhmps,,"2026-10-09 19:21",,https://www.youtube.com/watch?v=VEohspvhmps
BLANKET,,,,youtube,J0cZQVzWFGY,,"2026-10-09 19:21",,https://www.youtube.com/watch?v=J0cZQVzWFGY
"Battle Without Honor Or Humanity",Hotei,,,youtube,RVNMZA6lbT8,,"2026-10-09 19:21",,https://www.youtube.com/watch?v=RVNMZA6lbT8
"thatboykwame - schleep. (Official Video)",,,,youtube,V0jPar6X_nY,,"2026-10-09 19:21",,https://www.youtube.com/watch?v=V0jPar6X_nY
"Forest Temple - The Legend of Zelda: Ocarina Of Time",,,,youtube,c_G7Haf1aOI,,"2026-10-09 19:21",,https://www.youtube.com/watch?v=c_G7Haf1aOI
"leroy - bluuuueeeee",,,,youtube,0c-JMAldcAU,,"2026-10-09 19:21",,https://www.youtube.com/watch?v=0c-JMAldcAU
"WthᐳYou/Chairman Hahn Reanimation) [feat. Aceyalone] - Linkin Park",,,,youtube,8-ouJoegRMQ,,"2026-10-09 19:21",,https://www.youtube.com/watch?v=8-ouJoegRMQ
"Linkin Park - Drawing (""Breaking The Habit"" Demo 2002)",,,,youtube,4bsLKcGyjIk,,"2026-10-09 19:21",,https://www.youtube.com/watch?v=4bsLKcGyjIk
"Little Mix - Wings (Official Video)",,,,youtube,cOQDsmEqVt8,,"2026-10-09 19:21",,https://www.youtube.com/watch?v=cOQDsmEqVt8
"Little Mix - Power (Official Video) ft. Stormzy",,,,youtube,Dw8B1q1tKgs,,"2026-10-09 19:21",,https://www.youtube.com/watch?v=Dw8B1q1tKgs
"LOONA 4K Collection - ViViD (HeeJin) 60fps",,,,youtube,3FS6-FdhPII,,"2026-10-09 19:21",,https://www.youtube.com/watch?v=3FS6-FdhPII
"Dash the Curry (Skit)",M.I.A.,,,youtube,mnEYNerEmvc,,"2026-10-09 19:21",,https://www.youtube.com/watch?v=mnEYNerEmvc
"M.I.A. - XXXO",,,,youtube,sfbQ5mHWkOs,,"2026-10-09 19:21",,https://www.youtube.com/watch?v=sfbQ5mHWkOs
"Machine Girl - Electric Toothbrush (NØ!Z3†∆NKZMIX)",,,,youtube,6A9pCKCous8,,"2026-10-09 19:21",,https://www.youtube.com/watch?v=6A9pCKCous8
"Mario Kart 8 Deluxe - DS Waluigi Pinball/DS Wario Stadium Extended",,,,youtube,DWFtJc9KGlE,,"2026-10-09 19:21",,https://www.youtube.com/watch?v=DWFtJc9KGlE
"Medcab - Im a Man (Original Mix)",,,,youtube,fhbpC2DKhMg,,"2026-10-09 19:22",,https://www.youtube.com/watch?v=fhbpC2DKhMg
"Medcab - Im a Man (Original Mix)",,,,youtube,fhbpC2DKhMg,,"2026-10-09 19:22",,https://www.youtube.com/watch?v=fhbpC2DKhMg
"The Roof (feat. The Young Punx)",Release,,,youtube,BqYts5tepwM,,"2026-10-09 19:22",,https://www.youtube.com/watch?v=BqYts5tepwM
"Megan Thee Stallion - B.I.T.C.H. [Official Video]",,,,youtube,BF8TE5qsOCs,,"2026-10-09 19:22",,https://www.youtube.com/watch?v=BF8TE5qsOCs
"Megan Thee Stallion - Thot Shit [Official Video]",,,,youtube,KynkMn5Hv3Q,,"2026-10-09 19:22",,https://www.youtube.com/watch?v=KynkMn5Hv3Q
"Merlyn Wood and CONNIE - S.Y.K.",,,,youtube,xMbD1q5I2uY,,"2026-10-09 19:22",,https://www.youtube.com/watch?v=xMbD1q5I2uY
"MIA BIRDFLU",,,,youtube,6Kq16GAuNcg,,"2026-10-09 19:22",,https://www.youtube.com/watch?v=6Kq16GAuNcg
"World Town",M.I.A.,,,youtube,88CWS4vZ9p0,,"2026-10-09 19:22",,https://www.youtube.com/watch?v=88CWS4vZ9p0
"STEPPIN UP",M.I.A.,,,youtube,Gd7LFLhHE7U,,"2026-10-09 19:22",,https://www.youtube.com/watch?v=Gd7LFLhHE7U
"CAPS LOCK",M.I.A.,,,youtube,RC2ZzENp6Tg,,"2026-10-09 19:22",,https://www.youtube.com/watch?v=RC2ZzENp6Tg
"C418 - Moog City - Minecraft Volume Alpha",,,,youtube,wnHy42Zh14Y,,"2026-10-09 19:22",,https://www.youtube.com/watch?v=wnHy42Zh14Y
"C418 - Clark - Minecraft Volume Alpha",,,,youtube,UhWjWdlnmEw,,"2026-10-09 19:22",,https://www.youtube.com/watch?v=UhWjWdlnmEw
"Minecraft Volume Alpha - 17 - Excuse",,,,youtube,dx_rYqJ5hNQ,,"2026-10-09 19:22",,https://www.youtube.com/watch?v=dx_rYqJ5hNQ
"C418 - Moog City 2 (Minecraft Volume Beta)",,,,youtube,C8df2pbOX6g,,"2026-10-09 19:22",,https://www.youtube.com/watch?v=C8df2pbOX6g
"C418 - Aria Math (Minecraft Volume Beta)",,,,youtube,atgjKEgSqSU,,"2026-10-09 19:22",,https://www.youtube.com/watch?v=atgjKEgSqSU
"Nadastrom & Skrillex - !!!",,,,youtube,sEMepHQ0UMc,,"2026-10-09 19:22",,https://www.youtube.com/watch?v=sEMepHQ0UMc
"Hot Male","Nadia Oh",,,youtube,TeSBp3G_Mx8,,"2026-10-09 19:22",,https://www.youtube.com/watch?v=TeSBp3G_Mx8
"N E R D - Lapdance (HQ)",,,,youtube,eR_5yeJI4L0,,"2026-10-09 19:22",,https://www.youtube.com/watch?v=eR_5yeJI4L0
"Lil' Suzy",N.E.R.D.,,,youtube,9X4_jLAJpBg,,"2026-10-09 19:22",,https://www.youtube.com/watch?v=9X4_jLAJpBg
"N.E.R.D. - Things are Getting Better",,,,youtube,KzPLPb8QuuM,,"2026-10-09 19:22",,https://www.youtube.com/watch?v=KzPLPb8QuuM
Brain,N.E.R.D.,,,youtube,MOaYGoKaeoU,,"2026-10-09 19:22",,https://www.youtube.com/watch?v=MOaYGoKaeoU
Provider,N.E.R.D.,,,youtube,ZmSpFCwxlSc,,"2026-10-09 19:22",,https://www.youtube.com/watch?v=ZmSpFCwxlSc
"N*E*R*D - Provider (Official Music Video)",,,,youtube,OLDsnr6HtC8,,"2026-10-09 19:22",,https://www.youtube.com/watch?v=OLDsnr6HtC8
"Am I High - N.E.R.D ft. Malice (Bass & Drum Cover)",,,,youtube,UMjqGbh5otY,,"2026-10-09 19:23",,https://www.youtube.com/watch?v=UMjqGbh5otY
"N.E.R.D. - Rock Star",,,,youtube,qh9WuPzOjlI,,"2026-10-09 19:23",,https://www.youtube.com/watch?v=qh9WuPzOjlI
"N.E.R.D - Rockstar (Jason Nevins Remix)",,,,youtube,1Mq3jKAoSLc,,"2026-10-09 19:23",,https://www.youtube.com/watch?v=1Mq3jKAoSLc
"Bobby James",N.E.R.D.,,,youtube,tVLgZXHUKh4,,"2026-10-09 19:23",,https://www.youtube.com/watch?v=tVLgZXHUKh4
"Fly Or Die",N.E.R.D.,,,youtube,VcHTdQtKH3c,,"2026-10-09 19:23",,https://www.youtube.com/watch?v=VcHTdQtKH3c
Jump,N.E.R.D.,,,youtube,YqBisXL0-wM,,"2026-10-09 19:23",,https://www.youtube.com/watch?v=YqBisXL0-wM
"N.E.R.D. - She Wants To Move",,,,youtube,mXC3h95PtDY,,"2026-10-09 19:23",,https://www.youtube.com/watch?v=mXC3h95PtDY
"She Wants To Move (Basement Jaxx Main Mix)",N.E.R.D.,,,youtube,AqH5q8SNMu0,,"2026-10-09 19:23",,https://www.youtube.com/watch?v=AqH5q8SNMu0
"N.E.R.D - She Wants to Move (Mac & Toolz Remix)",,,,youtube,G_MsEeaRfho,,"2026-10-09 19:23",,https://www.youtube.com/watch?v=G_MsEeaRfho
Thrasher,N.E.R.D.,,,youtube,FS2ZVIp_hGI,,"2026-10-09 19:23",,https://www.youtube.com/watch?v=FS2ZVIp_hGI
"N.E.R.D. - Maybe",,,,youtube,UE07GZAJuaM,,"2026-10-09 19:23",,https://www.youtube.com/watch?v=UE07GZAJuaM
"Kill Joy",N.E.R.D.,,,youtube,k8xtInX1zZQ,,"2026-10-09 19:23",,https://www.youtube.com/watch?v=k8xtInX1zZQ
"N.E.R.D. - Hot-n-Fun (Official Music Video) ft. Nelly Furtado",,,,youtube,F6ZfA5QZDHY,,"2026-10-09 19:23",,https://www.youtube.com/watch?v=F6ZfA5QZDHY
"Tower - New Super Mario Bros. Wii Music",,,,youtube,_c0E9IMWzwE,,"2026-10-09 19:23",,https://www.youtube.com/watch?v=_c0E9IMWzwE
"Nine Inch Nails - Sanctified (VEVO Presents)",,,,youtube,CXBiYFoHsOg,,"2026-10-09 19:23",,https://www.youtube.com/watch?v=CXBiYFoHsOg
"Nine Inch Nails - Starsuckers, Inc.",,,,youtube,omWQzYycyJk,,"2026-10-09 19:23",,https://www.youtube.com/watch?v=omWQzYycyJk
"Odd Future - ""Oldie""",,,,youtube,fzi24Nssiow,,"2026-10-09 19:23",,https://www.youtube.com/watch?v=fzi24Nssiow
"Ollie King OST - Let It Go - Hideki Naganuma",,,,youtube,yLSD8SMfE4U,,"2026-10-09 19:23",,https://www.youtube.com/watch?v=yLSD8SMfE4U
"My Favorite Things",OutKast,,,youtube,fiAzWg2yq9M,,"2026-10-09 19:23",,https://www.youtube.com/watch?v=fiAzWg2yq9M
Alleycat,"ATLUS Sound Team",,,youtube,T-D-KzkSQEE,,"2026-10-09 19:23",,https://www.youtube.com/watch?v=T-D-KzkSQEE
"You Can Do It Too",Pharrell,,,youtube,8B0R2sDJlL4,,"2026-10-09 19:23",,https://www.youtube.com/watch?v=8B0R2sDJlL4
"Show You How To Hustle",Pharrell,,,youtube,6SkJXiKeq7U,,"2026-10-09 19:23",,https://www.youtube.com/watch?v=6SkJXiKeq7U
"Anti-piracy Ad - Piracy. It's a Crime",,,,youtube,_FtE0S-IyY0,,"2026-10-09 19:23",,https://www.youtube.com/watch?v=_FtE0S-IyY0
"P.O.D. - Boom (Official Music Video) [HD]",,,,youtube,lYHA_7vxrgc,,"2026-10-09 19:24",,https://www.youtube.com/watch?v=lYHA_7vxrgc
"Complete History and Lore of Pokemon Trainer Red",,,,youtube,8Sr2mWICS5c,,"2026-10-09 19:24",,https://www.youtube.com/watch?v=8Sr2mWICS5c
"Pokemon Blue/Red - Silph Co.",,,,youtube,9GOhUE-D9bg,,"2026-10-09 19:24",,https://www.youtube.com/watch?v=9GOhUE-D9bg
"Pokémon Mansion Walkthrough - Pokémon FireRed/LeafGreen",,,,youtube,rNNQS-HJAT0,,"2026-10-09 19:24",,https://www.youtube.com/watch?v=rNNQS-HJAT0
"The Murder","Bernard Herrmann",,,youtube,gcQVMhL-PgY,,"2026-10-09 19:24",,https://www.youtube.com/watch?v=gcQVMhL-PgY
"Quad City DJ's - Brand New Jam (Unused/Unreleased Space Jam 2 Theme) (Preview)",,,,youtube,QGFPuEpEi58,,"2026-10-09 19:24",,https://www.youtube.com/watch?v=QGFPuEpEi58
"R.E.M. - The One I Love (Official Music Video)",,,,youtube,j7oQEPfe-O8,,"2026-10-09 19:24",,https://www.youtube.com/watch?v=j7oQEPfe-O8
"Radd Episode 18 | Digitally Presented by Happilac Paints (Eng Sub) 6 June 2024 | ARY Digital",,,,youtube,xIUMdTCrxYo,,"2026-10-09 19:24",,https://www.youtube.com/watch?v=xIUMdTCrxYo
"REI AMI - DICTATOR (Official Music Video)",,,,youtube,dhjiRQPJhgQ,,"2026-10-09 19:24",,https://www.youtube.com/watch?v=dhjiRQPJhgQ
"Are You Gonna Eat That? (Song)",,,,youtube,agvt2eX-LZM,,"2026-10-09 19:24",,https://www.youtube.com/watch?v=agvt2eX-LZM
"[Rhythm Heaven Fever] ~ Remix 5 (Perfect)",,,,youtube,058_4MiEXcc,,"2026-10-09 19:24",,https://www.youtube.com/watch?v=058_4MiEXcc
"Rhythm Fighter - Rhythm Heaven Fever",,,,youtube,ByHFrnQyzDs,,"2026-10-09 19:24",,https://www.youtube.com/watch?v=ByHFrnQyzDs
"Police Call (Investigation) - Rhythm Heaven Fever",,,,youtube,hq54VvLoAvk,,"2026-10-09 19:24",,https://www.youtube.com/watch?v=hq54VvLoAvk
"Rico Nasty - TEETHSUCKER (YEA3X) [Official Music Video]",,,,youtube,Xydmu4mbuzI,,"2026-10-09 19:24",,https://www.youtube.com/watch?v=Xydmu4mbuzI
"ROSALÍA, Chencho Corleone - CANDY (Remix - Official Audio)",,,,youtube,bgOGGkhdgog,,"2026-10-09 19:24",,https://www.youtube.com/watch?v=bgOGGkhdgog
"SAMI FEAT LIL LANO - MARY JANE ( OFFICAL VIDEO )",,,,youtube,6xQhV1xGgKg,,"2026-10-09 19:24",,https://www.youtube.com/watch?v=6xQhV1xGgKg
"Sean Paul - She Doesn't Mind (Official Video)",,,,youtube,SbUBMklQSVU,,"2026-10-09 19:24",,https://www.youtube.com/watch?v=SbUBMklQSVU
"Shygirl - mr useless (ft. SG Lewis) [official audio]",,,,youtube,kliUoRjylkQ,,"2026-10-09 19:24",,https://www.youtube.com/watch?v=kliUoRjylkQ
"WEEKENDS!!! (feat. Sirah)",,,,youtube,6ngYQcxBjmU,,"2026-10-09 19:24",,https://www.youtube.com/watch?v=6ngYQcxBjmU
"Skrillex, Noisia, josh pan & Dylan Brady - Supersonic (My Existence) [Official Audio]",,,,youtube,U41bONK2V-U,,"2026-10-09 19:24",,https://www.youtube.com/watch?v=U41bONK2V-U
"Skrillex, Missy Elliott, & Mr. Oizo - RATATA [Official Visualizer]",,,,youtube,xkejbXejA-0,,"2026-10-09 19:24",,https://www.youtube.com/watch?v=xkejbXejA-0
"Sonic 3 And Knuckles Final Boss + Good Ending As Sonic HD.",,,,youtube,SKJ1uhmz6Jk,,"2026-10-09 19:24",,https://www.youtube.com/watch?v=SKJ1uhmz6Jk
"Fist Bump","Douglas Robb from Hoobastank",,,youtube,eCkWlRL3_N0,,"2026-10-09 19:24",,https://www.youtube.com/watch?v=eCkWlRL3_N0
"S.O.U.L. S.Y.S.T.E.M. - It's Gonna Be A Lovely Day (Official Video)",,,,youtube,wtQ6ca4mL7I,,"2026-10-09 19:25",,https://www.youtube.com/watch?v=wtQ6ca4mL7I
"In-Depth Inkopolis Square Tour - Splatoon 2 Splatfest Demo",,,,youtube,JrKngpVDUXk,,"2026-10-09 19:25",,https://www.youtube.com/watch?v=JrKngpVDUXk
"In-Depth Inkopolis Square Tour - Splatoon 2 Splatfest Demo",,,,youtube,JrKngpVDUXk,,"2026-10-09 19:25",,https://www.youtube.com/watch?v=JrKngpVDUXk
"Splatoon 2 (OST) Off The Hook: “Ebb And Flow” (EXTENDED)",,,,youtube,HE_SDAJ5UWs,,"2026-10-09 19:25",,https://www.youtube.com/watch?v=HE_SDAJ5UWs
"Octarmaments - [Turquoise October]",,,,youtube,aZhVxmNoFV0,,"2026-10-09 19:25",,https://www.youtube.com/watch?v=aZhVxmNoFV0
"Octarmaments - [Turquoise October]",,,,youtube,aZhVxmNoFV0,,"2026-10-09 19:25",,https://www.youtube.com/watch?v=aZhVxmNoFV0
"What Not to do in Hero Mode - Splatoon 2",,,,youtube,Cn7bXrrSkU4,,"2026-10-09 19:25",,https://www.youtube.com/watch?v=Cn7bXrrSkU4
"♪ Fly Octo Fly ~ Ebb & Flow ♫ [OLD] Caitlin Koi Music Video - Splatoon 2 Octo Expansion",,,,youtube,PQCtUWsJPcE,,"2026-10-09 19:25",,https://www.youtube.com/watch?v=PQCtUWsJPcE
"Blop bop - Splatoon 3 OST",,,,youtube,YUSe3CO58-M,,"2026-10-09 19:25",,https://www.youtube.com/watch?v=YUSe3CO58-M
"Splatoon 3 OST - Seep & Destroy Extended",,,,youtube,CqY9CHDn8qs,,"2026-10-09 19:25",,https://www.youtube.com/watch?v=CqY9CHDn8qs
"Splatoon 3: Vs Mr. Grizz (Final Boss Battle)",,,,youtube,DusFYO9ToJk,,"2026-10-09 19:25",,https://www.youtube.com/watch?v=DusFYO9ToJk
"♪ Ebb & Flow (Out of Order) ~ Spectrum Obligato 🎵 Caitlin Koi Lyric Video - Splatoon 3",,,,youtube,PN67c5ZUhIE,,"2026-10-09 19:25",,https://www.youtube.com/watch?v=PN67c5ZUhIE
"The Stanley Parable: Ultra Deluxe | FULL GAME",,,,youtube,F8E3II0CYGY,,"2026-10-09 19:25",,https://www.youtube.com/watch?v=F8E3II0CYGY
"The Sugar Hill Gang - Rapper's Delight ( HQ, Full Version )",,,,youtube,rKTUAESacQM,,"2026-10-09 19:25",,https://www.youtube.com/watch?v=rKTUAESacQM
"Super Mario 64 Soundtrack - Lethal Lava Land",,,,youtube,vthq62tj5XI,,"2026-10-09 19:25",,https://www.youtube.com/watch?v=vthq62tj5XI
"Race Fanfare - Super Mario Sunshine Original Soundtrack",,,,youtube,L1Xgt85vq-A,,"2026-10-09 19:25",,https://www.youtube.com/watch?v=L1Xgt85vq-A
"Teenage Bad Girl - Intro",,,,youtube,dbIwFgIykSw,,"2026-10-09 19:25",,https://www.youtube.com/watch?v=dbIwFgIykSw
"Fuckin' Frog","Teenage Bad Girl",,,youtube,FNBqoTSaKQU,,"2026-10-09 19:25",,https://www.youtube.com/watch?v=FNBqoTSaKQU
"Team Fortress 2","Valve Studio Orchestra",,,youtube,rEaWZ2DDJ8k,,"2026-10-09 19:25",,https://www.youtube.com/watch?v=rEaWZ2DDJ8k
"Travis Scott - Stargazing ( 2nd part , SECOND PART ONLY)",,,,youtube,cZ6P966q_cg,,"2026-10-09 19:25",,https://www.youtube.com/watch?v=cZ6P966q_cg
"TwerkNation28 - season 8 (2023)",,,,youtube,X-PlVSvSsnI,,"2026-10-09 19:25",,https://www.youtube.com/watch?v=X-PlVSvSsnI
RUN,"Tyler, The Creator",,,youtube,8XjvfD_FwYA,,"2026-10-09 19:25",,https://www.youtube.com/watch?v=8XjvfD_FwYA
"PEACH FUZZ",,,,youtube,dlG-1sQfEyE,,"2026-10-09 19:25",,https://www.youtube.com/watch?v=dlG-1sQfEyE
"TYLER, THE CREATOR - MASSA (INTRO LOOP)",,,,youtube,5qiQl6eUoNs,,"2026-10-09 19:26",,https://www.youtube.com/watch?v=5qiQl6eUoNs
"RISE! (Audio)",,,,youtube,Znwgjl4wuPo,,"2026-10-09 19:26",,https://www.youtube.com/watch?v=Znwgjl4wuPo
"THOUGHT I WAS DEAD",,,,youtube,_RuuRU0bGLc,,"2026-10-09 19:26",,https://www.youtube.com/watch?v=_RuuRU0bGLc
"underscores 'Horror movie soundtrack' Lyric Video",,,,youtube,1fLB32ctzzg,,"2026-10-09 19:26",,https://www.youtube.com/watch?v=1fLB32ctzzg
"029. Danger Mystery (UNDERTALE Soundtrack) - Toby Fox",,,,youtube,aeALZoOiDPs,,"2026-10-09 19:26",,https://www.youtube.com/watch?v=aeALZoOiDPs
"underscores 'CCTV' Lyric Video",,,,youtube,jI1S3wgfVXw,,"2026-10-09 19:26",,https://www.youtube.com/watch?v=jI1S3wgfVXw
"Spy Chaser","We Are Invisible",,,youtube,3_2SPjcGa2s,,"2026-10-09 19:26",,https://www.youtube.com/watch?v=3_2SPjcGa2s
unholyfoodTF__108.5bpm.m4a,,,,youtube,B0763IgAPKQ,,"2026-10-09 19:26",,https://www.youtube.com/watch?v=B0763IgAPKQ
"Wild Cherry - Play That Funky Music",,,,youtube,MDZsNksbw2Q,,"2026-10-09 19:26",,https://www.youtube.com/watch?v=MDZsNksbw2Q
DAMN,Release,,,youtube,nIDlQJEA-xo,,"2026-10-09 19:26",,https://www.youtube.com/watch?v=nIDlQJEA-xo
DAMN,Release,,,youtube,nIDlQJEA-xo,,"2026-10-09 19:26",,https://www.youtube.com/watch?v=nIDlQJEA-xo
"Wake up, Make up, Bring it up, Shake up",,,,youtube,x0Q99avIpsw,,"2026-10-09 19:26",,https://www.youtube.com/watch?v=x0Q99avIpsw
"Dirty Shoes","The Young Punx",,,youtube,6bZlZRsvdoo,,"2026-10-09 19:26",,https://www.youtube.com/watch?v=6bZlZRsvdoo
"I Play the Talk Box","Zapp & Roger",,,youtube,v1bdT3IdbjI,,"2026-10-09 19:26",,https://www.youtube.com/watch?v=v1bdT3IdbjI
"Bubblegum K.K. - K.K. Slider",,,,youtube,mIS6qIVOWxI,,"2026-10-09 19:26",,https://www.youtube.com/watch?v=mIS6qIVOWxI
"Animal Crossing: New Horizons - 1AM",,,,youtube,bVzzRgmq5WA,,"2026-10-09 19:26",,https://www.youtube.com/watch?v=bVzzRgmq5WA
"Animal Crossing: New Horizons - 11AM",,,,youtube,zd9VYXA2rao,,"2026-10-09 19:26",,https://www.youtube.com/watch?v=zd9VYXA2rao
"Animal Crossing: New Horizons - 3PM",,,,youtube,43g2nkmnF2s,,"2026-10-09 19:26",,https://www.youtube.com/watch?v=43g2nkmnF2s
"Animal Crossing: New Horizons - 8PM",,,,youtube,MvBkXkl8bXA,,"2026-10-09 19:26",,https://www.youtube.com/watch?v=MvBkXkl8bXA
"The Avalanches - Ray of Zdarlight (2006)",,,,youtube,vWefh5X_39Y,,"2026-10-09 19:26",,https://www.youtube.com/watch?v=vWefh5X_39Y
"Sgt. Pepper's Lonely Hearts Club Band (Remastered 2009)","The Beatles",,,youtube,VtXl8xAPAtA,,"2026-10-09 19:26",,https://www.youtube.com/watch?v=VtXl8xAPAtA
"BENEE - Lownely (Lyrics) [Supalonely V2]",,,,youtube,bt8hoV_GMlQ,,"2026-10-09 19:26",,https://www.youtube.com/watch?v=bt8hoV_GMlQ
"BENEE - C U (Official Audio)",,,,youtube,fPpI27KBd8o,,"2026-10-09 19:26",,https://www.youtube.com/watch?v=fPpI27KBd8o
"Big Bang Theory",,,,youtube,TzhIfN4UQv8,,"2026-10-09 19:27",,https://www.youtube.com/watch?v=TzhIfN4UQv8
"Brooke Candy - Nymph (Official Video)",,,,youtube,vYKzFd-O-xE,,"2026-10-09 19:27",,https://www.youtube.com/watch?v=vYKzFd-O-xE
"最新世界心心相印(full ver.) / the chef cooks me",,,,youtube,OVugWWmMADc,,"2026-10-09 19:27",,https://www.youtube.com/watch?v=OVugWWmMADc
U.F.O.,Coldplay,,,youtube,bOyqszY_rBc,,"2026-10-09 19:27",,https://www.youtube.com/watch?v=bOyqszY_rBc
"Daft Punk - Emotion (Official Audio)",,,,youtube,d-OGBZSDKBU,,"2026-10-09 19:27",,https://www.youtube.com/watch?v=d-OGBZSDKBU
"Dan Croll - In / Out",,,,youtube,M7VhSN26_WM,,"2026-10-09 19:27",,https://www.youtube.com/watch?v=M7VhSN26_WM
"In Search of Diamonds (Minecraft / Music Video)",,,,youtube,vIhs8_m5qPc,,"2026-10-09 19:27",,https://www.youtube.com/watch?v=vIhs8_m5qPc
"can you tell?","Jane Remover",,,youtube,JaasxvtAQ2s,,"2026-10-09 19:27",,https://www.youtube.com/watch?v=JaasxvtAQ2s
"Smiles and Tears",,,,youtube,KQVOb1b7iOc,,"2026-10-09 19:27",,https://www.youtube.com/watch?v=KQVOb1b7iOc
"Finn Keane - Audio (Official Visualiser)",,,,youtube,yQUeAin7fII,,"2026-10-09 19:27",,https://www.youtube.com/watch?v=yQUeAin7fII
"Fortnite DAI DAI Emote ⚽️🕺",,,,youtube,eDmL96xt8sw,,"2026-10-09 19:27",,https://www.youtube.com/watch?v=eDmL96xt8sw
"Flume - Wall Fuck",,,,youtube,0dtkfpTwDxU,,"2026-10-09 19:27",,https://www.youtube.com/watch?v=0dtkfpTwDxU
"Frost Children (feat. blaketheman1000) Live - Flatline @ Friendly Rio Market",,,,youtube,hJwq0AlBFkM,,"2026-10-09 19:27",,https://www.youtube.com/watch?v=hJwq0AlBFkM
"Superfast Jellyfish - a visual accompaniment",,,,youtube,t6BPyilmanI,,"2026-10-09 19:27",,https://www.youtube.com/watch?v=t6BPyilmanI
Cartz,gum.mp3,,,youtube,XiO7z8G102M,,"2026-10-09 19:27",,https://www.youtube.com/watch?v=XiO7z8G102M
"Hallie - Do It (Official Music Video)",,,,youtube,r-fM5Xab-oA,,"2026-10-09 19:27",,https://www.youtube.com/watch?v=r-fM5Xab-oA
"Hayden Jason - Shake It Off (Album Version)",,,,youtube,z0DIZV4DJOs,,"2026-10-09 19:27",,https://www.youtube.com/watch?v=z0DIZV4DJOs
"宇多田ヒカル BADモード",,,,youtube,xzIo99LLo58,,"2026-10-09 19:27",,https://www.youtube.com/watch?v=xzIo99LLo58
Hatsukoi,Utada,,,youtube,GV8LyfFBOg8,,"2026-10-09 19:27",,https://www.youtube.com/watch?v=GV8LyfFBOg8
"Hole - Violet (Official Music Video)",,,,youtube,cH_rfGBwamc,,"2026-10-09 19:27",,https://www.youtube.com/watch?v=cH_rfGBwamc
"I am Robot and Proud - Robot vs. Heidi",,,,youtube,89RfK8Oc7Mk,,"2026-10-09 19:27",,https://www.youtube.com/watch?v=89RfK8Oc7Mk
"Night Night OuiOui",,,,youtube,o-OgDDfhYfk,,"2026-10-09 19:27",,https://www.youtube.com/watch?v=o-OgDDfhYfk
"Live And Let Die","Paul McCartney",,,youtube,08saJgLmytU,,"2026-10-09 19:27",,https://www.youtube.com/watch?v=08saJgLmytU
"Jean Dawson - PORN ACTING* (Official Music Video)",,,,youtube,JxNkkAqYGco,,"2026-10-09 19:28",,https://www.youtube.com/watch?v=JxNkkAqYGco
"Sweet Soul Brother (B.B.Rights Mix)","HIDEKI NAGANUMA",,,youtube,m11b7rbM3jI,,"2026-10-09 19:28",,https://www.youtube.com/watch?v=m11b7rbM3jI
"John Butler Trio - Better Than (Official Video)",,,,youtube,WGIpieuW62s,,"2026-10-09 19:28",,https://www.youtube.com/watch?v=WGIpieuW62s
"Joji - Gimme Love (Official Video)",,,,youtube,jPan651rVMs,,"2026-10-09 19:28",,https://www.youtube.com/watch?v=jPan651rVMs
"JPEGMAFIA - 🔥 (AUDIO)",,,,youtube,_eejOcpMNsE,,"2026-10-09 19:28",,https://www.youtube.com/watch?v=_eejOcpMNsE
"JUNO - ""All I Want Is You""  Video",,,,youtube,20PQBtyfNZY,,"2026-10-09 19:28",,https://www.youtube.com/watch?v=20PQBtyfNZY
"Katamari Fortissimo Damacy - 12 - Que Sera Sera",,,,youtube,15NfezuqHRs,,"2026-10-09 19:28",,https://www.youtube.com/watch?v=15NfezuqHRs
"Babies Are The Future - Kids & Explosions",,,,youtube,m3BdKbHtjzU,,"2026-10-09 19:28",,https://www.youtube.com/watch?v=m3BdKbHtjzU
"Kids & Explosions - The New Science",,,,youtube,JWqFocsIyxA,,"2026-10-09 19:28",,https://www.youtube.com/watch?v=JWqFocsIyxA
"Hyrule Field - The Legend of Zelda: Ocarina of Time",,,,youtube,s3YA4-mDkPk,,"2026-10-09 19:28",,https://www.youtube.com/watch?v=s3YA4-mDkPk
"The Legend of Zelda: Ocarina of Time | Title Theme | 近藤浩治 [Koji Kondo]",,,,youtube,xY8U9byTrzI,,"2026-10-09 19:28",,https://www.youtube.com/watch?v=xY8U9byTrzI
"Zora's Domain [12 Hours] - Zelda Ocarina of Time",,,,youtube,aSbz27tynn8,,"2026-10-09 19:28",,https://www.youtube.com/watch?v=aSbz27tynn8
"The Legend of Zelda Ocarina of Time OST - Meet Zelda Again",,,,youtube,jfVu_kTqfZA,,"2026-10-09 19:28",,https://www.youtube.com/watch?v=jfVu_kTqfZA
"LEGO Racers - Pirate Skull Pass",,,,youtube,GymjUIE2AeE,,"2026-10-09 19:28",,https://www.youtube.com/watch?v=GymjUIE2AeE
"-M- - Superchérie",,,,youtube,xmogU10aqkA,,"2026-10-09 19:28",,https://www.youtube.com/watch?v=xmogU10aqkA
"Bad Romance - หน้ากากโจ๊กเกอร์ | The Mask Singer 3",,,,youtube,z--k73bQS2k,,"2026-10-09 19:28",,https://www.youtube.com/watch?v=z--k73bQS2k
"MARINA AND THE DIAMONDS - PRIMADONNA [Official Music Video] | ♡ ELECTRA HEART PART 4/11 ♡",,,,youtube,Gj5L9SYhoSE,,"2026-10-09 19:28",,https://www.youtube.com/watch?v=Gj5L9SYhoSE
"Chain Chomp Roulette - Mario Kart Wii Music Extended",,,,youtube,tiPinl6dxRY,,"2026-10-09 19:28",,https://www.youtube.com/watch?v=tiPinl6dxRY
"Mario Kart Wii Music - Finish Out & Losing Results (Race)",,,,youtube,8N0KA1-Z3kg,,"2026-10-09 19:28",,https://www.youtube.com/watch?v=8N0KA1-Z3kg
"C418 - Danny - Minecraft Volume Alpha",,,,youtube,SznnVAnkv3c,,"2026-10-09 19:28",,https://www.youtube.com/watch?v=SznnVAnkv3c
"C418 - Chirp (Minecraft Volume Beta)",,,,youtube,cCibTj6drhM,,"2026-10-09 19:28",,https://www.youtube.com/watch?v=cCibTj6drhM
"Mozart - Eine Kleine Nachtmusik, K. 525",,,,youtube,xp6zA499gls,,"2026-10-09 19:28",,https://www.youtube.com/watch?v=xp6zA499gls
"Mr Oizo - Hand In The Fire (feat. Charli XCX) [Official Video]",,,,youtube,Ad6SxduZfis,,"2026-10-09 19:29",,https://www.youtube.com/watch?v=Ad6SxduZfis
"Mura Masa - Whenever I Want (Official Video)",,,,youtube,mQL-xrUy_eM,,"2026-10-09 19:29",,https://www.youtube.com/watch?v=mQL-xrUy_eM
"Nat King Cole - L-O-V-E (Lyric Video)",,,,youtube,f_HmF84G7ZY,,"2026-10-09 19:29",,https://www.youtube.com/watch?v=f_HmF84G7ZY
"Molly's Lips (BBC John Peel Session 1990)",Nirvana,,,youtube,sIg1ApHMO2E,,"2026-10-09 19:29",,https://www.youtube.com/watch?v=sIg1ApHMO2E
"[4K] Avatar Land Boat Ride - Na'vi River Journey - Pandora - Animal Kingdom",,,,youtube,FciaHToIQMM,,"2026-10-09 19:29",,https://www.youtube.com/watch?v=FciaHToIQMM
"P!nk - F**kin' Perfect (Official Video - Explicit)",,,,youtube,ocDlOD1Hw9k,,"2026-10-09 19:29",,https://www.youtube.com/watch?v=ocDlOD1Hw9k
"P!NK - Blow Me (Official Video)",,,,youtube,3jNlIGDRkvQ,,"2026-10-09 19:29",,https://www.youtube.com/watch?v=3jNlIGDRkvQ
"PM Dawn - Set Adrift On Memory Bliss 1991 (Official Music Video) Remastered",,,,youtube,BtK_y1n2ERk,,"2026-10-09 19:29",,https://www.youtube.com/watch?v=BtK_y1n2ERk
"Pokemon Blue/Red - Pallet Town",,,,youtube,cOWRNLaCMJg,,"2026-10-09 19:29",,https://www.youtube.com/watch?v=cOWRNLaCMJg
"Pokemon Blue/Red - Cinnabar Island",,,,youtube,VBby1E3tWwo,,"2026-10-09 19:29",,https://www.youtube.com/watch?v=VBby1E3tWwo
"Pokémon: Red & Blue - Hall of Fame",,,,youtube,vCBboJZMvno,,"2026-10-09 19:29",,https://www.youtube.com/watch?v=vCBboJZMvno
"QI | The Titles",,,,youtube,5l7-yYBSFT4,,"2026-10-09 19:29",,https://www.youtube.com/watch?v=5l7-yYBSFT4
"R.E.M. - It's The End Of The World",,,,youtube,Z0GFRcFm-aY,,"2026-10-09 19:29",,https://www.youtube.com/watch?v=Z0GFRcFm-aY
"Rub Some Bacon on It",,,,youtube,wSReSGe200A,,"2026-10-09 19:29",,https://www.youtube.com/watch?v=wSReSGe200A
"[Rhythm Heaven] - Munchy Monk 2 (Perfect) (English)",,,,youtube,1WxIZImJlhE,,"2026-10-09 19:29",,https://www.youtube.com/watch?v=1WxIZImJlhE
"Love Lab - Rhythm Heaven [HD WIDESCREEN]  -  Gameplay Demonstration",,,,youtube,2bh2cSPJ7vg,,"2026-10-09 19:29",,https://www.youtube.com/watch?v=2bh2cSPJ7vg
"[Rhythm Heaven] - Space Soccer (Perfect) (English)",,,,youtube,hxlsS-V5ODQ,,"2026-10-09 19:29",,https://www.youtube.com/watch?v=hxlsS-V5ODQ
"[Rhythm Heaven] - Space Soccer (Perfect) (English)",,,,youtube,hxlsS-V5ODQ,,"2026-10-09 19:29",,https://www.youtube.com/watch?v=hxlsS-V5ODQ
"Rhythmove Dungeon - Rhythm Heaven",,,,youtube,k0XToH629Mg,,"2026-10-09 19:29",,https://www.youtube.com/watch?v=k0XToH629Mg
"Remix 3 (Tonight) - Rhythm Heaven Fever (ENG Version)",,,,youtube,SWACnftNLpU,,"2026-10-09 19:29",,https://www.youtube.com/watch?v=SWACnftNLpU
"Remix 3 (Tonight) - Rhythm Heaven Fever (ENG Version)",,,,youtube,SWACnftNLpU,,"2026-10-09 19:29",,https://www.youtube.com/watch?v=SWACnftNLpU
"[Rhythm Heaven Fever] ~ Shrimp Shuffle (Perfect)",,,,youtube,IpJbzn_08Vo,,"2026-10-09 19:29",,https://www.youtube.com/watch?v=IpJbzn_08Vo
"High Score !!!   Munchy Monk [Rhythm Heaven Fever] |kenniWORLDPEACE|",,,,youtube,2qv5CdfzWAY,,"2026-10-09 19:30",,https://www.youtube.com/watch?v=2qv5CdfzWAY
"Kung Fu Ball (Perfect Version) - Rhythm Heaven Fever",,,,youtube,x6POcHaJtM8,,"2026-10-09 19:30",,https://www.youtube.com/watch?v=x6POcHaJtM8
"Richard BERRY ""Louie Louie"" (1957)",,,,youtube,z-2CKsaq5r8,,"2026-10-09 19:30",,https://www.youtube.com/watch?v=z-2CKsaq5r8
"Shibayan Records - Tiny Little Adiantum (deadman 死人 Remix) [Omae Wa Mou]",,,,youtube,Ejv0Gk-mGko,,"2026-10-09 19:30",,https://www.youtube.com/watch?v=Ejv0Gk-mGko
"Sonic 2 - Sky Chase Zone",,,,youtube,q7588wx0IUU,,"2026-10-09 19:30",,https://www.youtube.com/watch?v=q7588wx0IUU
"Lookin’ Fresh (DJ Lee Fish) - Splatoon OST",,,,youtube,XaAOvfre6MU,,"2026-10-09 19:30",,https://www.youtube.com/watch?v=XaAOvfre6MU
"Lookin’ Fresh (DJ Lee Fish) - Splatoon OST",,,,youtube,XaAOvfre6MU,,"2026-10-09 19:30",,https://www.youtube.com/watch?v=XaAOvfre6MU
"Lookin’ Fresh (DJ Lee Fish) - Splatoon OST",,,,youtube,XaAOvfre6MU,,"2026-10-09 19:30",,https://www.youtube.com/watch?v=XaAOvfre6MU
"DJ Lee Fish - Inkopolis Square Speakers B",,,,youtube,b4cJz1IUnK8,,"2026-10-09 19:30",,https://www.youtube.com/watch?v=b4cJz1IUnK8
"New You (Shella Fresh) - DJ Real Sole [Splatoon 2 OST]",,,,youtube,ZZXONRo9sAY,,"2026-10-09 19:30",,https://www.youtube.com/watch?v=ZZXONRo9sAY
"New You (Ammo Knights) - DJ Real Sole [Splatoon 2 OST]",,,,youtube,RdFAbQPegQs,,"2026-10-09 19:30",,https://www.youtube.com/watch?v=RdFAbQPegQs
"New You (Ammo Knights) - DJ Real Sole [Splatoon 2 OST]",,,,youtube,RdFAbQPegQs,,"2026-10-09 19:30",,https://www.youtube.com/watch?v=RdFAbQPegQs
"Seafoam Shanty (With Ending) - Splatoon 2",,,,youtube,B0POBR2zdok,,"2026-10-09 19:30",,https://www.youtube.com/watch?v=B0POBR2zdok
"Into the Light Octo Expansion Splatoon 2 Soundtrack",,,,youtube,LQrzW3Y-25g,,"2026-10-09 19:30",,https://www.youtube.com/watch?v=LQrzW3Y-25g
"Dripping With Style (Ammo Knights) - Seven Seas Crew",,,,youtube,reKSmI-iEf4,,"2026-10-09 19:30",,https://www.youtube.com/watch?v=reKSmI-iEf4
"Dripping With Style (Ammo Knights) - Seven Seas Crew",,,,youtube,reKSmI-iEf4,,"2026-10-09 19:30",,https://www.youtube.com/watch?v=reKSmI-iEf4
"Dripping With Style (Ammo Knights) - Seven Seas Crew",,,,youtube,reKSmI-iEf4,,"2026-10-09 19:30",,https://www.youtube.com/watch?v=reKSmI-iEf4
"Dripping With Style (Ammo Knights) - Seven Seas Crew",,,,youtube,reKSmI-iEf4,,"2026-10-09 19:30",,https://www.youtube.com/watch?v=reKSmI-iEf4
"Dripping With Style (Ammo Knights) - Seven Seas Crew",,,,youtube,reKSmI-iEf4,,"2026-10-09 19:30",,https://www.youtube.com/watch?v=reKSmI-iEf4
"Lookin’ Fresh (DJ Lee Fish) - Splatoon OST",,,,youtube,XaAOvfre6MU,,"2026-10-09 19:30",,https://www.youtube.com/watch?v=XaAOvfre6MU
"New You (Ammo Knights) - DJ Real Sole [Splatoon 2 OST]",,,,youtube,RdFAbQPegQs,,"2026-10-09 19:30",,https://www.youtube.com/watch?v=RdFAbQPegQs
"Spongebob Squarepants - Gary Come Home (Lyrics)",,,,youtube,tPNEyBbSlbg,,"2026-10-09 19:30",,https://www.youtube.com/watch?v=tPNEyBbSlbg
"The Strokes - Barely Legal",,,,youtube,6v6-69Zzc0Q,,"2026-10-09 19:31",,https://www.youtube.com/watch?v=6v6-69Zzc0Q
"Super Mario World Title Theme",,,,youtube,kghAq1Qvafg,,"2026-10-09 19:31",,https://www.youtube.com/watch?v=kghAq1Qvafg
"Super Mario Sunshine - Course 6: Noki Bay - No Damage 100% Walkthrough",,,,youtube,wCjWhaRHJLk,,"2026-10-09 19:31",,https://www.youtube.com/watch?v=wCjWhaRHJLk
"Hallesches Tor","Swami Sound",,,youtube,uahicYdWbvc,,"2026-10-09 19:31",,https://www.youtube.com/watch?v=uahicYdWbvc
"CT 1 INTRO",Release,,,youtube,vlQ7_r1eZDE,,"2026-10-09 19:31",,https://www.youtube.com/watch?v=vlQ7_r1eZDE
"Tiny wings Day theme 4 hours",,,,youtube,B4EW8m0k2SI,,"2026-10-09 19:31",,https://www.youtube.com/watch?v=B4EW8m0k2SI
"tracey brakes~ make war (from first to last cover)",,,,youtube,-dzTgadKWr0,,"2026-10-09 19:31",,https://www.youtube.com/watch?v=-dzTgadKWr0
70%,,,,youtube,8nt2qjTF248,,"2026-10-09 19:31",,https://www.youtube.com/watch?v=8nt2qjTF248
"Dry land 2001 (feat. Knapsack)",,,,youtube,CEic2ubHPWg,,"2026-10-09 19:31",,https://www.youtube.com/watch?v=CEic2ubHPWg
"071. Undertale (UNDERTALE Soundtrack) - Toby Fox",,,,youtube,1HIKNbnV8nw,,"2026-10-09 19:31",,https://www.youtube.com/watch?v=1HIKNbnV8nw
"The Veronicas - Cruel",,,,youtube,wk72KxcfJWA,,"2026-10-09 19:31",,https://www.youtube.com/watch?v=wk72KxcfJWA
"Viagra Boys - In Spite Of Ourselves (with Amy Taylor)",,,,youtube,WLl1qpDL7YA,,"2026-10-09 19:31",,https://www.youtube.com/watch?v=WLl1qpDL7YA
"Menu - Wii Play Extended OST",,,,youtube,uh9wh2OKreY,,"2026-10-09 19:31",,https://www.youtube.com/watch?v=uh9wh2OKreY
"Wii Play - Tanks - Missions 1-100 Complete",,,,youtube,orLxrg51xL8,,"2026-10-09 19:31",,https://www.youtube.com/watch?v=orLxrg51xL8
"Table Tennis: Good Ending - Wii Play",,,,youtube,3jaMKFoV9Uk,,"2026-10-09 19:31",,https://www.youtube.com/watch?v=3jaMKFoV9Uk
"How To Play Wii Tennis",,,,youtube,06d28Mf6KTs,,"2026-10-09 19:31",,https://www.youtube.com/watch?v=06d28Mf6KTs
"Yakuza 0- Karaoke: Bakamitai (Kiryu)",,,,youtube,MJbE3uWN9vE,,"2026-10-09 19:31",,https://www.youtube.com/watch?v=MJbE3uWN9vE
"Yoshi's Island OST - Flower Garden",,,,youtube,DTpksvCC-hg,,"2026-10-09 19:31",,https://www.youtube.com/watch?v=DTpksvCC-hg
"0khz - hinged (cyy♡ post-mosh mix) [OFFICIAL VISUALIZER]",,,,youtube,JyqDiToHxIA,,"2026-10-09 19:31",,https://www.youtube.com/watch?v=JyqDiToHxIA
"Memories Of Tokyo-To - 15 - Tag Walls, Punch Fascists [OFFICIAL]",,,,youtube,ETe9TI2i70k,,"2026-10-09 19:31",,https://www.youtube.com/watch?v=ETe9TI2i70k
"Memories Of Tokyo-To - 16 - BIG BEAST [OFFICIAL]",,,,youtube,SW-fPm7bpUo,,"2026-10-09 19:31",,https://www.youtube.com/watch?v=SW-fPm7bpUo
"2 Live Crew - Me So Horny",,,,youtube,bmSH7PZduYw,,"2026-10-09 19:31",,https://www.youtube.com/watch?v=bmSH7PZduYw
"Abelard  - ☆ＳＥＩＮＷＡＶＥ☆２０００☆",,,,youtube,OpsZkMN9tmc,,"2026-10-09 19:31",,https://www.youtube.com/watch?v=OpsZkMN9tmc
"Hello (feat. Jae Soto)",,,,youtube,YLIqYiQGSJM,,"2026-10-09 19:32",,https://www.youtube.com/watch?v=YLIqYiQGSJM
"Fabricated Rhythm (1987)",,,,youtube,kKTBttLjxVU,,"2026-10-09 19:32",,https://www.youtube.com/watch?v=kKTBttLjxVU
"Being With You -Basement Jaxx",,,,youtube,JhkhAetkos8,,"2026-10-09 19:32",,https://www.youtube.com/watch?v=JhkhAetkos8
"Bedrock - Emerald (Grayarea Mix) [Official Audio]",,,,youtube,HZBasso3AGo,,"2026-10-09 19:32",,https://www.youtube.com/watch?v=HZBasso3AGo
"Piraka Rap",,,,youtube,K1CTPC02n0c,,"2026-10-09 19:32",,https://www.youtube.com/watch?v=K1CTPC02n0c
"Release (Ft. Saul Williams, Lyrics Born & Zach de la Rocha) - Blackalicious HQ",,,,youtube,yIgSerx3Uu8,,"2026-10-09 19:32",,https://www.youtube.com/watch?v=yIgSerx3Uu8
Sixtyniner,"Boards of Canada",,,youtube,3K0YJ8suhX0,,"2026-10-09 19:32",,https://www.youtube.com/watch?v=3K0YJ8suhX0
"Bomb Rush Cyberfunk OST - Feel The Funk (Computer Love)",,,,youtube,BCx_mU6v-dk,,"2026-10-09 19:32",,https://www.youtube.com/watch?v=BCx_mU6v-dk
"Bomb Rush Cyberfunk OST - Last Hoorah",,,,youtube,wbYucmvsUSk,,"2026-10-09 19:32",,https://www.youtube.com/watch?v=wbYucmvsUSk
"Bomb Rush Cyberfunk OST - hwbouths",,,,youtube,zesB_cWRndw,,"2026-10-09 19:32",,https://www.youtube.com/watch?v=zesB_cWRndw
"BUSY P - To Protect and Entertain (feat. Murs) [Official Audio]",,,,youtube,C20aVTLJ8o8,,"2026-10-09 19:32",,https://www.youtube.com/watch?v=C20aVTLJ8o8
"Cassius - Cassius 1999 (Official Music Video HD)",,,,youtube,QXSlkjPbpkA,,"2026-10-09 19:32",,https://www.youtube.com/watch?v=QXSlkjPbpkA
"Far East Movement - Like A G6 ft. The Cataracs, DEV",,,,youtube,w4s6H4ku6ZY,,"2026-10-09 19:32",,https://www.youtube.com/watch?v=w4s6H4ku6ZY
"Charli XCX - Baby [Official Video]",,,,youtube,ggrYaDxyrGM,,"2026-10-09 19:32",,https://www.youtube.com/watch?v=ggrYaDxyrGM
SAME,"Clarence Clarity",,,youtube,MqnWaDxx0rU,,"2026-10-09 19:32",,https://www.youtube.com/watch?v=MqnWaDxx0rU
"Club 69 - Let Me Be Your Underwear (It's Workin' Dub)",,,,youtube,CYW2s3R3DMM,,"2026-10-09 19:32",,https://www.youtube.com/watch?v=CYW2s3R3DMM
"Mugen: That Jerma Battle (Jerma vs the Candymen)",,,,youtube,0GLPesFUlzE,,"2026-10-09 19:32",,https://www.youtube.com/watch?v=0GLPesFUlzE
"Curve- falling free  (aphex twin remix)",,,,youtube,GKwoghK6B1U,,"2026-10-09 19:32",,https://www.youtube.com/watch?v=GKwoghK6B1U
"CYBERPUNK 2077 SOUNDTRACK - SUBVERT by Rhys Fulber & Spoon Eater (Official Video)",,,,youtube,uGqLn_7sf-0,,"2026-10-09 19:32",,https://www.youtube.com/watch?v=uGqLn_7sf-0
"CYBERPUNK 2077 SOUNDTRACK - MUÉVELO (Cumbia) by David Rolas & Papito Gringo (Official Video)",,,,youtube,d7kn2wVn2fk,,"2026-10-09 19:32",,https://www.youtube.com/watch?v=d7kn2wVn2fk
"BLACK LABYRINTH - 99.9 Impulse Radio",,,,youtube,lbFrK5xPsCw,,"2026-10-09 19:32",,https://www.youtube.com/watch?v=lbFrK5xPsCw
"Cyberpunk 2077 - Impulse Radio 99.9 - The Private Press - GEEEEEEHOUSE",,,,youtube,9_sfsLOanHk,,"2026-10-09 19:32",,https://www.youtube.com/watch?v=9_sfsLOanHk
"27.F*CKDEMONS - Pierwszy raz naprawdę (prod. Kubi Producent) #Cyberpunk2077",,,,youtube,K01-hbBelEs,,"2026-10-09 19:32",,https://www.youtube.com/watch?v=K01-hbBelEs
"Kuba Wandachowicz & Her Mashewsky - fabrica KOSMOS (Cyberpunk 2077 107.5 Dark Star Radio)",,,,youtube,MriGZE3TmAE,,"2026-10-09 19:33",,https://www.youtube.com/watch?v=MriGZE3TmAE
"deadmau5 / Dr. Funkenstein (Original Mix)",,,,youtube,b-r3adDsj78,,"2026-10-09 19:33",,https://www.youtube.com/watch?v=b-r3adDsj78
"65. Heavy Footsteps (DELTARUNE Chapter 3+4 Soundtrack) - Toby Fox",,,,youtube,qGpW9CLlxwM,,"2026-10-09 19:33",,https://www.youtube.com/watch?v=qGpW9CLlxwM
"DIE ANTWOORD - UGLY BOY",,,,youtube,uMK0prafzw0,,"2026-10-09 19:33",,https://www.youtube.com/watch?v=uMK0prafzw0
"Dirty Rush & Gregor Es - Brass (Ali-A Fortnite Intro Song)",,,,youtube,u86pVtqn_kk,,"2026-10-09 19:33",,https://www.youtube.com/watch?v=u86pVtqn_kk
"Dog Blood - Middle Finger Pt. 2 (Millions Like Us Remix)",,,,youtube,dLKGNwiVA08,,"2026-10-09 19:33",,https://www.youtube.com/watch?v=dLKGNwiVA08
"Drake & 21 Savage - Jimmy Cooks",,,,youtube,4nyld2SqleU,,"2026-10-09 19:33",,https://www.youtube.com/watch?v=4nyld2SqleU
"f5ve - リア女 (Real Girl) [Mini MV]",,,,youtube,uHTFt9Umo1Q,,"2026-10-09 19:33",,https://www.youtube.com/watch?v=uHTFt9Umo1Q
"Star 69 (Full Version) - FATBOY SLIM",,,,youtube,-EhGsfUqqIU,,"2026-10-09 19:33",,https://www.youtube.com/watch?v=-EhGsfUqqIU
"Flume - Smoke & Retribution feat. Vince Staples & Kučka",,,,youtube,4fAzM5cI5FM,,"2026-10-09 19:33",,https://www.youtube.com/watch?v=4fAzM5cI5FM
"Flume - Jerry 1.6 [2017 Export Wav]",,,,youtube,E3L-AXnSjOY,,"2026-10-09 19:33",,https://www.youtube.com/watch?v=E3L-AXnSjOY
"MrBeast Fortnite default dance",,,,youtube,OW1pfzOrzDo,,"2026-10-09 19:33",,https://www.youtube.com/watch?v=OW1pfzOrzDo
"Fortnite | Default Vibe Lobby Music (Major Lazer X Fortnite)",,,,youtube,Y2dEQqTRtd8,,"2026-10-09 19:33",,https://www.youtube.com/watch?v=Y2dEQqTRtd8
"Spookeez - Friday Night Funkin' OST",,,,youtube,EiNwUpco4OI,,"2026-10-09 19:33",,https://www.youtube.com/watch?v=EiNwUpco4OI
"Tongue (Lil Data Remix)",GFOTY,,,youtube,t7g6rIy6H1c,,"2026-10-09 19:33",,https://www.youtube.com/watch?v=t7g6rIy6H1c
"GRRL - Honeybee",,,,youtube,YvMBjPcNrtM,,"2026-10-09 19:33",,https://www.youtube.com/watch?v=YvMBjPcNrtM
"Hailee Steinfeld, Alesso - Let Me Go (Personal Collection) ft. Florida Georgia Line, WATT",,,,youtube,6cmMYouVsXg,,"2026-10-09 19:33",,https://www.youtube.com/watch?v=6cmMYouVsXg
"宇多田ヒカル - Automatic",,,,youtube,-9DxpPiE458,,"2026-10-09 19:33",,https://www.youtube.com/watch?v=-9DxpPiE458
"Utada Hikaru - 気分じゃないの (Not in the Mood) (Lyrics + English subs + Sub Español)",,,,youtube,KJ5EPO6jaaQ,,"2026-10-09 19:33",,https://www.youtube.com/watch?v=KJ5EPO6jaaQ
PS2_-_GROUNDBROKEN_FINAL_131.00B.P.M.,,,,youtube,yN_3sDF7TOg,,"2026-10-09 19:33",,https://www.youtube.com/watch?v=yN_3sDF7TOg
"Jane Remover — Experimental Skin (audio)",,,,youtube,-gRR8JePfwk,,"2026-10-09 19:33",,https://www.youtube.com/watch?v=-gRR8JePfwk
"John Butler - Used To Get High - Official Music Video",,,,youtube,yI0_w9aV8G0,,"2026-10-09 19:33",,https://www.youtube.com/watch?v=yI0_w9aV8G0
"JoJo's Bizarre Adventure OST - Pillar Men Theme『Awaken』",,,,youtube,lRrOLTHu-ew,,"2026-10-09 19:33",,https://www.youtube.com/watch?v=lRrOLTHu-ew
ダイヤモンドは砕けない～メインテーマ～,"Yugo Kanno",,,youtube,pqDqIMUo2OU,,"2026-10-09 19:34",,https://www.youtube.com/watch?v=pqDqIMUo2OU
"JPEGMAFIA - 🔥 (AUDIO)",,,,youtube,_eejOcpMNsE,,"2026-10-09 19:34",,https://www.youtube.com/watch?v=_eejOcpMNsE
"JPEGMAFIA x Danny Brown - Shut Yo Bitch Ass Up / Muddy Waters",,,,youtube,uLm9lOZIlxU,,"2026-10-09 19:34",,https://www.youtube.com/watch?v=uLm9lOZIlxU
"PROTECT THE CROSS",JPEGMAFIA,,,youtube,T7Qv4_PrV30,,"2026-10-09 19:34",,https://www.youtube.com/watch?v=T7Qv4_PrV30
"JPEGMAFIA - Don't Put Anything On the Bible (feat. Buzzy Lee)",,,,youtube,RBy1DkjVHqs,,"2026-10-09 19:34",,https://www.youtube.com/watch?v=RBy1DkjVHqs
"Kanye West - Louie Bags (feat. Jack Harlow) Better mixed",,,,youtube,Zs7ih-9_49k,,"2026-10-09 19:34",,https://www.youtube.com/watch?v=Zs7ih-9_49k
"LOUIE BAGS",DONDA,,,youtube,9pW61vAV6Co,,"2026-10-09 19:34",,https://www.youtube.com/watch?v=9pW61vAV6Co
"Kanye West new song “Heil Hitler!” 🤦🏻‍♂️",,,,youtube,9FmVlsoNbSk,,"2026-10-09 19:34",,https://www.youtube.com/watch?v=9FmVlsoNbSk
"Katy Perry - E.T. ft. Kanye West (Official Music Video)",,,,youtube,t5Sd5c4o9UM,,"2026-10-09 19:34",,https://www.youtube.com/watch?v=t5Sd5c4o9UM
"Katy Perry - E.T. ft. Kanye West (Official Music Video)",,,,youtube,t5Sd5c4o9UM,,"2026-10-09 19:34",,https://www.youtube.com/watch?v=t5Sd5c4o9UM
"Michael Grand - cannibal (Ethel Cain - Strangers Remix) (audio)",,,,youtube,_E1DquWxJsc,,"2026-10-09 19:34",,https://www.youtube.com/watch?v=_E1DquWxJsc
"Kavinsky - Testarossa (SebastiAn Remix) (Official Audio)",,,,youtube,PuFBmKAR07U,,"2026-10-09 19:34",,https://www.youtube.com/watch?v=PuFBmKAR07U
"Kraddy - Android Porn  **ORIGINAL**",,,,youtube,jr3XJr4FCYk,,"2026-10-09 19:34",,https://www.youtube.com/watch?v=jr3XJr4FCYk
"Mortal Man","Kendrick Lamar",,,youtube,axwpgn3GRMs,,"2026-10-09 19:34",,https://www.youtube.com/watch?v=axwpgn3GRMs
"squabble up",,,,youtube,fuV4yQWdn_4,,"2026-10-09 19:34",,https://www.youtube.com/watch?v=fuV4yQWdn_4
BPM,"Kylie Minogue",,,youtube,CHdihhR93kc,,"2026-10-09 19:34",,https://www.youtube.com/watch?v=CHdihhR93kc
"Lady Gaga - Telephone ft. Beyoncé (Official Music Video) ft. Beyoncé",,,,youtube,EVBsypHzF3U,,"2026-10-09 19:34",,https://www.youtube.com/watch?v=EVBsypHzF3U
"Lady Gaga - Telephone ft. Beyoncé (Official Music Video) ft. Beyoncé",,,,youtube,EVBsypHzF3U,,"2026-10-09 19:34",,https://www.youtube.com/watch?v=EVBsypHzF3U
"Lady Gaga - Telephone ft. Beyoncé (Official Music Video) ft. Beyoncé",,,,youtube,EVBsypHzF3U,,"2026-10-09 19:34",,https://www.youtube.com/watch?v=EVBsypHzF3U
"Lady Gaga - Telephone ft. Beyoncé (Official Music Video) ft. Beyoncé",,,,youtube,EVBsypHzF3U,,"2026-10-09 19:34",,https://www.youtube.com/watch?v=EVBsypHzF3U
"Yeah (Pretentious Mix)","LCD Soundsystem",,,youtube,vTDDSrhXdBY,,"2026-10-09 19:34",,https://www.youtube.com/watch?v=vTDDSrhXdBY
"Jack Sparrow (feat. Michael Bolton)",,,,youtube,GI6CfKcMhjY,,"2026-10-09 19:34",,https://www.youtube.com/watch?v=GI6CfKcMhjY
"The Creep (feat. Nicki Minaj & John Waters)",,,,youtube,tLPZmPaHme0,,"2026-10-09 19:35",,https://www.youtube.com/watch?v=tLPZmPaHme0
"Boombox (ft. Julian Casablancas)",,,,youtube,8yvEYKRF5IA,,"2026-10-09 19:35",,https://www.youtube.com/watch?v=8yvEYKRF5IA
"[MV] 이달의 소녀/최리 (LOONA/Choerry) ""Love Cherry Motion""",,,,youtube,VBbeuXW8Nko,,"2026-10-09 19:35",,https://www.youtube.com/watch?v=VBbeuXW8Nko
"Waited So Long","Machine Girl",,,youtube,PO_FmfvWmhc,,"2026-10-09 19:35",,https://www.youtube.com/watch?v=PO_FmfvWmhc
"Machine Girl - うずまき",,,,youtube,BaA2ml-XKfE,,"2026-10-09 19:35",,https://www.youtube.com/watch?v=BaA2ml-XKfE
"Madonna & Sickick - Frozen On Fire",,,,youtube,iNr52M85BDM,,"2026-10-09 19:35",,https://www.youtube.com/watch?v=iNr52M85BDM
"Proper Squeaky Tune",Release,,,youtube,wUliJuu-DUo,,"2026-10-09 19:35",,https://www.youtube.com/watch?v=wUliJuu-DUo
"Taylor Swift - Mastermind (Official Lyric Video)",,,,youtube,Tmz1lz0zcLQ,,"2026-10-09 19:35",,https://www.youtube.com/watch?v=Tmz1lz0zcLQ
TEQKILLA,M.I.A.,,,youtube,qsF5B2-7KgU,,"2026-10-09 19:35",,https://www.youtube.com/watch?v=qsF5B2-7KgU
LOVALOT,M.I.A.,,,youtube,eat3FB5-0hA,,"2026-10-09 19:35",,https://www.youtube.com/watch?v=eat3FB5-0hA
"MEDS AND FEDS",M.I.A.,,,youtube,4J5wr13HhMQ,,"2026-10-09 19:35",,https://www.youtube.com/watch?v=4J5wr13HhMQ
"M.I.A. - Borders",,,,youtube,r-Nw7HbaeWY,,"2026-10-09 19:35",,https://www.youtube.com/watch?v=r-Nw7HbaeWY
"Missy Elliott - WTF (Where They From) (feat. Pharrell Williams) [Official Music Video]",,,,youtube,KO_3Qgib6RQ,,"2026-10-09 19:35",,https://www.youtube.com/watch?v=KO_3Qgib6RQ
"MØ - On & On (Official Audio)",,,,youtube,hkRX_wqdFvo,,"2026-10-09 19:35",,https://www.youtube.com/watch?v=hkRX_wqdFvo
"Mood Killer - Alien feat. Fraxiom (THE WERMHOLE Fan Tribute Video)",,,,youtube,Ytlx4levzVM,,"2026-10-09 19:35",,https://www.youtube.com/watch?v=Ytlx4levzVM
"Ante Up Remix (featuring Busta Rhymes, Teflon, and Remy Martin) (Official Video)",,,,youtube,PLT68mI5Pwc,,"2026-10-09 19:35",,https://www.youtube.com/watch?v=PLT68mI5Pwc
"N.E.R.D - Breakout",,,,youtube,v4lxOghI72Y,,"2026-10-09 19:35",,https://www.youtube.com/watch?v=v4lxOghI72Y
"N.E.R.D. - Waiting For You",,,,youtube,Ahg47yEb4Wk,,"2026-10-09 19:35",,https://www.youtube.com/watch?v=Ahg47yEb4Wk
"Drill Sergeant",N.E.R.D.,,,youtube,b6UQY774cEU,,"2026-10-09 19:35",,https://www.youtube.com/watch?v=b6UQY774cEU
"N.E.R.D. - Spaz (Official Video)",,,,youtube,PqX1SkYpNJQ,,"2026-10-09 19:35",,https://www.youtube.com/watch?v=PqX1SkYpNJQ
"N.E.R.D. - Hot-n-Fun (Official Music Video) ft. Nelly Furtado",,,,youtube,F6ZfA5QZDHY,,"2026-10-09 19:35",,https://www.youtube.com/watch?v=F6ZfA5QZDHY
"N.E.R.D. - Hot-n-Fun (Official Music Video) ft. Nelly Furtado",,,,youtube,F6ZfA5QZDHY,,"2026-10-09 19:35",,https://www.youtube.com/watch?v=F6ZfA5QZDHY
"N.E.R.D. - Hot-n-Fun (Official Music Video) ft. Nelly Furtado",,,,youtube,F6ZfA5QZDHY,,"2026-10-09 19:35",,https://www.youtube.com/watch?v=F6ZfA5QZDHY
"N.E.R.D. - Hot-n-Fun (Official Music Video) ft. Nelly Furtado",,,,youtube,F6ZfA5QZDHY,,"2026-10-09 19:36",,https://www.youtube.com/watch?v=F6ZfA5QZDHY
"N.E.R.D. - Hot-n-Fun (Official Music Video) ft. Nelly Furtado",,,,youtube,F6ZfA5QZDHY,,"2026-10-09 19:36",,https://www.youtube.com/watch?v=F6ZfA5QZDHY
"Perfume - Edge",,,,youtube,H7zhpMbRoUs,,"2026-10-09 19:36",,https://www.youtube.com/watch?v=H7zhpMbRoUs
"Persona 5 OST 04 - Life Will Change",,,,youtube,7LqTCYxFMlU,,"2026-10-09 19:36",,https://www.youtube.com/watch?v=7LqTCYxFMlU
"Pharrell Williams - Best Friend",,,,youtube,cpnwpsMro3o,,"2026-10-09 19:36",,https://www.youtube.com/watch?v=cpnwpsMro3o
Beethoven,"The Presets",,,youtube,Db-W8Drudu8,,"2026-10-09 19:36",,https://www.youtube.com/watch?v=Db-W8Drudu8
"PSY (싸이) - 챔피언 (Champion)  music video",,,,youtube,5vVzNrjrx9Q,,"2026-10-09 19:36",,https://www.youtube.com/watch?v=5vVzNrjrx9Q
"Ray J ""Sexy Can I"" featuring Yung Berg EXPLICIT VERSION",,,,youtube,toaSDlD7mKU,,"2026-10-09 19:36",,https://www.youtube.com/watch?v=toaSDlD7mKU
"Rico Nasty & Kenny Beats - Big Titties feat. Baauer and EarthGang [Official Audio]",,,,youtube,acNNXShAITA,,"2026-10-09 19:36",,https://www.youtube.com/watch?v=acNNXShAITA
"Riot In Belgium - La Musique",,,,youtube,1ttBub4Jrwc,,"2026-10-09 19:36",,https://www.youtube.com/watch?v=1ttBub4Jrwc
"Feel The Funk (Club Mix)","Sebastian Knight",,,youtube,KjMzrrEkxzg,,"2026-10-09 19:36",,https://www.youtube.com/watch?v=KjMzrrEkxzg
"Shygirl ft. Slowthai - BDE (Official Video)",,,,youtube,PM0qn7KzryQ,,"2026-10-09 19:36",,https://www.youtube.com/watch?v=PM0qn7KzryQ
"Skrillex - Dirty Vibe with Diplo, CL, & G-Dragon (OFFICIAL VIDEO)",,,,youtube,Mq-aVCUs2Q0,,"2026-10-09 19:36",,https://www.youtube.com/watch?v=Mq-aVCUs2Q0
"Skrillex & Dj Smokey - Skrillex Is Dead",,,,youtube,dz8R7e3myio,,"2026-10-09 19:36",,https://www.youtube.com/watch?v=dz8R7e3myio
"BFF (feat. Ayesha Erotica)",Slayyyter,,,youtube,oGEKhfIM-Wo,,"2026-10-09 19:36",,https://www.youtube.com/watch?v=oGEKhfIM-Wo
"Snow Strippers- Passionate Highs (Official Video)",,,,youtube,vmEO7J5FwT4,,"2026-10-09 19:36",,https://www.youtube.com/watch?v=vmEO7J5FwT4
"Lil Uzi Vert - Its A Dream (Music Video) Feat Snow Strippers",,,,youtube,zz1QKRwhNVg,,"2026-10-09 19:36",,https://www.youtube.com/watch?v=zz1QKRwhNVg
"Bomber Barbara - Sonic Rush [OST]",,,,youtube,L4KIxqTYGGI,,"2026-10-09 19:36",,https://www.youtube.com/watch?v=L4KIxqTYGGI
"I’m Here",SEGA,,,youtube,mUJS9ystZlc,,"2026-10-09 19:36",,https://www.youtube.com/watch?v=mUJS9ystZlc
"Pony Whip (feat. BC Kingdom)",SOPHIE,,,youtube,z4JAyMykgE8,,"2026-10-09 19:36",,https://www.youtube.com/watch?v=z4JAyMykgE8
"The Rubberband Man","The Spinners",,,youtube,ygkswJazPbM,,"2026-10-09 19:36",,https://www.youtube.com/watch?v=ygkswJazPbM
"Plaza Speakers G - Splatoon OST",,,,youtube,qBFkfXWwG-c,,"2026-10-09 19:37",,https://www.youtube.com/watch?v=qBFkfXWwG-c
"Belly Flop - Splatoon 3 OST",,,,youtube,VMekx7KS6wA,,"2026-10-09 19:37",,https://www.youtube.com/watch?v=VMekx7KS6wA
"Crater: Mission Clear! – Splatoon 3 Soundtrack [Return of the Mammalians]",,,,youtube,xjJvrBlVJ5A,,"2026-10-09 19:37",,https://www.youtube.com/watch?v=xjJvrBlVJ5A
"Alterna Citizen Program M-02; Offshore at Dusk (In-Game) - Splatoon 3 (Return of the Mammalians) OST",,,,youtube,M53gGD44kM8,,"2026-10-09 19:37",,https://www.youtube.com/watch?v=M53gGD44kM8
"Routin3s - Free Association",,,,youtube,1dSGrv_vxOk,,"2026-10-09 19:37",,https://www.youtube.com/watch?v=1dSGrv_vxOk
"demoli2h Destroy the Portals 2   Splatoon 3  Side Order   Splatoon 3  Side Order",,,,youtube,j1xBMGt17Xw,,"2026-10-09 19:37",,https://www.youtube.com/watch?v=j1xBMGt17Xw
"Routin3s - Free Association",,,,youtube,1dSGrv_vxOk,,"2026-10-09 19:37",,https://www.youtube.com/watch?v=1dSGrv_vxOk
"Squid Game OST - Pink Soldiers (Extended Ver.)",,,,youtube,v9NQYKv2rTg,,"2026-10-09 19:37",,https://www.youtube.com/watch?v=v9NQYKv2rTg
"Underground Theme - Super Mario World",,,,youtube,OejFpvZkmlI,,"2026-10-09 19:37",,https://www.youtube.com/watch?v=OejFpvZkmlI
"Super Mario World Music - Castle",,,,youtube,R0aoqbDNKaA,,"2026-10-09 19:37",,https://www.youtube.com/watch?v=R0aoqbDNKaA
"Surkin - Quattro (feat. Bobmo)",,,,youtube,tFQKBYJG8gc,,"2026-10-09 19:37",,https://www.youtube.com/watch?v=tFQKBYJG8gc
"t.A.T.u. - All The Things She Said (Official Music Video)",,,,youtube,8mGBaXPlri8,,"2026-10-09 19:37",,https://www.youtube.com/watch?v=8mGBaXPlri8
"Black Summer - Clouds (Tkay Maidza, Amy Shark, G Flip)",,,,youtube,F4vwmR33mmk,,"2026-10-09 19:37",,https://www.youtube.com/watch?v=F4vwmR33mmk
"Perfect To The Core","tracey brakes",,,youtube,R-4uhNEq4j0,,"2026-10-09 19:37",,https://www.youtube.com/watch?v=R-4uhNEq4j0
"KEEP DA O'S","Tyler, The Creator",,,youtube,UDt7ZZZ48cE,,"2026-10-09 19:37",,https://www.youtube.com/watch?v=UDt7ZZZ48cE
find_u_selfie_remix.mp3,,,,youtube,tQp8c1YItCc,,"2026-10-09 19:37",,https://www.youtube.com/watch?v=tQp8c1YItCc
"V.I.C. - Wobble (Official Music Video) | Warner Records",,,,youtube,3lCJWB8JYbI,,"2026-10-09 19:37",,https://www.youtube.com/watch?v=3lCJWB8JYbI
"Weird Al Yankovic - Albuquerque: THE MOVIE",,,,youtube,JE37e1eK2mY,,"2026-10-09 19:37",,https://www.youtube.com/watch?v=JE37e1eK2mY
"Wii Play - Laser Hockey - Player 1 Goal [Wii Play OST]",,,,youtube,4OdAHijL9YU,,"2026-10-09 19:37",,https://www.youtube.com/watch?v=4OdAHijL9YU
FUCKWILLYCROOKS,"William Crooks",,,youtube,N9QxsxxnpRc,,"2026-10-09 19:37",,https://www.youtube.com/watch?v=N9QxsxxnpRc
"Wiz Khalifa - The Thrill [Official Audio]",,,,youtube,bf43dRUBSks,,"2026-10-09 19:37",,https://www.youtube.com/watch?v=bf43dRUBSks
"Wolfgang Gartner - The Original",,,,youtube,GENx1EppsiI,,"2026-10-09 19:38",,https://www.youtube.com/watch?v=GENx1EppsiI
"Zedd - Clarity ft. Foxes",,,,youtube,IxxstCcJlsc,,"2026-10-09 19:38",,https://www.youtube.com/watch?v=IxxstCcJlsc
"Zomboy - Terror Squad",,,,youtube,p6eER7elUPs,,"2026-10-09 19:38",,https://www.youtube.com/watch?v=p6eER7elUPs
"Ariana Grande - R.E.M. (Official Audio)",,,,youtube,AVPEP_KSldA,,"2026-10-09 19:38",,https://www.youtube.com/watch?v=AVPEP_KSldA
"where i've been",,,,youtube,ZsmOSHt3MmE,,"2026-10-09 19:38",,https://www.youtube.com/watch?v=ZsmOSHt3MmE
"oh bo. -- new CD out now!",,,,youtube,dcLFmN7aJe0,,"2026-10-09 19:38",,https://www.youtube.com/watch?v=dcLFmN7aJe0
"Brite Futures (NPSH) - Sophisticated Side Ponytail (EXTENDED)",,,,youtube,AsgA5qxEy_Y,,"2026-10-09 19:38",,https://www.youtube.com/watch?v=AsgA5qxEy_Y
"ultra caro - drop in the ocean",,,,youtube,eCU4VAvctqg,,"2026-10-09 19:38",,https://www.youtube.com/watch?v=eCU4VAvctqg
"ultra caro - moonrise [Official Audio]",,,,youtube,4fKvDAQvsWk,,"2026-10-09 19:38",,https://www.youtube.com/watch?v=4fKvDAQvsWk
"Charli XCX - Queen Lizzy (Demo Version)",,,,youtube,vqM1rUklkE8,,"2026-10-09 19:38",,https://www.youtube.com/watch?v=vqM1rUklkE8
"charli xcx // miami - [español]",,,,youtube,6G3aT7rRmV0,,"2026-10-09 19:38",,https://www.youtube.com/watch?v=6G3aT7rRmV0
"hell of a time",Release,,,youtube,atMM4BYNg28,,"2026-10-09 19:38",,https://www.youtube.com/watch?v=atMM4BYNg28
"daine - writhe (official video)",,,,youtube,yy1OiZUyYoM,,"2026-10-09 19:38",,https://www.youtube.com/watch?v=yy1OiZUyYoM
"deadmau5 - Brazil (Second Edit) (HQ)",,,,youtube,a2PM5iTlmRE,,"2026-10-09 19:38",,https://www.youtube.com/watch?v=a2PM5iTlmRE
"your clothes","Jane Remover",,,youtube,eC_fmqPGczU,,"2026-10-09 19:38",,https://www.youtube.com/watch?v=eC_fmqPGczU
"search party","High Zoey",,,youtube,b46OnodEaOI,,"2026-10-09 19:38",,https://www.youtube.com/watch?v=b46OnodEaOI
champ,"Jane Remover",,,youtube,7UKzOr0b65Q,,"2026-10-09 19:38",,https://www.youtube.com/watch?v=7UKzOr0b65Q
"Doechii - FIREFLIES (Audio)",,,,youtube,oDOmKBkFvdI,,"2026-10-09 19:38",,https://www.youtube.com/watch?v=oDOmKBkFvdI
"Ed Sheeran - Perfect (Official Music Video)",,,,youtube,2Vv-BfVoq4g,,"2026-10-09 19:38",,https://www.youtube.com/watch?v=2Vv-BfVoq4g
"Fatboy Slim - Praise You (JFB Remix)",,,,youtube,j2eMXGQ87uw,,"2026-10-09 19:38",,https://www.youtube.com/watch?v=j2eMXGQ87uw
"Fatboy Slim vs Fedde le Grand - Praise You",,,,youtube,ENIPk9vYNrg,,"2026-10-09 19:38",,https://www.youtube.com/watch?v=ENIPk9vYNrg
"Flume - Hyperreal feat. Kučka",,,,youtube,SPc-oWXEhQQ,,"2026-10-09 19:38",,https://www.youtube.com/watch?v=SPc-oWXEhQQ
"Fortnite | Default Vibe Lobby Music (Major Lazer X Fortnite)",,,,youtube,Y2dEQqTRtd8,,"2026-10-09 19:38",,https://www.youtube.com/watch?v=Y2dEQqTRtd8
"Green Day - Jesus Of Suburbia (Part 2)",,,,youtube,4dz-Gm_1P7A,,"2026-10-09 19:39",,https://www.youtube.com/watch?v=4dz-Gm_1P7A
"Groundbreaker χ Breaking Ground〔131ʙᴘᴍ〕",,,,youtube,UPMSrgZYHrE,,"2026-10-09 19:39",,https://www.youtube.com/watch?v=UPMSrgZYHrE
"PPPP PaPiPuPePo",,,,youtube,9BLlJitipnM,,"2026-10-09 19:39",,https://www.youtube.com/watch?v=9BLlJitipnM
"7. Jackson 5 - I Want You Back",,,,youtube,DGDyAb6pePo,,"2026-10-09 19:39",,https://www.youtube.com/watch?v=DGDyAb6pePo
"Skrillex and Diplo - ""Where Are Ü Now"" with Justin Bieber (Official Video)",,,,youtube,nntGTK2Fhb0,,"2026-10-09 19:39",,https://www.youtube.com/watch?v=nntGTK2Fhb0
"Jane Remover — Cage Girl / Camgirl (audio)",,,,youtube,15EyqSqFqGI,,"2026-10-09 19:39",,https://www.youtube.com/watch?v=15EyqSqFqGI
"Katamari Fortissimo Damacy - 19 - Last Samba",,,,youtube,RZAnIYYGUwA,,"2026-10-09 19:39",,https://www.youtube.com/watch?v=RZAnIYYGUwA
"leroy - video game lover vs. hydraulic press",,,,youtube,NLDpOmbbChQ,,"2026-10-09 19:39",,https://www.youtube.com/watch?v=NLDpOmbbChQ
"[가사해석] Lil Yachty - :(failure(:",,,,youtube,fvKsDn5ZPAw,,"2026-10-09 19:39",,https://www.youtube.com/watch?v=fvKsDn5ZPAw
"Los Del Rio - Macarena (Bayside Boys Remix)",,,,youtube,zWaymcVmJ-A,,"2026-10-09 19:39",,https://www.youtube.com/watch?v=zWaymcVmJ-A
"μ's- Natsuiro Egao de 1,2,Jump! [ENG/ROM.KAN][FULL]",,,,youtube,wK2cK7rMH04,,"2026-10-09 19:39",,https://www.youtube.com/watch?v=wK2cK7rMH04
"M - Pop Muzik (Official HD Video)",,,,youtube,gPoiv0sZ4s4,,"2026-10-09 19:39",,https://www.youtube.com/watch?v=gPoiv0sZ4s4
"Malik Yusef w/ Kanye West & Common - Like To Ride?",,,,youtube,OeLh57zFCzo,,"2026-10-09 19:39",,https://www.youtube.com/watch?v=OeLh57zFCzo
"Metro Boomin - BBL DRIZZY",,,,youtube,Wgfe5RvTyhs,,"2026-10-09 19:39",,https://www.youtube.com/watch?v=Wgfe5RvTyhs
"M.I.A. - Sunshowers",,,,youtube,9cA3b-PbPE0,,"2026-10-09 19:39",,https://www.youtube.com/watch?v=9cA3b-PbPE0
"M.I.A. - Boyz",,,,youtube,wcN1i6Qcjxg,,"2026-10-09 19:39",,https://www.youtube.com/watch?v=wcN1i6Qcjxg
"C418 - Cat - Minecraft Volume Alpha",,,,youtube,9lX-hVpvN3E,,"2026-10-09 19:39",,https://www.youtube.com/watch?v=9lX-hVpvN3E
"C418  - Dog - Minecraft Volume Alpha",,,,youtube,sMOcqXM_d8o,,"2026-10-09 19:39",,https://www.youtube.com/watch?v=sMOcqXM_d8o
"C418 - Dead Voxel (Minecraft Volume Beta)",,,,youtube,wGQDJNksrAM,,"2026-10-09 19:39",,https://www.youtube.com/watch?v=wGQDJNksrAM
"C418 - Intro (Minecraft Volume Beta)",,,,youtube,tC_lJyeGxoA,,"2026-10-09 19:39",,https://www.youtube.com/watch?v=tC_lJyeGxoA
"Squiddy Holly - Chirpy Chips",,,,youtube,fols5Yr78-Y,,"2026-10-09 19:39",,https://www.youtube.com/watch?v=fols5Yr78-Y
"Nadia Oh 'Colours'",,,,youtube,NRwqJ-6WXT8,,"2026-10-09 19:39",,https://www.youtube.com/watch?v=NRwqJ-6WXT8
"Wonderful Place (Contains Hidden Track/Waiting For You)",N.E.R.D.,,,youtube,0tgwOeObdHY,,"2026-10-09 19:40",,https://www.youtube.com/watch?v=0tgwOeObdHY
"N.E.R.D - Squeeze Me (from The Spongebob Movie: Sponge Out Of Water)",,,,youtube,acUqPKHG4JQ,,"2026-10-09 19:40",,https://www.youtube.com/watch?v=acUqPKHG4JQ
"Nicki Minaj - Are You Gone Already (Official Audio)",,,,youtube,3LG8f-L03GU,,"2026-10-09 19:40",,https://www.youtube.com/watch?v=3LG8f-L03GU
"Ninajirachi - Fuck My Computer (Official Video)",,,,youtube,HWl1Tu9oZmY,,"2026-10-09 19:40",,https://www.youtube.com/watch?v=HWl1Tu9oZmY
"Zebra (Taken from forthcoming album 'R Plus Seven')",,,,youtube,M1QAM9rq1PA,,"2026-10-09 19:40",,https://www.youtube.com/watch?v=M1QAM9rq1PA
"Free Now","Paul McCartney",,,youtube,5Zwd7LcGFKU,,"2026-10-09 19:40",,https://www.youtube.com/watch?v=5Zwd7LcGFKU
"1 (feat. umru, Himera & trndytrndy)","Petal Supply",,,youtube,E8lOTqG6miQ,,"2026-10-09 19:40",,https://www.youtube.com/watch?v=E8lOTqG6miQ
"LOVE YOURSELF",PHF,,,youtube,rMNQ_AradXo,,"2026-10-09 19:40",,https://www.youtube.com/watch?v=rMNQ_AradXo
"The Dazzles (Love Ooh Ooh Paradise) - Rhythm Heaven (ENG Version)",,,,youtube,4EvH4AFCFKw,,"2026-10-09 19:40",,https://www.youtube.com/watch?v=4EvH4AFCFKw
"[Rhythm Heaven] - The Dazzles 2 (Perfect) (English)",,,,youtube,0xl-IHvAabo,,"2026-10-09 19:40",,https://www.youtube.com/watch?v=0xl-IHvAabo
"CHIPTUNE: 'Rhythm Rally 2' (Cosmic Rhythm Rally) - Rhythm Heaven [FamiTracker VRC6]",,,,youtube,lk3Ee5-AHEI,,"2026-10-09 19:40",,https://www.youtube.com/watch?v=lk3Ee5-AHEI
"[Rhythm Heaven Fever] ~ Donk-Donk (Perfect)",,,,youtube,zOPIQWSkYrE,,"2026-10-09 19:40",,https://www.youtube.com/watch?v=zOPIQWSkYrE
"My Drive Thru - Santogold, Julian Casablancas, N.E.R.D produced by Pharrell",,,,youtube,GPZ5fnYFI4Q,,"2026-10-09 19:40",,https://www.youtube.com/watch?v=GPZ5fnYFI4Q
"Sonic CD - Collision Chaos Act 3 Bad Future",,,,youtube,NSKEdwUcHp4,,"2026-10-09 19:40",,https://www.youtube.com/watch?v=NSKEdwUcHp4
"GROUNdBREAKER「DJH RMX」138.00ᵇᵖᵐ",,,,youtube,sej7GHVa-rc,,"2026-10-09 19:40",,https://www.youtube.com/watch?v=sej7GHVa-rc
"Zedd - Clarity ft. Foxes",,,,youtube,IxxstCcJlsc,,"2026-10-09 19:40",,https://www.youtube.com/watch?v=IxxstCcJlsc
"12th Planet & Skrillex - Father Said",,,,youtube,isygJ6e_TWo,,"2026-10-09 19:40",,https://www.youtube.com/watch?v=isygJ6e_TWo
"Memories Of Tokyo-To - 02 - Here I Go [OFFICIAL]",,,,youtube,m6TRHwD32lo,,"2026-10-09 19:40",,https://www.youtube.com/watch?v=m6TRHwD32lo
"Gwely Mernans","Aphex Twin",,,youtube,e91z7Po_w2E,,"2026-10-09 19:40",,https://www.youtube.com/watch?v=e91z7Po_w2E
"EL ARCA TRAILER",,,,youtube,OoymdAWdj_8,,"2026-10-09 19:40",,https://www.youtube.com/watch?v=OoymdAWdj_8
Yoyo,Release,,,youtube,0ju-uBzIIsk,,"2026-10-09 19:40",,https://www.youtube.com/watch?v=0ju-uBzIIsk
"Biser King Dom Dom Yes Yes (OFFICIAL VIDEO)",,,,youtube,PDuizoc-knI,,"2026-10-09 19:40",,https://www.youtube.com/watch?v=PDuizoc-knI
Release,Blackalicious,,,youtube,_5J4y9nhYWs,,"2026-10-09 19:41",,https://www.youtube.com/watch?v=_5J4y9nhYWs
"blackbear - hot girl bummer [Low Budget Video]",,,,youtube,yMlKJGKyoCo,,"2026-10-09 19:41",,https://www.youtube.com/watch?v=yMlKJGKyoCo
"Bomb Rush Cyberfunk OST - AGUA",,,,youtube,oA1d6vMAk78,,"2026-10-09 19:41",,https://www.youtube.com/watch?v=oA1d6vMAk78
"Britney Spears - Me Against The Music (Official HD Video)",,,,youtube,clwLKJ294u4,,"2026-10-09 19:41",,https://www.youtube.com/watch?v=clwLKJ294u4
"Britney Spears - Gimme More (Official HD Video)",,,,youtube,elueA2rofoo,,"2026-10-09 19:41",,https://www.youtube.com/watch?v=elueA2rofoo
"Peanut Butter Jelly Time with Lyrics!!!",,,,youtube,eRBOgtp0Hac,,"2026-10-09 19:41",,https://www.youtube.com/watch?v=eRBOgtp0Hac
"Chip Da Ripper freestyle (Interior Crocodile Alligator full song)",,,,youtube,ZIfSaDNVjXI,,"2026-10-09 19:41",,https://www.youtube.com/watch?v=ZIfSaDNVjXI
"even after all that we have been through",,,,youtube,poQMmeGuJVo,,"2026-10-09 19:41",,https://www.youtube.com/watch?v=poQMmeGuJVo
"Crush 3D - The Basics Gameplay Tutorial",,,,youtube,mqzS_xRhJiA,,"2026-10-09 19:41",,https://www.youtube.com/watch?v=mqzS_xRhJiA
"CYBERPUNK 2077 SOUNDTRACK - MAKES ME FEEL BETTER by OnenO & Perilous Futur (Official Video)",,,,youtube,lJu4Z4J4-eE,,"2026-10-09 19:41",,https://www.youtube.com/watch?v=lJu4Z4J4-eE
"Cyberpunk 2077 — Look Through My Kiroshi's (The Solo Life) by D.O.H. (89.7 Growl FM)",,,,youtube,YOs4ntiUq1o,,"2026-10-09 19:41",,https://www.youtube.com/watch?v=YOs4ntiUq1o
"Daft Punk - Burnin' (Official Audio)",,,,youtube,E2lGIsrhlGA,,"2026-10-09 19:41",,https://www.youtube.com/watch?v=E2lGIsrhlGA
"Daft Punk - Harder, Better, Faster, Stronger (Official Video)",,,,youtube,gAjR4_CbPpQ,,"2026-10-09 19:41",,https://www.youtube.com/watch?v=gAjR4_CbPpQ
"Daft Punk - Harder Better Faster Stronger (Jess & Crabbe remix) HD",,,,youtube,mTYDKjGT7dg,,"2026-10-09 19:41",,https://www.youtube.com/watch?v=mTYDKjGT7dg
"Crescendolls (Laidback Luke Remix)","Daft Punk",,,youtube,UqoyINYxTLQ,,"2026-10-09 19:41",,https://www.youtube.com/watch?v=UqoyINYxTLQ
"Daft Punk - Get Lucky (Official Video) feat. Pharrell Williams and Nile Rodgers",,,,youtube,CCHdMIEGaaM,,"2026-10-09 19:41",,https://www.youtube.com/watch?v=CCHdMIEGaaM
"deadmau5 / 1981 (Original Mix)",,,,youtube,VDeFgKKEnoI,,"2026-10-09 19:41",,https://www.youtube.com/watch?v=VDeFgKKEnoI
"Melleefresh vs deadmau5 / Whispers (Original Mix)",,,,youtube,VKlv7qb2kN4,,"2026-10-09 19:41",,https://www.youtube.com/watch?v=VKlv7qb2kN4
"Rouxls Kaard","Toby Fox",,,youtube,yfC8OU2YtNo,,"2026-10-09 19:41",,https://www.youtube.com/watch?v=yfC8OU2YtNo
"Destiny's Child - Independent Women Part I (Official HD Video)",,,,youtube,0lPQZni7I18,,"2026-10-09 19:41",,https://www.youtube.com/watch?v=0lPQZni7I18
NOOOOSTYLIST〔155.74ʙᴘᴍ〕,,,,youtube,67wHi-aVQRc,,"2026-10-09 19:41",,https://www.youtube.com/watch?v=67wHi-aVQRc
"Digitalism - Home Zone",,,,youtube,32EJeHu5axE,,"2026-10-09 19:41",,https://www.youtube.com/watch?v=32EJeHu5axE
"MAKE NUKES LEGAL AGAIN (feat. MAX2K10)","DJ Smokey",,,youtube,JxVRiGKYe0U,,"2026-10-09 19:41",,https://www.youtube.com/watch?v=JxVRiGKYe0U
"Doechii - Booty Drop (Official Music Video)",,,,youtube,OgtN65lJVF8,,"2026-10-09 19:42",,https://www.youtube.com/watch?v=OgtN65lJVF8
"Drake, 21 Savage - Rich Flex (Audio)",,,,youtube,I4DjHHVHWAE,,"2026-10-09 19:42",,https://www.youtube.com/watch?v=I4DjHHVHWAE
"Drake ft. Sexyy Red & SZA - Rich Baby Daddy (Official Music Video) ft. Sexyy Red, SZA",,,,youtube,UcsSdIXHCWM,,"2026-10-09 19:42",,https://www.youtube.com/watch?v=UcsSdIXHCWM
"EARTH PEOPLE   DANCE",,,,youtube,RHcDEqd_nJ0,,"2026-10-09 19:42",,https://www.youtube.com/watch?v=RHcDEqd_nJ0
"AIN'T NOTHIN' LIKE A FLAT BEAT - SiIvaGunner: King for Another Day",,,,youtube,GlyFOvy-HHM,,"2026-10-09 19:42",,https://www.youtube.com/watch?v=GlyFOvy-HHM
IDGAFOAS,"food house",,,youtube,aELYIMj1vds,,"2026-10-09 19:42",,https://www.youtube.com/watch?v=aELYIMj1vds
"Blammed - Friday Night Funkin' OST",,,,youtube,aQ2tXk-2UEg,,"2026-10-09 19:42",,https://www.youtube.com/watch?v=aQ2tXk-2UEg
"ANGEL'S THOUGHTS","Frost Children",,,youtube,mDCvrSOqowo,,"2026-10-09 19:42",,https://www.youtube.com/watch?v=mDCvrSOqowo
"Flume covers Ghost Town DJs 'My Boo' Ft Vince Staples, Kučka, Ngaiire & Vera Blue for Like A Version",,,,youtube,miqsQf7ZvCU,,"2026-10-09 19:42",,https://www.youtube.com/watch?v=miqsQf7ZvCU
"Ghost Town DJs - My Boo (V/O version No. 2)",,,,youtube,QxRiwnmYjMg,,"2026-10-09 19:42",,https://www.youtube.com/watch?v=QxRiwnmYjMg
"宇多田ヒカル - Movin'on without you",,,,youtube,9qU-JVtvXKw,,"2026-10-09 19:42",,https://www.youtube.com/watch?v=9qU-JVtvXKw
"宇多田ヒカル - Movin'on without you",,,,youtube,9qU-JVtvXKw,,"2026-10-09 19:42",,https://www.youtube.com/watch?v=9qU-JVtvXKw
"宇多田ヒカル - COLORS",,,,youtube,nv7OzIbdm4Y,,"2026-10-09 19:42",,https://www.youtube.com/watch?v=nv7OzIbdm4Y
"The Jacksons - Can You Feel It",,,,youtube,lrKZNqIR2U0,,"2026-10-09 19:42",,https://www.youtube.com/watch?v=lrKZNqIR2U0
"Jaden - GOKU",,,,youtube,g9wFQTzRfog,,"2026-10-09 19:42",,https://www.youtube.com/watch?v=g9wFQTzRfog
"Mile High feat. Travis Scott and Metro Boomin (Official Video)",,,,youtube,pkHlze-Pg3g,,"2026-10-09 19:42",,https://www.youtube.com/watch?v=pkHlze-Pg3g
"Jamie xx - Baddy On The Floor ft. Honey Dijon",,,,youtube,xeKSdJqFM6o,,"2026-10-09 19:42",,https://www.youtube.com/watch?v=xeKSdJqFM6o
"JID - Off Da Zoinkys",,,,youtube,AzlcFH27dTU,,"2026-10-09 19:42",,https://www.youtube.com/watch?v=AzlcFH27dTU
"Recreating Sick, Nervous and Broke by JPEGMAFIA in a music lesson",,,,youtube,zF20rcKSeQU,,"2026-10-09 19:42",,https://www.youtube.com/watch?v=zF20rcKSeQU
"JPEGMAFIA - THE GHOST RANKING DREAD! (ft. Tkay Maidza) [AUDIO]",,,,youtube,mbk4AgmM-To,,"2026-10-09 19:42",,https://www.youtube.com/watch?v=mbk4AgmM-To
"JPEGMAFIA - Jordan Rules",,,,youtube,Qi6JerhrnuA,,"2026-10-09 19:42",,https://www.youtube.com/watch?v=Qi6JerhrnuA
"Justice - D.A.N.C.E. - † (Official Audio)",,,,youtube,tCnBrrnOefs,,"2026-10-09 19:42",,https://www.youtube.com/watch?v=tCnBrrnOefs
"Justice - D.A.N.C.E. (Live Version) [Official Audio]",,,,youtube,vuAacRqE0jU,,"2026-10-09 19:42",,https://www.youtube.com/watch?v=vuAacRqE0jU
"Kanye West  I Don't Like ft. Pusha T, Chief Keef, Jadakiss & Big Sean LYRICS",,,,youtube,fSJoDuU328k,,"2026-10-09 19:43",,https://www.youtube.com/watch?v=fSJoDuU328k
"Kanye West Speaks On Being Beaten Up By Kim Kardashian's Security Guards",,,,youtube,2Ozifgfrrik,,"2026-10-09 19:43",,https://www.youtube.com/watch?v=2Ozifgfrrik
"Kelsey Lu - Due West (Skrillex Remix - Official Audio)",,,,youtube,9mWTKwGzrEg,,"2026-10-09 19:43",,https://www.youtube.com/watch?v=9mWTKwGzrEg
"Kendrick Lamar - Institutionalized (1st Part Only)",,,,youtube,8ONXqGwe1OU,,"2026-10-09 19:43",,https://www.youtube.com/watch?v=8ONXqGwe1OU
"Kendrick Lamar - tv off (Official Audio)",,,,youtube,U8F5G5wR1mk,,"2026-10-09 19:43",,https://www.youtube.com/watch?v=U8F5G5wR1mk
"King Gizzard & The Lizard Wizard - O.N.E. (Official Video)",,,,youtube,lkZd2lBQb2c,,"2026-10-09 19:43",,https://www.youtube.com/watch?v=lkZd2lBQb2c
"Main Title (from the Television Series ""Knight Rider"")","Stu Phillips",,,youtube,lxhWxv_5bQ0,,"2026-10-09 19:43",,https://www.youtube.com/watch?v=lxhWxv_5bQ0
"Twerkin!!! - Kreayshawn feat. Diplo & Sissy Nobby",,,,youtube,t81IF7pcoKA,,"2026-10-09 19:43",,https://www.youtube.com/watch?v=t81IF7pcoKA
"thatboykwame - CLOUDS. (Official Audio)",,,,youtube,EaBrW5oroCY,,"2026-10-09 19:43",,https://www.youtube.com/watch?v=EaBrW5oroCY
"Lana Del Rey - Video Games",,,,youtube,cE6wxDqdOV0,,"2026-10-09 19:43",,https://www.youtube.com/watch?v=cE6wxDqdOV0
"Gerudo Valley - The Legend of Zelda: Ocarina Of Time",,,,youtube,0hEYvdMoF2g,,"2026-10-09 19:43",,https://www.youtube.com/watch?v=0hEYvdMoF2g
"LORN - ANVIL [Official Music Video]",,,,youtube,CqaAs_3azSs,,"2026-10-09 19:43",,https://www.youtube.com/watch?v=CqaAs_3azSs
"Melleefresh vs deadmau5 / Something Inside Me (Original Mix)",,,,youtube,rbB5eya7ZOw,,"2026-10-09 19:43",,https://www.youtube.com/watch?v=rbB5eya7ZOw
"M.I.A. - Jimmy",,,,youtube,HBECisSkAu4,,"2026-10-09 19:43",,https://www.youtube.com/watch?v=HBECisSkAu4
"Dry Hands","Daniel Rosenfeld",,,youtube,2j8im-7KS9Y,,"2026-10-09 19:43",,https://www.youtube.com/watch?v=2j8im-7KS9Y
"C418 - Strad (Minecraft Volume Beta)",,,,youtube,d6tV0cr9zYI,,"2026-10-09 19:43",,https://www.youtube.com/watch?v=d6tV0cr9zYI
"Amazing Horse Extended Version Video [HD]",,,,youtube,_UqAB--LIGM,,"2026-10-09 19:43",,https://www.youtube.com/watch?v=_UqAB--LIGM
"Nadia Oh 'Amsterdam'",,,,youtube,ss-A5-C50FI,,"2026-10-09 19:43",,https://www.youtube.com/watch?v=ss-A5-C50FI
Aaron,,,,youtube,mVKIva2KddY,,"2026-10-09 19:43",,https://www.youtube.com/watch?v=mVKIva2KddY
"Nick León & Erika de Casier — Bikini",,,,youtube,VR26OKdglDY,,"2026-10-09 19:43",,https://www.youtube.com/watch?v=VR26OKdglDY
"N.O.R.E. - Superthug (Official Music Video)",,,,youtube,gs9ngd-uq6I,,"2026-10-09 19:43",,https://www.youtube.com/watch?v=gs9ngd-uq6I
"Ollie King OST - Funk To The Top",,,,youtube,GYOsz7tjbsM,,"2026-10-09 19:43",,https://www.youtube.com/watch?v=GYOsz7tjbsM
"Hellraiser (30th Anniversary Edition - Official Animated Video)",,,,youtube,zw79RVnlCb0,,"2026-10-09 19:43",,https://www.youtube.com/watch?v=zw79RVnlCb0
"Peaches - Fuck the Pain Away",,,,youtube,EpDmklLFXVc,,"2026-10-09 19:44",,https://www.youtube.com/watch?v=EpDmklLFXVc
"bitch lasagna",,,,youtube,6Dh-RL__uN4,,"2026-10-09 19:44",,https://www.youtube.com/watch?v=6Dh-RL__uN4
"All Eyes On Me (feat. BENEE, Chad Hugo & Pusha T) [Visualizer]",,,,youtube,zmA7_I_q5e8,,"2026-10-09 19:44",,https://www.youtube.com/watch?v=zmA7_I_q5e8
Beef,Ethereal,,,youtube,kPpN1x8CgZY,,"2026-10-09 19:44",,https://www.youtube.com/watch?v=kPpN1x8CgZY
"The Prodigy - Firestarter (Official Video)",,,,youtube,wmin5WkOuPw,,"2026-10-09 19:44",,https://www.youtube.com/watch?v=wmin5WkOuPw
"Pulsar 2849 Playthrough - LIVE!",,,,youtube,2bas2l2FsEo,,"2026-10-09 19:44",,https://www.youtube.com/watch?v=2bas2l2FsEo
"Epic Rap Battle: Nerd vs. Geek",,,,youtube,2Tvy_Pbe5NA,,"2026-10-09 19:44",,https://www.youtube.com/watch?v=2Tvy_Pbe5NA
"Remix 7 ~ SFX Version (Rhythm Heaven Fever) [EXTENDED]",,,,youtube,xUGtok3QyZE,,"2026-10-09 19:44",,https://www.youtube.com/watch?v=xUGtok3QyZE
"Riot In Belgium - La Musique",,,,youtube,1ttBub4Jrwc,,"2026-10-09 19:44",,https://www.youtube.com/watch?v=1ttBub4Jrwc
"[VOCALOID] GUMI Megu Megu☆Fire Endless Night [Japanese Romanji English Lyrics]",,,,youtube,Yn1Om1sKvAY,,"2026-10-09 19:44",,https://www.youtube.com/watch?v=Yn1Om1sKvAY
"Fat Juicy & Wet","Sexyy Red",,,youtube,fwmgjvRSSEk,,"2026-10-09 19:44",,https://www.youtube.com/watch?v=fwmgjvRSSEk
"Shinichi Osawa - Dreamhunt",,,,youtube,ioduAW6T-1k,,"2026-10-09 19:44",,https://www.youtube.com/watch?v=ioduAW6T-1k
Dreamhunt,"MONDO GROSSO",,,youtube,V-hqetWLjrI,,"2026-10-09 19:44",,https://www.youtube.com/watch?v=V-hqetWLjrI
"shinigami - sanguine paradise remix",,,,youtube,bkb13q_kQt0,,"2026-10-09 19:44",,https://www.youtube.com/watch?v=bkb13q_kQt0
"eyes in the water",,,,youtube,X2LbzZQCZpw,,"2026-10-09 19:44",,https://www.youtube.com/watch?v=X2LbzZQCZpw
"The Disco Rangers Bus (Knows How To Rock N Roll)",,,,youtube,vXhmyyXFd5I,,"2026-10-09 19:44",,https://www.youtube.com/watch?v=vXhmyyXFd5I
"Skrillex Voltage [HD]",,,,youtube,5JEfkqV5eQs,,"2026-10-09 19:44",,https://www.youtube.com/watch?v=5JEfkqV5eQs
"Skrillex & Damian ""Jr. Gong"" Marley - Make It Bun Dem [OFFICIAL VIDEO]",,,,youtube,BGpzGu9Yp6Y,,"2026-10-09 19:44",,https://www.youtube.com/watch?v=BGpzGu9Yp6Y
"Skrillex - Dirty Vibe with Diplo, CL, & G-Dragon (OFFICIAL VIDEO)",,,,youtube,Mq-aVCUs2Q0,,"2026-10-09 19:44",,https://www.youtube.com/watch?v=Mq-aVCUs2Q0
"Sonic 2 Music: Chemical Plant Zone",,,,youtube,-LYB7iLZNWE,,"2026-10-09 19:44",,https://www.youtube.com/watch?v=-LYB7iLZNWE
"SOULWAX - NY Excuse",,,,youtube,EF3bu9fmheA,,"2026-10-09 19:44",,https://www.youtube.com/watch?v=EF3bu9fmheA
"robinson spitz",,,,youtube,xoGd3EeXE8E,,"2026-10-09 19:44",,https://www.youtube.com/watch?v=xoGd3EeXE8E
"Color Pulse - Splatoon 2 [Off the Hook]",,,,youtube,0CYyFle-At4,,"2026-10-09 19:44",,https://www.youtube.com/watch?v=0CYyFle-At4
"Big Run ~ Bait & Click (ω-3) - Splatoon 3",,,,youtube,6m6M83rKfZ8,,"2026-10-09 19:45",,https://www.youtube.com/watch?v=6m6M83rKfZ8
"System Of A Down - Radio/Video (Official Audio)",,,,youtube,DmmYAX8Phig,,"2026-10-09 19:45",,https://www.youtube.com/watch?v=DmmYAX8Phig
"every room becomes a mouth!!!!","tracey brakes",,,youtube,4MrgzC3n1JA,,"2026-10-09 19:45",,https://www.youtube.com/watch?v=4MrgzC3n1JA
"Travis Scott - SICKO MODE (Official Video) ft. Drake",,,,youtube,6ONRf7h3Mdk,,"2026-10-09 19:45",,https://www.youtube.com/watch?v=6ONRf7h3Mdk
"SORRY NOT SORRY",,,,youtube,LSIOcCcEVaE,,"2026-10-09 19:45",,https://www.youtube.com/watch?v=LSIOcCcEVaE
"Tyler, The Creator - ""Sticky Part 2""Chromakopia Tour at CryptoArena (Valentine's Day) (F142025)",,,,youtube,-1Yx6_ixvIg,,"2026-10-09 19:45",,https://www.youtube.com/watch?v=-1Yx6_ixvIg
"LOANSHARKS_(UMRU,_HELVETICAN_&_HIMERA_TRANCE_ACID_EUPHORIAMIX_2009) --www.Kazaa.com--",,,,youtube,uMQHhbuD-no,,"2026-10-09 19:45",,https://www.youtube.com/watch?v=uMQHhbuD-no
"Wu-Tang Clan - C.R.E.A.M. (Official HD Video - Edited)",,,,youtube,PBwAxmrE194,,"2026-10-09 19:45",,https://www.youtube.com/watch?v=PBwAxmrE194
"Real Nice",reveries,,,youtube,tycsa3TjI8M,,"2026-10-09 19:45",,https://www.youtube.com/watch?v=tycsa3TjI8M
"Young and Beautiful","The Young Punx",,,youtube,CWt-IcmgqSA,,"2026-10-09 19:45",,https://www.youtube.com/watch?v=CWt-IcmgqSA
"FRESH SQUID! (Red Light, Green Light Theme) SQUID GAME HOUSE REMIX",,,,youtube,RQXsJkKrPDI,,"2026-10-09 19:45",,https://www.youtube.com/watch?v=RQXsJkKrPDI
"fuck Teeth","100 gecs",,,youtube,Or1NyNlHOCg,,"2026-10-09 19:45",,https://www.youtube.com/watch?v=Or1NyNlHOCg
"Memories Of Tokyo-To - 12 - Rock The Beat!! [OFFICIAL]",,,,youtube,O4QN_4ssuLE,,"2026-10-09 19:45",,https://www.youtube.com/watch?v=O4QN_4ssuLE
"Hate it Love it  ✿ VISUALIZER ✿",,,,youtube,lryF055zuzE,,"2026-10-09 19:45",,https://www.youtube.com/watch?v=lryF055zuzE
"Animal Crossing: New Horizons - 10AM",,,,youtube,29K1YEyunkg,,"2026-10-09 19:45",,https://www.youtube.com/watch?v=29K1YEyunkg
"Ghost Story Pt. 2","The Avalanches",,,youtube,PXe3I8HrmIE,,"2026-10-09 19:45",,https://www.youtube.com/watch?v=PXe3I8HrmIE
"Avril Lavigne - I'm With You (Official Video)",,,,youtube,dGR65RWwzg8,,"2026-10-09 19:45",,https://www.youtube.com/watch?v=dGR65RWwzg8
"The Beatles - Here Comes The Sun (2019 Mix)",,,,youtube,KQetemT1sWc,,"2026-10-09 19:45",,https://www.youtube.com/watch?v=KQetemT1sWc
"Billie Eilish - Halley’s Comet (Official Lyric Video)",,,,youtube,geUYm3f6ZA4,,"2026-10-09 19:45",,https://www.youtube.com/watch?v=geUYm3f6ZA4
HOTTIE,BROCKHAMPTON,,,youtube,IVvW-cBxTTY,,"2026-10-09 19:45",,https://www.youtube.com/watch?v=IVvW-cBxTTY
"Coldplay-Green Eyes",,,,youtube,gmyq9tIiu8g,,"2026-10-09 19:45",,https://www.youtube.com/watch?v=gmyq9tIiu8g
"MIC CHECK",,,,youtube,L5xwwpNwQ70,,"2026-10-09 19:45",,https://www.youtube.com/watch?v=L5xwwpNwQ70
Clash,Cornelius,,,youtube,7DhwNBE4Gxo,,"2026-10-09 19:45",,https://www.youtube.com/watch?v=7DhwNBE4Gxo
"Cornelius: Breezin' / Chapter 8 ~Seashore and Horizon~ / E - San Francisco, 3/17/18",,,,youtube,cBScAlfPLt8,,"2026-10-09 19:46",,https://www.youtube.com/watch?v=cBScAlfPLt8
"Fingers and the Outlaws - So It Goes (Cyberpunk 2077 107.3 Morro Rock Radio)",,,,youtube,6yyNalTFMXc,,"2026-10-09 19:46",,https://www.youtube.com/watch?v=6yyNalTFMXc
"Daft Punk - Digital Love (Boris Dlugosch Remix)",,,,youtube,ZoysjE6kSRY,,"2026-10-09 19:46",,https://www.youtube.com/watch?v=ZoysjE6kSRY
"Disclosure feat. Sinead Harnett - Boiling",,,,youtube,fSDssvF67Mw,,"2026-10-09 19:46",,https://www.youtube.com/watch?v=fSDssvF67Mw
misplace,"Jane Remover",,,youtube,yxApHA4nmEg,,"2026-10-09 19:46",,https://www.youtube.com/watch?v=yxApHA4nmEg
pretender,"High Zoey",,,youtube,-eVwSDGjX5g,,"2026-10-09 19:46",,https://www.youtube.com/watch?v=-eVwSDGjX5g
"buzzcut, daisy","Jane Remover",,,youtube,jJ8Gt9Jhaxc,,"2026-10-09 19:46",,https://www.youtube.com/watch?v=jJ8Gt9Jhaxc
"doechii - hide n seek (slowed + reverb)",,,,youtube,v_mRQd0lYaE,,"2026-10-09 19:46",,https://www.youtube.com/watch?v=v_mRQd0lYaE
"Finn Keane - Be Your USA feat. Iiris (Lyric Video)",,,,youtube,3PIldzio0NY,,"2026-10-09 19:46",,https://www.youtube.com/watch?v=3PIldzio0NY
"Eminem - A** Like That (Super Clean Version, Closed Captioned)",,,,youtube,um4-d7VzZiE,,"2026-10-09 19:46",,https://www.youtube.com/watch?v=um4-d7VzZiE
"Shh 🤫 umru & warpstr good feeling 🤫 131ʙᴘᴍ",,,,youtube,HALZhFgXq80,,"2026-10-09 19:46",,https://www.youtube.com/watch?v=HALZhFgXq80
"Maddening Shroud","Frou Frou",,,youtube,XLo_Fq4xpvs,,"2026-10-09 19:46",,https://www.youtube.com/watch?v=XLo_Fq4xpvs
kiss,,,,youtube,_RBC2e14Jfc,,"2026-10-09 19:46",,https://www.youtube.com/watch?v=_RBC2e14Jfc
"Geese - 4D Country (Official Music Video)",,,,youtube,0m1abZODAJ0,,"2026-10-09 19:46",,https://www.youtube.com/watch?v=0m1abZODAJ0
"Geese - Cowboy Nudes (Official Music Video)",,,,youtube,LvHsLdYXfaY,,"2026-10-09 19:46",,https://www.youtube.com/watch?v=LvHsLdYXfaY
"G.R.L. - Vacation (Official Video)",,,,youtube,KgfO-CvSs1g,,"2026-10-09 19:46",,https://www.youtube.com/watch?v=KgfO-CvSs1g
"G.R.L. - Ugly Heart (Official Video)",,,,youtube,BxRQNO8vg2Y,,"2026-10-09 19:46",,https://www.youtube.com/watch?v=BxRQNO8vg2Y
"Skrillex and Diplo - ""Where Are Ü Now"" with Justin Bieber (Official Video)",,,,youtube,nntGTK2Fhb0,,"2026-10-09 19:46",,https://www.youtube.com/watch?v=nntGTK2Fhb0
"Jet Grind Radio Soundtrack - Rock It On",,,,youtube,8nY23NA25mM,,"2026-10-09 19:46",,https://www.youtube.com/watch?v=8nY23NA25mM
"Jet Grind Radio Soundtrack - Rock It On",,,,youtube,8nY23NA25mM,,"2026-10-09 19:46",,https://www.youtube.com/watch?v=8nY23NA25mM
"Justice - B.E.A.T. (Extended) [Official Audio]",,,,youtube,EN3B_I4WA4c,,"2026-10-09 19:46",,https://www.youtube.com/watch?v=EN3B_I4WA4c
"Justice - Afterimage (Starring RIMON) (Official Video)",,,,youtube,T4gNbo5goRc,,"2026-10-09 19:46",,https://www.youtube.com/watch?v=T4gNbo5goRc
"Full Katamari Damacy OST",,,,youtube,QAA6hq9RL-4,,"2026-10-09 19:47",,https://www.youtube.com/watch?v=QAA6hq9RL-4
"Swear Words- Kids & Explosions",,,,youtube,7TDYFlP8Qo0,,"2026-10-09 19:47",,https://www.youtube.com/watch?v=7TDYFlP8Qo0
"Lauv - ****, i'm lonely (with Anne-Marie) [Official Video]",,,,youtube,_cmORZMgv6I,,"2026-10-09 19:47",,https://www.youtube.com/watch?v=_cmORZMgv6I
"Lego Racers 2 (PlayStation 2 100%) Walkthrough",,,,youtube,KCO5YDqr5I8,,"2026-10-09 19:47",,https://www.youtube.com/watch?v=KCO5YDqr5I8
"μ’s - Snow Halation (Color coded, Kanji, Romaji, Eng)",,,,youtube,xXLbSlnWaws,,"2026-10-09 19:47",,https://www.youtube.com/watch?v=xXLbSlnWaws
"Wet Hands","Daniel Rosenfeld",,,youtube,lq1vZxM-Iic,,"2026-10-09 19:47",,https://www.youtube.com/watch?v=lq1vZxM-Iic
"C418 - Blocks (Minecraft Volume Beta)",,,,youtube,JQw8MEqhMRA,,"2026-10-09 19:47",,https://www.youtube.com/watch?v=JQw8MEqhMRA
"Heavenly Peach Banquet",Monkey,,,youtube,IBmj7_TiLkM,,"2026-10-09 19:47",,https://www.youtube.com/watch?v=IBmj7_TiLkM
"Naughty by Nature - O.P.P. (Official 4K Music Video)",,,,youtube,idx3GSL2KWs,,"2026-10-09 19:47",,https://www.youtube.com/watch?v=idx3GSL2KWs
"Oasis - Go Let It Out (Official Video)",,,,youtube,-6X0rOC32AA,,"2026-10-09 19:47",,https://www.youtube.com/watch?v=-6X0rOC32AA
"Hurry Along 2 - Pokémon Gold/Silver/Crystal Soundtrack",,,,youtube,7MfsNZW9Trw,,"2026-10-09 19:47",,https://www.youtube.com/watch?v=7MfsNZW9Trw
"Ray Charles - I got a woman",,,,youtube,CnI_LuCJ4Ek,,"2026-10-09 19:47",,https://www.youtube.com/watch?v=CnI_LuCJ4Ek
"[Rhythm Heaven] - Big Rock Finish (Perfect) (English)",,,,youtube,g5uHzCJflgs,,"2026-10-09 19:47",,https://www.youtube.com/watch?v=g5uHzCJflgs
"[Rhythm Heaven Fever] ~ Remix 7 (Perfect)",,,,youtube,k9jeejl9B2A,,"2026-10-09 19:47",,https://www.youtube.com/watch?v=k9jeejl9B2A
"Lonely Storm - Rhythm Heaven Fever",,,,youtube,k9NswXHNN9M,,"2026-10-09 19:47",,https://www.youtube.com/watch?v=k9NswXHNN9M
"[Rhythm Heaven Fever] ~ Figure Fighter 2 (Perfect)",,,,youtube,rQdL-EcRgGE,,"2026-10-09 19:47",,https://www.youtube.com/watch?v=rQdL-EcRgGE
"Lonely Storm - Rhythm Heaven Fever",,,,youtube,k9NswXHNN9M,,"2026-10-09 19:47",,https://www.youtube.com/watch?v=k9NswXHNN9M
"Remix 6 - Rhythm Heaven Fever",,,,youtube,Chm4TlzZFL0,,"2026-10-09 19:47",,https://www.youtube.com/watch?v=Chm4TlzZFL0
"Screwbot Factory 2 - Rhythm Heaven Fever (Egyptian Trend Song)",,,,youtube,NVxD8565p0A,,"2026-10-09 19:47",,https://www.youtube.com/watch?v=NVxD8565p0A
"[Rhythm Heaven Fever] ~ The Clappy Trio",,,,youtube,9YdO4_r0o98,,"2026-10-09 19:47",,https://www.youtube.com/watch?v=9YdO4_r0o98
"Roxette - The Look",,,,youtube,LlVI7ZNiFlI,,"2026-10-09 19:47",,https://www.youtube.com/watch?v=LlVI7ZNiFlI
"Dreaming in Script",,,,youtube,mEYwTGpu5Ws,,"2026-10-09 19:47",,https://www.youtube.com/watch?v=mEYwTGpu5Ws
"Fabulous Secret Powers",,,,youtube,FR7wOGyAzpw,,"2026-10-09 19:48",,https://www.youtube.com/watch?v=FR7wOGyAzpw
"Soccer Mommy & Kero Kero Bonito - rom com 2021 (Official Audio)",,,,youtube,3EO18qI8r3I,,"2026-10-09 19:48",,https://www.youtube.com/watch?v=3EO18qI8r3I
"Wing Fortress Zone - Sonic the Hedgehog 2 [OST]",,,,youtube,SBw_mtXrA4g,,"2026-10-09 19:48",,https://www.youtube.com/watch?v=SBw_mtXrA4g
"Sonic & Knuckles Intro HD",,,,youtube,icd2STvBurY,,"2026-10-09 19:48",,https://www.youtube.com/watch?v=icd2STvBurY
"Sonic & Knuckles Music: Invincible [extended]",,,,youtube,Y1mpfiy6bc0,,"2026-10-09 19:48",,https://www.youtube.com/watch?v=Y1mpfiy6bc0
"Right There, Ride On - Sonic Rush [OST]",,,,youtube,hkD7ee0Qz64,,"2026-10-09 19:48",,https://www.youtube.com/watch?v=hkD7ee0Qz64
"A New Day - Sonic Rush [OST]",,,,youtube,NMBL43I3r4g,,"2026-10-09 19:48",,https://www.youtube.com/watch?v=NMBL43I3r4g
"SOPHIE - Exhilarate (feat. Bibi Bourelly) - Official Visualiser",,,,youtube,neAg6d1NpHE,,"2026-10-09 19:48",,https://www.youtube.com/watch?v=neAg6d1NpHE
"Plaza - Splatoon OST",,,,youtube,kN5dt_eOr-M,,"2026-10-09 19:48",,https://www.youtube.com/watch?v=kN5dt_eOr-M
"♪ Inkoming! - Wet Floor ♫ Caitlin Koi Lyric Video - Splatoon 2",,,,youtube,9Hw0Gzp4a-U,,"2026-10-09 19:48",,https://www.youtube.com/watch?v=9Hw0Gzp4a-U
"Splatoon 2 - Inkopolis Square Complete Tour! (Splatfest Demo)",,,,youtube,EeGbWWduOrk,,"2026-10-09 19:48",,https://www.youtube.com/watch?v=EeGbWWduOrk
"Sashimori - Amalgamania | Splatoon 3 Music Extended",,,,youtube,HbYDHF6wdW0,,"2026-10-09 19:48",,https://www.youtube.com/watch?v=HbYDHF6wdW0
"Deep Cut: Anarchy Rainbow - Splatoon 3 - Nintendo Switch",,,,youtube,DtMOAvOWTvY,,"2026-10-09 19:48",,https://www.youtube.com/watch?v=DtMOAvOWTvY
"Refractions in the Plastic Pulse - Part 2",,,,youtube,I8SjryX98XU,,"2026-10-09 19:48",,https://www.youtube.com/watch?v=I8SjryX98XU
"Super Mario Sunshine HD - All Delfino Plaza Shines",,,,youtube,4ELrDGNy7V8,,"2026-10-09 19:48",,https://www.youtube.com/watch?v=4ELrDGNy7V8
"Too Bad!",,,,youtube,KW0Qu-X7mbI,,"2026-10-09 19:48",,https://www.youtube.com/watch?v=KW0Qu-X7mbI
"Timed Event - Super Mario Sunshine Music Extended",,,,youtube,13FFWmI7MlA,,"2026-10-09 19:48",,https://www.youtube.com/watch?v=13FFWmI7MlA
"Nai’s March",Superorganism,,,youtube,GJIFZWR-2Rk,,"2026-10-09 19:48",,https://www.youtube.com/watch?v=GJIFZWR-2Rk
"Midnight Dominator","Swami Sound",,,youtube,tBRgTNndbxE,,"2026-10-09 19:48",,https://www.youtube.com/watch?v=tBRgTNndbxE
"Tame Impala - Let It Happen (Official Video)",,,,youtube,pFptt7Cargc,,"2026-10-09 19:48",,https://www.youtube.com/watch?v=pFptt7Cargc
"2SEATER - tyler, the creator ft. aaron shaw, samantha nelson, austin feinstein (sped up)",,,,youtube,BstQpCaxRg4,,"2026-10-09 19:48",,https://www.youtube.com/watch?v=BstQpCaxRg4
"UA - お茶(Official Video)",,,,youtube,1889oGz8ipo,,"2026-10-09 19:48",,https://www.youtube.com/watch?v=1889oGz8ipo
"Saltfields (There's nothing we can do!)",,,,youtube,UpzAybb-fYY,,"2026-10-09 19:49",,https://www.youtube.com/watch?v=UpzAybb-fYY
"The Who - Won't Get Fooled Again (Shepperton Studios / 1978)",,,,youtube,UDfAdHBtK_Q,,"2026-10-09 19:49",,https://www.youtube.com/watch?v=UDfAdHBtK_Q
"Wii Play - Main Theme",,,,youtube,PbYoMpwHq5c,,"2026-10-09 19:49",,https://www.youtube.com/watch?v=PbYoMpwHq5c
"Memories Of Tokyo-To - 05 - Old To The New [OFFICIAL]",,,,youtube,5P_S5xsGnRo,,"2026-10-09 19:49",,https://www.youtube.com/watch?v=5P_S5xsGnRo
"2 Mello - Rapid Crew (Can't Move Me) (ft. TV-MA) (Official Lyrics Video)",,,,youtube,cxfN-dFyzEQ,,"2026-10-09 19:49",,https://www.youtube.com/watch?v=cxfN-dFyzEQ
"Self Defense",Arca,,,youtube,wQTIjfGPnY0,,"2026-10-09 19:49",,https://www.youtube.com/watch?v=wQTIjfGPnY0
"ASAP Rocky-Purple Swag",,,,youtube,ZPxsPr23MMY,,"2026-10-09 19:49",,https://www.youtube.com/watch?v=ZPxsPr23MMY
"A$AP Rocky - Angels Pt. 2 (Official Video)",,,,youtube,nHA-8h7q37Y,,"2026-10-09 19:49",,https://www.youtube.com/watch?v=nHA-8h7q37Y
"A Different Feeling (Carl Craig's Paperclip People Remix)","The Avalanches",,,youtube,RUZDndmoV0s,,"2026-10-09 19:49",,https://www.youtube.com/watch?v=RUZDndmoV0s
"The Avalanches - Subways (Official Video)",,,,youtube,bPIMfOIuEe4,,"2026-10-09 19:49",,https://www.youtube.com/watch?v=bPIMfOIuEe4
"I Hate Your Ex-Girlfriend (feat. Doechii) (Official Video)",,,,youtube,ozcTLsAbOdo,,"2026-10-09 19:49",,https://www.youtube.com/watch?v=ozcTLsAbOdo
"Basement Jaxx - Fly Life (Extra) 1997",,,,youtube,HFwZul_PSfc,,"2026-10-09 19:49",,https://www.youtube.com/watch?v=HFwZul_PSfc
"BASEMENT JAXX   Gemilude",,,,youtube,H7F9IsayFsU,,"2026-10-09 19:49",,https://www.youtube.com/watch?v=H7F9IsayFsU
"bbno$ - pop song prod. Y2K (Official Audio)",,,,youtube,BR0BqbQYa_M,,"2026-10-09 19:49",,https://www.youtube.com/watch?v=BR0BqbQYa_M
"Beats International - Dub Be Good To Me (93:2 HD) /1990/",,,,youtube,LCzgsZi_zfg,,"2026-10-09 19:49",,https://www.youtube.com/watch?v=LCzgsZi_zfg
"Billie Eilish - BLUE (Second Part Extended)",,,,youtube,md_Fb2JW6wY,,"2026-10-09 19:49",,https://www.youtube.com/watch?v=md_Fb2JW6wY
"Ashley O - On A Roll (Music Video) [Netflix: Black Mirror]",,,,youtube,IJwKBuaVxvU,,"2026-10-09 19:49",,https://www.youtube.com/watch?v=IJwKBuaVxvU
"Blank Banshee - B:/ Shut Down",,,,youtube,79yb5zY21Fk,,"2026-10-09 19:49",,https://www.youtube.com/watch?v=79yb5zY21Fk
"Bomb Rush Cyberfunk OST - Funk Express (Extended Version)",,,,youtube,ZhYvk8jSWc8,,"2026-10-09 19:51",,https://www.youtube.com/watch?v=ZhYvk8jSWc8
"You Can Say Hi - Soia (Bomb Rush Cyberfunk OST)",,,,youtube,b7A813sGKFc,,"2026-10-09 19:51",,https://www.youtube.com/watch?v=b7A813sGKFc
"1st of Tha Month","Bone Thugs-N-Harmony",,,youtube,37YDcIQABEs,,"2026-10-09 19:51",,https://www.youtube.com/watch?v=37YDcIQABEs
"Boys Noize - & Down (Siriusmo vs. Boys Noize Mix)",,,,youtube,-FkgnDfFoHk,,"2026-10-09 19:51",,https://www.youtube.com/watch?v=-FkgnDfFoHk
"If You Pray Right - BROCKHAMPTON",,,,youtube,30XN_hZLNUg,,"2026-10-09 19:51",,https://www.youtube.com/watch?v=30XN_hZLNUg
"BROCKHAMPTON - I.F.L.",,,,youtube,SvO9ngsLpL8,,"2026-10-09 19:51",,https://www.youtube.com/watch?v=SvO9ngsLpL8
"Gold Teeth  - BROCKHAMPTON",,,,youtube,SUZVc53wHZI,,"2026-10-09 19:51",,https://www.youtube.com/watch?v=SUZVc53wHZI
isolashun,Release,,,youtube,n7EsH1X0lPI,,"2026-10-09 19:51",,https://www.youtube.com/watch?v=n7EsH1X0lPI
"Charli xcx - Chains of Love (Official Video)",,,,youtube,tG1HKY6Jwas,,"2026-10-09 19:52",,https://www.youtube.com/watch?v=tG1HKY6Jwas
"Song to the Siren - The Chemical Bothers",,,,youtube,t_g4DHxMvu8,,"2026-10-09 19:52",,https://www.youtube.com/watch?v=t_g4DHxMvu8
"Christina Aguilera - Dirrty (Official HD Video) ft. Redman",,,,youtube,4Rg3sAb8Id8,,"2026-10-09 19:52",,https://www.youtube.com/watch?v=4Rg3sAb8Id8
"Clarence Clarity - Obsessed (With My Shadow Self)",,,,youtube,0mJf1sTKTSg,,"2026-10-09 19:52",,https://www.youtube.com/watch?v=0mJf1sTKTSg
"Clipse - Hot Damn (Official Video) ft. Ab-Liva, Pharrell, Rosco P. Coldchain",,,,youtube,vRMQExIxwss,,"2026-10-09 19:52",,https://www.youtube.com/watch?v=vRMQExIxwss
"Chris Martin of Coldplay - ""O"" [LIVE @ SiriusXM]",,,,youtube,zvjysgDyUQ8,,"2026-10-09 19:52",,https://www.youtube.com/watch?v=zvjysgDyUQ8
"City Tutorial 04 - Crush",,,,youtube,igqBz5sbJkQ,,"2026-10-09 19:52",,https://www.youtube.com/watch?v=igqBz5sbJkQ
"CRUSH 3D OST - City Level",,,,youtube,STO5-fsENkw,,"2026-10-09 19:52",,https://www.youtube.com/watch?v=STO5-fsENkw
"CRUSH 3D (3DS Demo)",,,,youtube,Wm1Ql-9C700,,"2026-10-09 19:52",,https://www.youtube.com/watch?v=Wm1Ql-9C700
"CRUSH 3D OST - City Level",,,,youtube,STO5-fsENkw,,"2026-10-09 19:52",,https://www.youtube.com/watch?v=STO5-fsENkw
"Funfair 04 - Crush",,,,youtube,lhWTrQc3OwE,,"2026-10-09 19:52",,https://www.youtube.com/watch?v=lhWTrQc3OwE
"CRUSH3D Launch Trailer",,,,youtube,EwNaKUdqWR8,,"2026-10-09 19:52",,https://www.youtube.com/watch?v=EwNaKUdqWR8
"Funfair 03 - Crush",,,,youtube,Jtly_4KB97U,,"2026-10-09 19:52",,https://www.youtube.com/watch?v=Jtly_4KB97U
"Funfair 04 - Crush",,,,youtube,lhWTrQc3OwE,,"2026-10-09 19:52",,https://www.youtube.com/watch?v=lhWTrQc3OwE
"Crystal Castles ""COURTSHIP DATING"" Official",,,,youtube,JwiG9CUDo-I,,"2026-10-09 19:52",,https://www.youtube.com/watch?v=JwiG9CUDo-I
"CYBERPUNK 2077 SOUNDTRACK - SIMPLE PLEASURES by Kid Moxie & Jänsens (Official Video)",,,,youtube,NIiG36pdoiw,,"2026-10-09 19:52",,https://www.youtube.com/watch?v=NIiG36pdoiw
"CYBERPUNK 2077 - THE GOD MACHINES by Sebastian Robertson, Killl The Computer, Indijinouz",,,,youtube,y9Rt284ZJKY,,"2026-10-09 19:52",,https://www.youtube.com/watch?v=y9Rt284ZJKY
"CYBERPUNK 2077 SOUNDTRACK - KILL KILL by Le Destroy & The Bait (Official Video)",,,,youtube,X_dcUIjiiZc,,"2026-10-09 19:52",,https://www.youtube.com/watch?v=X_dcUIjiiZc
"SkinDrifter - Undertow Velocity (Cyberpunk 2077 103.5 Radio Pebkac)",,,,youtube,O-zuCK8RNm8,,"2026-10-09 19:52",,https://www.youtube.com/watch?v=O-zuCK8RNm8
"Cyberpunk 2077 | 99.9 Impulse FM Radio | Private Press DREAMY",,,,youtube,08iSN87CYkM,,"2026-10-09 19:52",,https://www.youtube.com/watch?v=08iSN87CYkM
"Rolla Coaster","Idris Elba",,,youtube,nZ4xG8JMKRQ,,"2026-10-09 19:52",,https://www.youtube.com/watch?v=nZ4xG8JMKRQ
"Cybotron - Clear - 1983",,,,youtube,YT4qqZHN8no,,"2026-10-09 19:52",,https://www.youtube.com/watch?v=YT4qqZHN8no
"Daft Punk - On/Off (Official Audio)",,,,youtube,xf5kjtSW1aM,,"2026-10-09 19:53",,https://www.youtube.com/watch?v=xf5kjtSW1aM
"Welcome To Jamrock","Damian Marley",,,youtube,UmRmikGECjw,,"2026-10-09 19:53",,https://www.youtube.com/watch?v=UmRmikGECjw
"Danny Brown - Ain't It Funny (Official Video, dir. Jonah Hill)",,,,youtube,7L4JnAuW00k,,"2026-10-09 19:53",,https://www.youtube.com/watch?v=7L4JnAuW00k
"Deadmau5 - Cthulhu Sleeps (OFFICIAL) [HD]",,,,youtube,smt28hhJ5kE,,"2026-10-09 19:53",,https://www.youtube.com/watch?v=smt28hhJ5kE
"My Name is Jeff [Trap Remix]",,,,youtube,up3XKj7pvIc,,"2026-10-09 19:53",,https://www.youtube.com/watch?v=up3XKj7pvIc
"Cool Guy has Chill Day",,,,youtube,4txVqr1eNwc,,"2026-10-09 19:53",,https://www.youtube.com/watch?v=4txVqr1eNwc
"Pogo (Shinichi Osawa Dub)",Digitalism,,,youtube,MNEKoFsw2Qw,,"2026-10-09 19:53",,https://www.youtube.com/watch?v=MNEKoFsw2Qw
"DJ Fresh - Gold Dust (Official Music Video) | Ministry of Sound",,,,youtube,RNuUgbUzM8U,,"2026-10-09 19:53",,https://www.youtube.com/watch?v=RNuUgbUzM8U
"Heart Rate Rise",Release,,,youtube,JtgIldGbJ5A,,"2026-10-09 19:53",,https://www.youtube.com/watch?v=JtgIldGbJ5A
"Sanctuary Guardian (What Meme) - Earthbound Music",,,,youtube,6M-NkQAo-3E,,"2026-10-09 19:53",,https://www.youtube.com/watch?v=6M-NkQAo-3E
"Fatboy Slim - The Rockafeller Skank (Mulder's Urban Takeover Remix)",,,,youtube,8oIIyIVzr8U,,"2026-10-09 19:53",,https://www.youtube.com/watch?v=8oIIyIVzr8U
"folie - clean2 (feat. Bean Boy) [Official Music Video]",,,,youtube,RgsQTqPzuL4,,"2026-10-09 19:53",,https://www.youtube.com/watch?v=RgsQTqPzuL4
"Fortnite - Lobby Track - Switch Up",,,,youtube,8iW32y0rLzg,,"2026-10-09 19:53",,https://www.youtube.com/watch?v=8iW32y0rLzg
"Fortnite | Take Me Higher Lobby Music (S20 FNCS)",,,,youtube,9pmuxqzajME,,"2026-10-09 19:53",,https://www.youtube.com/watch?v=9pmuxqzajME
"Fortnite | Show Them Who We Are Lobby Music (S21 FNCS)",,,,youtube,-93NoRTMua4,,"2026-10-09 19:53",,https://www.youtube.com/watch?v=-93NoRTMua4
"Fortnite | Run It Lobby Music (S23 FNCS)",,,,youtube,NVC-Y4mTLo0,,"2026-10-09 19:53",,https://www.youtube.com/watch?v=NVC-Y4mTLo0
"Marco (and everyone)","Fred again..",,,youtube,W5CfbOPlnp4,,"2026-10-09 19:53",,https://www.youtube.com/watch?v=W5CfbOPlnp4
"Fred again.. - Kammy (like i do) [Visualiser]",,,,youtube,H80SKrO_dIM,,"2026-10-09 19:53",,https://www.youtube.com/watch?v=H80SKrO_dIM
"Fred again.. - Kelly (end of a nightmare)[Visualiser]",,,,youtube,pxRq88AfNCc,,"2026-10-09 19:53",,https://www.youtube.com/watch?v=pxRq88AfNCc
"Fresh - Friday Night Funkin' OST",,,,youtube,mx82b-3A--Q,,"2026-10-09 19:53",,https://www.youtube.com/watch?v=mx82b-3A--Q
"Future - Life Is Good (Lyrics) ft. Drake",,,,youtube,bL9QxQIVPPQ,,"2026-10-09 19:53",,https://www.youtube.com/watch?v=bL9QxQIVPPQ
"By My Side",GFOTY,,,youtube,PB0CYAgzQ-Y,,"2026-10-09 19:53",,https://www.youtube.com/watch?v=PB0CYAgzQ-Y
"Gorillaz & Redman - Gorillaz On My Mind (Album Version)",,,,youtube,oLNoNLTrbaw,,"2026-10-09 19:54",,https://www.youtube.com/watch?v=oLNoNLTrbaw
"DARE (DFA Remix)",Gorillaz,,,youtube,4ORa9HJ9mEc,,"2026-10-09 19:54",,https://www.youtube.com/watch?v=4ORa9HJ9mEc
"GTA San Andreas Theme Song ♫ [BEST QUALITY!]",,,,youtube,6VewzN781wQ,,"2026-10-09 19:54",,https://www.youtube.com/watch?v=6VewzN781wQ
Viewpoint,GRRL,,,youtube,AS68afAl36o,,"2026-10-09 19:54",,https://www.youtube.com/watch?v=AS68afAl36o
"Gupi & Fraxiom - Thos Moser (Official Music Video)",,,,youtube,khmjbZtMrJQ,,"2026-10-09 19:54",,https://www.youtube.com/watch?v=khmjbZtMrJQ
"Gupi & Fraxiom - Thos Moser (Official Music Video)",,,,youtube,khmjbZtMrJQ,,"2026-10-09 19:54",,https://www.youtube.com/watch?v=khmjbZtMrJQ
lovestory,Gupi,,,youtube,X85gOwlb5J4,,"2026-10-09 19:54",,https://www.youtube.com/watch?v=X85gOwlb5J4
"Kingdom Hearts: Simple and Clean (lyrics)",,,,youtube,N0vhw4dfMRg,,"2026-10-09 19:54",,https://www.youtube.com/watch?v=N0vhw4dfMRg
"宇多田ヒカル - Addicted To You (UP-IN-HEAVEN MIX)",,,,youtube,h6EqqOiTiwk,,"2026-10-09 19:54",,https://www.youtube.com/watch?v=h6EqqOiTiwk
"Skrillex And Diplo - Jungle Bae (Feat. Bunji Garlin)",,,,youtube,3nKlYUy9yO4,,"2026-10-09 19:54",,https://www.youtube.com/watch?v=3nKlYUy9yO4
"jackson from online - multitudes(1)",,,,youtube,EAVk0o4fjFQ,,"2026-10-09 19:54",,https://www.youtube.com/watch?v=EAVk0o4fjFQ
"FUFN (Fuck You For Now)",JADE,,,youtube,xdCImNtfBMg,,"2026-10-09 19:54",,https://www.youtube.com/watch?v=xdCImNtfBMg
"Jane Remover — Backseat Girl (audio)",,,,youtube,Nc1RXEyvFGk,,"2026-10-09 19:54",,https://www.youtube.com/watch?v=Nc1RXEyvFGk
"Janelle Monáe - Say Her Name (Hell You Talmbout) (feat. Various Artists) [Official Lyric Video]",,,,youtube,kQbeUN-IfyQ,,"2026-10-09 19:54",,https://www.youtube.com/watch?v=kQbeUN-IfyQ
"Mega Man","Jay Eazy",,,youtube,_C3WiyNFEao,,"2026-10-09 19:54",,https://www.youtube.com/watch?v=_C3WiyNFEao
"Jay Rock - Wow Freestlye ft. Kendrick Lamar",,,,youtube,GTe57jQX5Eg,,"2026-10-09 19:54",,https://www.youtube.com/watch?v=GTe57jQX5Eg
"On the Bowl (A. Fagus Mix)","Deavid Soul",,,youtube,Po8w6uDfr_Q,,"2026-10-09 19:54",,https://www.youtube.com/watch?v=Po8w6uDfr_Q
"canzoni preferite","Yugo Kanno",,,youtube,K2wKBYrDxew,,"2026-10-09 19:54",,https://www.youtube.com/watch?v=K2wKBYrDxew
"Exit Sign (Official Audio)",,,,youtube,Gw8uvyfXMoQ,,"2026-10-09 19:54",,https://www.youtube.com/watch?v=Gw8uvyfXMoQ
"Kai Whiston - 'Q' (with Pussy Riot) (Official Visual)",,,,youtube,0sTUJ-weJAU,,"2026-10-09 19:54",,https://www.youtube.com/watch?v=0sTUJ-weJAU
"The Game, Kanye West - Eazy (Official Animation Video)",,,,youtube,AdGxctcFLOU,,"2026-10-09 19:54",,https://www.youtube.com/watch?v=AdGxctcFLOU
"300 This is Sparta Remix!!!",,,,youtube,KDRAhiBtOrQ,,"2026-10-09 19:54",,https://www.youtube.com/watch?v=KDRAhiBtOrQ
"'City of Stars' (Duet ft. Ryan Gosling, Emma Stone) - La La Land Original Motion Picture Soundtrack",,,,youtube,GTWqwSNQCcg,,"2026-10-09 19:54",,https://www.youtube.com/watch?v=GTWqwSNQCcg
"Lady Gaga - Abracadabra (Official Music Video)",,,,youtube,vBynw9Isr28,,"2026-10-09 19:55",,https://www.youtube.com/watch?v=vBynw9Isr28
"Potion Shop - The Legend of Zelda: Ocarina of Time Music Extended",,,,youtube,Jmwa2UANbZs,,"2026-10-09 19:55",,https://www.youtube.com/watch?v=Jmwa2UANbZs
"Ocarina of Time N64 100% - Episode 24 - Water Temple",,,,youtube,RbghTXbh2vs,,"2026-10-09 19:55",,https://www.youtube.com/watch?v=RbghTXbh2vs
"How to beat a Hinox in Breath of the Wild EASY",,,,youtube,igs8etms7hA,,"2026-10-09 19:55",,https://www.youtube.com/watch?v=igs8etms7hA
"The Ultimate Showdown of Ultimate Destiny","Lemon Demon again.",,,youtube,nbo4y7pUlZA,,"2026-10-09 19:55",,https://www.youtube.com/watch?v=nbo4y7pUlZA
"move for me & the penultimate dagger",,,,youtube,mFep5WgwDyA,,"2026-10-09 19:55",,https://www.youtube.com/watch?v=mFep5WgwDyA
"leroy — Bouncin off dA window ★★★",,,,youtube,T6kVJ9bPFFU,,"2026-10-09 19:55",,https://www.youtube.com/watch?v=T6kVJ9bPFFU
"Threw It On The Ground",,,,youtube,gAYL5H46QnQ,,"2026-10-09 19:55",,https://www.youtube.com/watch?v=gAYL5H46QnQ
"Los & Swisha - Creation BANG (Feat. Kush Jones & Scatta)",,,,youtube,E9DfArd9DSQ,,"2026-10-09 19:55",,https://www.youtube.com/watch?v=E9DfArd9DSQ
"Mac Miller - Self Care - First Half",,,,youtube,QPQHSf19PHg,,"2026-10-09 19:55",,https://www.youtube.com/watch?v=QPQHSf19PHg
"Machine Girl - 覆面調査員 (GabberTrap Mix) [Frenesi remix]  (Music Video)",,,,youtube,ZZr3v6L440g,,"2026-10-09 19:55",,https://www.youtube.com/watch?v=ZZr3v6L440g
"Madeon - HEIR",,,,youtube,fTxFZyIyjTA,,"2026-10-09 19:55",,https://www.youtube.com/watch?v=fTxFZyIyjTA
"Madonna - Music (Official Video)",,,,youtube,Sdz2oW0NMFk,,"2026-10-09 19:55",,https://www.youtube.com/watch?v=Sdz2oW0NMFk
"Mariah Carey - Dreamlover (Def Club Mix - Official Audio)",,,,youtube,I5OGLG0WJbM,,"2026-10-09 19:55",,https://www.youtube.com/watch?v=I5OGLG0WJbM
"The Matrix • Clubbed to Death • Rob Dougan",,,,youtube,JlDBqvc7Mw0,,"2026-10-09 19:55",,https://www.youtube.com/watch?v=JlDBqvc7Mw0
"Bruna, Tu Já Parou Pra Pensar",Niack,,,youtube,0w5Z7GNyskg,,"2026-10-09 19:55",,https://www.youtube.com/watch?v=0w5Z7GNyskg
"Mega Shinnosuke - お洒落すぎてどうしよう (Official Misfit Monarchs Visualizer)",,,,youtube,gaSSlcKC76o,,"2026-10-09 19:55",,https://www.youtube.com/watch?v=gaSSlcKC76o
"Megan Thee Stallion - Big Ole Freak [Official Video]",,,,youtube,oBYf6gpVvRA,,"2026-10-09 19:55",,https://www.youtube.com/watch?v=oBYf6gpVvRA
"Megan Thee Stallion - Like a Freak B!tch Freestyle [Official Audio]",,,,youtube,I8em9_7_BNY,,"2026-10-09 19:55",,https://www.youtube.com/watch?v=I8em9_7_BNY
"Mindless Self Indulgence - Fuck Machine - lyrics",,,,youtube,1hE6ziAdKBY,,"2026-10-09 19:55",,https://www.youtube.com/watch?v=1hE6ziAdKBY
"Mellohi - Minecraft Music Disc - C418",,,,youtube,EAo0YfENwTw,,"2026-10-09 19:55",,https://www.youtube.com/watch?v=EAo0YfENwTw
"Musiq Soulchild - Radio (Official Video)",,,,youtube,oALIZKBF-f8,,"2026-10-09 19:55",,https://www.youtube.com/watch?v=oALIZKBF-f8
"World 8 Theme - New Super Mario Bros Wii Music Extended",,,,youtube,QPHGZfvHchw,,"2026-10-09 19:55",,https://www.youtube.com/watch?v=QPHGZfvHchw
"She Wants To Move (Justice Remix)",N.E.R.D.,,,youtube,wyLlqJ0C41s,,"2026-10-09 19:56",,https://www.youtube.com/watch?v=wyLlqJ0C41s
"Anti Matter",N.E.R.D.,,,youtube,fITPcSePtj8,,"2026-10-09 19:56",,https://www.youtube.com/watch?v=fITPcSePtj8
"No More Heroes - N.M.H. Theme",,,,youtube,BWY_eSrtXX0,,"2026-10-09 19:56",,https://www.youtube.com/watch?v=BWY_eSrtXX0
"Go Oli Go!","Oli XL",,,youtube,O5oP6tFaz1M,,"2026-10-09 19:56",,https://www.youtube.com/watch?v=O5oP6tFaz1M
"Ollie King OST - The Concept of Love (Concept of Passion)",,,,youtube,ou-xCHFdG0c,,"2026-10-09 19:56",,https://www.youtube.com/watch?v=ou-xCHFdG0c
"Orgy - Fiction (Dreams In Digital) (Video)",,,,youtube,NczLNctogZk,,"2026-10-09 19:56",,https://www.youtube.com/watch?v=NczLNctogZk
"ØTTA - Mão Na Parede",,,,youtube,1Esk-rGchzc,,"2026-10-09 19:56",,https://www.youtube.com/watch?v=1Esk-rGchzc
"Outkast - B.O.B. (Bombs Over Baghdad) (Official HD Video)",,,,youtube,lVehcuJXe6I,,"2026-10-09 19:56",,https://www.youtube.com/watch?v=lVehcuJXe6I
"Persona 5 - Wake Up, Get up, Get Out There",,,,youtube,-09Sox6voGU,,"2026-10-09 19:56",,https://www.youtube.com/watch?v=-09Sox6voGU
"Persona 5 OST 100 - Rivers In the Desert",,,,youtube,XD-OFP-0H5g,,"2026-10-09 19:56",,https://www.youtube.com/watch?v=XD-OFP-0H5g
"Petey Pablo - Freek-A-Leek (Official Video)",,,,youtube,M48nlk-1kH8,,"2026-10-09 19:56",,https://www.youtube.com/watch?v=M48nlk-1kH8
"Pharrell Williams - Come Get It Bae (Official Video)",,,,youtube,UfGMj10wOzg,,"2026-10-09 19:56",,https://www.youtube.com/watch?v=UfGMj10wOzg
"Just4me (PinkPantheressPenthouseParty) 146.27B.P.M.𝄫",,,,youtube,cWieBLl5yYo,,"2026-10-09 19:56",,https://www.youtube.com/watch?v=cWieBLl5yYo
"PinkPantheress - Another life (feat. Rema) [Visualiser]",,,,youtube,pmyTi8JebD4,,"2026-10-09 19:56",,https://www.youtube.com/watch?v=pmyTi8JebD4
"Plants vs Zombies Music Video",,,,youtube,0N1_0SUGlDQ,,"2026-10-09 19:56",,https://www.youtube.com/watch?v=0N1_0SUGlDQ
"Play Paul - Spaced Out II [DIGITAL MASTER]",,,,youtube,g5QPUjGrL2k,,"2026-10-09 19:56",,https://www.youtube.com/watch?v=g5QPUjGrL2k
"Pokémon Theme Song",,,,youtube,JuYeHPFR3f0,,"2026-10-09 19:56",,https://www.youtube.com/watch?v=JuYeHPFR3f0
"Puff Daddy - It's All About The Benjamins (Rock Remix) (Official Music Video) [HD]",,,,youtube,PaEMpAlppNE,,"2026-10-09 19:56",,https://www.youtube.com/watch?v=PaEMpAlppNE
"[Rhythm Heaven Fever] ~ Remix 2 (Perfect)",,,,youtube,qqcBhL8XxYI,,"2026-10-09 19:56",,https://www.youtube.com/watch?v=qqcBhL8XxYI
"Love Rap explained [Rhythm Heaven Fever]",,,,youtube,oipzqBWQljE,,"2026-10-09 19:56",,https://www.youtube.com/watch?v=oipzqBWQljE
"Karate Man (Lonely Storm) - Rhythm Heaven Fever (ENG Version)",,,,youtube,YJZ5SERfqeY,,"2026-10-09 19:56",,https://www.youtube.com/watch?v=YJZ5SERfqeY
"Character Credits - Rhythm Heaven Fever",,,,youtube,m_DJzzRm-gA,,"2026-10-09 19:56",,https://www.youtube.com/watch?v=m_DJzzRm-gA
"[Rhythm Heaven Fever] ~ Karate Man 2 (Perfect)",,,,youtube,XQ2GUKB9GBM,,"2026-10-09 19:56",,https://www.youtube.com/watch?v=XQ2GUKB9GBM
0khz_-_130_molly_annoying.mp3,,,,youtube,w9JNNGk5JzA,,"2026-10-09 19:57",,https://www.youtube.com/watch?v=w9JNNGk5JzA
"S Club - Don't Stop Movin'",,,,youtube,vm262cXxRrU,,"2026-10-09 19:57",,https://www.youtube.com/watch?v=vm262cXxRrU
"BED INTRUDER SONG!!!",,,,youtube,hMtZfW2z9dw,,"2026-10-09 19:57",,https://www.youtube.com/watch?v=hMtZfW2z9dw
"Sesame Street - Pinball Number Count",,,,youtube,HUL4T8WcFdA,,"2026-10-09 19:57",,https://www.youtube.com/watch?v=HUL4T8WcFdA
"SHINICHI OSAWA maximum joy",,,,youtube,6m4IfqejVxg,,"2026-10-09 19:57",,https://www.youtube.com/watch?v=6m4IfqejVxg
"Six Sex - How to make your ass bigger",,,,youtube,7DWB22SHdRs,,"2026-10-09 19:57",,https://www.youtube.com/watch?v=7DWB22SHdRs
"Snow Strippers - Fake Smile (Official Video)",,,,youtube,f0IoHJEes4M,,"2026-10-09 19:57",,https://www.youtube.com/watch?v=f0IoHJEes4M
"Sonic the Hedgehog 3 Complete: Death Egg Zone Act 2 (Sonic) [1080 HD]",,,,youtube,pX0OgJe-Z9k,,"2026-10-09 19:57",,https://www.youtube.com/watch?v=pX0OgJe-Z9k
"Get Edgy - Sonic Rush [OST]",,,,youtube,U03fecc5NXo,,"2026-10-09 19:57",,https://www.youtube.com/watch?v=U03fecc5NXo
"Soulwax   E Talking",,,,youtube,SdbaDBp1S_I,,"2026-10-09 19:57",,https://www.youtube.com/watch?v=SdbaDBp1S_I
"Soulwax   E Talking",,,,youtube,SdbaDBp1S_I,,"2026-10-09 19:57",,https://www.youtube.com/watch?v=SdbaDBp1S_I
"Spiritualized - Electricity (Official Music Video)",,,,youtube,ZVKXnWDeNr8,,"2026-10-09 19:57",,https://www.youtube.com/watch?v=ZVKXnWDeNr8
"Plaza Speakers E - Splatoon OST",,,,youtube,WSr5ijzFoOI,,"2026-10-09 19:57",,https://www.youtube.com/watch?v=WSr5ijzFoOI
"Plaza Speakers I - Splatoon OST",,,,youtube,5_r5haQgW5Y,,"2026-10-09 19:57",,https://www.youtube.com/watch?v=5_r5haQgW5Y
"Splatoon - Octo Valley - Full Game 100% (Story Mode)",,,,youtube,eeDikEsQiM0,,"2026-10-09 19:57",,https://www.youtube.com/watch?v=eeDikEsQiM0
"Splatoon - Octo Valley - Full Game 100% (Story Mode)",,,,youtube,eeDikEsQiM0,,"2026-10-09 19:57",,https://www.youtube.com/watch?v=eeDikEsQiM0
"Splatoon - Octo Valley - Full Game 100% (Story Mode)",,,,youtube,eeDikEsQiM0,,"2026-10-09 19:57",,https://www.youtube.com/watch?v=eeDikEsQiM0
"Splatoon - Octo Valley - Full Game 100% (Story Mode)",,,,youtube,eeDikEsQiM0,,"2026-10-09 19:57",,https://www.youtube.com/watch?v=eeDikEsQiM0
"Splatoon 2 - Off the Hook introduction",,,,youtube,okIlIvHnaNw,,"2026-10-09 19:57",,https://www.youtube.com/watch?v=okIlIvHnaNw
"Splatoon 2: Octo Expansion [Music] Last battle opening (FinalFest) - Off The Hook",,,,youtube,Z29tlJ35ZGU,,"2026-10-09 19:57",,https://www.youtube.com/watch?v=Z29tlJ35ZGU
"Muck Warfare [Off the Hook] - Splatoon 2 Music Extended",,,,youtube,ySw03sMTy3M,,"2026-10-09 19:57",,https://www.youtube.com/watch?v=ySw03sMTy3M
"Splatoon 2: Octo Expansion [Music] Inside Deepsea Metro «Full»",,,,youtube,QApnbXswdp0,,"2026-10-09 19:57",,https://www.youtube.com/watch?v=QApnbXswdp0
"Splatoon 2: Octo Expansion [Music] Deepsea Metro Central Station",,,,youtube,pfId1vVSrvg,,"2026-10-09 19:58",,https://www.youtube.com/watch?v=pfId1vVSrvg
"Splatoon 2: Octo Expansion [Music] Inside Deepsea Metro «Full»",,,,youtube,QApnbXswdp0,,"2026-10-09 19:58",,https://www.youtube.com/watch?v=QApnbXswdp0
"Nasty Majesty - [Off the Hook]",,,,youtube,XvUUNhJ7ihw,,"2026-10-09 19:58",,https://www.youtube.com/watch?v=XvUUNhJ7ihw
"Splatoon 3 - We're So Back - Nintendo Switch",,,,youtube,sVP-SwBwU3c,,"2026-10-09 19:58",,https://www.youtube.com/watch?v=sVP-SwBwU3c
"Splatoon 3 - Suffer No Fools - Nintendo Switch",,,,youtube,5L1ddMgCfAc,,"2026-10-09 19:58",,https://www.youtube.com/watch?v=5L1ddMgCfAc
"Every Splatfest Victory Theme in Splatoon 3 (Grand Festival Update)",,,,youtube,-T3RixnzTx0,,"2026-10-09 19:58",,https://www.youtube.com/watch?v=-T3RixnzTx0
"Return of the Jedi Lapti Nek music video w/deleted footage",,,,youtube,WfyLDh_Ea3w,,"2026-10-09 19:58",,https://www.youtube.com/watch?v=WfyLDh_Ea3w
"SAYGRACE - You Don't Own Me ft. G-Eazy (Official Video)",,,,youtube,8SeRU_ZPDkE,,"2026-10-09 19:58",,https://www.youtube.com/watch?v=8SeRU_ZPDkE
"Super Mario Sunshine - Court Cutscene (NTSC)",,,,youtube,u6AKeMxIY14,,"2026-10-09 19:58",,https://www.youtube.com/watch?v=u6AKeMxIY14
"Super Mario Sunshine HD - All Bosses + Cutscenes (No Damage)",,,,youtube,OOfGsc0531U,,"2026-10-09 19:58",,https://www.youtube.com/watch?v=OOfGsc0531U
"sleep deprived (w/ Snappy) [Original Audio]",,,,youtube,dcLi769woXA,,"2026-10-09 19:58",,https://www.youtube.com/watch?v=dcLi769woXA
"Transvolta - Disco Computer",,,,youtube,NETuCMeQds8,,"2026-10-09 19:58",,https://www.youtube.com/watch?v=NETuCMeQds8
"Travis Scott - STARGAZING (FIRST PART ONLY) (HQ)",,,,youtube,nX7qtPnorsU,,"2026-10-09 19:58",,https://www.youtube.com/watch?v=nX7qtPnorsU
"Travis Scott - SICKO MODE (Official Video) ft. Drake",,,,youtube,6ONRf7h3Mdk,,"2026-10-09 19:58",,https://www.youtube.com/watch?v=6ONRf7h3Mdk
"Travis Scott - MY EYES (First Half)",,,,youtube,J_5RXZgy0qg,,"2026-10-09 19:58",,https://www.youtube.com/watch?v=J_5RXZgy0qg
"Travis Scott - MELTDOWN (Official Audio) ft. Drake",,,,youtube,LuKm4L9ryB0,,"2026-10-09 19:58",,https://www.youtube.com/watch?v=LuKm4L9ryB0
"Troye Sivan - Got Me Started (Bag Raiders Remix / Official Audio)",,,,youtube,WU_dzs7AF0w,,"2026-10-09 19:58",,https://www.youtube.com/watch?v=WU_dzs7AF0w
"2SEATER Lyrics - Tyler, the Creator",,,,youtube,OxvIzaTk3to,,"2026-10-09 19:58",,https://www.youtube.com/watch?v=OxvIzaTk3to
"SIR BAUDELAIRE (Audio)",,,,youtube,Z-lCE23e12I,,"2026-10-09 19:58",,https://www.youtube.com/watch?v=Z-lCE23e12I
"Unghetto - HI (Official Music Video)",,,,youtube,ewGyRiC0oAQ,,"2026-10-09 19:58",,https://www.youtube.com/watch?v=ewGyRiC0oAQ
"Gab3 - Blue [Prod. by Mik3]",,,,youtube,a2a2fprEA4A,,"2026-10-09 19:58",,https://www.youtube.com/watch?v=a2a2fprEA4A
"Vicetone & Tony Igy - Astronomia",,,,youtube,iLBBRuVDOo4,,"2026-10-09 19:58",,https://www.youtube.com/watch?v=iLBBRuVDOo4
"warpstr & Océane — 144 some girls",,,,youtube,qRmSWoBbtYY,,"2026-10-09 19:58",,https://www.youtube.com/watch?v=qRmSWoBbtYY
"Scream & Shout (Remix) (Explicit)",,,,youtube,lEKOWKcUxdU,,"2026-10-09 19:59",,https://www.youtube.com/watch?v=lEKOWKcUxdU
"Wiz Khalifa-Superstar",,,,youtube,t7JQvLk-deM,,"2026-10-09 19:59",,https://www.youtube.com/watch?v=t7JQvLk-deM
"X&G - Like It [Official Audio]",,,,youtube,bq5kNyWW_hs,,"2026-10-09 19:59",,https://www.youtube.com/watch?v=bq5kNyWW_hs
"The XX - You Got the Love (feat. Florence Welch) (Live at Glastonbury 26-6-2010)",,,,youtube,3rYut_pfs3M,,"2026-10-09 19:59",,https://www.youtube.com/watch?v=3rYut_pfs3M
"A. G. Cook - The Darkness (Remix) feat. Sarah Bonito & Hannah Diamond",,,,youtube,lvxICVxDutY,,"2026-10-09 19:59",,https://www.youtube.com/watch?v=lvxICVxDutY
"A$AP Rocky - A$AP Forever (Official Video) ft. Moby",,,,youtube,BNzc6hG3yN4,,"2026-10-09 19:59",,https://www.youtube.com/watch?v=BNzc6hG3yN4
"Solitary Ceremonies","The Avalanches",,,youtube,XqXL0eslMiA,,"2026-10-09 19:59",,https://www.youtube.com/watch?v=XqXL0eslMiA
"i'm a huge gamer most of the time",,,,youtube,mai8KdlzTPo,,"2026-10-09 19:59",,https://www.youtube.com/watch?v=mai8KdlzTPo
"i like to wear soft clothing (cause it makes me feel like i'm rough in comparison)",,,,youtube,dvrBEyKdIiU,,"2026-10-09 19:59",,https://www.youtube.com/watch?v=dvrBEyKdIiU
"Birds of Tokyo - Plans (Official video)",,,,youtube,jSUPaTF-wN8,,"2026-10-09 19:59",,https://www.youtube.com/watch?v=jSUPaTF-wN8
"5 Years",Björk,,,youtube,CuWCVL70Qfg,,"2026-10-09 19:59",,https://www.youtube.com/watch?v=CuWCVL70Qfg
"New Math",,,,youtube,obIGsb-IZMo,,"2026-10-09 19:59",,https://www.youtube.com/watch?v=obIGsb-IZMo
"How I Roll","Britney Spears",,,youtube,SxJdLePvVDU,,"2026-10-09 19:59",,https://www.youtube.com/watch?v=SxJdLePvVDU
"Good Time - BROCKHAMPTON",,,,youtube,bl93PiH0Mtw,,"2026-10-09 19:59",,https://www.youtube.com/watch?v=bl93PiH0Mtw
"Camila Cabello - B.O.A.T. (Official Visualizer)",,,,youtube,wRPIQd9zSpo,,"2026-10-09 19:59",,https://www.youtube.com/watch?v=wRPIQd9zSpo
"Caroline Polachek - Look At Me Now (Lyric Booklet)",,,,youtube,jZtUJ4b2jsw,,"2026-10-09 19:59",,https://www.youtube.com/watch?v=jZtUJ4b2jsw
"CFCF - Heaven feat. Sarah Bonito [Official Visualizer]",,,,youtube,bWHX14DXV9c,,"2026-10-09 19:59",,https://www.youtube.com/watch?v=bWHX14DXV9c
"Cornershop - Brimful Of Asha, Norman Cook Mix (Tjinder Singh) Official Music Video",,,,youtube,5LBnMRWeV-E,,"2026-10-09 19:59",,https://www.youtube.com/watch?v=5LBnMRWeV-E
"The Donnas - You Don't Wanna Call Me No More",,,,youtube,dyrq9gJ-Cok,,"2026-10-09 19:59",,https://www.youtube.com/watch?v=dyrq9gJ-Cok
"Finn Keane - Monopoly feat. Noonie Bao",,,,youtube,U0dT0BujwAU,,"2026-10-09 19:59",,https://www.youtube.com/watch?v=U0dT0BujwAU
"Florida Georgia Line - H.O.L.Y.",,,,youtube,zXDAYlhdkyg,,"2026-10-09 19:59",,https://www.youtube.com/watch?v=zXDAYlhdkyg
"Fred Astaire - I Won't Dance, from Roberta",,,,youtube,6CTR3d2Ly80,,"2026-10-09 19:59",,https://www.youtube.com/watch?v=6CTR3d2Ly80
"Breakfast (Pause Menu) - Friday Night Funkin' OST",,,,youtube,lY3ujnPRfrU,,"2026-10-09 20:00",,https://www.youtube.com/watch?v=lY3ujnPRfrU
"George Michael - I Want Your Sex (Stereo Version)",,,,youtube,vldh7oQD-a4,,"2026-10-09 20:00",,https://www.youtube.com/watch?v=vldh7oQD-a4
"Gorillaz - Some Kind of Nature - Plastic Beach",,,,youtube,1KC2-EZ1ee0,,"2026-10-09 20:00",,https://www.youtube.com/watch?v=1KC2-EZ1ee0
"The Yatta Song Now, with subtitles! Be afraid Be VERY afraid",,,,youtube,KUOwbcdZozQ,,"2026-10-09 20:00",,https://www.youtube.com/watch?v=KUOwbcdZozQ
"Simple And Clean",Utada,,,youtube,B1nDzB1P8GM,,"2026-10-09 20:00",,https://www.youtube.com/watch?v=B1nDzB1P8GM
"Jane Remover — TWICE REMOVED (audio)",,,,youtube,GkT_u4uiD2w,,"2026-10-09 20:00",,https://www.youtube.com/watch?v=GkT_u4uiD2w
"Jet Set Radio Soundtrack - That's Enough",,,,youtube,mvc_YzGtfrs,,"2026-10-09 20:00",,https://www.youtube.com/watch?v=mvc_YzGtfrs
"JoJo Siwa - D.R.E.A.M. (THE MUSIC VIDEO)",,,,youtube,HJt9xW-2GXI,,"2026-10-09 20:00",,https://www.youtube.com/watch?v=HJt9xW-2GXI
"Kero Kero Bonito - Bonito Jingle",,,,youtube,QcEO7cG2LMM,,"2026-10-09 20:00",,https://www.youtube.com/watch?v=QcEO7cG2LMM
"Kids & Explosions - Small Problems",,,,youtube,ImY5AibGPSg,,"2026-10-09 20:00",,https://www.youtube.com/watch?v=ImY5AibGPSg
"M.I.A. - It Takes a Muscle [HQ].mp4",,,,youtube,jAAskNTY0Vs,,"2026-10-09 20:00",,https://www.youtube.com/watch?v=jAAskNTY0Vs
"INTERNET CONNECTION",M.I.A.,,,youtube,7oc0vPVH-5E,,"2026-10-09 20:00",,https://www.youtube.com/watch?v=7oc0vPVH-5E
"C418 - Alpha (Minecraft Volume Beta)",,,,youtube,xLfm2nnCOpc,,"2026-10-09 20:00",,https://www.youtube.com/watch?v=xLfm2nnCOpc
"C418 - Blind Spots (Minecraft Volume Beta)",,,,youtube,77Fv8gtZyuA,,"2026-10-09 20:00",,https://www.youtube.com/watch?v=77Fv8gtZyuA
"NYC's A GRAVEYARD @angel__emoji Edit 128bpm",,,,youtube,f2_V-VQZ5ic,,"2026-10-09 20:00",,https://www.youtube.com/watch?v=f2_V-VQZ5ic
"Potter Puppet Pals: The Mysterious Ticking Noise",,,,youtube,Tx1XIm6q4r4,,"2026-10-09 20:00",,https://www.youtube.com/watch?v=Tx1XIm6q4r4
"KOMM, SUSSER TOD M-10 Director's Edit Version | Evangelion Finally",,,,youtube,hoKluzn07eQ,,"2026-10-09 20:00",,https://www.youtube.com/watch?v=hoKluzn07eQ
"New Super Mario Bros Wii Forest Theme Soundtrack",,,,youtube,FrCsy9capqQ,,"2026-10-09 20:00",,https://www.youtube.com/watch?v=FrCsy9capqQ
"Panic! At The Disco - Bohemian Rhapsody (Live) [from the Death Of A Bachelor Tour]",,,,youtube,irK0Su5SE2Y,,"2026-10-09 20:00",,https://www.youtube.com/watch?v=irK0Su5SE2Y
"PAT METHENY Last Train Home",,,,youtube,V9vQ_y9JJ1E,,"2026-10-09 20:00",,https://www.youtube.com/watch?v=V9vQ_y9JJ1E
"POBBLES - We Wish You",,,,youtube,i5YDcT6db7g,,"2026-10-09 20:00",,https://www.youtube.com/watch?v=i5YDcT6db7g
"Queen – Bohemian Rhapsody (Official Video Remastered)",,,,youtube,fJ9rUzIMcZQ,,"2026-10-09 20:00",,https://www.youtube.com/watch?v=fJ9rUzIMcZQ
"It's My Belly Button (Song)",,,,youtube,TO8gAvl59Kw,,"2026-10-09 20:00",,https://www.youtube.com/watch?v=TO8gAvl59Kw
"Game Select 2 - Rhythm Heaven",,,,youtube,Ynr7Fy4cbFM,,"2026-10-09 20:01",,https://www.youtube.com/watch?v=Ynr7Fy4cbFM
"Lonely Storm - Rhythm Heaven Fever",,,,youtube,k9NswXHNN9M,,"2026-10-09 20:01",,https://www.youtube.com/watch?v=k9NswXHNN9M
"[Rhythm Heaven Fever] ~ Launch Party (Perfect)",,,,youtube,e4JNDEafStE,,"2026-10-09 20:01",,https://www.youtube.com/watch?v=e4JNDEafStE
"Lonely Storm - Rhythm Heaven Fever",,,,youtube,k9NswXHNN9M,,"2026-10-09 20:01",,https://www.youtube.com/watch?v=k9NswXHNN9M
"Rhythm Heaven Fever - Dreams of Our Generation/Night Walk (PERFECT)",,,,youtube,QhhoPxCWZeg,,"2026-10-09 20:01",,https://www.youtube.com/watch?v=QhhoPxCWZeg
"Everybody Jam Scatman John",,,,youtube,0h1X5Mir85M,,"2026-10-09 20:01",,https://www.youtube.com/watch?v=0h1X5Mir85M
"Push (Tronik Youth Remix)","MONDO GROSSO",,,youtube,0ssgnKcULKU,,"2026-10-09 20:01",,https://www.youtube.com/watch?v=0ssgnKcULKU
"There She Goes","Sixpence None The Richer",,,youtube,SFCfitlJZGc,,"2026-10-09 20:01",,https://www.youtube.com/watch?v=SFCfitlJZGc
"Skrillex & Poo Bear - Would You Ever (Official Music Video)",,,,youtube,r-SurvChGFk,,"2026-10-09 20:01",,https://www.youtube.com/watch?v=r-SurvChGFk
"All Endings | Sonic 3 & Knuckles",,,,youtube,X3Gsy6GAtvM,,"2026-10-09 20:01",,https://www.youtube.com/watch?v=X3Gsy6GAtvM
"Grizzco Industries - Inkopolis Square Speakers C",,,,youtube,uTkLuGPp-0A,,"2026-10-09 20:01",,https://www.youtube.com/watch?v=uTkLuGPp-0A
"Splatoon 2 OST - Happy Little Workers",,,,youtube,PCmQJ1cfwyE,,"2026-10-09 20:01",,https://www.youtube.com/watch?v=PCmQJ1cfwyE
"Splatoon Album: All Grizzco Industries Song",,,,youtube,9ingzg9SKPc,,"2026-10-09 20:01",,https://www.youtube.com/watch?v=9ingzg9SKPc
"Splatoon 2 (OST) Ever Further: Grizzco Industries",,,,youtube,Tq-Q9lOG3c8,,"2026-10-09 20:01",,https://www.youtube.com/watch?v=Tq-Q9lOG3c8
"Panic! At The Disco - Bohemian Rhapsody (from Suicide Squad: The Album) (Official Audio)",,,,youtube,Jl6oJTB4TpA,,"2026-10-09 20:01",,https://www.youtube.com/watch?v=Jl6oJTB4TpA
"Casino - Super Mario 64 DS Music Extended",,,,youtube,QoydhH3xODU,,"2026-10-09 20:01",,https://www.youtube.com/watch?v=QoydhH3xODU
"Super Mario Odyssey - Lost Kingdom Walkthrough [HD 1080P/60FPS]",,,,youtube,4c99G89j-E0,,"2026-10-09 20:01",,https://www.youtube.com/watch?v=4c99G89j-E0
"Super Mario Odyssey Movie Walkthrough Part 6 - New Donk City Festival (Metro Kingdom)",,,,youtube,6BwC_NGkRSc,,"2026-10-09 20:01",,https://www.youtube.com/watch?v=6BwC_NGkRSc
"Tiësto - Red Lights",,,,youtube,CFF0mV24WCY,,"2026-10-09 20:01",,https://www.youtube.com/watch?v=CFF0mV24WCY
"WUSYANAME (Audio)",,,,youtube,EQ3DBh8N3s8,,"2026-10-09 20:01",,https://www.youtube.com/watch?v=EQ3DBh8N3s8
"umru, emotegi & Aj simons - losin my mind (Official Visualiser)",,,,youtube,tMDCZAecyTo,,"2026-10-09 20:01",,https://www.youtube.com/watch?v=tMDCZAecyTo
"ANTONYMPH (Official Music Video) » EPILEPSY WARNING",,,,youtube,CNPdO5TZ1DQ,,"2026-10-09 20:01",,https://www.youtube.com/watch?v=CNPdO5TZ1DQ
"Wii Play - Fishing - Results [Wii Play OST]",,,,youtube,WiJtannPnBE,,"2026-10-09 20:02",,https://www.youtube.com/watch?v=WiJtannPnBE
Interplanetary,"The Young Punx",,,youtube,2WAG9WRC_yc,,"2026-10-09 20:02",,https://www.youtube.com/watch?v=2WAG9WRC_yc
"Memories Of Tokyo-To - 06 - Reach Out [OFFICIAL]",,,,youtube,vMBWN-gVeYs,,"2026-10-09 20:02",,https://www.youtube.com/watch?v=vMBWN-gVeYs
"2 Mello - Super Producer (Full Album)",,,,youtube,AdQKW2KmNRI,,"2026-10-09 20:02",,https://www.youtube.com/watch?v=AdQKW2KmNRI
"3D Space Cadet Pinball Music full",,,,youtube,Zyyn5rvmJ9I,,"2026-10-09 20:02",,https://www.youtube.com/watch?v=Zyyn5rvmJ9I
"Vogue Mag Out Now - Stream it here! AGONY X FRESH HEX X CALLIE REIFF",,,,youtube,m11o2mcqAa4,,"2026-10-09 20:02",,https://www.youtube.com/watch?v=m11o2mcqAa4
"Alice Deejay - Better Off Alone (Official Video)",,,,youtube,Lgs9QUtWc3M,,"2026-10-09 20:02",,https://www.youtube.com/watch?v=Lgs9QUtWc3M
"Archive - Bullets (Official Video)",,,,youtube,V6nbFZtxAL4,,"2026-10-09 20:02",,https://www.youtube.com/watch?v=V6nbFZtxAL4
"BabyTron - 100 Bars (Official Music Video)",,,,youtube,v77ajUleJ5c,,"2026-10-09 20:02",,https://www.youtube.com/watch?v=v77ajUleJ5c
"Beyoncé, Madonna - BREAK MY SOUL (THE QUEENS REMIX - Official Visualizer)",,,,youtube,7UgIGVDEs_8,,"2026-10-09 20:02",,https://www.youtube.com/watch?v=7UgIGVDEs_8
"Beyoncé, will.i.am - BREAK MY SOUL (will.i.am Remix - Official Visualizer)",,,,youtube,UBD_qDmKhns,,"2026-10-09 20:02",,https://www.youtube.com/watch?v=UBD_qDmKhns
"Bktherula - INSANE (Official Audio)",,,,youtube,48u0Q-jEnDE,,"2026-10-09 20:02",,https://www.youtube.com/watch?v=48u0Q-jEnDE
argyle,,,,youtube,hQrmtwhztnc,,"2026-10-09 20:02",,https://www.youtube.com/watch?v=hQrmtwhztnc
"Kehlani x Charlie Puth -  Hotline Bling (Official Audio)",,,,youtube,CKDGbKroAvU,,"2026-10-09 20:02",,https://www.youtube.com/watch?v=CKDGbKroAvU
"Childish Gambino - 53.49 Lyrics",,,,youtube,Ix1g6tRGga8,,"2026-10-09 20:02",,https://www.youtube.com/watch?v=Ix1g6tRGga8
"ECHO (ReAdmission Remix) 【Gumi English】",,,,youtube,wQXRO8UHBfI,,"2026-10-09 20:02",,https://www.youtube.com/watch?v=wQXRO8UHBfI
"KIRA - Again ft. rachie (Remix Cover)",,,,youtube,sePdMu5fqNQ,,"2026-10-09 20:02",,https://www.youtube.com/watch?v=sePdMu5fqNQ
"Walk of Shame (Night City After Hours Mix)","Idris Elba",,,youtube,6_zsboEgYr4,,"2026-10-09 20:02",,https://www.youtube.com/watch?v=6_zsboEgYr4
"Cyberpunk 2077 - 99.9 IMPULSE - IDRIS ELBA - Liquid Disco x Sleepy Dust - Mix [EXTENDED] [HQ]",,,,youtube,T0VeJmW2DgQ,,"2026-10-09 20:02",,https://www.youtube.com/watch?v=T0VeJmW2DgQ
"Ecko Bazz, Slikback & ECKO FREQUENCY - IKARI (Cyberpunk 2077 107.5 Dark Star Radio)",,,,youtube,8zO5mBvuAr0,,"2026-10-09 20:02",,https://www.youtube.com/watch?v=8zO5mBvuAr0
"Vs. Susie","Toby Fox",,,youtube,cGuDpoJNImA,,"2026-10-09 20:02",,https://www.youtube.com/watch?v=cGuDpoJNImA
"I Remember","Yo Gotti",,,youtube,t1xniUcmVR8,,"2026-10-09 20:02",,https://www.youtube.com/watch?v=t1xniUcmVR8
"Ellie Goulding - Lights (Bassnectar Remix / Official Video)",,,,youtube,Imixg3jrJS8,,"2026-10-09 20:03",,https://www.youtube.com/watch?v=Imixg3jrJS8
"Evangelion 3.0+1.0 - Theme Song Full『One Last Kiss』by Hikaru Utada",,,,youtube,s64_FQY9-1c,,"2026-10-09 20:03",,https://www.youtube.com/watch?v=s64_FQY9-1c
"FKA twigs - oh my love",,,,youtube,3jH7dFvMmKk,,"2026-10-09 20:03",,https://www.youtube.com/watch?v=3jH7dFvMmKk
"[MUSIC] fraxiom x ricco harver - that’s combustable (softspirit remix)",,,,youtube,staF8UiMqNc,,"2026-10-09 20:03",,https://www.youtube.com/watch?v=staF8UiMqNc
teenager,"Fresh Hex",,,youtube,Q8RNoWSxl_g,,"2026-10-09 20:03",,https://www.youtube.com/watch?v=Q8RNoWSxl_g
(forever?????????),"Glass Beach",,,youtube,bSxdf-NtN3Y,,"2026-10-09 20:03",,https://www.youtube.com/watch?v=bSxdf-NtN3Y
"DROP IT LIKE IT'S HOT! (Prod. Luga)",,,,youtube,CGLGXkEyE3w,,"2026-10-09 20:03",,https://www.youtube.com/watch?v=CGLGXkEyE3w
"Herve Pagez, Diplo - Spicy (Official Video) ft. Charli XCX",,,,youtube,bGrxBmyiMls,,"2026-10-09 20:03",,https://www.youtube.com/watch?v=bGrxBmyiMls
"宇多田ヒカル『One Last Kiss』",,,,youtube,0Uhh62MUEic,,"2026-10-09 20:03",,https://www.youtube.com/watch?v=0Uhh62MUEic
"Jamie xx - Hold Tight",,,,youtube,cumIVrQN5QM,,"2026-10-09 20:03",,https://www.youtube.com/watch?v=cumIVrQN5QM
"Jamie xx - Girl",,,,youtube,r7gmVWgEpRc,,"2026-10-09 20:03",,https://www.youtube.com/watch?v=r7gmVWgEpRc
"JPEGMAFIA x Danny Brown - Garbage Pale Kids",,,,youtube,fnHA9LyF6IA,,"2026-10-09 20:03",,https://www.youtube.com/watch?v=fnHA9LyF6IA
"Justice - Afterimage (Starring RIMON) (Official Video)",,,,youtube,T4gNbo5goRc,,"2026-10-09 20:03",,https://www.youtube.com/watch?v=T4gNbo5goRc
"Kanye West & Rhymefest: Alligator Boots (Lost TV Pilot for Comedy Central)",,,,youtube,ErdrMU6vSp4,,"2026-10-09 20:03",,https://www.youtube.com/watch?v=ErdrMU6vSp4
"Devil In A New Dress","Kanye West",,,youtube,sk3rpYkiHe8,,"2026-10-09 20:03",,https://www.youtube.com/watch?v=sk3rpYkiHe8
"倖田來未 / Crazy 4 U(Koda Kumi Premium Night ～Love & Songs～)",,,,youtube,DyPu0yS9lYc,,"2026-10-09 20:03",,https://www.youtube.com/watch?v=DyPu0yS9lYc
"Kraftwerk - Boing Boom Tschak",,,,youtube,jYMIkq3NIgE,,"2026-10-09 20:03",,https://www.youtube.com/watch?v=jYMIkq3NIgE
"Lady Gaga - Applause",,,,youtube,pco91kroVgQ,,"2026-10-09 20:03",,https://www.youtube.com/watch?v=pco91kroVgQ
"By_Myslf/Josh Abraham and Mike Shinoda - Linkin Park",,,,youtube,gQVmVLObCJM,,"2026-10-09 20:03",,https://www.youtube.com/watch?v=gQVmVLObCJM
"H! Vltg3/Evidence [feat. Pharoahe Monch and DJ Babu] - Linkin Park",,,,youtube,iw1gSmz14l4,,"2026-10-09 20:03",,https://www.youtube.com/watch?v=iw1gSmz14l4
"Excruciating Deth",Release,,,youtube,LFXX2GSzJjs,,"2026-10-09 20:03",,https://www.youtube.com/watch?v=LFXX2GSzJjs
"Machine Girl - Mischievous Boy (PØ1ZoNJ∆MMIX)",,,,youtube,0N9BalMZ6WM,,"2026-10-09 20:03",,https://www.youtube.com/watch?v=0N9BalMZ6WM
"Madonna - Girl Gone Wild (Official Video)",,,,youtube,tYkwziTrv5o,,"2026-10-09 20:04",,https://www.youtube.com/watch?v=tYkwziTrv5o
"Mario Kart 8 Deluxe - Intro (Ver. 2.0.0)",,,,youtube,5-5Y3S0nrko,,"2026-10-09 20:04",,https://www.youtube.com/watch?v=5-5Y3S0nrko
"Dance (The Young Punx Mix)",Release,,,youtube,XAIUQr_35Ok,,"2026-10-09 20:04",,https://www.youtube.com/watch?v=XAIUQr_35Ok
"10 Dollar",M.I.A.,,,youtube,YVJ1PPKFUgQ,,"2026-10-09 20:04",,https://www.youtube.com/watch?v=YVJ1PPKFUgQ
"STORY TO BE TOLD",M.I.A.,,,youtube,F8Ot0V8NMMk,,"2026-10-09 20:04",,https://www.youtube.com/watch?v=F8Ot0V8NMMk
"M.I.A. - Popular (Official Video)",,,,youtube,m9AzBzHBXok,,"2026-10-09 20:04",,https://www.youtube.com/watch?v=m9AzBzHBXok
"𝙸 𝙰𝙼 𝙸𝙽 𝚃𝙷𝙴 𝙼𝙰𝚃𝚁𝙸𝚇 𝙰𝙽𝙳 𝙸 𝙹𝚄𝚂𝚃 𝚃𝙾𝙾𝙺 𝚃𝙷𝙴 𝙱𝙻𝚄𝙴 𝙿𝙸𝙻𝙻",,,,youtube,kSo45_0b1B0,,"2026-10-09 20:04",,https://www.youtube.com/watch?v=kSo45_0b1B0
"C418 - Ballad of the Cats (Minecraft Volume Beta)",,,,youtube,8VY2RUyY0t4,,"2026-10-09 20:04",,https://www.youtube.com/watch?v=8VY2RUyY0t4
"N.E.R.D - Time For Some Action",,,,youtube,l8v5joS6qv4,,"2026-10-09 20:04",,https://www.youtube.com/watch?v=l8v5joS6qv4
Happy,N.E.R.D.,,,youtube,VCF4g2U_Oi0,,"2026-10-09 20:04",,https://www.youtube.com/watch?v=VCF4g2U_Oi0
"You Know What - N.E.R.D",,,,youtube,_cdPWwBKplI,,"2026-10-09 20:04",,https://www.youtube.com/watch?v=_cdPWwBKplI
"Nia Archives - Off Wiv Ya Headz (Official Video)",,,,youtube,FrnDC94_Tic,,"2026-10-09 20:04",,https://www.youtube.com/watch?v=FrnDC94_Tic
"Nirvana - Radio Friendly Unit Shifter (Live And Loud, Seattle / 1993)",,,,youtube,H96MEx73tDc,,"2026-10-09 20:04",,https://www.youtube.com/watch?v=H96MEx73tDc
"N.W.A. - Fuk Da Police",,,,youtube,qZuxPKUVGiw,,"2026-10-09 20:04",,https://www.youtube.com/watch?v=qZuxPKUVGiw
"Orlando Voorn Presents ""Paco Di Bango's World""",,,,youtube,fMCJWeKERi0,,"2026-10-09 20:04",,https://www.youtube.com/watch?v=fMCJWeKERi0
"The Presets - Talk Like That (Official Video)",,,,youtube,YUb8bDtla-8,,"2026-10-09 20:04",,https://www.youtube.com/watch?v=YUb8bDtla-8
"The Prodigy - Voodoo People (Official Video)",,,,youtube,YV78vobCyIo,,"2026-10-09 20:04",,https://www.youtube.com/watch?v=YV78vobCyIo
"Bring The Noise - Public Enemy ( Original Video )",,,,youtube,l_Jeyif7bB4,,"2026-10-09 20:04",,https://www.youtube.com/watch?v=l_Jeyif7bB4
"[Rhythm Heaven] - Big Rock Finish (Perfect) (English)",,,,youtube,g5uHzCJflgs,,"2026-10-09 20:04",,https://www.youtube.com/watch?v=g5uHzCJflgs
"Endless Remix - Rhythm Heaven Fever",,,,youtube,ybF0KlGYMPI,,"2026-10-09 20:04",,https://www.youtube.com/watch?v=ybF0KlGYMPI
櫻坂46『承認欲求』,,,,youtube,x_BjvhMW9TE,,"2026-10-09 20:04",,https://www.youtube.com/watch?v=x_BjvhMW9TE
"SebastiAn - C.T.F.O. (feat. M.I.A.) [Official Audio]",,,,youtube,MkpQ2BIzSes,,"2026-10-09 20:04",,https://www.youtube.com/watch?v=MkpQ2BIzSes
"DRAGONFIST DELTAX9",,,,youtube,9Oot5FkEAlM,,"2026-10-09 20:05",,https://www.youtube.com/watch?v=9Oot5FkEAlM
"Smash Mouth - Walkin' On The Sun",,,,youtube,LQj--Kjn0z8,,"2026-10-09 20:05",,https://www.youtube.com/watch?v=LQj--Kjn0z8
"Sonic CD Stardust Speedway Bad Future JP/EU HD",,,,youtube,qVXeWfFTFGo,,"2026-10-09 20:05",,https://www.youtube.com/watch?v=qVXeWfFTFGo
"SOPHIE - L.O.V.E. (Official Stream)",,,,youtube,BY9ejw1728w,,"2026-10-09 20:05",,https://www.youtube.com/watch?v=BY9ejw1728w
"Is It Cold In The Water?",SOPHIE,,,youtube,RxyT8PRSDRo,,"2026-10-09 20:05",,https://www.youtube.com/watch?v=RxyT8PRSDRo
"Soulwax - NY Excuse (Nite Version) [HD Musiс Video]",,,,youtube,yimMRHDvxCI,,"2026-10-09 20:05",,https://www.youtube.com/watch?v=yimMRHDvxCI
"Splatoon 3 - Exploring Splatsville",,,,youtube,3ry6UwLVktE,,"2026-10-09 20:05",,https://www.youtube.com/watch?v=3ry6UwLVktE
"Fuzzy Dazzler - Splatoon 3 OST",,,,youtube,8_j74jkaHyE,,"2026-10-09 20:05",,https://www.youtube.com/watch?v=8_j74jkaHyE
"Steve Lacy - Sunshine (Official Video) ft. Fousheé",,,,youtube,RC8u7RJe-TE,,"2026-10-09 20:05",,https://www.youtube.com/watch?v=RC8u7RJe-TE
"Illusion Of Love (feat. Mattie Safer)",Uffie,,,youtube,hf3AwY3TZDA,,"2026-10-09 20:05",,https://www.youtube.com/watch?v=hf3AwY3TZDA
"Tinashe - Nasty (Official Video)",,,,youtube,jrjESdPsLxE,,"2026-10-09 20:05",,https://www.youtube.com/watch?v=jrjESdPsLxE
"Tkay Maidza, Yung Baby Tate - KIM (Official Video)",,,,youtube,SrzQwFW46g8,,"2026-10-09 20:05",,https://www.youtube.com/watch?v=SrzQwFW46g8
"TLC - No Scrubs (Official HD Video)",,,,youtube,FrLequ6dUdM,,"2026-10-09 20:05",,https://www.youtube.com/watch?v=FrLequ6dUdM
"Fly Me To The Moon (Radio Edit)","Tokyo Ghetto Pussy",,,youtube,_eaRX_nQfM8,,"2026-10-09 20:05",,https://www.youtube.com/watch?v=_eaRX_nQfM8
"BLESSED (Audio)",,,,youtube,opm2OTKAffE,,"2026-10-09 20:05",,https://www.youtube.com/watch?v=opm2OTKAffE
DOGTOOTH,,,,youtube,2TVXi_9Bvlg,,"2026-10-09 20:05",,https://www.youtube.com/watch?v=2TVXi_9Bvlg
"Uffie - Ready to Uff (Official Audio)",,,,youtube,kXlccYcXHAs,,"2026-10-09 20:05",,https://www.youtube.com/watch?v=kXlccYcXHAs
"underscores - headlock (imogen heap cover)",,,,youtube,bRS2A0tQhyg,,"2026-10-09 20:05",,https://www.youtube.com/watch?v=bRS2A0tQhyg
"071. Undertale (UNDERTALE Soundtrack) - Toby Fox",,,,youtube,1HIKNbnV8nw,,"2026-10-09 20:06",,https://www.youtube.com/watch?v=1HIKNbnV8nw
"038. Spooktune (UNDERTALE Soundtrack) - Toby Fox",,,,youtube,lV65zxK61cI,,"2026-10-09 20:06",,https://www.youtube.com/watch?v=lV65zxK61cI
"The Veronicas - Untouched (Official Music Video)",,,,youtube,uKqriTRYInY,,"2026-10-09 20:06",,https://www.youtube.com/watch?v=uKqriTRYInY
"YaBoyJDub - Swiggity Swooty (I'm Coming For That Booty) *MeMe Rap*",,,,youtube,XfqHccJ-6Js,,"2026-10-09 20:06",,https://www.youtube.com/watch?v=XfqHccJ-6Js
"The Young Punx - Your Music Is Killing Me",,,,youtube,IARbSVgxw3c,,"2026-10-09 20:06",,https://www.youtube.com/watch?v=IARbSVgxw3c
"The Young Punx - Your Music Is Killing Me",,,,youtube,IARbSVgxw3c,,"2026-10-09 20:06",,https://www.youtube.com/watch?v=IARbSVgxw3c
"NIAMOS! (Chandrilian Club Mix) (From ""Andor (Season 2)"")","Nicholas Britell",,,youtube,WxLBOwdTKjI,,"2026-10-09 20:06",,https://www.youtube.com/watch?v=WxLBOwdTKjI
"Visiting Friends","Animal Collective",,,youtube,dyC-EtfNAY8,,"2026-10-09 20:06",,https://www.youtube.com/watch?v=dyC-EtfNAY8
"Animal Crossing: New Horizons - 3AM",,,,youtube,fj0hcpXPqeU,,"2026-10-09 20:06",,https://www.youtube.com/watch?v=fj0hcpXPqeU
"Good News JUST Announced Today For Animal Crossing New Horizons",,,,youtube,AUVdEw3Q-1o,,"2026-10-09 20:06",,https://www.youtube.com/watch?v=AUVdEw3Q-1o
"at the corner store",,,,youtube,0_wzpkwIM2A,,"2026-10-09 20:06",,https://www.youtube.com/watch?v=0_wzpkwIM2A
"Billie Eilish - Halley’s Comet (Official Lyric Video)",,,,youtube,geUYm3f6ZA4,,"2026-10-09 20:06",,https://www.youtube.com/watch?v=geUYm3f6ZA4
argyle,,,,youtube,hQrmtwhztnc,,"2026-10-09 20:06",,https://www.youtube.com/watch?v=hQrmtwhztnc
"BROCKHAMPTON - M.O.B.",,,,youtube,xdh2EDsKsBc,,"2026-10-09 20:06",,https://www.youtube.com/watch?v=xdh2EDsKsBc
"Charli XCX - Come To My Party (Audio)",,,,youtube,zeRHqTATISA,,"2026-10-09 20:06",,https://www.youtube.com/watch?v=zeRHqTATISA
"Charli xcx - B2b (official lyric video)",,,,youtube,If4-ckGcr0c,,"2026-10-09 20:06",,https://www.youtube.com/watch?v=If4-ckGcr0c
"11. Ruder Buster (DELTARUNE Chapter 3+4 Soundtrack) - Toby Fox",,,,youtube,N117e1Ub39A,,"2026-10-09 20:06",,https://www.youtube.com/watch?v=N117e1Ub39A
"57. Piano that may not be played that well (DELTARUNE Chapter 3+4 Soundtrack) - Toby Fox",,,,youtube,Y9XRMC0ez7w,,"2026-10-09 20:06",,https://www.youtube.com/watch?v=Y9XRMC0ez7w
"let's go home","Jane Remover",,,youtube,GjeIkUIm10U,,"2026-10-09 20:06",,https://www.youtube.com/watch?v=GjeIkUIm10U
"Flume - Bag Raiders 'Shooting Stars' LAV Ft. Toro y Moi, Chestbrah / LIVE from Sydney",,,,youtube,050VPGOMl80,,"2026-10-09 20:06",,https://www.youtube.com/watch?v=050VPGOMl80
"WINTERFEST WISH (Lyrics) English - Fortnite Lobby Track",,,,youtube,FN0pbFhWWEY,,"2026-10-09 20:07",,https://www.youtube.com/watch?v=FN0pbFhWWEY
"Katamari Fortissimo Damacy - 02 - Katamari on the Rocks ~ Main Theme",,,,youtube,LFNRUS4DSy4,,"2026-10-09 20:07",,https://www.youtube.com/watch?v=LFNRUS4DSy4
"Kidnap Kid - Animaux",,,,youtube,ej0eNZnPNEk,,"2026-10-09 20:07",,https://www.youtube.com/watch?v=ej0eNZnPNEk
"The Castle In The Air","King Gizzard & The Lizard Wizard",,,youtube,rJlGuJtmnlQ,,"2026-10-09 20:07",,https://www.youtube.com/watch?v=rJlGuJtmnlQ
"Inside the Deku Tree - The Legend of Zelda: Ocarina of Time Music Extended",,,,youtube,l6SUONt4Czo,,"2026-10-09 20:07",,https://www.youtube.com/watch?v=l6SUONt4Czo
"Lewis Grant - Numbskull",,,,youtube,wbdamipNWS0,,"2026-10-09 20:07",,https://www.youtube.com/watch?v=wbdamipNWS0
"Live - Lightning Crashes",,,,youtube,xsJ4O-nSveg,,"2026-10-09 20:07",,https://www.youtube.com/watch?v=xsJ4O-nSveg
"Machine Gun Kelly – 9 lives (Official Audio)",,,,youtube,rTIzV_d60lI,,"2026-10-09 20:07",,https://www.youtube.com/watch?v=rTIzV_d60lI
"Milky Chance - Flashed Junk Mind (Official 4K Music Video))",,,,youtube,r8BsuT0PWdI,,"2026-10-09 20:07",,https://www.youtube.com/watch?v=r8BsuT0PWdI
"C418 - Floating Trees (Minecraft Volume Beta)",,,,youtube,j1Z_Ihkluek,,"2026-10-09 20:07",,https://www.youtube.com/watch?v=j1Z_Ihkluek
"Part 2 disc plays C418 - ward",,,,youtube,cwLCip0UdZI,,"2026-10-09 20:07",,https://www.youtube.com/watch?v=cwLCip0UdZI
"N.E.R.D. - Sooner or Later (Official Music Video)",,,,youtube,E6frJ5IEA2Q,,"2026-10-09 20:07",,https://www.youtube.com/watch?v=E6frJ5IEA2Q
"Oklou - take me by the hand ft. Bladee (Official Video)",,,,youtube,jdU16tnrt14,,"2026-10-09 20:07",,https://www.youtube.com/watch?v=jdU16tnrt14
"Onyx - Slam",,,,youtube,7ADgCeYJMN4,,"2026-10-09 20:07",,https://www.youtube.com/watch?v=7ADgCeYJMN4
"Caroline Polachek - Pang (Lyric Booklet)",,,,youtube,C4b3NR4JqnQ,,"2026-10-09 20:07",,https://www.youtube.com/watch?v=C4b3NR4JqnQ
"Pharrell Williams- I really like you",,,,youtube,UGB8D2HRD3Y,,"2026-10-09 20:07",,https://www.youtube.com/watch?v=UGB8D2HRD3Y
"Pulsar - Opening the side cover",,,,youtube,p2ptrs59d5Q,,"2026-10-09 20:07",,https://www.youtube.com/watch?v=p2ptrs59d5Q
"[Rhythm Heaven Fever] ~ Remix 4 (Perfect)",,,,youtube,2rvyix0aMc0,,"2026-10-09 20:07",,https://www.youtube.com/watch?v=2rvyix0aMc0
"[Rhythm Heaven] - Big Rock Finish (Perfect) (English)",,,,youtube,g5uHzCJflgs,,"2026-10-09 20:07",,https://www.youtube.com/watch?v=g5uHzCJflgs
"Remix 1 - Rhythm Heaven Fever",,,,youtube,Qe3LNVeYwas,,"2026-10-09 20:07",,https://www.youtube.com/watch?v=Qe3LNVeYwas
"Lady Cupid (JP Version) - Rhythm Heaven Fever",,,,youtube,gG2uR8wyPf4,,"2026-10-09 20:07",,https://www.youtube.com/watch?v=gG2uR8wyPf4
"Escape From the City (City Escape) - Sonic Adventure 2 [OST]",,,,youtube,5WcyVvWZJU4,,"2026-10-09 20:08",,https://www.youtube.com/watch?v=5WcyVvWZJU4
"Jeh Jeh Rocket - Sonic Rush [OST]",,,,youtube,e5BG14-5WXA,,"2026-10-09 20:08",,https://www.youtube.com/watch?v=e5BG14-5WXA
"Wii U - Splatoon: ""Ink or Sink"" by Squid Squad",,,,youtube,q1LbpBmwQg0,,"2026-10-09 20:08",,https://www.youtube.com/watch?v=q1LbpBmwQg0
"Splatoon 2 - Inkopolis Square Complete Tour! (Splatfest Demo)",,,,youtube,EeGbWWduOrk,,"2026-10-09 20:08",,https://www.youtube.com/watch?v=EeGbWWduOrk
"Inkopolis News - Off the Hook [Splatoon 2 OST]",,,,youtube,VFi70wytzmY,,"2026-10-09 20:08",,https://www.youtube.com/watch?v=VFi70wytzmY
"Splatoon 2 OST - Buoyant Boogie (w/ Final Checkpoint)",,,,youtube,txuqakdTPaY,,"2026-10-09 20:08",,https://www.youtube.com/watch?v=txuqakdTPaY
"Casino Fanfare - Super Mario Sunshine",,,,youtube,16vRMnd8Pa0,,"2026-10-09 20:08",,https://www.youtube.com/watch?v=16vRMnd8Pa0
"Surfaris - Wipe Out",,,,youtube,p13yZAjhU0M,,"2026-10-09 20:08",,https://www.youtube.com/watch?v=p13yZAjhU0M
"Tyler, The Creator - PERFECT Featuring Kali Uchis And Austin Feinstein",,,,youtube,XIqVCJWSoeE,,"2026-10-09 20:08",,https://www.youtube.com/watch?v=XIqVCJWSoeE
"DARLING, I (Official Video)",,,,youtube,kZfz5UlsHlQ,,"2026-10-09 20:08",,https://www.youtube.com/watch?v=kZfz5UlsHlQ
"Wii Sports - Title (HQ)",,,,youtube,2qvAxPqy2wA,,"2026-10-09 20:08",,https://www.youtube.com/watch?v=2qvAxPqy2wA
"YOUTH GROUP: Forever Young",,,,youtube,rQi8wEHMm5Y,,"2026-10-09 20:08",,https://www.youtube.com/watch?v=rQi8wEHMm5Y
Perfection,Gesaffelstein,,,youtube,RZU5xx0fuvo,,"2026-10-09 20:08",,https://www.youtube.com/watch?v=RZU5xx0fuvo
"[Rhythm Heaven Megamix] - Coin Toss (English)",,,,youtube,x0QIefQ4mfA,,"2026-10-09 20:08",,https://www.youtube.com/watch?v=x0QIefQ4mfA
"Rhythm Heaven Fever - Beautiful one Day [ENG] [LYRICS]",,,,youtube,YcrdIHlylHI,,"2026-10-09 20:08",,https://www.youtube.com/watch?v=YcrdIHlylHI
"Remix 10- Tsunku♂, Masami Yone, Shinji Ushiroda, Asuka Ito (Rhythm Heaven Fever AMV)",,,,youtube,6_gJ5FBPJkc,,"2026-10-09 20:08",,https://www.youtube.com/watch?v=6_gJ5FBPJkc
"Splatoon Booting up Theme (Drum theme)",,,,youtube,NlbeXKz8Lyo,,"2026-10-09 20:08",,https://www.youtube.com/watch?v=NlbeXKz8Lyo
"Plaza Speakers B - Splatoon OST",,,,youtube,fSUDyuYWZ5o,,"2026-10-09 20:08",,https://www.youtube.com/watch?v=fSUDyuYWZ5o
"Plaza Speakers C - Splatoon OST",,,,youtube,JBXjDF2GOI8,,"2026-10-09 20:08",,https://www.youtube.com/watch?v=JBXjDF2GOI8
"Plaza - Splatoon OST",,,,youtube,kN5dt_eOr-M,,"2026-10-09 20:08",,https://www.youtube.com/watch?v=kN5dt_eOr-M
"Plaza Speakers J - Splatoon OST",,,,youtube,SJ7Jny9hAP0,,"2026-10-09 20:09",,https://www.youtube.com/watch?v=SJ7Jny9hAP0
"Valentino Khan & Chris Lorenzo - Flip The Switch (Official Audio)",,,,youtube,qNQgW4MHtm0,,"2026-10-09 20:09",,https://www.youtube.com/watch?v=qNQgW4MHtm0
