title,artist,album,isrc,platform,trackId,duration,addedDate,addedBy,url
"100 gecs - money machine (Official Music Video)",,,,youtube,z97qLNXeAMQ,,"2026-10-09 17:57",,https://www.youtube.com/watch?v=z97qLNXeAMQ
"A. G. Cook - new.city (From QT Short Film)",,,,youtube,tHXPpz6idk4,,"2026-10-09 17:57",,https://www.youtube.com/watch?v=tHXPpz6idk4
𝟹G,,,,youtube,oPQDfHB1MII,,"2026-10-09 17:57",,https://www.youtube.com/watch?v=oPQDfHB1MII
"Anamanaguchi - Territorial Pissings (NIRVANA cover)",,,,youtube,IKfUTz6RLTs,,"2026-10-09 17:57",,https://www.youtube.com/watch?v=IKfUTz6RLTs
"Anna Lunoe - Polite (feat. Shanique Marie) [Official Visualizer]",,,,youtube,JwkhTip4Z3A,,"2026-10-09 17:57",,https://www.youtube.com/watch?v=JwkhTip4Z3A
"Annie Grace - Daddy I Love You (Official Music Video)",,,,youtube,aK6DmkOg3Nk,,"2026-10-09 17:57",,https://www.youtube.com/watch?v=aK6DmkOg3Nk
"Arca - Sola (Official Music Video)",,,,youtube,X4LaCgzhidY,,"2026-10-09 17:58",,https://www.youtube.com/watch?v=X4LaCgzhidY
"LEVEL 4 SMOKER",Release,,,youtube,LxBM62zzvtY,,"2026-10-09 17:58",,https://www.youtube.com/watch?v=LxBM62zzvtY
"Benjamin Theves - Texas (Original Mix)",,,,youtube,E6q8g97qn5E,,"2026-10-09 17:58",,https://www.youtube.com/watch?v=E6q8g97qn5E
"MY EYEBALL FELL OUT 😳",,,,youtube,RCLF3XvliKA,,"2026-10-09 17:58",,https://www.youtube.com/watch?v=RCLF3XvliKA
"The Black Eyed Peas - Boom Boom Pow (Official Music Video)",,,,youtube,4m48GqaOz90,,"2026-10-09 17:58",,https://www.youtube.com/watch?v=4m48GqaOz90
"Bootsy Collins featuring Kelli Ali - Play With Bootsy music video",,,,youtube,MVgsMah_cRo,,"2026-10-09 17:58",,https://www.youtube.com/watch?v=MVgsMah_cRo
"BTS (방탄소년단) 'ON' Kinetic Manifesto Film : Come Prima",,,,youtube,gwMa6gpoE9I,,"2026-10-09 17:58",,https://www.youtube.com/watch?v=gwMa6gpoE9I
"chic c'est la vie (dvnots remix) 130",,,,youtube,XNjmWi4Nles,,"2026-10-09 17:58",,https://www.youtube.com/watch?v=XNjmWi4Nles
"Funfair 04 - Crush",,,,youtube,lhWTrQc3OwE,,"2026-10-09 17:58",,https://www.youtube.com/watch?v=lhWTrQc3OwE
V,"Marcin Przybylowicz",,,youtube,JYC8aINHFxc,,"2026-10-09 17:58",,https://www.youtube.com/watch?v=JYC8aINHFxc
"Cyberpunk 2077 OST - The Rebel Path (Cello Version)",,,,youtube,AGsjA1pXajk,,"2026-10-09 17:58",,https://www.youtube.com/watch?v=AGsjA1pXajk
"Outsider No More (Cyberpunk 2077 Soundtrack)",,,,youtube,zz3o6aS4b20,,"2026-10-09 17:58",,https://www.youtube.com/watch?v=zz3o6aS4b20
"Wushu Dolls","Marcin Przybylowicz",,,youtube,b_I5PAyLEhs,,"2026-10-09 17:58",,https://www.youtube.com/watch?v=b_I5PAyLEhs
"Scavenger Hunt","P.T. Adamczyk",,,youtube,nqM9FfbCXbA,,"2026-10-09 17:58",,https://www.youtube.com/watch?v=nqM9FfbCXbA
Мусорщики,"P.T. Adamczyk",,,youtube,rie_ijfztgk,,"2026-10-09 17:58",,https://www.youtube.com/watch?v=rie_ijfztgk
"Kang Tao Down","P.T. Adamczyk",,,youtube,AdY__4RN3qw,,"2026-10-09 17:58",,https://www.youtube.com/watch?v=AdY__4RN3qw
"Lick Switch - Blurred (Cyberpunk 2077 88.9 Pacific Dreams)",,,,youtube,f2Hw7Ywyk8Q,,"2026-10-09 17:58",,https://www.youtube.com/watch?v=f2Hw7Ywyk8Q
"CYBERPUNK 2077 SOUNDTRACK - HARM SWEATY PIT by Nina Kraviz & Bara Nova (Official Video)",,,,youtube,kXJG7V2-Y64,,"2026-10-09 17:58",,https://www.youtube.com/watch?v=kXJG7V2-Y64
"GLBTM (Studio Outtakes) [Edit]","Daft Punk",,,youtube,osFFpaI_DDs,,"2026-10-09 17:58",,https://www.youtube.com/watch?v=osFFpaI_DDs
"David Bowie - D.J. (Official Video) [HD]",,,,youtube,MRRmU_pOXnk,,"2026-10-09 17:58",,https://www.youtube.com/watch?v=MRRmU_pOXnk
"Melleefresh vs deadmau5 / Afterhours (Original Mix)",,,,youtube,v0v8VNLtNaI,,"2026-10-09 17:58",,https://www.youtube.com/watch?v=v0v8VNLtNaI
"Death Grips - You might think he loves you for your money but I know what he really loves you for...",,,,youtube,y2cQvZPX3OY,,"2026-10-09 17:58",,https://www.youtube.com/watch?v=y2cQvZPX3OY
"Digitalism-ZDRLT (Rewind (beatport Exclusive))",,,,youtube,DuCJ046uLI8,,"2026-10-09 17:58",,https://www.youtube.com/watch?v=DuCJ046uLI8
"Digitalism - I want I want live @ UAF 2008",,,,youtube,I2V3bAln4OQ,,"2026-10-09 17:58",,https://www.youtube.com/watch?v=I2V3bAln4OQ
"Disclosure, Channel Tres - Lavender",,,,youtube,gpS8QoaiaI0,,"2026-10-09 17:58",,https://www.youtube.com/watch?v=gpS8QoaiaI0
"Drake - Jimmy Cooks (Audio) ft. 21 Savage",,,,youtube,V7UgPHjN9qE,,"2026-10-09 17:58",,https://www.youtube.com/watch?v=V7UgPHjN9qE
"Drake and 21 Savage - Rich Flex Her Loss Recap",,,,youtube,PrSBuEFdRFU,,"2026-10-09 17:59",,https://www.youtube.com/watch?v=PrSBuEFdRFU
"FKA twigs - Video Girl",,,,youtube,2jhTiLuGezI,,"2026-10-09 17:59",,https://www.youtube.com/watch?v=2jhTiLuGezI
"FKA twigs - Drums of Death (choreography glitch)",,,,youtube,8PDiORfADeQ,,"2026-10-09 17:59",,https://www.youtube.com/watch?v=8PDiORfADeQ
"FLETCHER - girls girls girls",,,,youtube,rzV9fgb-bsI,,"2026-10-09 17:59",,https://www.youtube.com/watch?v=rzV9fgb-bsI
"Fortnite | Run It Lobby Music (S23 FNCS)",,,,youtube,NVC-Y4mTLo0,,"2026-10-09 17:59",,https://www.youtube.com/watch?v=NVC-Y4mTLo0
"Fortnite | 8-Bit Beat Lobby Music",,,,youtube,17SSniY_yhI,,"2026-10-09 17:59",,https://www.youtube.com/watch?v=17SSniY_yhI
"Fortnite | Swim Free Lobby Music (C5S2 Battle Pass)",,,,youtube,K6bD8k5ji7A,,"2026-10-09 17:59",,https://www.youtube.com/watch?v=K6bD8k5ji7A
"Obscure Hyperpop Playlist",,,,youtube,INGTieFMn74,,"2026-10-09 17:59",,https://www.youtube.com/watch?v=INGTieFMn74
"Philly Nice - Friday Night Funkin' OST",,,,youtube,fwZ8jLFFL1Y,,"2026-10-09 17:59",,https://www.youtube.com/watch?v=fwZ8jLFFL1Y
"G-Eazy & Halsey - Him & I (Official Video)",,,,youtube,SA7AIQw-7Ms,,"2026-10-09 17:59",,https://www.youtube.com/watch?v=SA7AIQw-7Ms
"(여자)아이들((G)I-DLE) - 'Nxde' Official Music Video",,,,youtube,fCO7f0SmrDc,,"2026-10-09 17:59",,https://www.youtube.com/watch?v=fCO7f0SmrDc
"George Riley & Hudson Mohawke - 'S e x' (Official Video)",,,,youtube,8ohEwFUqLJQ,,"2026-10-09 17:59",,https://www.youtube.com/watch?v=8ohEwFUqLJQ
"Welcome to the World of Plastic Beach",,,,youtube,p0OVD0_YJnU,,"2026-10-09 17:59",,https://www.youtube.com/watch?v=p0OVD0_YJnU
"Gorillaz - Strobelite (Official Video)",,,,youtube,DAXjiVuzlPw,,"2026-10-09 17:59",,https://www.youtube.com/watch?v=DAXjiVuzlPw
"The Bird Song (with Em Beihold)","Noah Floersch",,,youtube,WljHl_9k5oU,,"2026-10-09 17:59",,https://www.youtube.com/watch?v=WljHl_9k5oU
"Feel Good (Girl Ver.) (Feat. 김호연, Steeb) - HouseRulez (하우스룰즈)",,,,youtube,LtF3owDAUX8,,"2026-10-09 17:59",,https://www.youtube.com/watch?v=LtF3owDAUX8
Balcony,GRRL,,,youtube,kWg6oehpEpw,,"2026-10-09 17:59",,https://www.youtube.com/watch?v=kWg6oehpEpw
"LilWolf727 & MC BXB - Puppy Love (Official Music Video)",,,,youtube,ot1sl8PJ_iA,,"2026-10-09 17:59",,https://www.youtube.com/watch?v=ot1sl8PJ_iA
Mango,GRRL,,,youtube,byzG81UIu-o,,"2026-10-09 17:59",,https://www.youtube.com/watch?v=byzG81UIu-o
"Havana Brown - We Run The Night (Explicit) ft. Pitbull",,,,youtube,AP4dnGkZne4,,"2026-10-09 17:59",,https://www.youtube.com/watch?v=AP4dnGkZne4
"One Thaumaturgy",Release,,,youtube,pE-NUyZ11Ks,,"2026-10-09 17:59",,https://www.youtube.com/watch?v=pE-NUyZ11Ks
"Henrik - Give It To Me (Official Lyric Video) (Excuse Me Bruh)  | Ministry of Sound",,,,youtube,0pwb6bs3OdY,,"2026-10-09 17:59",,https://www.youtube.com/watch?v=0pwb6bs3OdY
"Furtive Ascencion","Cédric Menendez",,,youtube,bQs6hy7dR8I,,"2026-10-09 17:59",,https://www.youtube.com/watch?v=bQs6hy7dR8I
"iamamiwhoami; u-2",,,,youtube,WB85HAUXbbM,,"2026-10-09 17:59",,https://www.youtube.com/watch?v=WB85HAUXbbM
"IC3PEAK - Плак-Плак",,,,youtube,Y6tDdjOmsCY,,"2026-10-09 17:59",,https://www.youtube.com/watch?v=Y6tDdjOmsCY
SeeSaw,"Jamie xx",,,youtube,vQgtra3OODM,,"2026-10-09 18:00",,https://www.youtube.com/watch?v=vQgtra3OODM
"Jamie xx - Life ft. Robyn",,,,youtube,8MkumpJD3fk,,"2026-10-09 18:00",,https://www.youtube.com/watch?v=8MkumpJD3fk
Sneakman,"HIDEKI NAGANUMA",,,youtube,SL_jZSRZ_Bo,,"2026-10-09 18:00",,https://www.youtube.com/watch?v=SL_jZSRZ_Bo
"Justin Timberlake - SexyBack (Official Video) ft. Timbaland",,,,youtube,3gOHvDP_vCs,,"2026-10-09 18:00",,https://www.youtube.com/watch?v=3gOHvDP_vCs
"Justin Timberlake - SexyBack (Official Video) ft. Timbaland",,,,youtube,3gOHvDP_vCs,,"2026-10-09 18:00",,https://www.youtube.com/watch?v=3gOHvDP_vCs
"Justin Timberlake - SexyBack (Official Video) ft. Timbaland",,,,youtube,3gOHvDP_vCs,,"2026-10-09 18:00",,https://www.youtube.com/watch?v=3gOHvDP_vCs
"What Goes Around...Comes Around (Official Video)",,,,youtube,TOrnUquxtwA,,"2026-10-09 18:00",,https://www.youtube.com/watch?v=TOrnUquxtwA
"katamari mambo～塊シンドロームmix","Nobue Matsubara",,,youtube,q_gMELde_i0,,"2026-10-09 18:00",,https://www.youtube.com/watch?v=q_gMELde_i0
Rigamortus,"Kendrick Lamar",,,youtube,7hJet9ExK30,,"2026-10-09 18:00",,https://www.youtube.com/watch?v=7hJet9ExK30
"Kendrick Lamar - M.A.A.D City (feat. MC Eiht) (Part 2 Only)",,,,youtube,Y1KpWUT9kaQ,,"2026-10-09 18:00",,https://www.youtube.com/watch?v=Y1KpWUT9kaQ
DUCKWORTH.,"Kendrick Lamar",,,youtube,Dm-foWGDBF0,,"2026-10-09 18:00",,https://www.youtube.com/watch?v=Dm-foWGDBF0
"Kendrick Lamar - meet the grahams (Lyrics) (Drake Diss)",,,,youtube,Gff1KDXWKyo,,"2026-10-09 18:00",,https://www.youtube.com/watch?v=Gff1KDXWKyo
"cutie honey - koda kumi",,,,youtube,jZwVZKyIoyU,,"2026-10-09 18:00",,https://www.youtube.com/watch?v=jZwVZKyIoyU
"Lady Gaga - Bad Romance (Official Music Video)",,,,youtube,qrO4YZeyl0I,,"2026-10-09 18:00",,https://www.youtube.com/watch?v=qrO4YZeyl0I
"Kotake & Koume's Theme - The Legend of Zelda: Ocarina of Time [V1.0]",,,,youtube,we59_q-Q6Ek,,"2026-10-09 18:00",,https://www.youtube.com/watch?v=we59_q-Q6Ek
"leroy - go white enby go",,,,youtube,RSF4Pg3pggg,,"2026-10-09 18:00",,https://www.youtube.com/watch?v=RSF4Pg3pggg
"LMFAO - I'm In Miami Trick",,,,youtube,EBRhoB5V_fA,,"2026-10-09 18:00",,https://www.youtube.com/watch?v=EBRhoB5V_fA
"Like A Boss (ft. Seth Rogen) - Uncensored Version",,,,youtube,NisCkxU544c,,"2026-10-09 18:00",,https://www.youtube.com/watch?v=NisCkxU544c
"Motherlover (feat. Justin Timberlake)",,,,youtube,X0DeIqJm4vM,,"2026-10-09 18:00",,https://www.youtube.com/watch?v=X0DeIqJm4vM
"Beethoven - Für Elise",,,,youtube,wfF0zHeU3Zs,,"2026-10-09 18:00",,https://www.youtube.com/watch?v=wfF0zHeU3Zs
"Ionic Funk (20xx Battle Music)","Machine Girl",,,youtube,-b5ZucCz3PA,,"2026-10-09 18:00",,https://www.youtube.com/watch?v=-b5ZucCz3PA
Crystarium,Release,,,youtube,B-6jLh67iVQ,,"2026-10-09 18:00",,https://www.youtube.com/watch?v=B-6jLh67iVQ
"Mount Wario (Section 2-2) | Mario Kart 8 [Music Original Soundtrack]",,,,youtube,Lafk0jh0sFM,,"2026-10-09 18:00",,https://www.youtube.com/watch?v=Lafk0jh0sFM
"How to WIN on MOUNT WARIO 150cc | Mario Kart 8 Deluxe",,,,youtube,RBvpkUJX05s,,"2026-10-09 18:00",,https://www.youtube.com/watch?v=RBvpkUJX05s
"M|A|R|R|S - Pump Up The Volume (Official Video)",,,,youtube,w9gOQgfPW4Y,,"2026-10-09 18:00",,https://www.youtube.com/watch?v=w9gOQgfPW4Y
"M.C. Hammer - U Can't Touch This",,,,youtube,otCpCn0l4Wo,,"2026-10-09 18:00",,https://www.youtube.com/watch?v=otCpCn0l4Wo
Bingo,M.I.A.,,,youtube,JGwp3MpcY-Q,,"2026-10-09 18:01",,https://www.youtube.com/watch?v=JGwp3MpcY-Q
"Bamboo Banga",M.I.A.,,,youtube,w-itOhPuOSU,,"2026-10-09 18:01",,https://www.youtube.com/watch?v=w-itOhPuOSU
"The Turn",M.I.A.,,,youtube,3XX_GIR1yvY,,"2026-10-09 18:01",,https://www.youtube.com/watch?v=3XX_GIR1yvY
"Michael Jackson - Bad (Shortened Version)",,,,youtube,dsUXAEzaC3Q,,"2026-10-09 18:01",,https://www.youtube.com/watch?v=dsUXAEzaC3Q
"C418 - Oxygène - Minecraft Volume Alpha",,,,youtube,nz8QEpaGoJg,,"2026-10-09 18:01",,https://www.youtube.com/watch?v=nz8QEpaGoJg
"Minecraft Volume Alpha - 15 - Chris",,,,youtube,yGj4a9ZtFeA,,"2026-10-09 18:01",,https://www.youtube.com/watch?v=yGj4a9ZtFeA
"C418 - Ward (Minecraft Volume Beta)",,,,youtube,zqw8FylO_Y8,,"2026-10-09 18:01",,https://www.youtube.com/watch?v=zqw8FylO_Y8
"Firebugs – Lena Raine | Minecraft Music",,,,youtube,xUs5iylLG6I,,"2026-10-09 18:01",,https://www.youtube.com/watch?v=xUs5iylLG6I
"Mr. Oizo - Cheeree (Official Audio)",,,,youtube,p_VDRI0jXc0,,"2026-10-09 18:01",,https://www.youtube.com/watch?v=p_VDRI0jXc0
"MSTRKRFT - 1000 Cigarettes",,,,youtube,r8f4geudZtE,,"2026-10-09 18:01",,https://www.youtube.com/watch?v=r8f4geudZtE
"Tape You",N.E.R.D.,,,youtube,_3GO3fLzCEY,,"2026-10-09 18:01",,https://www.youtube.com/watch?v=_3GO3fLzCEY
"She Wants To Move (DFA Remix)",N.E.R.D.,,,youtube,aJyij2v2_s0,,"2026-10-09 18:01",,https://www.youtube.com/watch?v=aJyij2v2_s0
"Lenny Kravitz - Honey (Official Music Video)",,,,youtube,azRue-MJppE,,"2026-10-09 18:01",,https://www.youtube.com/watch?v=azRue-MJppE
"The Way She Dances",N.E.R.D.,,,youtube,VhL9AXdod9Y,,"2026-10-09 18:01",,https://www.youtube.com/watch?v=VhL9AXdod9Y
"N.E.R.D.- Find My Way",,,,youtube,7jp_hTRcvoQ,,"2026-10-09 18:01",,https://www.youtube.com/watch?v=7jp_hTRcvoQ
"NERD PLAYS OFFICIAL INTRO",,,,youtube,zyhHxRQtbdY,,"2026-10-09 18:01",,https://www.youtube.com/watch?v=zyhHxRQtbdY
"Love Bomb",N.E.R.D.,,,youtube,hcnKLCwHxyk,,"2026-10-09 18:01",,https://www.youtube.com/watch?v=hcnKLCwHxyk
"N.E.R.D. - Hypnotize U",,,,youtube,YM-41D89rdc,,"2026-10-09 18:01",,https://www.youtube.com/watch?v=YM-41D89rdc
"NERO 'PROMISES' (SKRILLEX AND NERO REMIX)",,,,youtube,VZMfhtKa-wo,,"2026-10-09 18:01",,https://www.youtube.com/watch?v=VZMfhtKa-wo
"Nia Archives - F.A.M.I.L.Y",,,,youtube,YalCKYjrQDY,,"2026-10-09 18:01",,https://www.youtube.com/watch?v=YalCKYjrQDY
"Nicki Minaj - Super Freaky Girl (Official Audio)",,,,youtube,_RRjxHWA338,,"2026-10-09 18:01",,https://www.youtube.com/watch?v=_RRjxHWA338
"Notorious B.I.G, Coolio, Redman, Busta Rhymes, Bone Thugs & More.. - Points (Explicit)",,,,youtube,_vroLokIrCo,,"2026-10-09 18:01",,https://www.youtube.com/watch?v=_vroLokIrCo
"O-Zone - Dragostea Din Tei [Official Video]",,,,youtube,YnopHCL1Jk8,,"2026-10-09 18:01",,https://www.youtube.com/watch?v=YnopHCL1Jk8
"Ollie King OST - Boader 70 - Hideki Naganuma",,,,youtube,gq7TiuxDLjE,,"2026-10-09 18:01",,https://www.youtube.com/watch?v=gq7TiuxDLjE
"Ollie King OST - Boader 70 - Hideki Naganuma",,,,youtube,gq7TiuxDLjE,,"2026-10-09 18:01",,https://www.youtube.com/watch?v=gq7TiuxDLjE
"Keep It Playa",Pharrell,,,youtube,-MQ0i1bEUAg,,"2026-10-09 18:01",,https://www.youtube.com/watch?v=-MQ0i1bEUAg
"Pharrell Williams-Take It Off (Dim The Lights)",,,,youtube,HZoEYDntje0,,"2026-10-09 18:01",,https://www.youtube.com/watch?v=HZoEYDntje0
"Pharrell & The Yessirs - 12: Stay With Me (ft Pusha T) .. FULL ALBUM",,,,youtube,_txsyeP5aUo,,"2026-10-09 18:02",,https://www.youtube.com/watch?v=_txsyeP5aUo
"Pharrell - Our Father",,,,youtube,YhvBFxqqUnI,,"2026-10-09 18:02",,https://www.youtube.com/watch?v=YhvBFxqqUnI
"""BACKR00MS"" FT TRAVIS SCOTT SEXISDEATH INDIANA420BITCH",,,,youtube,ftaXMKV3ffE,,"2026-10-09 18:02",,https://www.youtube.com/watch?v=ftaXMKV3ffE
"Pulp Fiction Theme: Surf Rider",,,,youtube,VXi3mCfv15k,,"2026-10-09 18:02",,https://www.youtube.com/watch?v=VXi3mCfv15k
"Queen Latifah - U.N.I.T.Y.",,,,youtube,f8cHxydDb7o,,"2026-10-09 18:02",,https://www.youtube.com/watch?v=f8cHxydDb7o
"R.E.M. - Losing My Religion (Official HD Music Video)",,,,youtube,xwtdhWltSIg,,"2026-10-09 18:02",,https://www.youtube.com/watch?v=xwtdhWltSIg
"My OCD (Song)",,,,youtube,tnzz-eFmKaw,,"2026-10-09 18:02",,https://www.youtube.com/watch?v=tnzz-eFmKaw
"[Rhythm Heaven] - Shoot-'Em-Up (Perfect) (English)",,,,youtube,AUBC13cxu7o,,"2026-10-09 18:02",,https://www.youtube.com/watch?v=AUBC13cxu7o
"Rhythm Heaven Custom Remix - Struck by the Rain by Tsunku♂",,,,youtube,hfu-w6LDVXY,,"2026-10-09 18:02",,https://www.youtube.com/watch?v=hfu-w6LDVXY
"[Rhythm Heaven] - Shoot-'Em-Up (Perfect) (English)",,,,youtube,AUBC13cxu7o,,"2026-10-09 18:02",,https://www.youtube.com/watch?v=AUBC13cxu7o
"[Rhythm Heaven Fever] ~ Remix 3 (Perfect)",,,,youtube,LCmnBoONJTs,,"2026-10-09 18:02",,https://www.youtube.com/watch?v=LCmnBoONJTs
"Dog Ninja - Rhythm Heaven",,,,youtube,oFmtEC5MxjQ,,"2026-10-09 18:02",,https://www.youtube.com/watch?v=oFmtEC5MxjQ
"[Clone Hero] Masami Yone - Remix 8",,,,youtube,oSkzi7uP-Mw,,"2026-10-09 18:02",,https://www.youtube.com/watch?v=oSkzi7uP-Mw
"4 [60 FPS] See-Saw - Rhythm Heaven Fever",,,,youtube,zk2fz4BLnOc,,"2026-10-09 18:02",,https://www.youtube.com/watch?v=zk2fz4BLnOc
"[Rhythm Tengoku] - Samurai Slice GBA (Perfect) (English) (HQ)",,,,youtube,vp2wuo0ZOaQ,,"2026-10-09 18:02",,https://www.youtube.com/watch?v=vp2wuo0ZOaQ
"Super Smash Heaven (Rhythm Heaven x Smash Bros Animation)",,,,youtube,DJJmpVvEQ94,,"2026-10-09 18:02",,https://www.youtube.com/watch?v=DJJmpVvEQ94
"[Rhythm Heaven Fever] ~ Samurai Slice 2 (Perfect)",,,,youtube,pMsmfGtWC04,,"2026-10-09 18:02",,https://www.youtube.com/watch?v=pMsmfGtWC04
"[Rhythm Heaven Fever] ~ Love Rap 2 (Perfect)",,,,youtube,6Zux4Vw4_jw,,"2026-10-09 18:02",,https://www.youtube.com/watch?v=6Zux4Vw4_jw
"Game Menu B - Rhythm Heaven Fever",,,,youtube,EQdclsGvqkQ,,"2026-10-09 18:02",,https://www.youtube.com/watch?v=EQdclsGvqkQ
"Rina Sawayama - Comme des Garçons (Like The Boys) – Brabo Remix ft. Pabllo Vittar",,,,youtube,nI0CuqOXcZc,,"2026-10-09 18:02",,https://www.youtube.com/watch?v=nI0CuqOXcZc
"ROSALÍA - BULERÍAS (Official Audio)",,,,youtube,Ncpw_4ioDQY,,"2026-10-09 18:02",,https://www.youtube.com/watch?v=Ncpw_4ioDQY
"Pretty Rave Girl (Original Mix)",S3RL,,,youtube,zEZEsyk6BSo,,"2026-10-09 18:02",,https://www.youtube.com/watch?v=zEZEsyk6BSo
"So Huge",SebastiAn,,,youtube,Goe3c0tLnaw,,"2026-10-09 18:02",,https://www.youtube.com/watch?v=Goe3c0tLnaw
Foals,"MONDO GROSSO",,,youtube,futor32AHIg,,"2026-10-09 18:02",,https://www.youtube.com/watch?v=futor32AHIg
Shining,,,,youtube,SYccH2s--lc,,"2026-10-09 18:02",,https://www.youtube.com/watch?v=SYccH2s--lc
"Shygirl - SIREN (Lyric Video)",,,,youtube,EphR3h-mIZQ,,"2026-10-09 18:02",,https://www.youtube.com/watch?v=EphR3h-mIZQ
"Shygirl - Wifey Riddim ft. Jorja Smith & SadBoi",,,,youtube,0Q_A5bFcqTg,,"2026-10-09 18:03",,https://www.youtube.com/watch?v=0Q_A5bFcqTg
"Skrillex & Team EZY - ANIMALS BEAT",,,,youtube,eNHdUZzQpX8,,"2026-10-09 18:03",,https://www.youtube.com/watch?v=eNHdUZzQpX8
"Last Dance with Mary Jane ft. Tom Petty & Jelly Roll (Official Music Video)",,,,youtube,rseqmSGH7xk,,"2026-10-09 18:03",,https://www.youtube.com/watch?v=rseqmSGH7xk
"Sonic the Hedgehog - Spring Yard Zone",,,,youtube,BDiTwqIcu_4,,"2026-10-09 18:03",,https://www.youtube.com/watch?v=BDiTwqIcu_4
"Quartz Quadrant - Sonic the Hedgehog CD [OST]",,,,youtube,srktqxSO_48,,"2026-10-09 18:03",,https://www.youtube.com/watch?v=srktqxSO_48
"Quartz Quadrant - Sonic the Hedgehog CD [OST]",,,,youtube,srktqxSO_48,,"2026-10-09 18:03",,https://www.youtube.com/watch?v=srktqxSO_48
"Quartz Quadrant - Sonic the Hedgehog CD [OST]",,,,youtube,srktqxSO_48,,"2026-10-09 18:03",,https://www.youtube.com/watch?v=srktqxSO_48
"Sonic CD Stardust Speedway Bad Future JP/EU HD",,,,youtube,qVXeWfFTFGo,,"2026-10-09 18:03",,https://www.youtube.com/watch?v=qVXeWfFTFGo
"Sonic CD Stardust Speedway Bad Future JP/EU HD",,,,youtube,qVXeWfFTFGo,,"2026-10-09 18:03",,https://www.youtube.com/watch?v=qVXeWfFTFGo
"Sonic & Knuckles Music: Flying Battery Zone Act 2",,,,youtube,bd8G40yhxNQ,,"2026-10-09 18:03",,https://www.youtube.com/watch?v=bd8G40yhxNQ
"Sonic the Hedgehog 3 Complete: Sandopolis Zone Act 2 (Sonic) [1080 HD]",,,,youtube,iHx2yG7A0X8,,"2026-10-09 18:03",,https://www.youtube.com/watch?v=iHx2yG7A0X8
"Sonic & Knuckles Music: Lava Reef Zone Act 1",,,,youtube,wo_4R17gYSY,,"2026-10-09 18:03",,https://www.youtube.com/watch?v=wo_4R17gYSY
"Theme of Knuckles - Sonic & Knuckles [OST]",,,,youtube,E3V4W3X82lk,,"2026-10-09 18:03",,https://www.youtube.com/watch?v=E3V4W3X82lk
"Miserable Girl",Soulwax,,,youtube,b9oUWYSp4Qk,,"2026-10-09 18:03",,https://www.youtube.com/watch?v=b9oUWYSp4Qk
"Miserable Girl",Soulwax,,,youtube,b9oUWYSp4Qk,,"2026-10-09 18:03",,https://www.youtube.com/watch?v=b9oUWYSp4Qk
"NY Excuse",Soulwax,,,youtube,a74-ZqWN_5c,,"2026-10-09 18:03",,https://www.youtube.com/watch?v=a74-ZqWN_5c
"♪ Squid Squad ᴘʟᴀʏʟɪsᴛ ♫ Caitlin Koi Lyric Video - Splatoon",,,,youtube,2f0qRjAUla8,,"2026-10-09 18:03",,https://www.youtube.com/watch?v=2f0qRjAUla8
"Inkopolis News - Splatoon OST",,,,youtube,uNedfpMJoN0,,"2026-10-09 18:03",,https://www.youtube.com/watch?v=uNedfpMJoN0
"Splatoon 2 - Inkopolis Square Complete Tour! (Splatfest Demo)",,,,youtube,EeGbWWduOrk,,"2026-10-09 18:03",,https://www.youtube.com/watch?v=EeGbWWduOrk
"In-Depth Inkopolis Square Tour - Splatoon 2 Splatfest Demo",,,,youtube,JrKngpVDUXk,,"2026-10-09 18:03",,https://www.youtube.com/watch?v=JrKngpVDUXk
"Entropical Splatoon 2 Soundtrack",,,,youtube,JeCi0q7rhCQ,,"2026-10-09 18:03",,https://www.youtube.com/watch?v=JeCi0q7rhCQ
"Splatoon 2: Octo Expansion [Music] The Plan",,,,youtube,FovM2Nl3Zkk,,"2026-10-09 18:03",,https://www.youtube.com/watch?v=FovM2Nl3Zkk
"Ink Me Up - Splatoon OST",,,,youtube,LrsAKUnb3Qg,,"2026-10-09 18:03",,https://www.youtube.com/watch?v=LrsAKUnb3Qg
"Splatoon 2 Low tide Ost Extended",,,,youtube,CXR0UyUR9Q4,,"2026-10-09 18:03",,https://www.youtube.com/watch?v=CXR0UyUR9Q4
"Splatoon 2: Octo Expansion [Music] #0 Shell - Dedf1sh",,,,youtube,pyEwUC8ZdBU,,"2026-10-09 18:03",,https://www.youtube.com/watch?v=pyEwUC8ZdBU
"Splatoon 3 - Color Pulse - Nintendo Switch",,,,youtube,-riwqN3jaBE,,"2026-10-09 18:03",,https://www.youtube.com/watch?v=-riwqN3jaBE
"Splatoon 3 - Big Betrayal - Nintendo Switch",,,,youtube,BMy7gvl3bXE,,"2026-10-09 18:04",,https://www.youtube.com/watch?v=BMy7gvl3bXE
"new music de splatoon 3 - Surprise and Shine  - Fights against him of deep cut",,,,youtube,O-8gW_Ria-k,,"2026-10-09 18:04",,https://www.youtube.com/watch?v=O-8gW_Ria-k
"Splatoon3 DLC OST 7 : Order Sector",,,,youtube,HyZG1QcatKo,,"2026-10-09 18:04",,https://www.youtube.com/watch?v=HyZG1QcatKo
"Splatoon 3: Side Order - Full Game Walkthrough (First Try Clear)",,,,youtube,O-WtR60LH_w,,"2026-10-09 18:04",,https://www.youtube.com/watch?v=O-WtR60LH_w
"Routin3s - Free Association",,,,youtube,1dSGrv_vxOk,,"2026-10-09 18:04",,https://www.youtube.com/watch?v=1dSGrv_vxOk
"Routin3s - Free Association",,,,youtube,1dSGrv_vxOk,,"2026-10-09 18:04",,https://www.youtube.com/watch?v=1dSGrv_vxOk
"Squid - G.S.K. (Official Audio)",,,,youtube,Gb0Q5r4ZCa0,,"2026-10-09 18:04",,https://www.youtube.com/watch?v=Gb0Q5r4ZCa0
"Stardust - Music Sounds Better With You (Official Music Video)",,,,youtube,FQlAEiCb8m0,,"2026-10-09 18:04",,https://www.youtube.com/watch?v=FQlAEiCb8m0
"Super Mario Bros 2 - All Bosses",,,,youtube,2Re5UwGRedE,,"2026-10-09 18:04",,https://www.youtube.com/watch?v=2Re5UwGRedE
"Super Mario Bros. 2 - Music - Starman / Invincibility",,,,youtube,Sxk1jcZ_Y78,,"2026-10-09 18:04",,https://www.youtube.com/watch?v=Sxk1jcZ_Y78
"Super Mario Sunshine HD Boss 14 - Mecha-Bowser",,,,youtube,LVNCx0ad4Tg,,"2026-10-09 18:04",,https://www.youtube.com/watch?v=LVNCx0ad4Tg
"Travis Scott - 90210 (2nd Part)",,,,youtube,GUeoiabUn3w,,"2026-10-09 18:04",,https://www.youtube.com/watch?v=GUeoiabUn3w
"Travis Scott - MELTDOWN (Official Audio) ft. Drake",,,,youtube,LuKm4L9ryB0,,"2026-10-09 18:04",,https://www.youtube.com/watch?v=LuKm4L9ryB0
"MANIFESTO (Audio)",,,,youtube,VnDXCoHRl4o,,"2026-10-09 18:04",,https://www.youtube.com/watch?v=VnDXCoHRl4o
"Valium Era - Fcuk Me",,,,youtube,sPjGs_p5WPc,,"2026-10-09 18:04",,https://www.youtube.com/watch?v=sPjGs_p5WPc
"Do What You Want to Do","Vitamin C",,,youtube,t1xnuCujDpA,,"2026-10-09 18:04",,https://www.youtube.com/watch?v=t1xnuCujDpA
"Cordae - Broke As F**k [Official Music Video]",,,,youtube,5_NPnrDGFps,,"2026-10-09 18:04",,https://www.youtube.com/watch?v=5_NPnrDGFps
"Jeezy - Soul Survivor ft. Akon",,,,youtube,gczBgNB-p1w,,"2026-10-09 18:04",,https://www.youtube.com/watch?v=gczBgNB-p1w
"The Young Punx - MASHitUP feat. Laura Kidd (Goshi Goshi Remix) | HD",,,,youtube,0dBQeOudxHo,,"2026-10-09 18:04",,https://www.youtube.com/watch?v=0dBQeOudxHo
"The Young Punx - MASHitUP feat. Laura Kidd (Goshi Goshi Remix) | HD",,,,youtube,0dBQeOudxHo,,"2026-10-09 18:04",,https://www.youtube.com/watch?v=0dBQeOudxHo
"The Young Punx - MASHitUP feat. Laura Kidd (Goshi Goshi Remix) | HD",,,,youtube,0dBQeOudxHo,,"2026-10-09 18:04",,https://www.youtube.com/watch?v=0dBQeOudxHo
"The Young Punx - MASHitUP feat. Laura Kidd (Goshi Goshi Remix) | HD",,,,youtube,0dBQeOudxHo,,"2026-10-09 18:04",,https://www.youtube.com/watch?v=0dBQeOudxHo
"The Young Punx - MASHitUP",,,,youtube,T2eu54Rbwno,,"2026-10-09 18:04",,https://www.youtube.com/watch?v=T2eu54Rbwno
"YSEULT - B**** YOU COULD NEVER (Official Music Video)",,,,youtube,XJgh_D379jU,,"2026-10-09 18:04",,https://www.youtube.com/watch?v=XJgh_D379jU
"100 gecs - small pipe (live at fishcenter) {OFFICIAL AUDIO}",,,,youtube,CItSSl5YG_o,,"2026-10-09 18:04",,https://www.youtube.com/watch?v=CItSSl5YG_o
"A. G. Cook - Drop FM feat. Hannah Diamond",,,,youtube,645r40YSNa4,,"2026-10-09 18:04",,https://www.youtube.com/watch?v=645r40YSNa4
"Personal Space Invader",AJJ,,,youtube,2zpSflrnj-k,,"2026-10-09 18:05",,https://www.youtube.com/watch?v=2zpSflrnj-k
"Animal Crossing: New Horizons - 12AM",,,,youtube,cuJ9-bdItqk,,"2026-10-09 18:05",,https://www.youtube.com/watch?v=cuJ9-bdItqk
"Peek 824545201","Aphex Twin",,,youtube,JVKCw_qlSvo,,"2026-10-09 18:05",,https://www.youtube.com/watch?v=JVKCw_qlSvo
"Basement Jaxx - Cish Cash (feat. Siouxsie Sioux) (Official Video)",,,,youtube,yJvyI3KYMIA,,"2026-10-09 18:05",,https://www.youtube.com/watch?v=yJvyI3KYMIA
"Billie Eilish - BITTERSUITE (Official Lyric Video)",,,,youtube,LmVw3u3SxoA,,"2026-10-09 18:05",,https://www.youtube.com/watch?v=LmVw3u3SxoA
"Billy Joel - Piano Man (Official HD Video)",,,,youtube,gxEPV4kolz0,,"2026-10-09 18:05",,https://www.youtube.com/watch?v=gxEPV4kolz0
"Black Kids - I'm Not Gonna Teach Your Boyfriend How to Dance with You",,,,youtube,vaa4eGOtrTg,,"2026-10-09 18:05",,https://www.youtube.com/watch?v=vaa4eGOtrTg
"Blank Banshee - Deep Space",,,,youtube,WZwJ2RC6-y8,,"2026-10-09 18:05",,https://www.youtube.com/watch?v=WZwJ2RC6-y8
"blink-182 - EDGING (Official Audio)",,,,youtube,xUuU1Q-Zdn8,,"2026-10-09 18:05",,https://www.youtube.com/watch?v=xUuU1Q-Zdn8
"Syke! Life Is Awesome!","Bomb the Music Industry!",,,youtube,DFs8bN1Q5Fw,,"2026-10-09 18:05",,https://www.youtube.com/watch?v=DFs8bN1Q5Fw
"CeeLo Green - FUCK YOU (Official Video)",,,,youtube,pc0mxOXbWIU,,"2026-10-09 18:05",,https://www.youtube.com/watch?v=pc0mxOXbWIU
"I WANNA BE WITH U (Pre Final Versión) - Charli xcx",,,,youtube,iK0mDltkm1w,,"2026-10-09 18:05",,https://www.youtube.com/watch?v=iK0mDltkm1w
"Charli XCX - Official [Official Audio]",,,,youtube,W8gIH2fZhNk,,"2026-10-09 18:05",,https://www.youtube.com/watch?v=W8gIH2fZhNk
"Cheat Codes x Kris Kross Amsterdam - SEX (Official Music Video)",,,,youtube,OORoOGY8D2M,,"2026-10-09 18:05",,https://www.youtube.com/watch?v=OORoOGY8D2M
"Cdbaby♡ - chloe moriondo (official audio)",,,,youtube,keP1ifh5aow,,"2026-10-09 18:05",,https://www.youtube.com/watch?v=keP1ifh5aow
"Cola Boy - Seven ways to love",,,,youtube,u1oyorCEDo0,,"2026-10-09 18:05",,https://www.youtube.com/watch?v=u1oyorCEDo0
"Blood and Ice - Summer of 2069 (Cyberpunk 2077 107.3 Morro Rock Radio)",,,,youtube,7cMFImXbrMw,,"2026-10-09 18:05",,https://www.youtube.com/watch?v=7cMFImXbrMw
"SPARKLING FREQUENCY - 99.9 Impulse Radio",,,,youtube,893POguuPUs,,"2026-10-09 18:05",,https://www.youtube.com/watch?v=893POguuPUs
goldfish,"Jane Remover",,,youtube,CVEkYvkJN5A,,"2026-10-09 18:05",,https://www.youtube.com/watch?v=CVEkYvkJN5A
"Electric Light Orchestra - Livin' Thing (Official Video)",,,,youtube,lvBOZCrJsAI,,"2026-10-09 18:05",,https://www.youtube.com/watch?v=lvBOZCrJsAI
"Elton John, Britney Spears - Hold Me Closer (Official Video)",,,,youtube,qExVlz3zb0k,,"2026-10-09 18:05",,https://www.youtube.com/watch?v=qExVlz3zb0k
"Elon Musk - Don't Doubt ur Vibe (Emo G Records Official)",,,,youtube,oqBjGx3mEdM,,"2026-10-09 18:05",,https://www.youtube.com/watch?v=oqBjGx3mEdM
"Fergie - Clumsy",,,,youtube,tf_gPZSDIxI,,"2026-10-09 18:05",,https://www.youtube.com/watch?v=tf_gPZSDIxI
"L.O.V.E. (Let One Voice Emerge) (feat. Patti Austin, Shiela E, Siedah Garrett, Lalah Hathaway,...",Release,,,youtube,XfbbUQ3Iqi4,,"2026-10-09 18:05",,https://www.youtube.com/watch?v=XfbbUQ3Iqi4
Beyond,Disasterpeace,,,youtube,DhB3cpNPdv0,,"2026-10-09 18:05",,https://www.youtube.com/watch?v=DhB3cpNPdv0
"Frank Sinatra Fly Me To The Moon",,,,youtube,mQR0bXO_yI8,,"2026-10-09 18:05",,https://www.youtube.com/watch?v=mQR0bXO_yI8
"Fred again.. - Marnie (Wish I Had U)",,,,youtube,vD0pAzOwcUg,,"2026-10-09 18:06",,https://www.youtube.com/watch?v=vD0pAzOwcUg
"Fred again.., Sammy Virji, Winny - Winny (Chicago, 21st November 2025)",,,,youtube,UGros0Phj7E,,"2026-10-09 18:06",,https://www.youtube.com/watch?v=UGros0Phj7E
"Satin Panties - Friday Night Funkin' OST",,,,youtube,YzJKStx9IyU,,"2026-10-09 18:06",,https://www.youtube.com/watch?v=YzJKStx9IyU
"Senpai - Friday Night Funkin' OST",,,,youtube,EJiXO3vwNFo,,"2026-10-09 18:06",,https://www.youtube.com/watch?v=EJiXO3vwNFo
"Give a Lil Bit Back - Friday Night Funkin' OST",,,,youtube,IAKS8OeAVgY,,"2026-10-09 18:06",,https://www.youtube.com/watch?v=IAKS8OeAVgY
Fever,GRRL,,,youtube,iXm--PlW-kY,,"2026-10-09 18:06",,https://www.youtube.com/watch?v=iXm--PlW-kY
"Halsey - Lucky (Official Video)",,,,youtube,zUtTpuqV55U,,"2026-10-09 18:06",,https://www.youtube.com/watch?v=zUtTpuqV55U
"Hi-5  - Theme Song (Season 1) (HD)",,,,youtube,wZ-sO97r9Wo,,"2026-10-09 18:06",,https://www.youtube.com/watch?v=wZ-sO97r9Wo
"Sucklet's Song",,,,youtube,o3zGHNuQIN4,,"2026-10-09 18:06",,https://www.youtube.com/watch?v=o3zGHNuQIN4
"Pyrotechnics (Official Music Video)",,,,youtube,pgvhowZsQ_M,,"2026-10-09 18:06",,https://www.youtube.com/watch?v=pgvhowZsQ_M
"JPEGMAFIA on shuffle be like",,,,youtube,jNNuhOQ2w8E,,"2026-10-09 18:06",,https://www.youtube.com/watch?v=jNNuhOQ2w8E
"Katamari Fortissimo Damacy - 04 - The Moon & The Prince",,,,youtube,JifSTMsbjU8,,"2026-10-09 18:06",,https://www.youtube.com/watch?v=JifSTMsbjU8
"Katamari Fortissimo Damacy -18 - Stardust Fanfare",,,,youtube,KRe1tTpSo6A,,"2026-10-09 18:06",,https://www.youtube.com/watch?v=KRe1tTpSo6A
"Kids & Explosions - Use Your Words",,,,youtube,BRQr0KyUjgM,,"2026-10-09 18:06",,https://www.youtube.com/watch?v=BRQr0KyUjgM
"Winning Is Easy - Kids & Explosions",,,,youtube,N7OzqR3VB4I,,"2026-10-09 18:06",,https://www.youtube.com/watch?v=N7OzqR3VB4I
"Hand Of Action - Kids & Explosions",,,,youtube,lNG7EcTtRmg,,"2026-10-09 18:06",,https://www.youtube.com/watch?v=lNG7EcTtRmg
"ぽっぴっぽー（V3Edition）-初音ミク for LamazeP",,,,youtube,ikgQhG4AlVk,,"2026-10-09 18:06",,https://www.youtube.com/watch?v=ikgQhG4AlVk
"Kokiri Forest - The Legend of Zelda: Ocarina of Time Music Extended",,,,youtube,qW5oAH2yDOQ,,"2026-10-09 18:06",,https://www.youtube.com/watch?v=qW5oAH2yDOQ
"Shooting Gallery - The Legend of Zelda: Ocarina of Time Music Extended",,,,youtube,yRpCTJeD16s,,"2026-10-09 18:06",,https://www.youtube.com/watch?v=yRpCTJeD16s
"Hyrule Castle Courtyard - The Legend of Zelda: Ocarina of Time Music Extended",,,,youtube,iLM5oGKDvm4,,"2026-10-09 18:06",,https://www.youtube.com/watch?v=iLM5oGKDvm4
"Zelda: Ocarina Of Time (Music) - Mini Game",,,,youtube,FPgSoyPEHsI,,"2026-10-09 18:06",,https://www.youtube.com/watch?v=FPgSoyPEHsI
"Goron City - The Legend of Zelda: Ocarina of Time Music Extended",,,,youtube,ZogGI-ygQYo,,"2026-10-09 18:06",,https://www.youtube.com/watch?v=ZogGI-ygQYo
"Lost Woods - The Legend of Zelda: Ocarina of Time OST",,,,youtube,V9so9y-8Dgk,,"2026-10-09 18:06",,https://www.youtube.com/watch?v=V9so9y-8Dgk
"Ganon's Tower / Ganon's Castle Organ - The Legend of Zelda: Ocarina of Time Original Soundtrack",,,,youtube,NZWHr_Ovwwk,,"2026-10-09 18:06",,https://www.youtube.com/watch?v=NZWHr_Ovwwk
"Lego Racers Shortcuts/Abkürzungen",,,,youtube,uO6Y9wb2nNA,,"2026-10-09 18:06",,https://www.youtube.com/watch?v=uO6Y9wb2nNA
"Lil Yachty - sAy sOMETHINg",,,,youtube,igFtut_1drQ,,"2026-10-09 18:06",,https://www.youtube.com/watch?v=igFtut_1drQ
MG1,,,,youtube,mcBRCUzx5Do,,"2026-10-09 18:07",,https://www.youtube.com/watch?v=mcBRCUzx5Do
"Madonna & Saucy Santana - Material Gworrllllllll! (Official Lyric Video)",,,,youtube,T0Gz3hJT7Y8,,"2026-10-09 18:07",,https://www.youtube.com/watch?v=T0Gz3hJT7Y8
"Main Menu - Character & Kart Select - Mario Kart Wii Music Extended",,,,youtube,8rwsU_4TvJ4,,"2026-10-09 18:07",,https://www.youtube.com/watch?v=8rwsU_4TvJ4
"Grumble Volcano - Mario Kart Wii Music Extended",,,,youtube,ITeYndirZGY,,"2026-10-09 18:07",,https://www.youtube.com/watch?v=ITeYndirZGY
"N64 Mario Raceway - Mario Kart Wii Music Extended",,,,youtube,t_GfyBlmmQY,,"2026-10-09 18:07",,https://www.youtube.com/watch?v=t_GfyBlmmQY
"No Trophy For You! (short asf version) - Mario Kart Wii",,,,youtube,3K4GKvgu0i0,,"2026-10-09 18:07",,https://www.youtube.com/watch?v=3K4GKvgu0i0
"Mario Kart 8 Deluxe: Mount Wario [1080 HD]",,,,youtube,kXSqbKd5wmk,,"2026-10-09 18:07",,https://www.youtube.com/watch?v=kXSqbKd5wmk
"Shawty Wanna Fuck - Maxeboy (OFFICIAL MUSIC VIDEO) -  Remastered",,,,youtube,_z2lepGwflc,,"2026-10-09 18:07",,https://www.youtube.com/watch?v=_z2lepGwflc
"Meco - Star Wars and Other Galactic Funk: Star Wars (HD Vinyl Recording)",,,,youtube,uJ3kV3Icm28,,"2026-10-09 18:07",,https://www.youtube.com/watch?v=uJ3kV3Icm28
"IT IZ WHAT IT IZ",M.I.A.,,,youtube,UKeFCjsCcmo,,"2026-10-09 18:07",,https://www.youtube.com/watch?v=UKeFCjsCcmo
"Miike Snow - For U (feat. Charli XCX) [Official Audio]",,,,youtube,Lj4nOhLJamY,,"2026-10-09 18:07",,https://www.youtube.com/watch?v=Lj4nOhLJamY
"C418 - Chirp (Minecraft Volume Beta)",,,,youtube,cCibTj6drhM,,"2026-10-09 18:07",,https://www.youtube.com/watch?v=cCibTj6drhM
"Literal Instruments - Joe Penna",,,,youtube,7agu97NJcOo,,"2026-10-09 18:07",,https://www.youtube.com/watch?v=7agu97NJcOo
"Nettspend - F*CK SWAG (Official Music Video)",,,,youtube,BRfZe0mLcpw,,"2026-10-09 18:07",,https://www.youtube.com/watch?v=BRfZe0mLcpw
"World 1 Map - New Super Mario Bros. Wii Music Extended",,,,youtube,vCYGab20Oww,,"2026-10-09 18:07",,https://www.youtube.com/watch?v=vCYGab20Oww
"Underground - New Super Mario Bros. Wii Music",,,,youtube,xZxQXVoYgo0,,"2026-10-09 18:07",,https://www.youtube.com/watch?v=xZxQXVoYgo0
"New Super Mario Bros DS - All Bosses with Mega Mushrooms",,,,youtube,M__NwBsrttA,,"2026-10-09 18:07",,https://www.youtube.com/watch?v=M__NwBsrttA
"New Super Mario Bros. - Two-Player Mario Vs. Luigi Mode (Direct DS Capture)",,,,youtube,hbnzFXrjoCo,,"2026-10-09 18:07",,https://www.youtube.com/watch?v=hbnzFXrjoCo
"Remix: Overworld Theme - New Super Mario Bros. Wii | Paulygon",,,,youtube,oRzy--DPsq0,,"2026-10-09 18:07",,https://www.youtube.com/watch?v=oRzy--DPsq0
"New Super Mario Bros Wii - Snow Theme",,,,youtube,KpjME6RXPfE,,"2026-10-09 18:07",,https://www.youtube.com/watch?v=KpjME6RXPfE
"Underground - New Super Mario Bros. Wii Music",,,,youtube,xZxQXVoYgo0,,"2026-10-09 18:07",,https://www.youtube.com/watch?v=xZxQXVoYgo0
"The 3DS eShop is back!!",,,,youtube,_kDulvN5pf4,,"2026-10-09 18:07",,https://www.youtube.com/watch?v=_kDulvN5pf4
"Bobby Darin - Splish Splash",,,,youtube,QSA-yHzkvP8,,"2026-10-09 18:07",,https://www.youtube.com/watch?v=QSA-yHzkvP8
"How to get a Bicycle on Pokemon Red/Blue!",,,,youtube,o82ZM9LgPg8,,"2026-10-09 18:07",,https://www.youtube.com/watch?v=o82ZM9LgPg8
"How to get a Pokeflute on Pokemon Red/Blue!",,,,youtube,bUioEGk3Euk,,"2026-10-09 18:08",,https://www.youtube.com/watch?v=bUioEGk3Euk
"Let's Practice! - Rhythm Heaven",,,,youtube,F-7rqRvoVHc,,"2026-10-09 18:08",,https://www.youtube.com/watch?v=F-7rqRvoVHc
"Let's Practice! - Rhythm Heaven",,,,youtube,F-7rqRvoVHc,,"2026-10-09 18:08",,https://www.youtube.com/watch?v=F-7rqRvoVHc
"Let's Practice! (Uncut Version) - Rhythm Heaven",,,,youtube,RCGDTcyOE-0,,"2026-10-09 18:08",,https://www.youtube.com/watch?v=RCGDTcyOE-0
"Let's Practice! - Rhythm Heaven",,,,youtube,F-7rqRvoVHc,,"2026-10-09 18:08",,https://www.youtube.com/watch?v=F-7rqRvoVHc
"Let's Practice! - Rhythm Heaven",,,,youtube,F-7rqRvoVHc,,"2026-10-09 18:08",,https://www.youtube.com/watch?v=F-7rqRvoVHc
"Rhythm Heaven Custom Remix - Struck by the Rain by Tsunku♂",,,,youtube,hfu-w6LDVXY,,"2026-10-09 18:08",,https://www.youtube.com/watch?v=hfu-w6LDVXY
"Lonely Storm - Rhythm Heaven Fever",,,,youtube,k9NswXHNN9M,,"2026-10-09 18:08",,https://www.youtube.com/watch?v=k9NswXHNN9M
"Remix 1 - Rhythm Heaven",,,,youtube,0mjOF7ttgwI,,"2026-10-09 18:08",,https://www.youtube.com/watch?v=0mjOF7ttgwI
"[Rhythm Heaven] - Moai Doo-Wop (Perfect) (English)",,,,youtube,YImQl5jyUW4,,"2026-10-09 18:08",,https://www.youtube.com/watch?v=YImQl5jyUW4
"[Rhythm Heaven] - Moai Doo-Wop 2 (Perfect) (English)",,,,youtube,gfSVljVQoEA,,"2026-10-09 18:08",,https://www.youtube.com/watch?v=gfSVljVQoEA
"[Rhythm Tengoku] - Remix 2 (Perfect) (English) (HQ)",,,,youtube,AtI_htT9BPs,,"2026-10-09 18:08",,https://www.youtube.com/watch?v=AtI_htT9BPs
"[Rhythm Heaven] - Love Lizards (Perfect) (English)",,,,youtube,D7i3PxcDFJ8,,"2026-10-09 18:08",,https://www.youtube.com/watch?v=D7i3PxcDFJ8
"[Rhythm Heaven] - Crop Stomp (Perfect) (English)",,,,youtube,1JzlAdig2J4,,"2026-10-09 18:08",,https://www.youtube.com/watch?v=1JzlAdig2J4
"[Rhythm Heaven] - Freeze Frame (Perfect) (English)",,,,youtube,yCjEVmx2fQI,,"2026-10-09 18:08",,https://www.youtube.com/watch?v=yCjEVmx2fQI
"[Rhythm Heaven] - DJ School (Perfect) (English)",,,,youtube,AfwNsqXnnek,,"2026-10-09 18:08",,https://www.youtube.com/watch?v=AfwNsqXnnek
"Super Smash Heaven (Rhythm Heaven x Smash Bros Animation)",,,,youtube,DJJmpVvEQ94,,"2026-10-09 18:08",,https://www.youtube.com/watch?v=DJJmpVvEQ94
"Splashdown 2 - Rhythm Heaven",,,,youtube,tqcGqCTkfqE,,"2026-10-09 18:08",,https://www.youtube.com/watch?v=tqcGqCTkfqE
"[Rhythm Heaven] - Munchy Monk 2 (Perfect) (English)",,,,youtube,1WxIZImJlhE,,"2026-10-09 18:08",,https://www.youtube.com/watch?v=1WxIZImJlhE
"[Rhythm Heaven] - Big Rock Finish (Perfect) (English)",,,,youtube,g5uHzCJflgs,,"2026-10-09 18:08",,https://www.youtube.com/watch?v=g5uHzCJflgs
"[Rhythm Tengoku] - Remix 5 (Perfect) (English) (HQ)",,,,youtube,8N_kE62bugs,,"2026-10-09 18:08",,https://www.youtube.com/watch?v=8N_kE62bugs
"Remix 6 - Rhythm Heaven",,,,youtube,uRNQjB--ywc,,"2026-10-09 18:08",,https://www.youtube.com/watch?v=uRNQjB--ywc
"Remix 9 - Rhythm Heaven",,,,youtube,auoGQ5M7070,,"2026-10-09 18:08",,https://www.youtube.com/watch?v=auoGQ5M7070
"Rhythm Heaven Custom Remix - Struck by the Rain by Tsunku♂",,,,youtube,hfu-w6LDVXY,,"2026-10-09 18:09",,https://www.youtube.com/watch?v=hfu-w6LDVXY
"Menu (Rhythm Toys) - Rhythm HeaveN",,,,youtube,yKT5AXixiJM,,"2026-10-09 18:09",,https://www.youtube.com/watch?v=yKT5AXixiJM
"Cafe - Rhythm Heaven",,,,youtube,hwlsRFsLF7k,,"2026-10-09 18:09",,https://www.youtube.com/watch?v=hwlsRFsLF7k
"[Rhythm Heaven Fever] ~ Tambourine (Perfect)",,,,youtube,G-kx66Yi38w,,"2026-10-09 18:09",,https://www.youtube.com/watch?v=G-kx66Yi38w
"[Rhythm Heaven Fever] ~ Bossa Nova (Perfect)",,,,youtube,QMdZguzq9Vg,,"2026-10-09 18:09",,https://www.youtube.com/watch?v=QMdZguzq9Vg
"[Rhythm Heaven Fever] ~ Tap Troupe (Perfect)",,,,youtube,peLHVzYFh9w,,"2026-10-09 18:09",,https://www.youtube.com/watch?v=peLHVzYFh9w
"[Rhythm Heaven Fever] ~ Figure Fighter 2 (Perfect)",,,,youtube,rQdL-EcRgGE,,"2026-10-09 18:09",,https://www.youtube.com/watch?v=rQdL-EcRgGE
"Screwbot Factory 2 - Rhythm Heaven Fever (Egyptian Trend Song)",,,,youtube,NVxD8565p0A,,"2026-10-09 18:09",,https://www.youtube.com/watch?v=NVxD8565p0A
"Game Menu B - Rhythm Heaven Fever",,,,youtube,EQdclsGvqkQ,,"2026-10-09 18:09",,https://www.youtube.com/watch?v=EQdclsGvqkQ
"[Rhythm Heaven Fever] ~ Sneaky Spirits",,,,youtube,IDCzXsmTYqg,,"2026-10-09 18:09",,https://www.youtube.com/watch?v=IDCzXsmTYqg
"Practice Theme (Mr Upbeat) - Rhythm Heaven Fever",,,,youtube,xWWPEYs7azI,,"2026-10-09 18:09",,https://www.youtube.com/watch?v=xWWPEYs7azI
"🎵All Rhythm Heaven Fever Practice Themes🎵",,,,youtube,cJebylreGqU,,"2026-10-09 18:09",,https://www.youtube.com/watch?v=cJebylreGqU
"🎵All Rhythm Heaven Fever Practice Themes🎵",,,,youtube,cJebylreGqU,,"2026-10-09 18:09",,https://www.youtube.com/watch?v=cJebylreGqU
"Let's Practice! (H Variant) - Rhythm Heaven Groove OST",,,,youtube,heYf9e5ervA,,"2026-10-09 18:09",,https://www.youtube.com/watch?v=heYf9e5ervA
"The Rolling Stones - You Can’t Always Get What You Want (Official Lyric Video)",,,,youtube,krxU5Y9lCS8,,"2026-10-09 18:09",,https://www.youtube.com/watch?v=krxU5Y9lCS8
"nature song (official music video)",,,,youtube,7j1HvXBadN4,,"2026-10-09 18:09",,https://www.youtube.com/watch?v=7j1HvXBadN4
"sombr - undressed (official lyric video)",,,,youtube,CtRn6eqVnvY,,"2026-10-09 18:09",,https://www.youtube.com/watch?v=CtRn6eqVnvY
"Sonic The Hedgehog: Labyrinth Zones 1-3 Walkthrough",,,,youtube,VtcStQ_GGlk,,"2026-10-09 18:09",,https://www.youtube.com/watch?v=VtcStQ_GGlk
"Star Light Zone - Sonic the Hedgehog [OST]",,,,youtube,0rwH_2Desp0,,"2026-10-09 18:09",,https://www.youtube.com/watch?v=0rwH_2Desp0
"Palmtree Panic - Sonic the Hedgehog CD [OST]",,,,youtube,zbGLPqs9SeQ,,"2026-10-09 18:09",,https://www.youtube.com/watch?v=zbGLPqs9SeQ
"Palmtree Panic - Sonic the Hedgehog CD [OST]",,,,youtube,zbGLPqs9SeQ,,"2026-10-09 18:09",,https://www.youtube.com/watch?v=zbGLPqs9SeQ
"Sonic CD - Collision Chaos Act 3 Bad Future",,,,youtube,NSKEdwUcHp4,,"2026-10-09 18:09",,https://www.youtube.com/watch?v=NSKEdwUcHp4
"Sonic CD - Collision Chaos Act 3 Bad Future",,,,youtube,NSKEdwUcHp4,,"2026-10-09 18:09",,https://www.youtube.com/watch?v=NSKEdwUcHp4
"Sonic CD - Full Game (4K)",,,,youtube,nJiwe6w8RqU,,"2026-10-09 18:10",,https://www.youtube.com/watch?v=nJiwe6w8RqU
"Raisin' Me Up - Sonic Rush [OST]",,,,youtube,33dNKYQVJio,,"2026-10-09 18:10",,https://www.youtube.com/watch?v=33dNKYQVJio
"Plaza Speakers L - Splatoon OST",,,,youtube,cTeam_WXrnc,,"2026-10-09 18:10",,https://www.youtube.com/watch?v=cTeam_WXrnc
"Battle Win Result-Splatoon [OST]",,,,youtube,ptiCm0pGzxY,,"2026-10-09 18:10",,https://www.youtube.com/watch?v=ptiCm0pGzxY
"Now or Never! - Splatoon 2 [Wet Floor]",,,,youtube,ouW_Bpoi94U,,"2026-10-09 18:10",,https://www.youtube.com/watch?v=ouW_Bpoi94U
"Color Pulse - Splatoon 2 [Off the Hook]",,,,youtube,0CYyFle-At4,,"2026-10-09 18:10",,https://www.youtube.com/watch?v=0CYyFle-At4
"♪ Fest Zest ♫ Caitlin Koi Lyric Video - Splatoon 2",,,,youtube,JFupIPrEhzo,,"2026-10-09 18:10",,https://www.youtube.com/watch?v=JFupIPrEhzo
"Splatoon 2 Octo Expansion: Bad Ending",,,,youtube,O6_1OX1WvRM,,"2026-10-09 18:10",,https://www.youtube.com/watch?v=O6_1OX1WvRM
"Splatoon 3 - Color Pulse - Nintendo Switch",,,,youtube,-riwqN3jaBE,,"2026-10-09 18:10",,https://www.youtube.com/watch?v=-riwqN3jaBE
"Splatoon Album: All Grizzco Industries Song",,,,youtube,9ingzg9SKPc,,"2026-10-09 18:10",,https://www.youtube.com/watch?v=9ingzg9SKPc
"Alterna Citizen Program M-01: (Coastline in the Morning Mist) [Unfiltered version from Splatune 3]",,,,youtube,Cu4Zcra2j6w,,"2026-10-09 18:10",,https://www.youtube.com/watch?v=Cu4Zcra2j6w
"Splatoon 3: Vs Mr. Grizz (Final Boss Battle)",,,,youtube,DusFYO9ToJk,,"2026-10-09 18:10",,https://www.youtube.com/watch?v=DusFYO9ToJk
"Splatoon 3 - Final Level Full Playthrough (Alterna Space)",,,,youtube,bs8C8LVRFgk,,"2026-10-09 18:10",,https://www.youtube.com/watch?v=bs8C8LVRFgk
"Splatoon 3: Vs Mr. Grizz (Final Boss Battle)",,,,youtube,DusFYO9ToJk,,"2026-10-09 18:10",,https://www.youtube.com/watch?v=DusFYO9ToJk
"Heartbreaker (ft. Lovefoxxx) - Steve Aoki MUSIC VIDEO",,,,youtube,GqJ8ZaRNntU,,"2026-10-09 18:10",,https://www.youtube.com/watch?v=GqJ8ZaRNntU
"Super Mario Bros (NES) Music - Overworld Theme",,,,youtube,iy3qq7zc4EY,,"2026-10-09 18:10",,https://www.youtube.com/watch?v=iy3qq7zc4EY
"Super Mario Bros 2 (NES) Music - Character Select",,,,youtube,Mdnnfg6Yvb0,,"2026-10-09 18:10",,https://www.youtube.com/watch?v=Mdnnfg6Yvb0
"New Super Mario Bros 2 (NSMB2) Credits Theme",,,,youtube,bxf6NZ296es,,"2026-10-09 18:10",,https://www.youtube.com/watch?v=bxf6NZ296es
"Evolution Of Super Mario Bros 3 Death Sound",,,,youtube,IFtkq-mGyLU,,"2026-10-09 18:10",,https://www.youtube.com/watch?v=IFtkq-mGyLU
"Slot - Nervous Breakdown - Super Mario Bros 3",,,,youtube,HDJosq4Df20,,"2026-10-09 18:10",,https://www.youtube.com/watch?v=HDJosq4Df20
"Super Mario Bros. 3 - World 3-Fortress #1",,,,youtube,4cJPCU6KUsY,,"2026-10-09 18:10",,https://www.youtube.com/watch?v=4cJPCU6KUsY
"[SNES Music] Super Mario World - Donut Plains (Map Theme 2)",,,,youtube,E8eoP8HEs30,,"2026-10-09 18:10",,https://www.youtube.com/watch?v=E8eoP8HEs30
"Super Mario World HD 100% WORLD 8: STAR ROAD",,,,youtube,4KNii16cFJs,,"2026-10-09 18:11",,https://www.youtube.com/watch?v=4KNii16cFJs
"Super Mario World - Special World (Restored WIP)",,,,youtube,uHAlwYM6rTE,,"2026-10-09 18:11",,https://www.youtube.com/watch?v=uHAlwYM6rTE
"Athletic Theme (PAL Version) - Super Mario World",,,,youtube,rEcOzjg7vBU,,"2026-10-09 18:11",,https://www.youtube.com/watch?v=rEcOzjg7vBU
"Ending Theme - Super Mario: World",,,,youtube,waKumDkYrDY,,"2026-10-09 18:11",,https://www.youtube.com/watch?v=waKumDkYrDY
"Super Mario 64 Soundtrack - Opening",,,,youtube,8rY6JhJmcoU,,"2026-10-09 18:11",,https://www.youtube.com/watch?v=8rY6JhJmcoU
"INSIDE THE CASTLE WALLS FL Studio Deconstruction #flstudio #nintendo #mario #supermario64 #music",,,,youtube,Za7-xTgge2g,,"2026-10-09 18:11",,https://www.youtube.com/watch?v=Za7-xTgge2g
"Super Mario 64 - Main Theme Music - Bob-Omb Battlefield",,,,youtube,bmP3UHXYi28,,"2026-10-09 18:11",,https://www.youtube.com/watch?v=bmP3UHXYi28
"Super Mario 64 Music- Snow Mountain",,,,youtube,6iZ_buAz55g,,"2026-10-09 18:11",,https://www.youtube.com/watch?v=6iZ_buAz55g
"Super Mario 64 Soundtrack - Merry-Go-Round",,,,youtube,pTFk65Le0Ag,,"2026-10-09 18:11",,https://www.youtube.com/watch?v=pTFk65Le0Ag
"(1Hour) Cave Dungeon OST Version - Super Mario 64",,,,youtube,AuxPUWcem9Y,,"2026-10-09 18:11",,https://www.youtube.com/watch?v=AuxPUWcem9Y
"Powerful Mario - Super Mario 64 Music Extended",,,,youtube,4fAOJQzSaCg,,"2026-10-09 18:11",,https://www.youtube.com/watch?v=4fAOJQzSaCg
"Super Mario 64 Remastered - Metallic Mario",,,,youtube,3GqWF2a-fo8,,"2026-10-09 18:11",,https://www.youtube.com/watch?v=3GqWF2a-fo8
"Super Mario 64 Soundtrack - Staff Roll",,,,youtube,o-xRxXYpavU,,"2026-10-09 18:11",,https://www.youtube.com/watch?v=o-xRxXYpavU
"Opening Demo",,,,youtube,M4DHVgSIYEA,,"2026-10-09 18:11",,https://www.youtube.com/watch?v=M4DHVgSIYEA
"Shine Get! - Super Mario Sunshine",,,,youtube,RZZrRhrG5is,,"2026-10-09 18:11",,https://www.youtube.com/watch?v=RZZrRhrG5is
"All 30 Blue Coins in Bianco Hills Guide | Super Mario Sunshine | 3D All Stars Nintendo Switch",,,,youtube,1VvNhPnyQMI,,"2026-10-09 18:11",,https://www.youtube.com/watch?v=1VvNhPnyQMI
"Secret Course",,,,youtube,eQMri29IJEI,,"2026-10-09 18:11",,https://www.youtube.com/watch?v=eQMri29IJEI
"Super Mario Sunshine - Ricco Harbor (100% Walkthrough)",,,,youtube,boFRuHWiagM,,"2026-10-09 18:11",,https://www.youtube.com/watch?v=boFRuHWiagM
"Super Mario Sunshine - Gelato Beach (100% Walkthrough)",,,,youtube,-ucX5kwBcsY,,"2026-10-09 18:11",,https://www.youtube.com/watch?v=-ucX5kwBcsY
"Super Mario Sunshine - Course 6: Noki Bay - No Damage 100% Walkthrough",,,,youtube,wCjWhaRHJLk,,"2026-10-09 18:11",,https://www.youtube.com/watch?v=wCjWhaRHJLk
"Super Mario Sunshine - Sirena Beach (100% Walkthrough)",,,,youtube,303a4qw9EbU,,"2026-10-09 18:11",,https://www.youtube.com/watch?v=303a4qw9EbU
"Staff Credits",,,,youtube,V2-LgaXCnco,,"2026-10-09 18:11",,https://www.youtube.com/watch?v=V2-LgaXCnco
"Super Mario Sunshine Remastered [Part 1] - MEET F.L.U.D.D.!",,,,youtube,dze470yoZdM,,"2026-10-09 18:11",,https://www.youtube.com/watch?v=dze470yoZdM
"F.L.U.D.D. - Super Mario Sunshine's Brilliant Mechanic",,,,youtube,XpnNGw7R58c,,"2026-10-09 18:12",,https://www.youtube.com/watch?v=XpnNGw7R58c
"Secret Course",,,,youtube,eQMri29IJEI,,"2026-10-09 18:12",,https://www.youtube.com/watch?v=eQMri29IJEI
"Super Mario 64 DS | The Best Worst Version - Scott The Woz",,,,youtube,lmSdaKBdcFQ,,"2026-10-09 18:12",,https://www.youtube.com/watch?v=lmSdaKBdcFQ
"Super Mario 64 but it's Japanese Jazz Fusion",,,,youtube,pqsDHPAgRmM,,"2026-10-09 18:12",,https://www.youtube.com/watch?v=pqsDHPAgRmM
"Owl - Super Mario 64 DS Music Extended",,,,youtube,UCrZIK0bO_c,,"2026-10-09 18:12",,https://www.youtube.com/watch?v=UCrZIK0bO_c
"Super Mario 64 DS | The Best Worst Version - Scott The Woz",,,,youtube,lmSdaKBdcFQ,,"2026-10-09 18:12",,https://www.youtube.com/watch?v=lmSdaKBdcFQ
"Super Mario 2007 | Super Mario Galaxy| 10 Hours",,,,youtube,0NZr1Bk7ywo,,"2026-10-09 18:12",,https://www.youtube.com/watch?v=0NZr1Bk7ywo
"Super Mario Odyssey - All Crazy Cap Locations",,,,youtube,Ea584MGGWs4,,"2026-10-09 18:12",,https://www.youtube.com/watch?v=Ea584MGGWs4
"Super Mario Odyssey - All Crazy Cap Locations",,,,youtube,Ea584MGGWs4,,"2026-10-09 18:12",,https://www.youtube.com/watch?v=Ea584MGGWs4
"Super Scribblenauts - Level Music 26",,,,youtube,FgCORNQ_RBI,,"2026-10-09 18:12",,https://www.youtube.com/watch?v=FgCORNQ_RBI
Refuse,"Swami Sound",,,youtube,A62q8n07EkY,,"2026-10-09 18:12",,https://www.youtube.com/watch?v=A62q8n07EkY
"Tears For Fears - Head Over Heels",,,,youtube,CsHiG-43Fzg,,"2026-10-09 18:12",,https://www.youtube.com/watch?v=CsHiG-43Fzg
"Tiny Wings Music - Night Time (5 Hours)",,,,youtube,b6z0iBYbNXI,,"2026-10-09 18:12",,https://www.youtube.com/watch?v=b6z0iBYbNXI
"Total Chaos - ""Let It Roll""",,,,youtube,ATkbn4MYmbY,,"2026-10-09 18:12",,https://www.youtube.com/watch?v=ATkbn4MYmbY
"Tyler, The Creator - SWEET feat Brent Faiyaz & Fana Hues",,,,youtube,j89OTJ1XGJg,,"2026-10-09 18:12",,https://www.youtube.com/watch?v=j89OTJ1XGJg
"MOMMA TALK (Audio)",,,,youtube,YYLZ4iDMyrk,,"2026-10-09 18:12",,https://www.youtube.com/watch?v=YYLZ4iDMyrk
"Uffie - Sex Dreams And Denim Jeans (2010) [FULL ALBUM]",,,,youtube,KgVX0JFWiYA,,"2026-10-09 18:12",,https://www.youtube.com/watch?v=KgVX0JFWiYA
"Girls and boys",,,,youtube,M4Hs-VkerDI,,"2026-10-09 18:12",,https://www.youtube.com/watch?v=M4Hs-VkerDI
"underscores 'Count of three (You can eat $#@!)' Official Visualiser",,,,youtube,2FloHUUCBKQ,,"2026-10-09 18:12",,https://www.youtube.com/watch?v=2FloHUUCBKQ
"Wii Play - Main Theme",,,,youtube,PbYoMpwHq5c,,"2026-10-09 18:12",,https://www.youtube.com/watch?v=PbYoMpwHq5c
"Wii Play - Charge! (277 pts./Silver Medal)",,,,youtube,6M4fyU61Tio,,"2026-10-09 18:12",,https://www.youtube.com/watch?v=6M4fyU61Tio
"Wii Play - Tanks (Variation 1) [Wii Play OST]",,,,youtube,D0JupuHx8pg,,"2026-10-09 18:12",,https://www.youtube.com/watch?v=D0JupuHx8pg
"Wii Play - Tanks - Round Failed [Wii Play OST]",,,,youtube,eARJYhhbzBI,,"2026-10-09 18:12",,https://www.youtube.com/watch?v=eARJYhhbzBI
"Tanks: Mission 100 Clear - Wii Play",,,,youtube,zzDJXZh8BrI,,"2026-10-09 18:13",,https://www.youtube.com/watch?v=zzDJXZh8BrI
"Wii Sports - Title (HQ)",,,,youtube,2qvAxPqy2wA,,"2026-10-09 18:13",,https://www.youtube.com/watch?v=2qvAxPqy2wA
"Yoshi's Island DS Soundtrack - Story Music Box (Original Version)",,,,youtube,n2oQLkwKNGA,,"2026-10-09 18:13",,https://www.youtube.com/watch?v=n2oQLkwKNGA
"TAC#17: ""Yoshi Start Demo"" - Super Mario World 2: Yoshi’s Island",,,,youtube,fsulssnTpbo,,"2026-10-09 18:13",,https://www.youtube.com/watch?v=fsulssnTpbo
"Yoshi's Island OST - Goal & Score",,,,youtube,u1pHkjyuWKU,,"2026-10-09 18:13",,https://www.youtube.com/watch?v=u1pHkjyuWKU
"2 Mello - Rapid Crew (Can't Move Me) (ft. TV-MA) (Official Lyrics Video)",,,,youtube,cxfN-dFyzEQ,,"2026-10-09 18:13",,https://www.youtube.com/watch?v=cxfN-dFyzEQ
"メズマライザー / 初音ミク・重音テトSV - Mesmerizer",,,,youtube,19y8YTbvri8,,"2026-10-09 18:13",,https://www.youtube.com/watch?v=19y8YTbvri8
"オブソミート / 初音ミク・重音テトSV - Obsolete Meat",,,,youtube,L2hzsXOT0Nc,,"2026-10-09 18:13",,https://www.youtube.com/watch?v=L2hzsXOT0Nc
"8485 & Danny Brown - G.I.R.L. (OFFICIAL VIDEO)",,,,youtube,SupOQkKcHpE,,"2026-10-09 18:13",,https://www.youtube.com/watch?v=SupOQkKcHpE
"A$AP ROCKY - F**kin' Problems ft. Drake, 2 Chainz, Kendrick Lamar",,,,youtube,liZm1im2erU,,"2026-10-09 18:13",,https://www.youtube.com/watch?v=liZm1im2erU
"Alice Longyu Gao - Dumb Bitch Juice (Official Full Stream)",,,,youtube,sRnS80bpEiw,,"2026-10-09 18:13",,https://www.youtube.com/watch?v=sRnS80bpEiw
"Arca - Tongue (Official Music Video)",,,,youtube,Ge-sraQFg_g,,"2026-10-09 18:13",,https://www.youtube.com/watch?v=Ge-sraQFg_g
"♡Ayesha Erotica - I'll Do It (audio)♡",,,,youtube,OCzr9YJ_ZRI,,"2026-10-09 18:13",,https://www.youtube.com/watch?v=OCzr9YJ_ZRI
"Ayesha Erotica - Literal Legend",,,,youtube,ZUOCI6iwq_k,,"2026-10-09 18:13",,https://www.youtube.com/watch?v=ZUOCI6iwq_k
Jazzalude,"Basement Jaxx",,,youtube,anevbn7wJw4,,"2026-10-09 18:13",,https://www.youtube.com/watch?v=anevbn7wJw4
SFM,"Basement Jaxx",,,youtube,1_Mf0drt4fQ,,"2026-10-09 18:13",,https://www.youtube.com/watch?v=1_Mf0drt4fQ
"Doja Cat - Boss B*tch (from Birds of Prey: The Album) [Official Music Video]",,,,youtube,RsW66teC0BQ,,"2026-10-09 18:13",,https://www.youtube.com/watch?v=RsW66teC0BQ
"Boston - Foreplay / Long Time (Official Audio)",,,,youtube,TnwqUEelQjE,,"2026-10-09 18:13",,https://www.youtube.com/watch?v=TnwqUEelQjE
"Bomb Rush Cyberfunk OST - Morning Glow (Ft. Nicholas Mangiafico)",,,,youtube,rtZyj33tlyI,,"2026-10-09 18:13",,https://www.youtube.com/watch?v=rtZyj33tlyI
"Boys Noize - The Battery (DJ Maxximus 8 Ball refix)",,,,youtube,3ldP32sBb08,,"2026-10-09 18:13",,https://www.youtube.com/watch?v=3ldP32sBb08
"Brooke Candy - Drip (feat. Erika Jayne) (Official Video)",,,,youtube,Cjb7hEf_HRo,,"2026-10-09 18:13",,https://www.youtube.com/watch?v=Cjb7hEf_HRo
"Clairo - Bags",,,,youtube,L9HYJbe9Y18,,"2026-10-09 18:14",,https://www.youtube.com/watch?v=L9HYJbe9Y18
"Crush 3D - The Basics Gameplay Tutorial",,,,youtube,mqzS_xRhJiA,,"2026-10-09 18:14",,https://www.youtube.com/watch?v=mqzS_xRhJiA
"Crystal Castles - Not In Love ft. Robert Smith of The Cure",,,,youtube,32udqal_lyQ,,"2026-10-09 18:14",,https://www.youtube.com/watch?v=32udqal_lyQ
"CrystalDome™: Error - Bios of Rayfield Caliburn ""Murkmobile"" in Cyberpunk 2077",,,,youtube,nHrTVlA5ZU0,,"2026-10-09 18:14",,https://www.youtube.com/watch?v=nHrTVlA5ZU0
"Impulse FM Radio Cyberpunk 2077",,,,youtube,X-OcP8cDmDg,,"2026-10-09 18:14",,https://www.youtube.com/watch?v=X-OcP8cDmDg
"skibidi toilet 82",,,,youtube,javQvZ0ADx0,,"2026-10-09 18:14",,https://www.youtube.com/watch?v=javQvZ0ADx0
boythots_KAVARI_bootleg_new_version,,,,youtube,RMDoj1bGA1k,,"2026-10-09 18:14",,https://www.youtube.com/watch?v=RMDoj1bGA1k
"deadmau5 - Re_Jaded [Official 4K Visualizer]",,,,youtube,1ZHegoSlXZk,,"2026-10-09 18:14",,https://www.youtube.com/watch?v=1ZHegoSlXZk
"66. Crumbling Tower (DELTARUNE Chapter 3+4 Soundtrack) - Toby Fox",,,,youtube,z2IT2YzscSE,,"2026-10-09 18:14",,https://www.youtube.com/watch?v=z2IT2YzscSE
"61. Ripple (DELTARUNE Chapter 3+4 Soundtrack) - Toby Fox",,,,youtube,lHR_z-hldgY,,"2026-10-09 18:14",,https://www.youtube.com/watch?v=lHR_z-hldgY
"dj g2g - *ussy (ft. jahanam) (official visualizer)",,,,youtube,08IvA_TG_jA,,"2026-10-09 18:14",,https://www.youtube.com/watch?v=08IvA_TG_jA
"Doja Cat - Boss B*tch (from Birds of Prey: The Album) [Official Music Video]",,,,youtube,RsW66teC0BQ,,"2026-10-09 18:14",,https://www.youtube.com/watch?v=RsW66teC0BQ
"DRAKE - FAMILY MATTERS",,,,youtube,ZkXG3ZrXlbc,,"2026-10-09 18:14",,https://www.youtube.com/watch?v=ZkXG3ZrXlbc
"Drake - Family Matters (2nd part only)",,,,youtube,DmVeVguDhKI,,"2026-10-09 18:14",,https://www.youtube.com/watch?v=DmVeVguDhKI
"Finn Keane - Audio (Official Visualiser)",,,,youtube,yQUeAin7fII,,"2026-10-09 18:14",,https://www.youtube.com/watch?v=yQUeAin7fII
"Ella Mai - Boo'd Up",,,,youtube,6YNZlXfW6Ho,,"2026-10-09 18:14",,https://www.youtube.com/watch?v=6YNZlXfW6Ho
"Empire Of The Sun - Music On The Radio",,,,youtube,y58TL2N5I4M,,"2026-10-09 18:14",,https://www.youtube.com/watch?v=y58TL2N5I4M
"Disclosure - You & Me (Flume Remix) [Official Video]",,,,youtube,8x-M7AkTvrQ,,"2026-10-09 18:14",,https://www.youtube.com/watch?v=8x-M7AkTvrQ
"I-F Space Invaders - Are smoking Grass",,,,youtube,tIAZTV_sYtk,,"2026-10-09 18:14",,https://www.youtube.com/watch?v=tIAZTV_sYtk
"IC3PEAK - Марш",,,,youtube,xqohApD6Ng8,,"2026-10-09 18:14",,https://www.youtube.com/watch?v=xqohApD6Ng8
"Just a Lil' Lovin",Outlines,,,youtube,CFbmH6wO7KQ,,"2026-10-09 18:14",,https://www.youtube.com/watch?v=CFbmH6wO7KQ
"Isabella Lovestory - Exibisionista",,,,youtube,MtWV1CG5i74,,"2026-10-09 18:14",,https://www.youtube.com/watch?v=MtWV1CG5i74
"Jamiroquai - Little L (Official Video)",,,,youtube,1hHSH9sJUEo,,"2026-10-09 18:14",,https://www.youtube.com/watch?v=1hHSH9sJUEo
"J.I.D - Skegee (Official Video)",,,,youtube,z6RlzkWY2o4,,"2026-10-09 18:15",,https://www.youtube.com/watch?v=z6RlzkWY2o4
"JPEGMAFIA - PROTECT THE CROSS (PT 2) (Instrumental Remake)",,,,youtube,GFJeJjyU3U4,,"2026-10-09 18:15",,https://www.youtube.com/watch?v=GFJeJjyU3U4
"JPEGMAFIA - Jordan Rules",,,,youtube,Qi6JerhrnuA,,"2026-10-09 18:15",,https://www.youtube.com/watch?v=Qi6JerhrnuA
"JPEGMAFIA - Jordan Rules",,,,youtube,Qi6JerhrnuA,,"2026-10-09 18:15",,https://www.youtube.com/watch?v=Qi6JerhrnuA
"PURPLEANDBLUE (feat. six impala)",K//////ATT,,,youtube,Y7n_ETL46xI,,"2026-10-09 18:15",,https://www.youtube.com/watch?v=Y7n_ETL46xI
"Drunk and Hot Girls","Kanye West",,,youtube,4UvPbIbLFAc,,"2026-10-09 18:15",,https://www.youtube.com/watch?v=4UvPbIbLFAc
"KanYe West -Black Skinhead - Yeezus [Explicit Version]",,,,youtube,R4xrLKb6oFI,,"2026-10-09 18:15",,https://www.youtube.com/watch?v=R4xrLKb6oFI
"Kanye West - True Love ft. XXXTENTACION (Donda 2) [Improved Audio]",,,,youtube,gg1YkWLDkQM,,"2026-10-09 18:15",,https://www.youtube.com/watch?v=gg1YkWLDkQM
"Full Katamari Damacy OST",,,,youtube,QAA6hq9RL-4,,"2026-10-09 18:15",,https://www.youtube.com/watch?v=QAA6hq9RL-4
Institutionalized,"Kendrick Lamar",,,youtube,7L1POXocFIQ,,"2026-10-09 18:15",,https://www.youtube.com/watch?v=7L1POXocFIQ
"Kendrick Lamar & J Cole - Black Friday",,,,youtube,okF5gOTX9uM,,"2026-10-09 18:15",,https://www.youtube.com/watch?v=okF5gOTX9uM
"Kendrick Lamar - We Cry Together ft. Taylour Paige (Official Audio)",,,,youtube,C_s9JJnqQqM,,"2026-10-09 18:15",,https://www.youtube.com/watch?v=C_s9JJnqQqM
"James Bond / You Only Live Twice / Sean Connery",,,,youtube,gFhD5pUjnU4,,"2026-10-09 18:15",,https://www.youtube.com/watch?v=gFhD5pUjnU4
"Mac Miller - Self Care Part.2 (Extended)",,,,youtube,YtpPSu_DRI4,,"2026-10-09 18:15",,https://www.youtube.com/watch?v=YtpPSu_DRI4
"Pull Up the People",M.I.A.,,,youtube,-WABTAZ-5XQ,,"2026-10-09 18:15",,https://www.youtube.com/watch?v=-WABTAZ-5XQ
Amazon,M.I.A.,,,youtube,sSBHIuTix7M,,"2026-10-09 18:15",,https://www.youtube.com/watch?v=sSBHIuTix7M
"M.I.A. - CTRL (OFFICIAL LYRIC VIDEO)",,,,youtube,37FSONm_c2w,,"2026-10-09 18:15",,https://www.youtube.com/watch?v=37FSONm_c2w
"M.I.A. - The One",,,,youtube,rzk20hkG6P8,,"2026-10-09 18:15",,https://www.youtube.com/watch?v=rzk20hkG6P8
"Michael Jackson - Rock With You (Rare Studio String Version)",,,,youtube,eVhl896h2NI,,"2026-10-09 18:15",,https://www.youtube.com/watch?v=eVhl896h2NI
Peerhurts,"Mr. Oizo",,,youtube,6sCqKoli-KA,,"2026-10-09 18:15",,https://www.youtube.com/watch?v=6sCqKoli-KA
"Nelly Furtado - Maneater (US Version) (Official Music Video)",,,,youtube,PLolag3YSYU,,"2026-10-09 18:15",,https://www.youtube.com/watch?v=PLolag3YSYU
"Neon Hitch - Fuck U Betta [Audio]",,,,youtube,tTr4jtSjY7Y,,"2026-10-09 18:15",,https://www.youtube.com/watch?v=tTr4jtSjY7Y
"N.E.R.D. - Everyone Nose (All The Girls Standing In The Line For The Bathroom)",,,,youtube,N2wqmGu1EY8,,"2026-10-09 18:16",,https://www.youtube.com/watch?v=N2wqmGu1EY8
"Everyone Nose Remix Feat. Kanye West, Lupe Fiasco & Pusha T.wmv",,,,youtube,kl8UviOsqAo,,"2026-10-09 18:16",,https://www.youtube.com/watch?v=kl8UviOsqAo
"Orgy - Stitches (Video)",,,,youtube,51DEzX0lLY4,,"2026-10-09 18:16",,https://www.youtube.com/watch?v=51DEzX0lLY4
"OutKast - B.O.B. (Bombs Over Baghdad) (Zack de la Rocha Remix - Official Audio)",,,,youtube,yQLP_pXKY98,,"2026-10-09 18:16",,https://www.youtube.com/watch?v=yQLP_pXKY98
"Peaches - 'I Feel Cream'",,,,youtube,Ls_jiOE8WKU,,"2026-10-09 18:16",,https://www.youtube.com/watch?v=Ls_jiOE8WKU
"[Official Music Video] Perfume 「ポリゴンウェイヴ」",,,,youtube,Q5_2VK_Hj2s,,"2026-10-09 18:16",,https://www.youtube.com/watch?v=Q5_2VK_Hj2s
"Portal 2 - Turret Wife Serenade (Hidden Easter Egg) [HD]",,,,youtube,tZkAEgyKZzk,,"2026-10-09 18:16",,https://www.youtube.com/watch?v=tZkAEgyKZzk
"EPIC RAP BATTLE of MANLINESS",,,,youtube,_EzDRpkfaO4,,"2026-10-09 18:16",,https://www.youtube.com/watch?v=_EzDRpkfaO4
"[Rhythm Heaven] - Big Rock Finish (Perfect) (English)",,,,youtube,g5uHzCJflgs,,"2026-10-09 18:16",,https://www.youtube.com/watch?v=g5uHzCJflgs
"Karate Man (Lonely Storm) - Rhythm Heaven Fever (ENG Version)",,,,youtube,YJZ5SERfqeY,,"2026-10-09 18:16",,https://www.youtube.com/watch?v=YJZ5SERfqeY
"[Rhythm Heaven Fever] ~ Karate Man 2 (Perfect)",,,,youtube,XQ2GUKB9GBM,,"2026-10-09 18:16",,https://www.youtube.com/watch?v=XQ2GUKB9GBM
"[#AAA2023] Sakurazaka46 (사쿠라자카46) 'INTRO Perf. + Shoninyokkyu(承認欲求)’ STAGE",,,,youtube,HfnoXO9l6a0,,"2026-10-09 18:16",,https://www.youtube.com/watch?v=HfnoXO9l6a0
"salute - 'gbesoke (with Peter Xan)' (Official Visualiser)",,,,youtube,7gDu9VzMo2A,,"2026-10-09 18:16",,https://www.youtube.com/watch?v=7gDu9VzMo2A
"Sam Smith, Madonna - VULGAR (Visualiser)",,,,youtube,BiRvg_zuNhQ,,"2026-10-09 18:16",,https://www.youtube.com/watch?v=BiRvg_zuNhQ
"Selena Gomez - Look At Her Now (Official Music Video)",,,,youtube,8u-_64S7plI,,"2026-10-09 18:16",,https://www.youtube.com/watch?v=8u-_64S7plI
"oki doki boomer",,,,youtube,dWNvlyycWzQ,,"2026-10-09 18:16",,https://www.youtube.com/watch?v=dWNvlyycWzQ
"I am Skrillex",,,,youtube,jGUjxSvvw0s,,"2026-10-09 18:16",,https://www.youtube.com/watch?v=jGUjxSvvw0s
"slayyyter - candy (visualizer)",,,,youtube,yuBOgWgQfII,,"2026-10-09 18:16",,https://www.youtube.com/watch?v=yuBOgWgQfII
"Maximum Joy","MONDO GROSSO",,,youtube,fhYhI0sfoCA,,"2026-10-09 18:16",,https://www.youtube.com/watch?v=fhYhI0sfoCA
"Snakehips - Forever (Pt. II) [Official Video] ft. Kaleem Taylor",,,,youtube,EWb8oUwubWg,,"2026-10-09 18:16",,https://www.youtube.com/watch?v=EWb8oUwubWg
"SOFT CELL - Monoculture [Official Video] HQ",,,,youtube,ZgbYwDH0Pew,,"2026-10-09 18:16",,https://www.youtube.com/watch?v=ZgbYwDH0Pew
"Mushroom Hill Zone, Act 2   Sonic the Hedgehog 3 & Knuckles Music Extended",,,,youtube,FO1HnkLWjac,,"2026-10-09 18:16",,https://www.youtube.com/watch?v=FO1HnkLWjac
"Nothing More to Say by SOPHIE | React & Chat",,,,youtube,PSlHnkm9TKY,,"2026-10-09 18:16",,https://www.youtube.com/watch?v=PSlHnkm9TKY
"Splatfest Victory! (Jingle) - Off the Hook [Splatoon 2 OST]",,,,youtube,pGL8S8JeqxM,,"2026-10-09 18:17",,https://www.youtube.com/watch?v=pGL8S8JeqxM
"Routin3s - Free Association",,,,youtube,1dSGrv_vxOk,,"2026-10-09 18:17",,https://www.youtube.com/watch?v=1dSGrv_vxOk
"nobody here",,,,youtube,-RFunvF0mDw,,"2026-10-09 18:17",,https://www.youtube.com/watch?v=-RFunvF0mDw
"Super Mario Sunshine (NTSC) - Acquiring Fludd Cutscene",,,,youtube,LvE4cv5njCE,,"2026-10-09 18:17",,https://www.youtube.com/watch?v=LvE4cv5njCE
"Tekken Tag Tournament 2 Piano Intro Massive Mix - Extended",,,,youtube,0PKg7A8SwcA,,"2026-10-09 18:17",,https://www.youtube.com/watch?v=0PKg7A8SwcA
"Thomas Bangalter - CHIROPTERA (Official Video)",,,,youtube,SCWRZ0wQHX8,,"2026-10-09 18:17",,https://www.youtube.com/watch?v=SCWRZ0wQHX8
"Touch Sensitive - G.A.L. feat. Daniel Wilson (Official Lyric Video)",,,,youtube,E9LUjlD-D_c,,"2026-10-09 18:17",,https://www.youtube.com/watch?v=E9LUjlD-D_c
"Tove Lo - Disco Tits",,,,youtube,8RQDPwODja4,,"2026-10-09 18:17",,https://www.youtube.com/watch?v=8RQDPwODja4
"Travis Scott - SKITZO (Official Audio) ft. Young Thug",,,,youtube,Zk-4WvSPpac,,"2026-10-09 18:17",,https://www.youtube.com/watch?v=Zk-4WvSPpac
"Paramore: Decode [OFFICIAL VIDEO]",,,,youtube,RvnkAtWcKYg,,"2026-10-09 18:17",,https://www.youtube.com/watch?v=RvnkAtWcKYg
"046. Spear of Justice (UNDERTALE Soundtrack) - Toby Fox",,,,youtube,XGzYhJcm-Jw,,"2026-10-09 18:17",,https://www.youtube.com/watch?v=XGzYhJcm-Jw
"VTSS - Goin Nuts ft. LSDXOXO (Official Video)",,,,youtube,I_UhmY3mUZM,,"2026-10-09 18:17",,https://www.youtube.com/watch?v=I_UhmY3mUZM
"Yaeji - Michin feat. Enayet (Official Audio)",,,,youtube,mWUSStr5CSw,,"2026-10-09 18:17",,https://www.youtube.com/watch?v=mWUSStr5CSw
"Yolanda Be Cool & DCUP - We No Speak Americano (Official Video)",,,,youtube,7E9Ed9DUQoQ,,"2026-10-09 18:17",,https://www.youtube.com/watch?v=7E9Ed9DUQoQ
"The Young Punx - Your Music Is Killing Me",,,,youtube,IARbSVgxw3c,,"2026-10-09 18:17",,https://www.youtube.com/watch?v=IARbSVgxw3c
"A$AP Rocky - A$AP Forever (Official Video) ft. Moby",,,,youtube,BNzc6hG3yN4,,"2026-10-09 18:17",,https://www.youtube.com/watch?v=BNzc6hG3yN4
"if the world doesn't end",,,,youtube,Np7fFcHFkpg,,"2026-10-09 18:17",,https://www.youtube.com/watch?v=Np7fFcHFkpg
"The Buggles - Video Killed The Radio Star (Official Music Video)",,,,youtube,W8r-tXRLazs,,"2026-10-09 18:17",,https://www.youtube.com/watch?v=W8r-tXRLazs
"Carley Rae Jepsen - Me And The Boys In The Band (Lyrics)",,,,youtube,A-8RT78uITI,,"2026-10-09 18:17",,https://www.youtube.com/watch?v=A-8RT78uITI
"Cassius - W18 (Official Audio)",,,,youtube,ZAzNySRxOBc,,"2026-10-09 18:17",,https://www.youtube.com/watch?v=ZAzNySRxOBc
"Chappell Roan - Naked in Manhattan (Official Music Video)",,,,youtube,nXZuv1T8bfg,,"2026-10-09 18:18",,https://www.youtube.com/watch?v=nXZuv1T8bfg
"Taxi - Charli XCX [high quality]",,,,youtube,knTzS1KCjnE,,"2026-10-09 18:18",,https://www.youtube.com/watch?v=knTzS1KCjnE
"Childish Gambino - Lithonia (Official Audio)",,,,youtube,co-bx0mBsLc,,"2026-10-09 18:18",,https://www.youtube.com/watch?v=co-bx0mBsLc
"Christine and the Queens - La vita nuova (feat. Caroline Polachek) [Official Video]",,,,youtube,Pu2IGYw7YT8,,"2026-10-09 18:18",,https://www.youtube.com/watch?v=Pu2IGYw7YT8
"CLAUDE DEBUSSY:  CLAIR DE LUNE",,,,youtube,CvFH_6DNRCY,,"2026-10-09 18:18",,https://www.youtube.com/watch?v=CvFH_6DNRCY
"Cut Copy - Going Nowhere (Official Video)",,,,youtube,Ycd8GBosVPk,,"2026-10-09 18:18",,https://www.youtube.com/watch?v=Ycd8GBosVPk
"CYBERPUNK 2077 SOUNDTRACK - USER FRIENDLY by Namakopuri & Us Cracks (Official Video)",,,,youtube,dTQAzy5e6Eo,,"2026-10-09 18:18",,https://www.youtube.com/watch?v=dTQAzy5e6Eo
"Daft Punk - The Brainwasher (Official Audio)",,,,youtube,RdVEQbWjaTE,,"2026-10-09 18:18",,https://www.youtube.com/watch?v=RdVEQbWjaTE
"Fred again.. - Kelly (end of a nightmare)[Visualiser]",,,,youtube,pxRq88AfNCc,,"2026-10-09 18:18",,https://www.youtube.com/watch?v=pxRq88AfNCc
"Green Day - Jesus of Suburbia (Demo) [Official Audio]",,,,youtube,1aMmgNwlfYI,,"2026-10-09 18:18",,https://www.youtube.com/watch?v=1aMmgNwlfYI
"Peepy's Theme",,,,youtube,Yep6GVM0IYs,,"2026-10-09 18:18",,https://www.youtube.com/watch?v=Yep6GVM0IYs
"GIVE PEACE A CHANCE. (Ultimate Mix, 2020) - Plastic Ono Band (official music video HD)",,,,youtube,C3_0GqPvr4U,,"2026-10-09 18:18",,https://www.youtube.com/watch?v=C3_0GqPvr4U
"JoJo’s Bizarre Adventure Main Themes | EPIC MUSIC MIX (Part 1~7)",,,,youtube,GOS2eFsTccw,,"2026-10-09 18:18",,https://www.youtube.com/watch?v=GOS2eFsTccw
"Lady Gaga - Telephone ft. Beyoncé (Official Music Video) ft. Beyoncé",,,,youtube,EVBsypHzF3U,,"2026-10-09 18:18",,https://www.youtube.com/watch?v=EVBsypHzF3U
"leastfavorite! - subject (ft. jauntsen, polar)",,,,youtube,aKSixWLvqLM,,"2026-10-09 18:18",,https://www.youtube.com/watch?v=aKSixWLvqLM
"MIA - Fire Fire",,,,youtube,HNpIh-PcoNI,,"2026-10-09 18:18",,https://www.youtube.com/watch?v=HNpIh-PcoNI
"C418 - Eleven (Minecraft Volume Beta)",,,,youtube,eh4rVC1Mv0E,,"2026-10-09 18:18",,https://www.youtube.com/watch?v=eh4rVC1Mv0E
"Namasenda -  ☆ (Star) feat. Oklou [Official Lyric Video]",,,,youtube,c67wFF0qoOA,,"2026-10-09 18:18",,https://www.youtube.com/watch?v=c67wFF0qoOA
"Oklou - obvious (Official Video)",,,,youtube,STP4cCpyScE,,"2026-10-09 18:18",,https://www.youtube.com/watch?v=STP4cCpyScE
"The Presidents of the United States of America - Lump (Official Music Video)",,,,youtube,4uDDdxDKmNA,,"2026-10-09 18:18",,https://www.youtube.com/watch?v=4uDDdxDKmNA
"Prince - Batdance (Official Music Video)",,,,youtube,ulOLYnOthIw,,"2026-10-09 18:18",,https://www.youtube.com/watch?v=ulOLYnOthIw
"RAM RIDER - HELLO PV",,,,youtube,ZNn81_-MX9Q,,"2026-10-09 18:18",,https://www.youtube.com/watch?v=ZNn81_-MX9Q
"REI AMI - DICTATOR (Official Music Video)",,,,youtube,dhjiRQPJhgQ,,"2026-10-09 18:18",,https://www.youtube.com/watch?v=dhjiRQPJhgQ
"Game Select 1 - Rhythm Heaven",,,,youtube,X7gplTT4UmU,,"2026-10-09 18:19",,https://www.youtube.com/watch?v=X7gplTT4UmU
"OK Theme - Rhythm Heaven",,,,youtube,MTwnU-peJ4g,,"2026-10-09 18:19",,https://www.youtube.com/watch?v=MTwnU-peJ4g
"Superb Theme - Rhythm Heaven",,,,youtube,dVSNYcR659g,,"2026-10-09 18:19",,https://www.youtube.com/watch?v=dVSNYcR659g
"[Rhythm Heaven] - Lockstep (Perfect) (English)",,,,youtube,YrCTHodtzb4,,"2026-10-09 18:19",,https://www.youtube.com/watch?v=YrCTHodtzb4
"[Rhythm Heaven] - Lockstep 2 (Perfect) (English)",,,,youtube,vItvp1cwftc,,"2026-10-09 18:19",,https://www.youtube.com/watch?v=vItvp1cwftc
"Guitar Lessons (Instrumental Version) - Rhythm Heaven",,,,youtube,RqbRqZMarY4,,"2026-10-09 18:19",,https://www.youtube.com/watch?v=RqbRqZMarY4
"Rhythm Heaven Groove — Remix 8 (Ado Easter Egg) [Perfect]",,,,youtube,xRE0TsVMplo,,"2026-10-09 18:19",,https://www.youtube.com/watch?v=xRE0TsVMplo
"Game Select 1 - Rhythm Heaven Fever [Extended Version]",,,,youtube,LM4BOjV7D0c,,"2026-10-09 18:19",,https://www.youtube.com/watch?v=LM4BOjV7D0c
"Rhythm Heaven Fever - Dreams of Our Generation/Night Walk (PERFECT)",,,,youtube,QhhoPxCWZeg,,"2026-10-09 18:19",,https://www.youtube.com/watch?v=QhhoPxCWZeg
"Rhythm Heaven Fever - Dreams of Our Generation/Night Walk (PERFECT)",,,,youtube,QhhoPxCWZeg,,"2026-10-09 18:19",,https://www.youtube.com/watch?v=QhhoPxCWZeg
"[Rhythm Heaven Fever] ~ Power Calligraphy",,,,youtube,j9tUeWceeaQ,,"2026-10-09 18:19",,https://www.youtube.com/watch?v=j9tUeWceeaQ
"Character Credits - Rhythm Heaven Fever",,,,youtube,m_DJzzRm-gA,,"2026-10-09 18:19",,https://www.youtube.com/watch?v=m_DJzzRm-gA
"ROSALÍA - CUUUUuuuuuute (Official Audio)",,,,youtube,PHvhnnMa7Dc,,"2026-10-09 18:19",,https://www.youtube.com/watch?v=PHvhnnMa7Dc
"SEBii - STFU...ur done (Official Music Video)",,,,youtube,CClZAVGtFEk,,"2026-10-09 18:19",,https://www.youtube.com/watch?v=CClZAVGtFEk
"Plaza Speakers K - Splatoon OST",,,,youtube,PrOpsPE8860,,"2026-10-09 18:19",,https://www.youtube.com/watch?v=PrOpsPE8860
"Sex positions for virgins..",,,,youtube,qZhEIY1gvYQ,,"2026-10-09 18:19",,https://www.youtube.com/watch?v=qZhEIY1gvYQ
"Troye Sivan - Honey (Official Audio)",,,,youtube,VmiBaxJEzuw,,"2026-10-09 18:19",,https://www.youtube.com/watch?v=VmiBaxJEzuw
"Troye Sivan - Honey (Official Audio)",,,,youtube,VmiBaxJEzuw,,"2026-10-09 18:19",,https://www.youtube.com/watch?v=VmiBaxJEzuw
"Thy Slaughter - Bronze",,,,youtube,1F-uco8ezHA,,"2026-10-09 18:19",,https://www.youtube.com/watch?v=1F-uco8ezHA
"Tyler the Creator - Glitter (Outro/Second Half Extended)",,,,youtube,3Qadrg_J9hc,,"2026-10-09 18:19",,https://www.youtube.com/watch?v=3Qadrg_J9hc
"umru, osno1 & Laura Les - popular (lyric video)",,,,youtube,7OWha9hQhWk,,"2026-10-09 18:20",,https://www.youtube.com/watch?v=7OWha9hQhWk
"umru & Cecile Believe - honest (GRRL Remix) (Official Visualiser)",,,,youtube,fCMqyVV8Q78,,"2026-10-09 18:20",,https://www.youtube.com/watch?v=fCMqyVV8Q78
"Wii Play - Main Theme",,,,youtube,PbYoMpwHq5c,,"2026-10-09 18:20",,https://www.youtube.com/watch?v=PbYoMpwHq5c
"100 gecs - Hey Big Man {OFFICIAL AUDIO}",,,,youtube,NNpmfkBcPwg,,"2026-10-09 18:20",,https://www.youtube.com/watch?v=NNpmfkBcPwg
"21 Savage & Metro Boomin - X ft Future (Official Music Video)",,,,youtube,SpXw0qiy3Wo,,"2026-10-09 18:20",,https://www.youtube.com/watch?v=SpXw0qiy3Wo
"IF THE JOKER COULD BEATBOX...",,,,youtube,qrAXRSBv-co,,"2026-10-09 18:20",,https://www.youtube.com/watch?v=qrAXRSBv-co
"Cos I Love U","A. G. Cook",,,youtube,LPuf4YGTa7k,,"2026-10-09 18:20",,https://www.youtube.com/watch?v=LPuf4YGTa7k
"cali cartier - SHINE FT. TYMMI [prod. Dylan Brady]",,,,youtube,NE-PhM-BxM4,,"2026-10-09 18:20",,https://www.youtube.com/watch?v=NE-PhM-BxM4
"Anna Lunoe - Real Love [Official Visualiser]",,,,youtube,huwCmvsrH74,,"2026-10-09 18:20",,https://www.youtube.com/watch?v=huwCmvsrH74
Fetiche,,,,youtube,aeyu3ki-Nr4,,"2026-10-09 18:20",,https://www.youtube.com/watch?v=aeyu3ki-Nr4
"Arca - My 2 (Audio)",,,,youtube,LP_9wdn7Spo,,"2026-10-09 18:20",,https://www.youtube.com/watch?v=LP_9wdn7Spo
"Recebendo a Arca, Pt. 4 (Ao Vivo)","Claudio Gama",,,youtube,Bfuib659ggI,,"2026-10-09 18:21",,https://www.youtube.com/watch?v=Bfuib659ggI
"A$AP Rocky - Fukk Sleep (Official Video) ft. FKA twigs",,,,youtube,pM5XogpX1JA,,"2026-10-09 18:21",,https://www.youtube.com/watch?v=pM5XogpX1JA
"Baby Keem, Kendrick Lamar - range brothers (Official Audio)",,,,youtube,IkuBYRUwWdg,,"2026-10-09 18:21",,https://www.youtube.com/watch?v=IkuBYRUwWdg
"Beyoncé - VIRGO'S GROOVE (Official Lyric Video)",,,,youtube,aD3HgrfjrAw,,"2026-10-09 18:21",,https://www.youtube.com/watch?v=aD3HgrfjrAw
"Billie Eilish - MyBoi (TroyBoi Remix/Official Audio)",,,,youtube,7AocLuDCQjY,,"2026-10-09 18:21",,https://www.youtube.com/watch?v=7AocLuDCQjY
"Billie Eilish - CHIHIRO (Official Music Video)",,,,youtube,BY_XwvKogC8,,"2026-10-09 18:21",,https://www.youtube.com/watch?v=BY_XwvKogC8
"Black Eyed Peas - Lets Get Retarded",,,,youtube,LrkEc2V3mO4,,"2026-10-09 18:21",,https://www.youtube.com/watch?v=LrkEc2V3mO4
"Cassius - Supa Crush (Official Audio)",,,,youtube,OONYQNL249Y,,"2026-10-09 18:21",,https://www.youtube.com/watch?v=OONYQNL249Y
"Charlie Puth - L.U.V (Music Video)",,,,youtube,YNiAtNG_WXs,,"2026-10-09 18:21",,https://www.youtube.com/watch?v=YNiAtNG_WXs
Deepthroat,cupcakKe,,,youtube,e-Zcz9J1UOs,,"2026-10-09 18:21",,https://www.youtube.com/watch?v=e-Zcz9J1UOs
"CYBERPUNK 2077 - KILL THE MESSENGER by Rezodrone (Jason Charles Miller & Jamison Boaz)",,,,youtube,ctaipAQ_Sb0,,"2026-10-09 18:21",,https://www.youtube.com/watch?v=ctaipAQ_Sb0
"Bacillus - March 30 (Cyberpunk 2077 96.1 Ritual FM)",,,,youtube,K8AcyoDFEqY,,"2026-10-09 18:21",,https://www.youtube.com/watch?v=K8AcyoDFEqY
"Yards of the Moon - 1101 Break (Cyberpunk 2077 103.5 Radio Pebkac)",,,,youtube,LFmIKvcEYKA,,"2026-10-09 18:21",,https://www.youtube.com/watch?v=LFmIKvcEYKA
"Tar Hawk - Vascular (Cyberpunk 2077 103.5 Radio Pebkac)",,,,youtube,dU1WnLUYGzA,,"2026-10-09 18:21",,https://www.youtube.com/watch?v=dU1WnLUYGzA
"Clockwork OS - Stackoverflow (Cyberpunk 2077 103.5 Radio Pebkac)",,,,youtube,zm2uFVirqnE,,"2026-10-09 18:21",,https://www.youtube.com/watch?v=zm2uFVirqnE
"Daft Punk - Aerodynamic (Official Video)",,,,youtube,L93-7vRfxNs,,"2026-10-09 18:21",,https://www.youtube.com/watch?v=L93-7vRfxNs
"Human After All (The Juan Mclean Remix)","Daft Punk",,,youtube,0Qn-rh7IUDA,,"2026-10-09 18:21",,https://www.youtube.com/watch?v=0Qn-rh7IUDA
"Daft Punk - Human After All (Official Music Video)",,,,youtube,UsXubuXq1lM,,"2026-10-09 18:21",,https://www.youtube.com/watch?v=UsXubuXq1lM
"Robocopyright - Article 13 Rap",,,,youtube,VvpWQkbyW2A,,"2026-10-09 18:21",,https://www.youtube.com/watch?v=VvpWQkbyW2A
"DJ Mayhem - Interlocked (Official Music Video)",,,,youtube,_GQWMnEskrY,,"2026-10-09 18:21",,https://www.youtube.com/watch?v=_GQWMnEskrY
"David Guetta Feat. Akon - Sexy Chick (Official Video)",,,,youtube,N9hazmsUxrM,,"2026-10-09 18:21",,https://www.youtube.com/watch?v=N9hazmsUxrM
"A Roller Skating Jam Named ""Saturdays"" (Official Audio)",,,,youtube,Nv1jbRYnByo,,"2026-10-09 18:21",,https://www.youtube.com/watch?v=Nv1jbRYnByo
"deadmau5 - No Problem",,,,youtube,Z_uO6NuKOuk,,"2026-10-09 18:22",,https://www.youtube.com/watch?v=Z_uO6NuKOuk
"Boss Bitch [GRRL Remix]〔127BPM〕",,,,youtube,WuBlUZA1gw8,,"2026-10-09 18:22",,https://www.youtube.com/watch?v=WuBlUZA1gw8
"Duck Sauce - Clap Your Feet (Feat. Fuzzy Cufflinxxx) [Official Video]",,,,youtube,zlly-DkHwE8,,"2026-10-09 18:22",,https://www.youtube.com/watch?v=zlly-DkHwE8
Fixations,"DZ Deathrays",,,youtube,J0qtTe89rSk,,"2026-10-09 18:22",,https://www.youtube.com/watch?v=J0qtTe89rSk
"Hands Up","The Black Eyed Peas",,,youtube,I83hW-pRe6w,,"2026-10-09 18:22",,https://www.youtube.com/watch?v=I83hW-pRe6w
"Fortnite | Best Buds Lobby Music",,,,youtube,Vbyyydpmq0E,,"2026-10-09 18:22",,https://www.youtube.com/watch?v=Vbyyydpmq0E
"South - Friday Night Funkin' OST",,,,youtube,_Q7J97WD3Gg,,"2026-10-09 18:22",,https://www.youtube.com/watch?v=_Q7J97WD3Gg
"Pico - Friday Night Funkin' OST",,,,youtube,kaNuYpHWcac,,"2026-10-09 18:22",,https://www.youtube.com/watch?v=kaNuYpHWcac
"High - Friday Night Funkin' OST",,,,youtube,OIsp8KrwSVY,,"2026-10-09 18:22",,https://www.youtube.com/watch?v=OIsp8KrwSVY
"M.I.L.F - Friday Night Funkin' OST",,,,youtube,dOPrN6aJ7TI,,"2026-10-09 18:22",,https://www.youtube.com/watch?v=dOPrN6aJ7TI
"Ugh - Friday Night Funkin' OST",,,,youtube,_pLDBCkvyUg,,"2026-10-09 18:22",,https://www.youtube.com/watch?v=_pLDBCkvyUg
COUP,"Frost Children",,,youtube,xYWc-ng-pGM,,"2026-10-09 18:22",,https://www.youtube.com/watch?v=xYWc-ng-pGM
"Kids with Guns (Quiet Village Remix)",Gorillaz,,,youtube,Ql51eMBCUsY,,"2026-10-09 18:22",,https://www.youtube.com/watch?v=Ql51eMBCUsY
"Grits - My Life Be Like/Ohh Ahh (Remix ft. 2Pac & Xzibit - Tokyo Drift video version)",,,,youtube,3shMD13Y2uU,,"2026-10-09 18:22",,https://www.youtube.com/watch?v=3shMD13Y2uU
"Gucci Mane - Big Booty feat. Megan Thee Stallion [Official Video]",,,,youtube,ypdY_UJUWpk,,"2026-10-09 18:22",,https://www.youtube.com/watch?v=ypdY_UJUWpk
"Gupi eating banana",,,,youtube,Z7j3Ln3PC1w,,"2026-10-09 18:22",,https://www.youtube.com/watch?v=Z7j3Ln3PC1w
"宇多田ヒカル - タイム・リミット",,,,youtube,evvXqGJk1T8,,"2026-10-09 18:22",,https://www.youtube.com/watch?v=evvXqGJk1T8
"HOLIDAYKISS - ABBY ft. KURU",,,,youtube,Nib3tFH_ky4,,"2026-10-09 18:22",,https://www.youtube.com/watch?v=Nib3tFH_ky4
"HIDEKI NAGANUMA - NEVER 4EVER",,,,youtube,othifj91Q3w,,"2026-10-09 18:22",,https://www.youtube.com/watch?v=othifj91Q3w
"Injury Reserve - Wax On (Feat. Freddie Gibbs)",,,,youtube,F2r-8fd1jVE,,"2026-10-09 18:22",,https://www.youtube.com/watch?v=F2r-8fd1jVE
"J. Cole - G.O.M.D",,,,youtube,vHU6ZRQJ50Q,,"2026-10-09 18:22",,https://www.youtube.com/watch?v=vHU6ZRQJ50Q
"Jackson and His Computer Band - Rock On",,,,youtube,pG_SQ1VSwR0,,"2026-10-09 18:22",,https://www.youtube.com/watch?v=pG_SQ1VSwR0
"Janelle Monáe - Q.U.E.E.N. feat. Erykah Badu [Official Video]",,,,youtube,tEddixS-UoU,,"2026-10-09 18:23",,https://www.youtube.com/watch?v=tEddixS-UoU
"Jennifer Lopez - I'm Real (Remix) ft. Ja Rule",,,,youtube,Sjx9oSJDAVQ,,"2026-10-09 18:23",,https://www.youtube.com/watch?v=Sjx9oSJDAVQ
"THIS SONG IS A SAFE SPACE",JPEGMAFIA,,,youtube,_x5PsIdRzFk,,"2026-10-09 18:23",,https://www.youtube.com/watch?v=_x5PsIdRzFk
"Valentines Day Freestyle '25 💕 (unmastered)",,,,youtube,Sm0LH0WunzQ,,"2026-10-09 18:23",,https://www.youtube.com/watch?v=Sm0LH0WunzQ
"Kendrick Lamar  - The Heart Part.1",,,,youtube,FjSfelCds6g,,"2026-10-09 18:23",,https://www.youtube.com/watch?v=FjSfelCds6g
"Kendrick Lamar - DNA.",,,,youtube,NLZRYQMLDW4,,"2026-10-09 18:23",,https://www.youtube.com/watch?v=NLZRYQMLDW4
"kendrick lamar - euphoria part iii",,,,youtube,1K2bhJZTaAQ,,"2026-10-09 18:23",,https://www.youtube.com/watch?v=1K2bhJZTaAQ
"Blow (Cirkut Remix)",Kesha,,,youtube,mgmpr95tNIc,,"2026-10-09 18:23",,https://www.youtube.com/watch?v=mgmpr95tNIc
"Kid Cudi vs. Crookers - Day 'n' Night (Official Video)",,,,youtube,WSWrepLjTKc,,"2026-10-09 18:23",,https://www.youtube.com/watch?v=WSWrepLjTKc
"Crumbling Castle","King Gizzard & The Lizard Wizard",,,youtube,qZwr511qGoY,,"2026-10-09 18:23",,https://www.youtube.com/watch?v=qZwr511qGoY
"BUTTS T**S MONEY - KNOWER",,,,youtube,LKS1XSiyGYQ,,"2026-10-09 18:23",,https://www.youtube.com/watch?v=LKS1XSiyGYQ
"thatboykwame - WOW (Official Video)",,,,youtube,b7WgFJmwVxY,,"2026-10-09 18:23",,https://www.youtube.com/watch?v=b7WgFJmwVxY
"Inside Ganon's Castle - The Legend of Zelda: Ocarina of Time Music Extended",,,,youtube,CMe-RFb9850,,"2026-10-09 18:23",,https://www.youtube.com/watch?v=CMe-RFb9850
"Next To Me","Leopard DaVinci",,,youtube,_WWxGi-Pmso,,"2026-10-09 18:23",,https://www.youtube.com/watch?v=_WWxGi-Pmso
"Little Mix - Strip (Official Video) ft. Sharaya J",,,,youtube,DlsD_cifOsk,,"2026-10-09 18:23",,https://www.youtube.com/watch?v=DlsD_cifOsk
"Rnw@y/Backyard Bangers Reanimation [feat. Phoenix Orion] - Linkin Park",,,,youtube,Ha6triaXq-g,,"2026-10-09 18:23",,https://www.youtube.com/watch?v=Ha6triaXq-g
"Lorn - Acid Rain (Official Music Video)",,,,youtube,nxg4C365LbQ,,"2026-10-09 18:23",,https://www.youtube.com/watch?v=nxg4C365LbQ
"Machine Girl - Let Mom Sleep (PRøF1Zø®K∆YMIX)",,,,youtube,CunI1THHHHI,,"2026-10-09 18:23",,https://www.youtube.com/watch?v=CunI1THHHHI
"Marcy Playground - Sex & Candy (Official Music Video)",,,,youtube,-KT-r2vHeMM,,"2026-10-09 18:23",,https://www.youtube.com/watch?v=-KT-r2vHeMM
"Freak Nasty - Megan Thee Stallion",,,,youtube,DNVuhP8ehdo,,"2026-10-09 18:23",,https://www.youtube.com/watch?v=DNVuhP8ehdo
"M.I.A. - Bucky Done Gun",,,,youtube,VNJ96imMskk,,"2026-10-09 18:23",,https://www.youtube.com/watch?v=VNJ96imMskk
"M.I.A. - Galang",,,,youtube,DCL1RpgYxRM,,"2026-10-09 18:23",,https://www.youtube.com/watch?v=DCL1RpgYxRM
"Galang (Cavemen Remix)",M.I.A.,,,youtube,ejgCzSc2_uQ,,"2026-10-09 18:23",,https://www.youtube.com/watch?v=ejgCzSc2_uQ
"M.I.A. - Galang [South Rakkas Crew Remix]",,,,youtube,fwRmPZkXNhQ,,"2026-10-09 18:23",,https://www.youtube.com/watch?v=fwRmPZkXNhQ
"KATSEYE (캣츠아이) “M.I.A” Visualizer",,,,youtube,4H7ZJQPPThY,,"2026-10-09 18:24",,https://www.youtube.com/watch?v=4H7ZJQPPThY
"Mousse T. feat. Hot 'n' Juicy - Horny '98",,,,youtube,dH8WvayAo1M,,"2026-10-09 18:24",,https://www.youtube.com/watch?v=dH8WvayAo1M
"N.E.R.D - Windows",,,,youtube,XpYJScgB9oA,,"2026-10-09 18:24",,https://www.youtube.com/watch?v=XpYJScgB9oA
"N.E.R.D. - Hot-n-Fun (Official Music Video) ft. Nelly Furtado",,,,youtube,F6ZfA5QZDHY,,"2026-10-09 18:24",,https://www.youtube.com/watch?v=F6ZfA5QZDHY
Piggy,"Nine Inch Nails",,,youtube,SSKp94wMEu0,,"2026-10-09 18:24",,https://www.youtube.com/watch?v=SSKp94wMEu0
Piggy,"Nine Inch Nails",,,youtube,SSKp94wMEu0,,"2026-10-09 18:24",,https://www.youtube.com/watch?v=SSKp94wMEu0
"N.O.R.E. - Nothin' (Official Music Video)",,,,youtube,sul16s0VSzs,,"2026-10-09 18:24",,https://www.youtube.com/watch?v=sul16s0VSzs
"Ollie King OST - Teknopathic (Pop n' Disco 80's Mix)",,,,youtube,g0E02f0P0X8,,"2026-10-09 18:24",,https://www.youtube.com/watch?v=g0E02f0P0X8
Baby,Pharrell,,,youtube,PQ55SrnTCAU,,"2026-10-09 18:24",,https://www.youtube.com/watch?v=PQ55SrnTCAU
"Complete History and Lore of Pokemon Trainer Red",,,,youtube,8Sr2mWICS5c,,"2026-10-09 18:24",,https://www.youtube.com/watch?v=8Sr2mWICS5c
"Poppy - X (Official Music Video)",,,,youtube,wbQsxWKfTSU,,"2026-10-09 18:24",,https://www.youtube.com/watch?v=wbQsxWKfTSU
"Porter Robinson - Divinity ft. Amy Millan",,,,youtube,si81bIoZRJQ,,"2026-10-09 18:24",,https://www.youtube.com/watch?v=si81bIoZRJQ
"I'm On Vacation (Song)",,,,youtube,M2WTRqCu_DY,,"2026-10-09 18:24",,https://www.youtube.com/watch?v=M2WTRqCu_DY
"[Rhythm Heaven Fever] ~ Packing Pests (Perfect)",,,,youtube,mecWLegYMPI,,"2026-10-09 18:24",,https://www.youtube.com/watch?v=mecWLegYMPI
"[Rhythm Heaven Fever] ~ Cheer Readers 2 (Perfect)",,,,youtube,Hkdf7SEiQFE,,"2026-10-09 18:24",,https://www.youtube.com/watch?v=Hkdf7SEiQFE
"[Rhythm Heaven Fever] ~ Packing Pests 2 (Perfect)",,,,youtube,vxKwNYGCIrE,,"2026-10-09 18:24",,https://www.youtube.com/watch?v=vxKwNYGCIrE
"Rita Ora - R.I.P. ft. Tinie Tempah",,,,youtube,L1l9WST5lXM,,"2026-10-09 18:24",,https://www.youtube.com/watch?v=L1l9WST5lXM
"RiTchie - WYTD?!?!",,,,youtube,B0MAysqzPHI,,"2026-10-09 18:24",,https://www.youtube.com/watch?v=B0MAysqzPHI
"S Club 7 - S Club Party (Official Music Video) - Rachel Stevens",,,,youtube,-X0EjwF8o0g,,"2026-10-09 18:24",,https://www.youtube.com/watch?v=-X0EjwF8o0g
"MTC - S3RL",,,,youtube,bO-NaEj2dQ0,,"2026-10-09 18:24",,https://www.youtube.com/watch?v=bO-NaEj2dQ0
"4⭐WEAK FOOT UPGRADE! 🥳 88 FREEZE BERNARDO SILVA PLAYER REVIEW! - FIFA 21 Ultimate Team",,,,youtube,6QXm2930eRg,,"2026-10-09 18:24",,https://www.youtube.com/watch?v=6QXm2930eRg
"Simian Mobile Disco - Love [HQ]",,,,youtube,EnIms8-Q6Ko,,"2026-10-09 18:24",,https://www.youtube.com/watch?v=EnIms8-Q6Ko
"Kendrick Lamar - Not Like Us (Official Jersey Club Remix by SJAYY)",,,,youtube,4faIhQqJyUc,,"2026-10-09 18:25",,https://www.youtube.com/watch?v=4faIhQqJyUc
"[Music] Robotnik's Theme",,,,youtube,Tx-oMRYpH4U,,"2026-10-09 18:25",,https://www.youtube.com/watch?v=Tx-oMRYpH4U
"Wrapped in Black - Sonic Rush [OST]",,,,youtube,MlCK5RWO54E,,"2026-10-09 18:25",,https://www.youtube.com/watch?v=MlCK5RWO54E
Slowdance,Soulwax,,,youtube,uJTHh2i08c4,,"2026-10-09 18:25",,https://www.youtube.com/watch?v=uJTHh2i08c4
Slowdance,Soulwax,,,youtube,uJTHh2i08c4,,"2026-10-09 18:25",,https://www.youtube.com/watch?v=uJTHh2i08c4
"Inkopolis Tutorial - Splatoon OST",,,,youtube,HlooCauBU4E,,"2026-10-09 18:25",,https://www.youtube.com/watch?v=HlooCauBU4E
"Octoweaponry (Turquoise October) - Splatoon OST",,,,youtube,vIu1ohtaWzk,,"2026-10-09 18:25",,https://www.youtube.com/watch?v=vIu1ohtaWzk
"Octoweaponry (Turquoise October) - Splatoon OST",,,,youtube,vIu1ohtaWzk,,"2026-10-09 18:25",,https://www.youtube.com/watch?v=vIu1ohtaWzk
"Splatoon 2 - Inkopolis Square Complete Tour! (Splatfest Demo)",,,,youtube,EeGbWWduOrk,,"2026-10-09 18:25",,https://www.youtube.com/watch?v=EeGbWWduOrk
"In-Depth Inkopolis Square Tour - Splatoon 2 Splatfest Demo",,,,youtube,JrKngpVDUXk,,"2026-10-09 18:25",,https://www.youtube.com/watch?v=JrKngpVDUXk
"♪ Bomb Rush Blush + Tidal Rush ♫ Caitlin Koi Lyric Video - Splatoon 2",,,,youtube,nzUFI85FSGA,,"2026-10-09 18:25",,https://www.youtube.com/watch?v=nzUFI85FSGA
"Splatoon 2 Original Soundtrack - Tidal Rush 1 hour - DJ Octavio [feat. Callie vs. Marie] [HQ]",,,,youtube,uE1NXlKlz_4,,"2026-10-09 18:25",,https://www.youtube.com/watch?v=uE1NXlKlz_4
"Splatoon 2 Octo Expansion: #$@%* Dudes Be #$@%* Sleepin",,,,youtube,qpy8DCt2Pak,,"2026-10-09 18:25",,https://www.youtube.com/watch?v=qpy8DCt2Pak
"Anarchy Splatcast (Festival) - Splatoon 3 OST",,,,youtube,mb_UUldGWA4,,"2026-10-09 18:25",,https://www.youtube.com/watch?v=mb_UUldGWA4
"Splatoon 3 Anarchy Splatcast - All Shiver and Frye's title calls/shouts",,,,youtube,Vsxe-37FVfg,,"2026-10-09 18:25",,https://www.youtube.com/watch?v=Vsxe-37FVfg
"Splatoon 3 - Squid Sisters - Tomorrow's Nostalgia Today - Nintendo Switch",,,,youtube,S8VYi2ODeF4,,"2026-10-09 18:25",,https://www.youtube.com/watch?v=S8VYi2ODeF4
"Splatoon 3 – Liquid Sunshine - Nintendo Switch",,,,youtube,EZx61kSObTI,,"2026-10-09 18:25",,https://www.youtube.com/watch?v=EZx61kSObTI
"Splatoon 3 OST - Alterna Shimin Program M-??: mY dEAR [Extended]",,,,youtube,dMou6GUhhNo,,"2026-10-09 18:25",,https://www.youtube.com/watch?v=dMou6GUhhNo
"Routin3s - Free Association",,,,youtube,1dSGrv_vxOk,,"2026-10-09 18:25",,https://www.youtube.com/watch?v=1dSGrv_vxOk
"Souv3nir - Free Association",,,,youtube,P4kNQfThH88,,"2026-10-09 18:25",,https://www.youtube.com/watch?v=P4kNQfThH88
"Routin3s - Free Association",,,,youtube,1dSGrv_vxOk,,"2026-10-09 18:25",,https://www.youtube.com/watch?v=1dSGrv_vxOk
"Souv3nir - Free Association",,,,youtube,P4kNQfThH88,,"2026-10-09 18:25",,https://www.youtube.com/watch?v=P4kNQfThH88
"Sporty - o - Let Me Hit It ( Audiostalkers Original Mix)  BEST QUALITY !!!",,,,youtube,X3oOQ8XnQWU,,"2026-10-09 18:26",,https://www.youtube.com/watch?v=X3oOQ8XnQWU
"Stereolab - Rainbo Conversation",,,,youtube,ilOi4E0MCN0,,"2026-10-09 18:26",,https://www.youtube.com/watch?v=ilOi4E0MCN0
Dynamite,"Stina Nordenstam",,,youtube,NaAZWnnCunA,,"2026-10-09 18:26",,https://www.youtube.com/watch?v=NaAZWnnCunA
"Antracol bayer sahabat petani, dibenci jamur",,,,youtube,VvfZVHP-z-g,,"2026-10-09 18:26",,https://www.youtube.com/watch?v=VvfZVHP-z-g
"Surkin - I.N.Y.N",,,,youtube,7G4_EPI4erA,,"2026-10-09 18:26",,https://www.youtube.com/watch?v=7G4_EPI4erA
Alura,"Sweet Trip",,,youtube,Bb46G441fRg,,"2026-10-09 18:26",,https://www.youtube.com/watch?v=Bb46G441fRg
"Word Shop",,,,youtube,RX-PLi8FYEs,,"2026-10-09 18:26",,https://www.youtube.com/watch?v=RX-PLi8FYEs
"Topic, A7S - Kernkraft 400 (A Better Day) (Lyric Video)",,,,youtube,ibQeYLcrDXA,,"2026-10-09 18:26",,https://www.youtube.com/watch?v=ibQeYLcrDXA
"Travis Scott - 90210 (Official Video) ft. Kacy Hill",,,,youtube,BuNBLjJzRoo,,"2026-10-09 18:26",,https://www.youtube.com/watch?v=BuNBLjJzRoo
"Troye Sivan - One of Your Girls (Dillon Francis Remix / Official Audio)",,,,youtube,pxFnJkFrLBA,,"2026-10-09 18:26",,https://www.youtube.com/watch?v=pxFnJkFrLBA
"Tyler, The Creator - LUMBERJACK (Official Video)",,,,youtube,R4Y7JIQlv20,,"2026-10-09 18:26",,https://www.youtube.com/watch?v=R4Y7JIQlv20
"The Weeknd, Swedish House Mafia - Sacrifice (Alternate World)",,,,youtube,lu7lJ5okjyo,,"2026-10-09 18:26",,https://www.youtube.com/watch?v=lu7lJ5okjyo
"WILLOW -  t r a n s p a r e n t s o u l ft. Travis Barker (Official Music Video)",,,,youtube,6M0IO4fyRoc,,"2026-10-09 18:26",,https://www.youtube.com/watch?v=6M0IO4fyRoc
"Hatsune Miku - Rolling Girl PV (English Subs)",,,,youtube,NIqm73xsias,,"2026-10-09 18:26",,https://www.youtube.com/watch?v=NIqm73xsias
"Burning Desires",Sān-Z,,,youtube,LCo0KdbVIJM,,"2026-10-09 18:26",,https://www.youtube.com/watch?v=LCo0KdbVIJM
"100 gecs - money machine (Official Music Video)",,,,youtube,z97qLNXeAMQ,,"2026-10-09 18:26",,https://www.youtube.com/watch?v=z97qLNXeAMQ
"The 1975 - Sex [EP Version]",,,,youtube,xeDGfk0UJw8,,"2026-10-09 18:26",,https://www.youtube.com/watch?v=xeDGfk0UJw8
"Winter's Love - Animal Collective",,,,youtube,kDRlFxxG6bs,,"2026-10-09 18:26",,https://www.youtube.com/watch?v=kDRlFxxG6bs
"Aphex Twin - Lisbon Acid",,,,youtube,xWNzZYCOyEE,,"2026-10-09 18:26",,https://www.youtube.com/watch?v=xWNzZYCOyEE
"A$AP Rocky - L$D (Explicit - Official Video)",,,,youtube,Gx4JEBwVlXo,,"2026-10-09 18:26",,https://www.youtube.com/watch?v=Gx4JEBwVlXo
"Avril Lavigne - Sk8er Boi (Official Video)",,,,youtube,TIy3n2b7V9k,,"2026-10-09 18:26",,https://www.youtube.com/watch?v=TIy3n2b7V9k
"Bazzi - I.F.L.Y. [Official Music Video]",,,,youtube,Xhh3_-JRnDc,,"2026-10-09 18:26",,https://www.youtube.com/watch?v=Xhh3_-JRnDc
"Let's Go Away For Awhile","The Beach Boys",,,youtube,SEoKf52h9ok,,"2026-10-09 18:26",,https://www.youtube.com/watch?v=SEoKf52h9ok
"BENEE - Same Effect (Official Audio)",,,,youtube,wfwvGOUvP3w,,"2026-10-09 18:27",,https://www.youtube.com/watch?v=wfwvGOUvP3w
"QUEVEDO || BZRP Music Sessions #52/66",,,,youtube,A_g3lMcWVy0,,"2026-10-09 18:27",,https://www.youtube.com/watch?v=A_g3lMcWVy0
"Black Country, New Road - Sunglasses",,,,youtube,UAZhzi9cpkc,,"2026-10-09 18:27",,https://www.youtube.com/watch?v=UAZhzi9cpkc
"words, words, words.",,,,youtube,iuF6CpML3IQ,,"2026-10-09 18:27",,https://www.youtube.com/watch?v=iuF6CpML3IQ
"Repeat Stuff",,,,youtube,nt9c0UeYhFc,,"2026-10-09 18:27",,https://www.youtube.com/watch?v=nt9c0UeYhFc
"Cancer™ in the Water","Clarence Clarity",,,youtube,EQkKbaEoPWw,,"2026-10-09 18:27",,https://www.youtube.com/watch?v=EQkKbaEoPWw
X&Y,Coldplay,,,youtube,uIgxY0yWLNY,,"2026-10-09 18:27",,https://www.youtube.com/watch?v=uIgxY0yWLNY
"The Micro Disneycal World Tour",Cornelius,,,youtube,IAJE0BsSj5g,,"2026-10-09 18:27",,https://www.youtube.com/watch?v=IAJE0BsSj5g
"kodak moment","Jane Remover",,,youtube,AGbXPOzrw0s,,"2026-10-09 18:27",,https://www.youtube.com/watch?v=AGbXPOzrw0s
movinglikeazombie,ericdoa,,,youtube,LseJIsQ62WQ,,"2026-10-09 18:27",,https://www.youtube.com/watch?v=LseJIsQ62WQ
"Erik Satie - Gymnopédie No.1",,,,youtube,S-Xm7s9eGxU,,"2026-10-09 18:27",,https://www.youtube.com/watch?v=S-Xm7s9eGxU
"Filter - Miss Blue (1999)",,,,youtube,7G8_dHD-G9s,,"2026-10-09 18:27",,https://www.youtube.com/watch?v=7G8_dHD-G9s
"Frost Children - FLATLINE (Official)",,,,youtube,EcKz_zk_2Es,,"2026-10-09 18:27",,https://www.youtube.com/watch?v=EcKz_zk_2Es
"Galantis - Louder, Harder, Better (Official Audio)",,,,youtube,MMaXUVyJBos,,"2026-10-09 18:27",,https://www.youtube.com/watch?v=MMaXUVyJBos
"Goody Grace - 21 & Jaded [feat. Mr. Hudson & Anthony Fantano] (Official Visualizer)",,,,youtube,j2hdyLfHRWw,,"2026-10-09 18:27",,https://www.youtube.com/watch?v=j2hdyLfHRWw
"Gorillaz - To Binge - Plastic Beach",,,,youtube,sY20vr7-MpM,,"2026-10-09 18:27",,https://www.youtube.com/watch?v=sY20vr7-MpM
"Find Love CM Collection",,,,youtube,T89UHXdunp0,,"2026-10-09 18:27",,https://www.youtube.com/watch?v=T89UHXdunp0
"Offenbach - Infernal Galop from ""Orpheus in the Underworld"" (Orchestre de Paris)",,,,youtube,zWytgJy-u8w,,"2026-10-09 18:27",,https://www.youtube.com/watch?v=zWytgJy-u8w
"Jane Remover - Video (Lyric Video)",,,,youtube,B2rpFzHCFCw,,"2026-10-09 18:27",,https://www.youtube.com/watch?v=B2rpFzHCFCw
"天国と地獄/Mutsuhiko Izumi",,,,youtube,8jI2uSr2fhk,,"2026-10-09 18:27",,https://www.youtube.com/watch?v=8jI2uSr2fhk
"Full Katamari Damacy OST",,,,youtube,QAA6hq9RL-4,,"2026-10-09 18:27",,https://www.youtube.com/watch?v=QAA6hq9RL-4
"Kendrick Lamar - A.D.H.D (Official Video)",,,,youtube,QjlFqgRbICY,,"2026-10-09 18:27",,https://www.youtube.com/watch?v=QjlFqgRbICY
euphoria,,,,youtube,NPqDIwWMtxg,,"2026-10-09 18:27",,https://www.youtube.com/watch?v=NPqDIwWMtxg
"Kids & Explosions - Slow Song",,,,youtube,iP8UGWBlGIw,,"2026-10-09 18:28",,https://www.youtube.com/watch?v=iP8UGWBlGIw
"Kids & Explosions - Sad Party",,,,youtube,T7g8b5-d9-k,,"2026-10-09 18:28",,https://www.youtube.com/watch?v=T7g8b5-d9-k
"Girls - Kids & Explosions",,,,youtube,yfo4RTzWSVo,,"2026-10-09 18:28",,https://www.youtube.com/watch?v=yfo4RTzWSVo
"Zelda's Lullaby - The Legend Of Zelda: Ocarina Of Time | WDR Funkhausorchester",,,,youtube,gPm3aIaf6Ok,,"2026-10-09 18:28",,https://www.youtube.com/watch?v=gPm3aIaf6Ok
"Zelda: Ocarina Of Time (Music) - Lon Lon Ranch",,,,youtube,0BDad24djOY,,"2026-10-09 18:28",,https://www.youtube.com/watch?v=0BDad24djOY
"Matmos - The Crying Pill (Official Music Video)",,,,youtube,ltNwzJSsSPo,,"2026-10-09 18:28",,https://www.youtube.com/watch?v=ltNwzJSsSPo
Hombre,M.I.A.,,,youtube,qSKeHOYfkkY,,"2026-10-09 18:28",,https://www.youtube.com/watch?v=qSKeHOYfkkY
"M.I.A. - Paper Planes",,,,youtube,ewRjZoRtu0Y,,"2026-10-09 18:28",,https://www.youtube.com/watch?v=ewRjZoRtu0Y
"Paper Planes (DFA Remix)",M.I.A.,,,youtube,HUnKw4uGK40,,"2026-10-09 18:28",,https://www.youtube.com/watch?v=HUnKw4uGK40
"M.I.A. - Paper Planes",,,,youtube,ewRjZoRtu0Y,,"2026-10-09 18:28",,https://www.youtube.com/watch?v=ewRjZoRtu0Y
"Paper Planes (Scottie B Remix)",M.I.A.,,,youtube,D_bnNYLX8-M,,"2026-10-09 18:28",,https://www.youtube.com/watch?v=D_bnNYLX8-M
"Underwater - New Super Mario Bros. Wii Music",,,,youtube,d-T0kTbZ474,,"2026-10-09 18:28",,https://www.youtube.com/watch?v=d-T0kTbZ474
"Perfume - One Room Disco (1080p Live, Subtitled, 2011)",,,,youtube,GZMizChaxpM,,"2026-10-09 18:28",,https://www.youtube.com/watch?v=GZMizChaxpM
"Perfume // エレクトロ・ワールド(Album Version)",,,,youtube,VKnGfwTK1fg,,"2026-10-09 18:28",,https://www.youtube.com/watch?v=VKnGfwTK1fg
"Queen - Fat Bottomed Girls (Official Video)",,,,youtube,VMnjF1O4eH0,,"2026-10-09 18:28",,https://www.youtube.com/watch?v=VMnjF1O4eH0
"[Rhythm Heaven] - Rhythm Rally (Perfect) (English)",,,,youtube,hzhcBSjhoCI,,"2026-10-09 18:28",,https://www.youtube.com/watch?v=hzhcBSjhoCI
"[Rhythm Heaven] - Rockers (Perfect) (English)",,,,youtube,EKz0M-2XrvM,,"2026-10-09 18:28",,https://www.youtube.com/watch?v=EKz0M-2XrvM
"[Rhythm Heaven] - Rockers 2 (Perfect) (English)",,,,youtube,Aa5lAFVchGQ,,"2026-10-09 18:28",,https://www.youtube.com/watch?v=Aa5lAFVchGQ
"Rhythm Heaven - Remix 8",,,,youtube,DjK9OF7IuK0,,"2026-10-09 18:28",,https://www.youtube.com/watch?v=DjK9OF7IuK0
"Glass Tappers - Rhythm Heaven",,,,youtube,MGNOKzRtEMY,,"2026-10-09 18:28",,https://www.youtube.com/watch?v=MGNOKzRtEMY
"Remix 6 - Rhythm Heaven",,,,youtube,uRNQjB--ywc,,"2026-10-09 18:28",,https://www.youtube.com/watch?v=uRNQjB--ywc
"9. [60 FPS] Board Meeting - Rhythm Heaven Fever",,,,youtube,iSXIx7vqvsU,,"2026-10-09 18:28",,https://www.youtube.com/watch?v=iSXIx7vqvsU
"[Rhythm Heaven Fever] ~ Micro-Row (Perfect)",,,,youtube,0a4eIecSkKg,,"2026-10-09 18:28",,https://www.youtube.com/watch?v=0a4eIecSkKg
"Congratulations! - Rhythm Heaven Fever",,,,youtube,o30jTH0TB8M,,"2026-10-09 18:28",,https://www.youtube.com/watch?v=o30jTH0TB8M
"Super Smash Heaven (Rhythm Heaven x Smash Bros Animation)",,,,youtube,DJJmpVvEQ94,,"2026-10-09 18:29",,https://www.youtube.com/watch?v=DJJmpVvEQ94
"Try Again Rating - Rhythm Heaven Fever",,,,youtube,blBKr4x2FUw,,"2026-10-09 18:29",,https://www.youtube.com/watch?v=blBKr4x2FUw
"OK Theme - Rhythm Heaven Fever",,,,youtube,29IZREj5jGA,,"2026-10-09 18:29",,https://www.youtube.com/watch?v=29IZREj5jGA
"Supercell - Melt",,,,youtube,4u7FTSfCcmg,,"2026-10-09 18:29",,https://www.youtube.com/watch?v=4u7FTSfCcmg
"S O H N - ""The Wheel"" (Official Video)",,,,youtube,AslPYSm7jfg,,"2026-10-09 18:29",,https://www.youtube.com/watch?v=AslPYSm7jfg
"Sonic CD: Wacky Workbench Zone 1 (Good Future Walkthrough) [1080 HD]",,,,youtube,bMaIpNEgZQo,,"2026-10-09 18:29",,https://www.youtube.com/watch?v=bMaIpNEgZQo
"Metallic Madness - Sonic the Hedgehog CD [OST]",,,,youtube,8v26dA0kcsQ,,"2026-10-09 18:29",,https://www.youtube.com/watch?v=8v26dA0kcsQ
"Space Cowboy - I Would Die 4 U (2002 Music Video)",,,,youtube,9dFJygfa6VI,,"2026-10-09 18:29",,https://www.youtube.com/watch?v=9dFJygfa6VI
"In-Depth Inkopolis Square Tour - Splatoon 2 Splatfest Demo",,,,youtube,JrKngpVDUXk,,"2026-10-09 18:29",,https://www.youtube.com/watch?v=JrKngpVDUXk
"Splatoon 2: Octo Expansion - Full Game 100% Walkthrough",,,,youtube,r6B4PmiwvzM,,"2026-10-09 18:29",,https://www.youtube.com/watch?v=r6B4PmiwvzM
"Splatoon 3 - No Plan Survives - Nintendo Switch",,,,youtube,3dvgE-VEEOo,,"2026-10-09 18:29",,https://www.youtube.com/watch?v=3dvgE-VEEOo
"Deep Cut: Anarchy Rainbow - Splatoon 3 - Nintendo Switch",,,,youtube,DtMOAvOWTvY,,"2026-10-09 18:29",,https://www.youtube.com/watch?v=DtMOAvOWTvY
"* Captain Cuttlefish's Theme * Splatoon 2 Octo Expansion",,,,youtube,EZ9PHK2QLhw,,"2026-10-09 18:29",,https://www.youtube.com/watch?v=EZ9PHK2QLhw
"File Select",,,,youtube,71DrD6WcEvw,,"2026-10-09 18:29",,https://www.youtube.com/watch?v=71DrD6WcEvw
"Super Mario Sunshine - Pinna Park (100% Walkthrough)",,,,youtube,7X38NRBCI-A,,"2026-10-09 18:29",,https://www.youtube.com/watch?v=7X38NRBCI-A
"Super Mario Odyssey - All Crazy Cap Locations",,,,youtube,Ea584MGGWs4,,"2026-10-09 18:29",,https://www.youtube.com/watch?v=Ea584MGGWs4
"Swami Sound - Favourite Song | Audiotree Live",,,,youtube,lp_1vjuZuhw,,"2026-10-09 18:29",,https://www.youtube.com/watch?v=lp_1vjuZuhw
"SWV - Right Here (Human Nature Radio Mix - Official Video)",,,,youtube,vHwXoY0LiQk,,"2026-10-09 18:29",,https://www.youtube.com/watch?v=vHwXoY0LiQk
"Tenacious D - Video Games",,,,youtube,GNJtPFXUnm4,,"2026-10-09 18:29",,https://www.youtube.com/watch?v=GNJtPFXUnm4
"Tokyo Ghetto Pussy   I Kiss Your Lips Digitally Remastered by DJ Berala",,,,youtube,L5sFBhokrIU,,"2026-10-09 18:29",,https://www.youtube.com/watch?v=L5sFBhokrIU
"Troye Sivan - One of Your Girls (Felix Jaehn Remix / Official Audio)",,,,youtube,MKxKYcKwuhc,,"2026-10-09 18:29",,https://www.youtube.com/watch?v=MKxKYcKwuhc
"A BOY IS A GUN*",,,,youtube,9JQDPjpfiGw,,"2026-10-09 18:29",,https://www.youtube.com/watch?v=9JQDPjpfiGw
"BEST INTEREST",,,,youtube,NkMTKGM-efw,,"2026-10-09 18:30",,https://www.youtube.com/watch?v=NkMTKGM-efw
"Del mar county fair 2008 (w/ Maxwell Young)",,,,youtube,Y6Ll9qHcQ08,,"2026-10-09 18:30",,https://www.youtube.com/watch?v=Y6Ll9qHcQ08
"underscores - Heck (Official Video)",,,,youtube,_ErrZ0T_5zI,,"2026-10-09 18:30",,https://www.youtube.com/watch?v=_ErrZ0T_5zI
"Tongue in cheek",,,,youtube,Ex7wvRHYUys,,"2026-10-09 18:30",,https://www.youtube.com/watch?v=Ex7wvRHYUys
"Wave Racer - Full Circle (Lyric Video)",,,,youtube,FYnJzhwfAx0,,"2026-10-09 18:30",,https://www.youtube.com/watch?v=FYnJzhwfAx0
"All Medal Jingles In Wii Play and Wii Play Motion",,,,youtube,7WkvyLqWLpU,,"2026-10-09 18:30",,https://www.youtube.com/watch?v=7WkvyLqWLpU
"Wii Sports OST - Main Menu [EXTENDED]",,,,youtube,iH7baG5DTM0,,"2026-10-09 18:30",,https://www.youtube.com/watch?v=iH7baG5DTM0
"100 gecs - 757 {OFFICIAL AUDIO}",,,,youtube,M6MV1nxxGf8,,"2026-10-09 18:30",,https://www.youtube.com/watch?v=M6MV1nxxGf8
"2 Mello - Poison Jam (Part II)",,,,youtube,QT3-T_-bMt4,,"2026-10-09 18:30",,https://www.youtube.com/watch?v=QT3-T_-bMt4
"Memories Of Tokyo-To - 17 - Ba-da-Ba [OFFICIAL]",,,,youtube,IRQS0GEDX-Q,,"2026-10-09 18:30",,https://www.youtube.com/watch?v=IRQS0GEDX-Q
"21 Savage, Doja Cat - n.h.i.e. (Official Audio)",,,,youtube,xDmb610okx0,,"2026-10-09 18:30",,https://www.youtube.com/watch?v=xDmb610okx0
"50 Cent - Wanksta (Official Music Video)",,,,youtube,ShOQQOy5pf8,,"2026-10-09 18:30",,https://www.youtube.com/watch?v=ShOQQOy5pf8
"JAZZ/DJENT cover of The Hills (ft. Hannah Sumner)",,,,youtube,A9EHF2PoFSA,,"2026-10-09 18:30",,https://www.youtube.com/watch?v=A9EHF2PoFSA
"Aira Mitsuki (アイラミツキ）/ サヨナラ TECHNOPOLiS [MV]",,,,youtube,M0nhk_CZiEk,,"2026-10-09 18:30",,https://www.youtube.com/watch?v=M0nhk_CZiEk
"NIAMOS! (Chandrilian Club Mix) (From ""Andor (Season 2)"")","Nicholas Britell",,,youtube,WxLBOwdTKjI,,"2026-10-09 18:30",,https://www.youtube.com/watch?v=WxLBOwdTKjI
Brasso,"Brandon Roberts",,,youtube,HK1u_X_rsx4,,"2026-10-09 18:30",,https://www.youtube.com/watch?v=HK1u_X_rsx4
"Arca - Puta (Official Music Video)",,,,youtube,DXUoMJs80RQ,,"2026-10-09 18:30",,https://www.youtube.com/watch?v=DXUoMJs80RQ
"A$AP Rocky - Long Live A$AP (Explicit - Official Video)",,,,youtube,BysVzAnR9MY,,"2026-10-09 18:30",,https://www.youtube.com/watch?v=BysVzAnR9MY
"Ashlee Simpson - L.O.V.E.",,,,youtube,a41s4IMyamQ,,"2026-10-09 18:30",,https://www.youtube.com/watch?v=a41s4IMyamQ
"Baby Keem & Kendrick Lamar - Family Ties (Live in Paris, The Big Steppers Tour) - FULL VIDEO",,,,youtube,9P8QnElz8JQ,,"2026-10-09 18:30",,https://www.youtube.com/watch?v=9P8QnElz8JQ
"Bad Omens x Poppy - V.A.N (Official Music Video)",,,,youtube,ev_vPbqUlZs,,"2026-10-09 18:30",,https://www.youtube.com/watch?v=ev_vPbqUlZs
"Basement Jaxx   All I Know",,,,youtube,GC0yFwBywVw,,"2026-10-09 18:30",,https://www.youtube.com/watch?v=GC0yFwBywVw
"HIDEKI NAGANUMA - LUV CAN SAVE U [luv can extend u mix]",,,,youtube,p93gqqXkHgs,,"2026-10-09 18:31",,https://www.youtube.com/watch?v=p93gqqXkHgs
"BEJALVIN & parker ihn uh hul - BRAIN CREMATION (Official Music Video)",,,,youtube,lXtINVkl_7A,,"2026-10-09 18:31",,https://www.youtube.com/watch?v=lXtINVkl_7A
"björk : army of me (HD)",,,,youtube,jPeheoBa2_Y,,"2026-10-09 18:31",,https://www.youtube.com/watch?v=jPeheoBa2_Y
"Release (Ft. Saul Williams, Lyrics Born & Zach de la Rocha) - Blackalicious HQ",,,,youtube,yIgSerx3Uu8,,"2026-10-09 18:31",,https://www.youtube.com/watch?v=yIgSerx3Uu8
"The Bad Touch (Eiffel 65 Remix)",,,,youtube,H5MtQA5dvrU,,"2026-10-09 18:31",,https://www.youtube.com/watch?v=H5MtQA5dvrU
"Bomb Rush Cyberfunk OST - Anime Break",,,,youtube,e6CQisL3dfE,,"2026-10-09 18:31",,https://www.youtube.com/watch?v=e6CQisL3dfE
"Modeselektor Remix","Boys Noize",,,youtube,MRgZ5gbt66Y,,"2026-10-09 18:31",,https://www.youtube.com/watch?v=MRgZ5gbt66Y
"[CHOREOGRAPHY] BTS (방탄소년단) '피 땀 눈물 (Blood Sweat & Tears)' Dance Practice",,,,youtube,v8z1TtlY1no,,"2026-10-09 18:31",,https://www.youtube.com/watch?v=v8z1TtlY1no
"Burial - Untitled 2",,,,youtube,w9McuU4GUlg,,"2026-10-09 18:31",,https://www.youtube.com/watch?v=w9McuU4GUlg
"cali cartier - Beatbox Remix",,,,youtube,C0bEILh1Tdk,,"2026-10-09 18:31",,https://www.youtube.com/watch?v=C0bEILh1Tdk
"Charli xcx - Guess featuring billie eilish (official video)",,,,youtube,huGd4efgdPA,,"2026-10-09 18:31",,https://www.youtube.com/watch?v=huGd4efgdPA
"Charli xcx - Rewind (official lyric video)",,,,youtube,WlM7nm3TLnY,,"2026-10-09 18:31",,https://www.youtube.com/watch?v=WlM7nm3TLnY
"Childish Gambino - II. Worldstar - STUDENT VIDEO",,,,youtube,xyRhw1trBkY,,"2026-10-09 18:31",,https://www.youtube.com/watch?v=xyRhw1trBkY
"Christina Milian - AM To PM",,,,youtube,ZwZkfiaLfWQ,,"2026-10-09 18:31",,https://www.youtube.com/watch?v=ZwZkfiaLfWQ
"[Vocaloid Original] Copycat (GUMI English) (Copycat Meme Song)",,,,youtube,JNUfx8GkDbM,,"2026-10-09 18:31",,https://www.youtube.com/watch?v=JNUfx8GkDbM
"Everlasting Love",Release,,,youtube,DV9IB8fhyQk,,"2026-10-09 18:31",,https://www.youtube.com/watch?v=DV9IB8fhyQk
"Vapid Feels Ain't Vapid","Clarence Clarity",,,youtube,hyV0etIoYdk,,"2026-10-09 18:31",,https://www.youtube.com/watch?v=hyV0etIoYdk
"Clean Bandit - A&E ft. Kandaka Moore & Nikki Cislyn (Channel 4's Random Acts)",,,,youtube,_VvILRC6QAk,,"2026-10-09 18:31",,https://www.youtube.com/watch?v=_VvILRC6QAk
Tank!,SEATBELTS,,,youtube,UFFa0QoHWvE,,"2026-10-09 18:31",,https://www.youtube.com/watch?v=UFFa0QoHWvE
"Crash Bandicoot 1 Theme",,,,youtube,4i8qAZOu5-g,,"2026-10-09 18:31",,https://www.youtube.com/watch?v=4i8qAZOu5-g
Crush3D,CRUSH3d,,,youtube,NA5YbhDoPOk,,"2026-10-09 18:31",,https://www.youtube.com/watch?v=NA5YbhDoPOk
Crush3D,CRUSH3d,,,youtube,NA5YbhDoPOk,,"2026-10-09 18:32",,https://www.youtube.com/watch?v=NA5YbhDoPOk
"Crydajam - If You Give Me The Love I Want",,,,youtube,OhJNaYYLDJg,,"2026-10-09 18:32",,https://www.youtube.com/watch?v=OhJNaYYLDJg
"Crystal Castles Story",,,,youtube,w1I4trD25TQ,,"2026-10-09 18:32",,https://www.youtube.com/watch?v=w1I4trD25TQ
"Cansei De Ser Sexy - Superafim",,,,youtube,3bJ4jdj0Tgs,,"2026-10-09 18:32",,https://www.youtube.com/watch?v=3bJ4jdj0Tgs
"Muchomorr - Chodze (Cyberpunk 2077 88.9 Pacific Dreams)",,,,youtube,DxjX7qmLSqc,,"2026-10-09 18:32",,https://www.youtube.com/watch?v=DxjX7qmLSqc
"CYBERPUNK 2077 SOUNDTRACK - VIOLENCE by Le Destroy & The Bait (Official Video)",,,,youtube,oDezwLUsvBI,,"2026-10-09 18:32",,https://www.youtube.com/watch?v=oDezwLUsvBI
"Us Cracks feat. Kerry Eurodyne - Off the Leash (Namakopuri & Damian Ukeje)",,,,youtube,uHN_m0n7hTg,,"2026-10-09 18:32",,https://www.youtube.com/watch?v=uHN_m0n7hTg
"Nablus - Follow the White Crow (Cyberpunk 2077 103.5 Radio Pebkac)",,,,youtube,xHqmQxlA3rU,,"2026-10-09 18:32",,https://www.youtube.com/watch?v=xHqmQxlA3rU
"Private Press/CulteX - La Canopée (Cyberpunk 2077 Radio Pebkac)",,,,youtube,YLSwxwHKIn4,,"2026-10-09 18:32",,https://www.youtube.com/watch?v=YLSwxwHKIn4
"Choke Hold","Idris Elba",,,youtube,m6yF9niv0gQ,,"2026-10-09 18:32",,https://www.youtube.com/watch?v=m6yF9niv0gQ
"i just fucking ijbol",Release,,,youtube,Y5GJyHDPi7I,,"2026-10-09 18:32",,https://www.youtube.com/watch?v=Y5GJyHDPi7I
"DELTARUNE CHAPTERS 3 AND 4 FULL PLAYTHROUGH",,,,youtube,7tfbKkzEgjc,,"2026-10-09 18:32",,https://www.youtube.com/watch?v=7tfbKkzEgjc
"Dem Franchize Boyz - I Think They Like Me f/ Jermaine Dupri, Da Brat & Bow Wow",,,,youtube,w5vxVuee5qA,,"2026-10-09 18:32",,https://www.youtube.com/watch?v=w5vxVuee5qA
"DEV - Kiss It (Explicit Version) ft. Sage The Gemini",,,,youtube,1VuYhd5GU70,,"2026-10-09 18:32",,https://www.youtube.com/watch?v=1VuYhd5GU70
Lyposuct,D.I.M.,,,youtube,4VxLypaui6Q,,"2026-10-09 18:32",,https://www.youtube.com/watch?v=4VxLypaui6Q
"Jammin The House Gerald - Hold Up  (Chiwax Classic Edition 020)",,,,youtube,M8HHTL3HXNk,,"2026-10-09 18:32",,https://www.youtube.com/watch?v=M8HHTL3HXNk
"DJ Snake, AlunaGeorge - You Know You Like It",,,,youtube,aBn7bjy9c4U,,"2026-10-09 18:32",,https://www.youtube.com/watch?v=aBn7bjy9c4U
"HBP Kadaver〔124ʙᴘᴍ〕",,,,youtube,KYbeHIBocnc,,"2026-10-09 18:32",,https://www.youtube.com/watch?v=KYbeHIBocnc
"eyes off the wheel, i'm a star","Jane Remover",,,youtube,bxR_0Zo4wfw,,"2026-10-09 18:32",,https://www.youtube.com/watch?v=bxR_0Zo4wfw
"The Elephant Man","John Morris",,,youtube,3j03mo9bH9g,,"2026-10-09 18:32",,https://www.youtube.com/watch?v=3j03mo9bH9g
"Celebrate (The Dissociatives Remix)","Empire Of The Sun",,,youtube,GtiohX08zMU,,"2026-10-09 18:32",,https://www.youtube.com/watch?v=GtiohX08zMU
"Tonight (I'm Fuckin' You)","Enrique Iglesias",,,youtube,-yFj3FvoOWY,,"2026-10-09 18:32",,https://www.youtube.com/watch?v=-yFj3FvoOWY
"EXO 엑소 'Love Shot' MV",,,,youtube,pSudEWBAYRE,,"2026-10-09 18:32",,https://www.youtube.com/watch?v=pSudEWBAYRE
"Fall Out Boy - Thnks fr th Mmrs (Official Music Video)",,,,youtube,onzL0EM1pKY,,"2026-10-09 18:33",,https://www.youtube.com/watch?v=onzL0EM1pKY
"Feist - One Evening",,,,youtube,wBavrE3as4M,,"2026-10-09 18:33",,https://www.youtube.com/watch?v=wBavrE3as4M
"Sharks Aren't Fish",,,,youtube,-C3lR3pczjo,,"2026-10-09 18:33",,https://www.youtube.com/watch?v=-C3lR3pczjo
"Flux Pavilion - I Can't Stop",,,,youtube,3Q9rewnLFYw,,"2026-10-09 18:33",,https://www.youtube.com/watch?v=3Q9rewnLFYw
"Especial Fim de Ano MC GW (Medley 2025)",,,,youtube,y2070_Olstw,,"2026-10-09 18:33",,https://www.youtube.com/watch?v=y2070_Olstw
"Fortnite You Don't Know Me Lobby Music Original (By Hoshikuma Minami)",,,,youtube,jRLeErPLZ_M,,"2026-10-09 18:33",,https://www.youtube.com/watch?v=jRLeErPLZ_M
"Fortnite | Pea Like Me Lobby Music (C5S3 Battle Pass)",,,,youtube,dYonFY1Qydo,,"2026-10-09 18:33",,https://www.youtube.com/watch?v=dYonFY1Qydo
"TOBACCO - Fresh Hex (Feat. Beck)",,,,youtube,DpvPZbmzuy8,,"2026-10-09 18:33",,https://www.youtube.com/watch?v=DpvPZbmzuy8
"Gettin' Freaky (Main Menu) - Friday Night Funkin' OST",,,,youtube,wmrMTGOoHqY,,"2026-10-09 18:33",,https://www.youtube.com/watch?v=wmrMTGOoHqY
"Fresh - Friday Night Funkin' OST",,,,youtube,mx82b-3A--Q,,"2026-10-09 18:33",,https://www.youtube.com/watch?v=mx82b-3A--Q
"Fresh - Friday Night Funkin' OST",,,,youtube,mx82b-3A--Q,,"2026-10-09 18:33",,https://www.youtube.com/watch?v=mx82b-3A--Q
"Start Screen (Itch.io Build) - Friday Night Funkin' OST",,,,youtube,V4sMkQ9Ou6w,,"2026-10-09 18:33",,https://www.youtube.com/watch?v=V4sMkQ9Ou6w
"Roses - Friday Night Funkin' OST",,,,youtube,DKs-Tkw4X3I,,"2026-10-09 18:33",,https://www.youtube.com/watch?v=DKs-Tkw4X3I
"Thorns - Friday Night Funkin' OST",,,,youtube,lWja270s6qA,,"2026-10-09 18:33",,https://www.youtube.com/watch?v=lWja270s6qA
"From First To Last - The Latest Plague",,,,youtube,6l6dU3DCWQg,,"2026-10-09 18:33",,https://www.youtube.com/watch?v=6l6dU3DCWQg
Easy,"Genesis Owusu",,,youtube,q8Z5cNnOa3Q,,"2026-10-09 18:33",,https://www.youtube.com/watch?v=q8Z5cNnOa3Q
"Gorillaz - Empire Ants ft. Little Dragon (Official Video)",,,,youtube,C-yP9f0gadU,,"2026-10-09 18:33",,https://www.youtube.com/watch?v=C-yP9f0gadU
"Gorillaz- Glitter Freeze ( Feat. Mark E. Smith)",,,,youtube,9lGRAOtxZnc,,"2026-10-09 18:33",,https://www.youtube.com/watch?v=9lGRAOtxZnc
"GRIND MODE - Xtascy Floating (Official Music Video)",,,,youtube,CJL900HcdSg,,"2026-10-09 18:33",,https://www.youtube.com/watch?v=CJL900HcdSg
"Guitar Vader - Magical Girl",,,,youtube,TkXFXGNL1cY,,"2026-10-09 18:33",,https://www.youtube.com/watch?v=TkXFXGNL1cY
"Halsey - Without Me",,,,youtube,ZAfAud_M_mg,,"2026-10-09 18:33",,https://www.youtube.com/watch?v=ZAfAud_M_mg
"Натали  - Черепашка (Официальный клип)",,,,youtube,ObJjLzM5VjA,,"2026-10-09 18:34",,https://www.youtube.com/watch?v=ObJjLzM5VjA
Electricity,Utada,,,youtube,wMNXFLmIhGY,,"2026-10-09 18:34",,https://www.youtube.com/watch?v=wMNXFLmIhGY
"Electricity (Live)",Utada,,,youtube,VMbff7yNmAs,,"2026-10-09 18:34",,https://www.youtube.com/watch?v=VMbff7yNmAs
"Electricity (Live)",Utada,,,youtube,VMbff7yNmAs,,"2026-10-09 18:34",,https://www.youtube.com/watch?v=VMbff7yNmAs
"Try Hard","Cédric Menendez",,,youtube,TCQu4shQ-20,,"2026-10-09 18:34",,https://www.youtube.com/watch?v=TCQu4shQ-20
"Jamie xx - Sleep Sound",,,,youtube,0fOHh5Q7Q1E,,"2026-10-09 18:34",,https://www.youtube.com/watch?v=0fOHh5Q7Q1E
"Jamie XX feat Romy & Olivier - Stranger in a room & SeeSaw @BBCR1",,,,youtube,6jqKUWf-x9Y,,"2026-10-09 18:34",,https://www.youtube.com/watch?v=6jqKUWf-x9Y
"Kanye West, Jay-Z - H*A*M (VEVO Presents: G.O.O.D. Music)",,,,youtube,UtoHI0JEfDg,,"2026-10-09 18:34",,https://www.youtube.com/watch?v=UtoHI0JEfDg
"[Jet Set Radio] Just Got Wicked",,,,youtube,UA7e4ZDr2Nc,,"2026-10-09 18:34",,https://www.youtube.com/watch?v=UA7e4ZDr2Nc
"Jodeci - Freak'N You",,,,youtube,oYwL-FzFDKQ,,"2026-10-09 18:34",,https://www.youtube.com/watch?v=oYwL-FzFDKQ
"JoJo's Bizarre Adventure: Golden Wind - Ending Song「Freak N You」by Jodeci",,,,youtube,1lTg2OwiVwc,,"2026-10-09 18:34",,https://www.youtube.com/watch?v=1lTg2OwiVwc
"Libtard Anthem",JPEGMAFIA,,,youtube,LkHQMogDiV0,,"2026-10-09 18:34",,https://www.youtube.com/watch?v=LkHQMogDiV0
"FREAKYMAFIACULT - HATE",,,,youtube,Bde96_BvCbU,,"2026-10-09 18:34",,https://www.youtube.com/watch?v=Bde96_BvCbU
"Im Blue Goofy (With Vocal Only)",,,,youtube,rMqduRssOIE,,"2026-10-09 18:34",,https://www.youtube.com/watch?v=rMqduRssOIE
"Katamari Fortissimo Damacy - 10 - Gin & Tonic & Red Red Roses (A Crimson Rose and a Gin Tonic)",,,,youtube,AnkcKdOubZA,,"2026-10-09 18:34",,https://www.youtube.com/watch?v=AnkcKdOubZA
"Kendrick Lamar - i (Official Video)",,,,youtube,8aShfolR6w8,,"2026-10-09 18:34",,https://www.youtube.com/watch?v=8aShfolR6w8
"Kendrick Lamar - XXX. (but only the best part)",,,,youtube,xAaOOGRjlxI,,"2026-10-09 18:34",,https://www.youtube.com/watch?v=xAaOOGRjlxI
"Keri Hilson - Turnin Me On (Official Music Video) ft. Lil Wayne",,,,youtube,vNvbS0XUZWU,,"2026-10-09 18:34",,https://www.youtube.com/watch?v=vNvbS0XUZWU
"Kevin MacLeod: The Builder [1 HOUR]",,,,youtube,ZVAf3PCGkWY,,"2026-10-09 18:34",,https://www.youtube.com/watch?v=ZVAf3PCGkWY
"Kill La Kill OST - Nui Harime Theme (KiLLaKiLL)",,,,youtube,r23jpBjLi8s,,"2026-10-09 18:34",,https://www.youtube.com/watch?v=r23jpBjLi8s
"Kush Kush – I'm Blue [Official Video]",,,,youtube,3BkhMIOVuYE,,"2026-10-09 18:34",,https://www.youtube.com/watch?v=3BkhMIOVuYE
"Lady GaGa Paparazzi (Yuksek Remix)",,,,youtube,pcTS09csaOc,,"2026-10-09 18:34",,https://www.youtube.com/watch?v=pcTS09csaOc
"Lady Gaga - Paparazzi (Official Music Video)",,,,youtube,d2smz_1L2_0,,"2026-10-09 18:34",,https://www.youtube.com/watch?v=d2smz_1L2_0
"Lady Gaga - G.U.Y. (An ARTPOP Film) (Broadcast Edit)",,,,youtube,ohs0a-QnFF4,,"2026-10-09 18:35",,https://www.youtube.com/watch?v=ohs0a-QnFF4
"Lady Gaga, Elton John - Sine From Above (Audio)",,,,youtube,O9GUJ7Wqy3A,,"2026-10-09 18:35",,https://www.youtube.com/watch?v=O9GUJ7Wqy3A
"Inside the Deku Tree - The Legend of Zelda: Ocarina of Time Music Extended",,,,youtube,l6SUONt4Czo,,"2026-10-09 18:35",,https://www.youtube.com/watch?v=l6SUONt4Czo
"Zelda- Ocarina of Time Music - Fire Temple [chanting version]",,,,youtube,tZGnJF1R0WU,,"2026-10-09 18:35",,https://www.youtube.com/watch?v=tZGnJF1R0WU
"Escape from Ganon's Castle - The Legend of Zelda: Ocarina of Time Music Extended",,,,youtube,K3oLB_Od2vc,,"2026-10-09 18:35",,https://www.youtube.com/watch?v=K3oLB_Od2vc
"Precisely dive deep into North Lomei Chasm | The Legend of Zelda: Tears of the Kingdom",,,,youtube,79XsVMdZy88,,"2026-10-09 18:35",,https://www.youtube.com/watch?v=79XsVMdZy88
"Lego Racers Music - Extra Music 10",,,,youtube,YZG_rl42-l4,,"2026-10-09 18:35",,https://www.youtube.com/watch?v=YZG_rl42-l4
"Among Us Drip Theme Song Original (Among Us Trap Remix / Amogus Meme Music)",,,,youtube,grd-K33tOSM,,"2026-10-09 18:35",,https://www.youtube.com/watch?v=grd-K33tOSM
"kick of a lifetime (Dariacore 3)",,,,youtube,qI2VNwD_1l8,,"2026-10-09 18:35",,https://www.youtube.com/watch?v=qI2VNwD_1l8
"Lil Reek ft. Quay - ""Donut Shop Trappin"" (Prod. by Brodinski & Max Ant)",,,,youtube,vvJ9MMCiMDk,,"2026-10-09 18:35",,https://www.youtube.com/watch?v=vvJ9MMCiMDk
"Linkin Park - Kyur4 Th Ich",,,,youtube,Wcra0m6ErwA,,"2026-10-09 18:35",,https://www.youtube.com/watch?v=Wcra0m6ErwA
"The G.O.A.T","LL COOL J",,,youtube,lLte2Bz-E-E,,"2026-10-09 18:35",,https://www.youtube.com/watch?v=lLte2Bz-E-E
"Spring Break Anthem (Music Video Only Version)",,,,youtube,jUw4Qh9uFK8,,"2026-10-09 18:35",,https://www.youtube.com/watch?v=jUw4Qh9uFK8
"Ludacris - Move B***H (Official Music Video) ft. Mystikal, I-20",,,,youtube,tw429JGL5zo,,"2026-10-09 18:35",,https://www.youtube.com/watch?v=tw429JGL5zo
"The Truth Behind 1 2 Oatmeal (Hilarious Song Request)",,,,youtube,ypIzt5tUZTo,,"2026-10-09 18:35",,https://www.youtube.com/watch?v=ypIzt5tUZTo
"Interior With Billiard Balls & Synthetic Fat",Matmos,,,youtube,JVhlN4wEPR0,,"2026-10-09 18:35",,https://www.youtube.com/watch?v=JVhlN4wEPR0
"Bamboo Banga",M.I.A.,,,youtube,w-itOhPuOSU,,"2026-10-09 18:35",,https://www.youtube.com/watch?v=w-itOhPuOSU
"THE MESSAGE",M.I.A.,,,youtube,PWKQEuoRSpE,,"2026-10-09 18:35",,https://www.youtube.com/watch?v=PWKQEuoRSpE
"M.I.A. - Born Free",,,,youtube,IeMvUlxXyz8,,"2026-10-09 18:35",,https://www.youtube.com/watch?v=IeMvUlxXyz8
Marigold,M.I.A.,,,youtube,5LugDbaqk8o,,"2026-10-09 18:35",,https://www.youtube.com/watch?v=5LugDbaqk8o
"MIMI ZIMA - BACK OF THE TRUCK",,,,youtube,Pi0fm8IXGQE,,"2026-10-09 18:35",,https://www.youtube.com/watch?v=Pi0fm8IXGQE
"MOHITO FEAT. HOWARD JONES - 'Slip Away' (Radio Mix)",,,,youtube,znoEjpziZ30,,"2026-10-09 18:35",,https://www.youtube.com/watch?v=znoEjpziZ30
"M.O.O.N. - 'Hydrogen' [Hotline Miami Soundtrack]",,,,youtube,SNE2oCZH_4k,,"2026-10-09 18:35",,https://www.youtube.com/watch?v=SNE2oCZH_4k
"Copening Redits","Mr. Oizo",,,youtube,2uHenytOVcM,,"2026-10-09 18:36",,https://www.youtube.com/watch?v=2uHenytOVcM
"The Cruel Angel's Thesis (Director's Edit Version)","Yoko Takahashi",,,youtube,k8ozVkIkr-g,,"2026-10-09 18:36",,https://www.youtube.com/watch?v=k8ozVkIkr-g
"New Super Mario Bros. DS - All Ghost House Levels",,,,youtube,7UuShB6LEh0,,"2026-10-09 18:36",,https://www.youtube.com/watch?v=7UuShB6LEh0
"New Super Mario Bros. (DS) 100% Walkthrough - World 8 / Final Boss (All Star Coins & Secret Exits)",,,,youtube,iJ3x4ClbORU,,"2026-10-09 18:36",,https://www.youtube.com/watch?v=iJ3x4ClbORU
"Desert - New Super Mario Bros. Wii Music",,,,youtube,_Ofwl7PJn7U,,"2026-10-09 18:36",,https://www.youtube.com/watch?v=_Ofwl7PJn7U
"Panic! At The Disco : Lying Is The Most Fun... [OFFICIAL VIDEO]",,,,youtube,8AZxUtZ2ZgI,,"2026-10-09 18:36",,https://www.youtube.com/watch?v=8AZxUtZ2ZgI
"Heartbeat, Heartbreak - Persona 4 OST [Extended]",,,,youtube,qOLFblc_xcM,,"2026-10-09 18:36",,https://www.youtube.com/watch?v=qOLFblc_xcM
"Raspy Shit",Pharrell,,,youtube,kERHoXbId0g,,"2026-10-09 18:36",,https://www.youtube.com/watch?v=kERHoXbId0g
"Song for Denise","Piano Fantasia",,,youtube,aLp8SISp4nM,,"2026-10-09 18:36",,https://www.youtube.com/watch?v=aLp8SISp4nM
"PinkPantheress - Another life (feat. Rema) [Visualiser]",,,,youtube,pmyTi8JebD4,,"2026-10-09 18:36",,https://www.youtube.com/watch?v=pmyTi8JebD4
"P.O.D. - Youth of the Nation (Official Music Video) [HD]",,,,youtube,EDKwCvD56kw,,"2026-10-09 18:36",,https://www.youtube.com/watch?v=EDKwCvD56kw
"Rammstein - Radio (Official Video)",,,,youtube,z0NfI2NeDHI,,"2026-10-09 18:36",,https://www.youtube.com/watch?v=z0NfI2NeDHI
"Title Screen Theme - Rhythm Heaven Groove [OST]",,,,youtube,QECUnwHEYBI,,"2026-10-09 18:36",,https://www.youtube.com/watch?v=QECUnwHEYBI
"Fillbots - Rhythm Heaven",,,,youtube,07Dr_nJTGxI,,"2026-10-09 18:36",,https://www.youtube.com/watch?v=07Dr_nJTGxI
"The Dazzles (Love Ooh Ooh Paradise) - Rhythm Heaven (ENG Version)",,,,youtube,4EvH4AFCFKw,,"2026-10-09 18:36",,https://www.youtube.com/watch?v=4EvH4AFCFKw
"[Rhythm Heaven Fever] ~ Karate Man (Perfect)",,,,youtube,JErtGVTioPc,,"2026-10-09 18:36",,https://www.youtube.com/watch?v=JErtGVTioPc
"[Rhythm Heaven Fever] ~ Karate Man 2 (Perfect)",,,,youtube,XQ2GUKB9GBM,,"2026-10-09 18:36",,https://www.youtube.com/watch?v=XQ2GUKB9GBM
"Battle of the Bands - Rhythm Heaven",,,,youtube,AFbqVaAHlIg,,"2026-10-09 18:36",,https://www.youtube.com/watch?v=AFbqVaAHlIg
"Title Screen - Rhythm Heaven Fever",,,,youtube,-dr-tCUAdec,,"2026-10-09 18:36",,https://www.youtube.com/watch?v=-dr-tCUAdec
"[Rhythm Heaven Fever] ~ Screwbot Factory 2 (Perfect)",,,,youtube,60-e0oK7gE0,,"2026-10-09 18:36",,https://www.youtube.com/watch?v=60-e0oK7gE0
"Fork Lifter - Rhythm Heaven Fever",,,,youtube,Alxw27a-BvQ,,"2026-10-09 18:36",,https://www.youtube.com/watch?v=Alxw27a-BvQ
"[Rhythm Heaven Fever] ~ Cheer Readers 2 (Perfect)",,,,youtube,Hkdf7SEiQFE,,"2026-10-09 18:36",,https://www.youtube.com/watch?v=Hkdf7SEiQFE
"Screwbot Factory 2 - Rhythm Heaven Fever (Egyptian Trend Song)",,,,youtube,NVxD8565p0A,,"2026-10-09 18:37",,https://www.youtube.com/watch?v=NVxD8565p0A
"Hi-Hat (Rhythm Epilation) - Rhythm Heaven Fever",,,,youtube,nlGnzhCFfoM,,"2026-10-09 18:37",,https://www.youtube.com/watch?v=nlGnzhCFfoM
"[Rhythm Heaven Fever] ~ Tap Trial",,,,youtube,4f_2e36J1FY,,"2026-10-09 18:37",,https://www.youtube.com/watch?v=4f_2e36J1FY
"Rihanna - Where Have You Been",,,,youtube,HBxt_v0WF6Y,,"2026-10-09 18:37",,https://www.youtube.com/watch?v=HBxt_v0WF6Y
"LEGO - 8-bit trip",,,,youtube,4qsWFFuYZYI,,"2026-10-09 18:37",,https://www.youtube.com/watch?v=4qsWFFuYZYI
"Sailor Moon Usagi & Mamoru Meet For The First Time",,,,youtube,zB7qZL_vuU8,,"2026-10-09 18:37",,https://www.youtube.com/watch?v=zB7qZL_vuU8
"Depersonalization vs Derealization",,,,youtube,_1GCjggflEU,,"2026-10-09 18:37",,https://www.youtube.com/watch?v=_1GCjggflEU
"Shadow Dancer-This Is This",,,,youtube,Zrp0euKWvlo,,"2026-10-09 18:37",,https://www.youtube.com/watch?v=Zrp0euKWvlo
"Six Sex- Ahhhhhh",,,,youtube,0yNJsfzdUrw,,"2026-10-09 18:37",,https://www.youtube.com/watch?v=0yNJsfzdUrw
"Haunting Me","Snow Strippers",,,youtube,7I7tsZIyYSI,,"2026-10-09 18:37",,https://www.youtube.com/watch?v=7I7tsZIyYSI
"SOPHIE - L.O.V.E. (Official Stream)",,,,youtube,BY9ejw1728w,,"2026-10-09 18:37",,https://www.youtube.com/watch?v=BY9ejw1728w
"Smash Mouth - Then The Morning Comes",,,,youtube,cB9JJIoAdYM,,"2026-10-09 18:37",,https://www.youtube.com/watch?v=cB9JJIoAdYM
"Sonic 1 Music: Drowning",,,,youtube,9Yw5jkAHgME,,"2026-10-09 18:37",,https://www.youtube.com/watch?v=9Yw5jkAHgME
"Vela-Nova - Sonic Rush [OST]",,,,youtube,-7WQn-SXYZ4,,"2026-10-09 18:37",,https://www.youtube.com/watch?v=-7WQn-SXYZ4
"Crisis City - Sonic the Hedgehog [OST]",,,,youtube,TKNQEol9OXM,,"2026-10-09 18:37",,https://www.youtube.com/watch?v=TKNQEol9OXM
"Yyy / Nnn",Soulwax,,,youtube,1wvil5HODrA,,"2026-10-09 18:37",,https://www.youtube.com/watch?v=1wvil5HODrA
"Splatoon - All songs with the ""Onward"" Leitmotif",,,,youtube,MU-xksgr_V4,,"2026-10-09 18:37",,https://www.youtube.com/watch?v=MU-xksgr_V4
"In-Depth Inkopolis Square Tour - Splatoon 2 Splatfest Demo",,,,youtube,JrKngpVDUXk,,"2026-10-09 18:37",,https://www.youtube.com/watch?v=JrKngpVDUXk
"Undertow - Splatoon 2 [Wet Floor]",,,,youtube,0UmeWYqQIkM,,"2026-10-09 18:37",,https://www.youtube.com/watch?v=0UmeWYqQIkM
"♪ Acid Hues ♫ Caitlin Koi Lyric Video - Splatoon 2",,,,youtube,NQuNXvwYDnM,,"2026-10-09 18:37",,https://www.youtube.com/watch?v=NQuNXvwYDnM
"Splatoon 2 OST - Shooting Starfish (w/ Final Checkpoint)",,,,youtube,w7PlfZxQErE,,"2026-10-09 18:37",,https://www.youtube.com/watch?v=w7PlfZxQErE
"Splatoon 2 - Squid Beats 2 - 10. Octo Canyon - Turquoise October",,,,youtube,CT0tBOs8OZo,,"2026-10-09 18:37",,https://www.youtube.com/watch?v=CT0tBOs8OZo
"Splatoon 2 OST - Shooting Starfish (w/ Final Checkpoint)",,,,youtube,w7PlfZxQErE,,"2026-10-09 18:38",,https://www.youtube.com/watch?v=w7PlfZxQErE
"Splatoon 2 OST - Shooting Starfish (w/ Final Checkpoint)",,,,youtube,w7PlfZxQErE,,"2026-10-09 18:38",,https://www.youtube.com/watch?v=w7PlfZxQErE
"Splatoon 2 OST - Shooting Starfish (w/ Final Checkpoint)",,,,youtube,w7PlfZxQErE,,"2026-10-09 18:38",,https://www.youtube.com/watch?v=w7PlfZxQErE
"Splatoon 3 - Anarchy Poisons/Triple Mix (Version 2)",,,,youtube,b2SYcQEY0h8,,"2026-10-09 18:38",,https://www.youtube.com/watch?v=b2SYcQEY0h8
"🌈 Anarchy Rainbow ♫ Caitlin Koi Lyric Video - Splatoon 3",,,,youtube,B0aW3g2j9oQ,,"2026-10-09 18:38",,https://www.youtube.com/watch?v=B0aW3g2j9oQ
"Splatoon 3 - Anarchy Poisons/Triple Mix (Version 2)",,,,youtube,b2SYcQEY0h8,,"2026-10-09 18:38",,https://www.youtube.com/watch?v=b2SYcQEY0h8
"Splatoon 3 - Alterna: Agent Frye and Shiver ""We Are Deep Cut"" Cutscene Unlock Site 2, Green Balloons",,,,youtube,qlubhke_lHM,,"2026-10-09 18:38",,https://www.youtube.com/watch?v=qlubhke_lHM
"Splatoon 3 | Anxiety Society - Hyper Diver",,,,youtube,JyBjsoRSPlk,,"2026-10-09 18:38",,https://www.youtube.com/watch?v=JyBjsoRSPlk
"Deep Cut Introduction - Splatoon 3 OST",,,,youtube,RAMU3dyv7mI,,"2026-10-09 18:38",,https://www.youtube.com/watch?v=RAMU3dyv7mI
"Evolution of Agent 3 in Splatoon Games (2015-2022)",,,,youtube,XklSsX2ltjk,,"2026-10-09 18:38",,https://www.youtube.com/watch?v=XklSsX2ltjk
"Splatoon3 DLC OST 7 : Order Sector",,,,youtube,HyZG1QcatKo,,"2026-10-09 18:38",,https://www.youtube.com/watch?v=HyZG1QcatKo
"How To Get EVERYTHING in Side Order - Splatoon 3",,,,youtube,9i1BjYJ4apc,,"2026-10-09 18:38",,https://www.youtube.com/watch?v=9i1BjYJ4apc
"Routin3s - Free Association",,,,youtube,1dSGrv_vxOk,,"2026-10-09 18:38",,https://www.youtube.com/watch?v=1dSGrv_vxOk
"Routin3s - Free Association",,,,youtube,1dSGrv_vxOk,,"2026-10-09 18:38",,https://www.youtube.com/watch?v=1dSGrv_vxOk
"Super Mario Bros. 2 - Wart (No Damage)",,,,youtube,O1s6O1dxRU4,,"2026-10-09 18:38",,https://www.youtube.com/watch?v=O1s6O1dxRU4
"Super Mario Bros. 3 - Underworld Theme",,,,youtube,TmnZgBpYG_4,,"2026-10-09 18:38",,https://www.youtube.com/watch?v=TmnZgBpYG_4
"Super Mario Bros. 3 - Fortress Theme",,,,youtube,wEc6-RUYVoE,,"2026-10-09 18:38",,https://www.youtube.com/watch?v=wEc6-RUYVoE
"Super Mario Bros 3 - All Warp Whistle Locations",,,,youtube,VW33V2BhnCA,,"2026-10-09 18:38",,https://www.youtube.com/watch?v=VW33V2BhnCA
"Super Mario Bros. 3 (7): World 7 - Pipe Land / Pipe Maze",,,,youtube,ezkDCUBCiTg,,"2026-10-09 18:38",,https://www.youtube.com/watch?v=ezkDCUBCiTg
"Intro - Super Mario Sunshine (Opening Cutscene, First Shine)",,,,youtube,L9EBr8UO_og,,"2026-10-09 18:38",,https://www.youtube.com/watch?v=L9EBr8UO_og
Underground,,,,youtube,ybhl4uV0Hq4,,"2026-10-09 18:38",,https://www.youtube.com/watch?v=ybhl4uV0Hq4
"Il Piantissimo",,,,youtube,RCfxQ1g6jFc,,"2026-10-09 18:38",,https://www.youtube.com/watch?v=RCfxQ1g6jFc
"Super Mario Sunshine - Shadow Mario kidnapping Princess Peach | Mario 3D All-stars",,,,youtube,C6yNV6_TLL8,,"2026-10-09 18:38",,https://www.youtube.com/watch?v=C6yNV6_TLL8
"Baby Bowser Thinks Princess Peach is His Mom - Super Mario Sunshine",,,,youtube,vxWpyjtHLRw,,"2026-10-09 18:39",,https://www.youtube.com/watch?v=vxWpyjtHLRw
"Татьяна Овсиенко - По льду (Official Video, 2001) @MELOMAN-HIT",,,,youtube,7wscMyWZq-I,,"2026-10-09 18:39",,https://www.youtube.com/watch?v=7wscMyWZq-I
"Tinashe - Nasty (Official Video)",,,,youtube,jrjESdPsLxE,,"2026-10-09 18:39",,https://www.youtube.com/watch?v=jrjESdPsLxE
"GOKU VIBES feat. Tohji, Elle Teresa, UNEDUCATED KID & Futuristic Swaver / DJ CHARI & DJ TATSUKI",,,,youtube,ED1nCTvtdgo,,"2026-10-09 18:39",,https://www.youtube.com/watch?v=ED1nCTvtdgo
"""TECHNOVA"" TOWA TEI WITH BEBEL GILBERTO",,,,youtube,sq66jYoFx_c,,"2026-10-09 18:39",,https://www.youtube.com/watch?v=sq66jYoFx_c
"Travis Scott - My Eyes (Part 2)",,,,youtube,v1mGtc-e-yQ,,"2026-10-09 18:39",,https://www.youtube.com/watch?v=v1mGtc-e-yQ
"Travis Scott - SKITZO (Official Audio) ft. Young Thug",,,,youtube,Zk-4WvSPpac,,"2026-10-09 18:39",,https://www.youtube.com/watch?v=Zk-4WvSPpac
"Travis Scott - SKITZO outro (last part only)",,,,youtube,PjQtTUw0HVU,,"2026-10-09 18:39",,https://www.youtube.com/watch?v=PjQtTUw0HVU
"Troye Sivan - Rush (Big Freedia Remix / Official Audio)",,,,youtube,qP-3zHOMvJs,,"2026-10-09 18:39",,https://www.youtube.com/watch?v=qP-3zHOMvJs
"Troye Sivan - Rush (Big Freedia Remix / Dub Mix / Official Audio)",,,,youtube,8RnlHUwIRTI,,"2026-10-09 18:39",,https://www.youtube.com/watch?v=8RnlHUwIRTI
"Uffie - Pop The Glock (Official Video)",,,,youtube,2RA-lXK0c0g,,"2026-10-09 18:39",,https://www.youtube.com/watch?v=2RA-lXK0c0g
"U.S.U.R.A. - Tear It Up! (Official Video) HD - Dance Essentials",,,,youtube,NvkqodHdhGo,,"2026-10-09 18:39",,https://www.youtube.com/watch?v=NvkqodHdhGo
"Title - Vib-Ribbon (Original Soundtrack)",,,,youtube,K6tmA6oTA9I,,"2026-10-09 18:39",,https://www.youtube.com/watch?v=K6tmA6oTA9I
"Tanks (Round End) - Wii Play",,,,youtube,GW_Bvsm4bw8,,"2026-10-09 18:39",,https://www.youtube.com/watch?v=GW_Bvsm4bw8
"Wii Play - Tanks - Missions 1-100 Complete",,,,youtube,orLxrg51xL8,,"2026-10-09 18:39",,https://www.youtube.com/watch?v=orLxrg51xL8
"Wii Play - Laser Hockey - 30 Seconds Left [Wii Play OST]",,,,youtube,6ACEL7PFoT0,,"2026-10-09 18:39",,https://www.youtube.com/watch?v=6ACEL7PFoT0
"Cordae - Locationships [Official Music Video]",,,,youtube,j9ldzDkCXZY,,"2026-10-09 18:39",,https://www.youtube.com/watch?v=j9ldzDkCXZY
"Cordae - Have Mercy (Official Music Video)",,,,youtube,7lzE0kQnVIk,,"2026-10-09 18:39",,https://www.youtube.com/watch?v=7lzE0kQnVIk
"YBN Cordae - Broke As Fuck @ TLA Theatre of Living Arts Philadelphia 02/09/20",,,,youtube,U1TZ4QZUuZM,,"2026-10-09 18:39",,https://www.youtube.com/watch?v=U1TZ4QZUuZM
"Yoshi's Island OST - Castle & Fortress",,,,youtube,34uh4AMthsU,,"2026-10-09 18:39",,https://www.youtube.com/watch?v=34uh4AMthsU
"Yung Skrrt - McDonalds 2 // Music Video",,,,youtube,sgaReJVtvyY,,"2026-10-09 18:39",,https://www.youtube.com/watch?v=sgaReJVtvyY
"The Amazing Digital Circus - Main Theme",,,,youtube,H-AT42lYGBg,,"2026-10-09 18:40",,https://www.youtube.com/watch?v=H-AT42lYGBg
"Winters Love","Animal Collective",,,youtube,T2ShTIcETEs,,"2026-10-09 18:40",,https://www.youtube.com/watch?v=T2ShTIcETEs
"Basement Jaxx & 100 gecs - where’s my head at _",,,,youtube,M3S9AczaI4U,,"2026-10-09 18:40",,https://www.youtube.com/watch?v=M3S9AczaI4U
"GAS STATION",Bejalvin,,,youtube,OjeC1Rj9kS0,,"2026-10-09 18:40",,https://www.youtube.com/watch?v=OjeC1Rj9kS0
"Bella Poarch - Build a B*tch (Official Music Video)",,,,youtube,FLGCGc7sAUw,,"2026-10-09 18:40",,https://www.youtube.com/watch?v=FLGCGc7sAUw
"U Was At The Club (Bottoms Up) - OFFICIAL VIDEO",,,,youtube,j2im_XnThMk,,"2026-10-09 18:40",,https://www.youtube.com/watch?v=j2im_XnThMk
"Bunny Hill (Race 3) - Bunny Hill OST",,,,youtube,yZO70OjMmVM,,"2026-10-09 18:40",,https://www.youtube.com/watch?v=yZO70OjMmVM
"No Angel","Charli XCX",,,youtube,-Jtpm0uWG38,,"2026-10-09 18:40",,https://www.youtube.com/watch?v=-Jtpm0uWG38
"Charli XCX - Vroom Vroom [Official Video]",,,,youtube,qfAqtFuGjWM,,"2026-10-09 18:40",,https://www.youtube.com/watch?v=qfAqtFuGjWM
"Clairo - Sexy to Someone",,,,youtube,w18NGVqm0bg,,"2026-10-09 18:40",,https://www.youtube.com/watch?v=w18NGVqm0bg
"Disney Eurobeat 3 - Disney Mambo Nº5 (The Little Bit...)",,,,youtube,NXAeVLXXIF4,,"2026-10-09 18:40",,https://www.youtube.com/watch?v=NXAeVLXXIF4
"Fatboy Slim - We Want To See These Fingers",,,,youtube,9QmLuBUnErk,,"2026-10-09 18:40",,https://www.youtube.com/watch?v=9QmLuBUnErk
"Frank Ocean - Nights",,,,youtube,r4l9bFqgMaQ,,"2026-10-09 18:40",,https://www.youtube.com/watch?v=r4l9bFqgMaQ
"Bopeebo - Friday Night Funkin' OST",,,,youtube,V60N12UFNN4,,"2026-10-09 18:40",,https://www.youtube.com/watch?v=V60N12UFNN4
"Game Over - Friday Night Funkin' OST",,,,youtube,OsSDYf5yMOE,,"2026-10-09 18:40",,https://www.youtube.com/watch?v=OsSDYf5yMOE
"Cocoa - Friday Night Funkin' OST",,,,youtube,DWdMu4X4jQ0,,"2026-10-09 18:40",,https://www.youtube.com/watch?v=DWdMu4X4jQ0
"Eggnog - Friday Night Funkin' OST",,,,youtube,jQ4QBD-Cu5I,,"2026-10-09 18:40",,https://www.youtube.com/watch?v=jQ4QBD-Cu5I
"Game Over - Friday Night Funkin' OST",,,,youtube,OsSDYf5yMOE,,"2026-10-09 18:40",,https://www.youtube.com/watch?v=OsSDYf5yMOE
"Gorillaz - Empire Ants ft. Little Dragon (Official Video)",,,,youtube,C-yP9f0gadU,,"2026-10-09 18:40",,https://www.youtube.com/watch?v=C-yP9f0gadU
"La La La I Love You - Gummibär - The Gummy Bear",,,,youtube,LVDwipU1l8c,,"2026-10-09 18:40",,https://www.youtube.com/watch?v=LVDwipU1l8c
"La La La I Love You - Gummibär - The Gummy Bear",,,,youtube,LVDwipU1l8c,,"2026-10-09 18:40",,https://www.youtube.com/watch?v=LVDwipU1l8c
"Utada Hikaru - 誰にも言わない (Darenimo iwanai) (I won't tell anybody) (English subs + Lyrics)",,,,youtube,AEwXeQSz09Q,,"2026-10-09 18:41",,https://www.youtube.com/watch?v=AEwXeQSz09Q
"ILOVEMAKONNEN (Feat. Santigold & 1st) - Forever (Official Audio)",,,,youtube,YpZZ6AsXzqo,,"2026-10-09 18:41",,https://www.youtube.com/watch?v=YpZZ6AsXzqo
"Moley's Theme",,,,youtube,hyeeUgI98cY,,"2026-10-09 18:41",,https://www.youtube.com/watch?v=hyeeUgI98cY
"Jamie xx - Gosh",,,,youtube,hTGJfRPLe08,,"2026-10-09 18:41",,https://www.youtube.com/watch?v=hTGJfRPLe08
"Fugue 7777",,,,youtube,XOsdLrYg66I,,"2026-10-09 18:41",,https://www.youtube.com/watch?v=XOsdLrYg66I
"LONELY ROLLING STAR","Saki Kabata",,,youtube,pI5-LvbE4AE,,"2026-10-09 18:41",,https://www.youtube.com/watch?v=pI5-LvbE4AE
"You Are Smart","Katamari Damacy Series SOUND TEAM",,,youtube,Me-opLaRJ5w,,"2026-10-09 18:41",,https://www.youtube.com/watch?v=Me-opLaRJ5w
"Katamari Fortissimo Damacy - 20 - Katamari of Love ~ Ending Theme",,,,youtube,yL-KTt4kD7E,,"2026-10-09 18:41",,https://www.youtube.com/watch?v=yL-KTt4kD7E
I.D.L,"Life Sim",,,youtube,jmhaUTTRYSg,,"2026-10-09 18:41",,https://www.youtube.com/watch?v=jmhaUTTRYSg
"Here I Go (ft. Charli xcx) - Uncensored Version",,,,youtube,kHwpS0LakeU,,"2026-10-09 18:41",,https://www.youtube.com/watch?v=kHwpS0LakeU
"TELL ME WHY",M.I.A.,,,youtube,OuYTuxECq5c,,"2026-10-09 18:41",,https://www.youtube.com/watch?v=OuYTuxECq5c
"M.I.A - Space",,,,youtube,Sed6GsAT5mU,,"2026-10-09 18:41",,https://www.youtube.com/watch?v=Sed6GsAT5mU
"Northeast Party House - L.A (Visualiser)",,,,youtube,B44g4XjvHJQ,,"2026-10-09 18:41",,https://www.youtube.com/watch?v=B44g4XjvHJQ
"N.W.A. - Express Yourself (Official Music Video)",,,,youtube,u31FO_4d9TY,,"2026-10-09 18:41",,https://www.youtube.com/watch?v=u31FO_4d9TY
"Chrome Country","Daniel Lopatin",,,youtube,GVj4v-UCIQo,,"2026-10-09 18:41",,https://www.youtube.com/watch?v=GVj4v-UCIQo
Polyrhythm,Perfume,,,youtube,XDtq9Q5W_zA,,"2026-10-09 18:41",,https://www.youtube.com/watch?v=XDtq9Q5W_zA
Congratulations,,,,youtube,PHgc8Q6qTjc,,"2026-10-09 18:41",,https://www.youtube.com/watch?v=PHgc8Q6qTjc
Loaded,"Primal Scream",,,youtube,sNvUQka4wk0,,"2026-10-09 18:41",,https://www.youtube.com/watch?v=sNvUQka4wk0
"[Rhythm Heaven] - Glee Club (Perfect) (English)",,,,youtube,vYRx9QKhhhg,,"2026-10-09 18:41",,https://www.youtube.com/watch?v=vYRx9QKhhhg
"[Rhythm Heaven] - Glee Club 2 (Perfect) (English)",,,,youtube,EVh7D95cZ08,,"2026-10-09 18:41",,https://www.youtube.com/watch?v=EVh7D95cZ08
"[Rhythm Heaven] - Fan Club (Perfect) (English)",,,,youtube,DNbvktlB0gU,,"2026-10-09 18:41",,https://www.youtube.com/watch?v=DNbvktlB0gU
"[Rhythm Heaven] - Fan Club 2 (Perfect) (English)",,,,youtube,qyNQTiNfu0o,,"2026-10-09 18:41",,https://www.youtube.com/watch?v=qyNQTiNfu0o
"[Rhythm Heaven] - Big Rock Finish (Perfect) (English)",,,,youtube,g5uHzCJflgs,,"2026-10-09 18:41",,https://www.youtube.com/watch?v=g5uHzCJflgs
"Airboarder (That's Paradise) - Rhythm Heaven (ENG Version)",,,,youtube,S2f5doGnqBc,,"2026-10-09 18:42",,https://www.youtube.com/watch?v=S2f5doGnqBc
"Tunnel - Rhythm Heaven",,,,youtube,oKpbI5EW3TY,,"2026-10-09 18:42",,https://www.youtube.com/watch?v=oKpbI5EW3TY
"Prologue (Double Date) - Rhythm Heaven Fever",,,,youtube,yyOyfSb0dcY,,"2026-10-09 18:42",,https://www.youtube.com/watch?v=yyOyfSb0dcY
"[Rhythm Heaven Fever] ~ Air Rally (Perfect)",,,,youtube,pMPf9jvLSdM,,"2026-10-09 18:42",,https://www.youtube.com/watch?v=pMPf9jvLSdM
"Flipper-Flop - Rhythm Heaven Fever",,,,youtube,bBdTOh0zWac,,"2026-10-09 18:42",,https://www.youtube.com/watch?v=bBdTOh0zWac
"[Rhythm Heaven Fever] ~ Double Date (Perfect)",,,,youtube,bFATbuOsar0,,"2026-10-09 18:42",,https://www.youtube.com/watch?v=bFATbuOsar0
"Super Smash Heaven (Rhythm Heaven x Smash Bros Animation)",,,,youtube,DJJmpVvEQ94,,"2026-10-09 18:42",,https://www.youtube.com/watch?v=DJJmpVvEQ94
"Café (Rhythm Heaven) [EXTENDED]",,,,youtube,Fq_0uf6zcAM,,"2026-10-09 18:42",,https://www.youtube.com/watch?v=Fq_0uf6zcAM
"Superb Rating - Rhythm Heaven Fever",,,,youtube,RuEexVjZH7s,,"2026-10-09 18:42",,https://www.youtube.com/watch?v=RuEexVjZH7s
"Schnuffel Bunny - Snuggle Song",,,,youtube,ps9e1vqOKtM,,"2026-10-09 18:42",,https://www.youtube.com/watch?v=ps9e1vqOKtM
"DRAM - Exposure (Official Music Video)",,,,youtube,6KptcBY7HKw,,"2026-10-09 18:42",,https://www.youtube.com/watch?v=6KptcBY7HKw
"Simple Plan - Perfect (Official Video) [HD]",,,,youtube,RUi54JTgL5s,,"2026-10-09 18:42",,https://www.youtube.com/watch?v=RUi54JTgL5s
"Get Out",Smile.dk,,,youtube,HSQhtDvPQZA,,"2026-10-09 18:42",,https://www.youtube.com/watch?v=HSQhtDvPQZA
"Diamond in the Sky - Sonic R [OST]",,,,youtube,JYw8_hSwgX0,,"2026-10-09 18:42",,https://www.youtube.com/watch?v=JYw8_hSwgX0
"Sweet Female Attitude - Flowers (Sam Divine & Curtis Gabriel Remix)",,,,youtube,qN_qy4hD6zA,,"2026-10-09 18:42",,https://www.youtube.com/watch?v=qN_qy4hD6zA
"Sweet Female Attitude - Flowers (Official Video)",,,,youtube,iR2tIyj8_y8,,"2026-10-09 18:42",,https://www.youtube.com/watch?v=iR2tIyj8_y8
"Tchaikovsky - 1812 Overture (Full with Cannons)",,,,youtube,VbxgYlcNxE8,,"2026-10-09 18:42",,https://www.youtube.com/watch?v=VbxgYlcNxE8
"TWS (투어스 ) 'Countdown' (마음 따라 뛰는 건 멋지지 않아?) (Color Coded Lyrics)",,,,youtube,Xnl02j_iGzM,,"2026-10-09 18:42",,https://www.youtube.com/watch?v=Xnl02j_iGzM
"SWEET / I THOUGHT YOU WANTED TO DANCE (Audio)",,,,youtube,ZKjIHQxG_3Q,,"2026-10-09 18:42",,https://www.youtube.com/watch?v=ZKjIHQxG_3Q
"Wave Racer - Look Up To Yourself (caro♡ Remix)",,,,youtube,z-8L5EoL_zo,,"2026-10-09 18:42",,https://www.youtube.com/watch?v=z-8L5EoL_zo
"Wii Play - Tanks - Missions 1-100 Complete",,,,youtube,orLxrg51xL8,,"2026-10-09 18:42",,https://www.youtube.com/watch?v=orLxrg51xL8
"Alan Walker - The Spectre",,,,youtube,wJnBTPUQS5A,,"2026-10-09 18:42",,https://www.youtube.com/watch?v=wJnBTPUQS5A
"Aphex Twin - Schottkey 7th Path",,,,youtube,3hCDHH9jHZk,,"2026-10-09 18:43",,https://www.youtube.com/watch?v=3hCDHH9jHZk
"Carn Marth","Aphex Twin",,,youtube,g2n9qird57g,,"2026-10-09 18:43",,https://www.youtube.com/watch?v=g2n9qird57g
Pinch,Arca,,,youtube,_ODlul93BI8,,"2026-10-09 18:43",,https://www.youtube.com/watch?v=_ODlul93BI8
"????? B",Arca,,,youtube,eXz51PKRRi8,,"2026-10-09 18:43",,https://www.youtube.com/watch?v=eXz51PKRRi8
"Agust D '대취타' MV",,,,youtube,qGjAWJ2zWWI,,"2026-10-09 18:43",,https://www.youtube.com/watch?v=qGjAWJ2zWWI
"The Avalanches - Radio",,,,youtube,w_yPZfHJSaY,,"2026-10-09 18:43",,https://www.youtube.com/watch?v=w_yPZfHJSaY
"Tim Berg - Seek Bromance (Official Music Video) | Ministry of Sound",,,,youtube,eWUC5Q0RCAA,,"2026-10-09 18:43",,https://www.youtube.com/watch?v=eWUC5Q0RCAA
"Bad Religion - ""21st Century (Digital Boy)""",,,,youtube,v-D-fn-Z04w,,"2026-10-09 18:43",,https://www.youtube.com/watch?v=v-D-fn-Z04w
"bbno$, Yung Bae & Billy Marchiafava - Bad Boy (Official Video)",,,,youtube,wQklk-x8TUc,,"2026-10-09 18:43",,https://www.youtube.com/watch?v=wQklk-x8TUc
"Billie Eilish - NO, I CAN'T FALL (Bittersuite First Half) (Full Ver. Edit)",,,,youtube,m-GHarWePcs,,"2026-10-09 18:43",,https://www.youtube.com/watch?v=m-GHarWePcs
"Black Sabbath - Children Of The Grave/Embryo",,,,youtube,X7UZeHvMYZA,,"2026-10-09 18:43",,https://www.youtube.com/watch?v=X7UZeHvMYZA
"Bobby Shmurda - Hot N*gga (Official Music Video)",,,,youtube,vJwKKKd2ZYE,,"2026-10-09 18:43",,https://www.youtube.com/watch?v=vJwKKKd2ZYE
"Bomb Rush Cyberfunk OST - Chromebies",,,,youtube,pPLjeQ-SwBs,,"2026-10-09 18:43",,https://www.youtube.com/watch?v=pPLjeQ-SwBs
"Bomb Rush Cyberfunk OST - Hair Dun Nails Dun",,,,youtube,g4G82aQAvws,,"2026-10-09 18:43",,https://www.youtube.com/watch?v=g4G82aQAvws
"Boys Noize, Locked Club  - CDXOTA ft  Me Jesmay",,,,youtube,J-2ittOT6rI,,"2026-10-09 18:43",,https://www.youtube.com/watch?v=J-2ittOT6rI
"brakence - preparation exercise no. 7 (trembling) (Acapella)",,,,youtube,Y_uBkpco_Kg,,"2026-10-09 18:43",,https://www.youtube.com/watch?v=Y_uBkpco_Kg
"Canibus - Negronometry",,,,youtube,RK3xbD0MHw8,,"2026-10-09 18:43",,https://www.youtube.com/watch?v=RK3xbD0MHw8
"from the heart ᐸ3","ultra caro",,,youtube,dy6kIOINcIo,,"2026-10-09 18:43",,https://www.youtube.com/watch?v=dy6kIOINcIo
"Charli XCX - Boys [Official Video]",,,,youtube,mPRy1B4t5YA,,"2026-10-09 18:43",,https://www.youtube.com/watch?v=mPRy1B4t5YA
"CRUSH3D Launch Trailer",,,,youtube,qdvnUvVe7Xw,,"2026-10-09 18:43",,https://www.youtube.com/watch?v=qdvnUvVe7Xw
"Crush3d - Rockstar Skinny's [unreleased]",,,,youtube,J_Z_yoP0SA4,,"2026-10-09 18:43",,https://www.youtube.com/watch?v=J_Z_yoP0SA4
"CRUSH3D Trailer",,,,youtube,8ALbaxJpxy8,,"2026-10-09 18:43",,https://www.youtube.com/watch?v=8ALbaxJpxy8
"City Tutorial 04 - Crush",,,,youtube,igqBz5sbJkQ,,"2026-10-09 18:44",,https://www.youtube.com/watch?v=igqBz5sbJkQ
"CRUSH3D Trailer",,,,youtube,8ALbaxJpxy8,,"2026-10-09 18:44",,https://www.youtube.com/watch?v=8ALbaxJpxy8
"CRUSH 3D (3DS Demo)",,,,youtube,Wm1Ql-9C700,,"2026-10-09 18:44",,https://www.youtube.com/watch?v=Wm1Ql-9C700
"CYBERPUNK 2077 SOUNDTRACK - MANIAK by Picasso & Doctor Berserk (Official Video)",,,,youtube,VZrjGoiws1w,,"2026-10-09 18:44",,https://www.youtube.com/watch?v=VZrjGoiws1w
"CYBERPUNK 2077 SOUNDTRACK - DELIRIUM 2 by Nina Kraviz & Bara Nova (Official Video)",,,,youtube,2tP0Qro4JxA,,"2026-10-09 18:44",,https://www.youtube.com/watch?v=2tP0Qro4JxA
"Dazegxd - Emotion Engine (ft. Kaiyko)",,,,youtube,oIYlSJPMQ38,,"2026-10-09 18:44",,https://www.youtube.com/watch?v=oIYlSJPMQ38
"Vs. Lancer","Toby Fox",,,youtube,Ce-gU8G6Vik,,"2026-10-09 18:44",,https://www.youtube.com/watch?v=Ce-gU8G6Vik
"Dizzee Rascal & Calvin Harris - Dance Wiv Me",,,,youtube,c2MiyZx8MTY,,"2026-10-09 18:44",,https://www.youtube.com/watch?v=c2MiyZx8MTY
"BULLFROG | Swamp Sessions",,,,youtube,lZaHvDpctPU,,"2026-10-09 18:44",,https://www.youtube.com/watch?v=lZaHvDpctPU
"BOOM BAP",Doechii,,,youtube,Yj2rTQMfpiI,,"2026-10-09 18:44",,https://www.youtube.com/watch?v=Yj2rTQMfpiI
"Dorian Electra - Emasculate (Official Audio)",,,,youtube,eyThMuOzAuM,,"2026-10-09 18:44",,https://www.youtube.com/watch?v=eyThMuOzAuM
"Fred again.. x I. Jordan - Admit (U Don't Want 2) (10 February 2022)",,,,youtube,ZebUBXyJ9mY,,"2026-10-09 18:44",,https://www.youtube.com/watch?v=ZebUBXyJ9mY
"Fresh Hex (feat. Beck)",TOBACCO,,,youtube,sjNiGjx_-xY,,"2026-10-09 18:46",,https://www.youtube.com/watch?v=sjNiGjx_-xY
SERPENT,"Frost Children",,,youtube,h_Kbx9MWl7M,,"2026-10-09 18:46",,https://www.youtube.com/watch?v=h_Kbx9MWl7M
"C Thru",BABii,,,youtube,xss1z_eiZoM,,"2026-10-09 18:46",,https://www.youtube.com/watch?v=xss1z_eiZoM
"Halsey - I am not a woman, I'm a god",,,,youtube,7Azv0G85lh8,,"2026-10-09 18:46",,https://www.youtube.com/watch?v=7Azv0G85lh8
FANTASIZE,,,,youtube,A1Nd_wEkGAQ,,"2026-10-09 18:46",,https://www.youtube.com/watch?v=A1Nd_wEkGAQ
"IDK & XanMan - RILEY (Music Video)",,,,youtube,cM8rQHPfXq4,,"2026-10-09 18:46",,https://www.youtube.com/watch?v=cM8rQHPfXq4
"Janet Jackson - ""No Sleeep"" Feat. J. Cole (Music Video)",,,,youtube,2_t0ffY3JvE,,"2026-10-09 18:46",,https://www.youtube.com/watch?v=2_t0ffY3JvE
"JEL : TDDG - 2THDK (Official Video)",,,,youtube,QdcoIGoJ3wc,,"2026-10-09 18:46",,https://www.youtube.com/watch?v=QdcoIGoJ3wc
"Deavid Soul - Miller Ball Breakers",,,,youtube,Q7yfRIAA2Oc,,"2026-10-09 18:46",,https://www.youtube.com/watch?v=Q7yfRIAA2Oc
"I'm not a model",,,,youtube,p5Tc94-nboU,,"2026-10-09 18:46",,https://www.youtube.com/watch?v=p5Tc94-nboU
"m.A.A.d city","Kendrick Lamar",,,youtube,mprkqDNUQb0,,"2026-10-09 18:47",,https://www.youtube.com/watch?v=mprkqDNUQb0
"King Princess, Avalon Emerson - PAIN (Avalon Emerson's Half Dub - Official Audio)",,,,youtube,d4kk_cHZdCQ,,"2026-10-09 18:47",,https://www.youtube.com/watch?v=d4kk_cHZdCQ
"Lady Gaga - Just Dance (Official Music Video) ft. Colby O'Donis",,,,youtube,2Abk1jAONjw,,"2026-10-09 18:47",,https://www.youtube.com/watch?v=2Abk1jAONjw
"Lady Gaga - Just Dance [The Deewaan Remix] feat Ash King, WeDis, Lush & Young Thoro",,,,youtube,cvdWvqdiBUY,,"2026-10-09 18:47",,https://www.youtube.com/watch?v=cvdWvqdiBUY
"laura les - Haunted {OFFICIAL MUSIC VIDEO}",,,,youtube,879ysA4h9r4,,"2026-10-09 18:47",,https://www.youtube.com/watch?v=879ysA4h9r4
"Lil Nas X, Youngboy Never Broke Again - Late To Da Party (F*CK BET) (Official Video)",,,,youtube,yyN_7Y-qRFM,,"2026-10-09 18:47",,https://www.youtube.com/watch?v=yyN_7Y-qRFM
"Ppr:kut/Cheapshot and Jubacca (feat. Rasco and Planet Asia) - Linkin Park",,,,youtube,vcdkydmx4Ys,,"2026-10-09 18:47",,https://www.youtube.com/watch?v=vcdkydmx4Ys
"JONATHAN DAVIS FT LINKIN PARK - ONE STEP CLOSER (LIVE)",,,,youtube,XvENSTCqKdI,,"2026-10-09 18:47",,https://www.youtube.com/watch?v=XvENSTCqKdI
"Krwlng/Mike Shinoda [feat. Aaron Lewis] - Linkin Park",,,,youtube,ZJ0HJainlUY,,"2026-10-09 18:47",,https://www.youtube.com/watch?v=ZJ0HJainlUY
"Phase Alpha",Release,,,youtube,5d4ETFS7OuM,,"2026-10-09 18:47",,https://www.youtube.com/watch?v=5d4ETFS7OuM
"Megan Thee Stallion x VickeeLo – Ride Or Die [Official Video]",,,,youtube,HS5MHrCsE5U,,"2026-10-09 18:47",,https://www.youtube.com/watch?v=HS5MHrCsE5U
"Melleefresh vs deadmau5 / Hey Baby (Original Mix)",,,,youtube,fQ_UeBxEQPQ,,"2026-10-09 18:47",,https://www.youtube.com/watch?v=fQ_UeBxEQPQ
"M.I.A. - Bad Girls",,,,youtube,3Yuqxl284cg,,"2026-10-09 18:47",,https://www.youtube.com/watch?v=3Yuqxl284cg
"M.I.A. - Bad Girls",,,,youtube,3Yuqxl284cg,,"2026-10-09 18:47",,https://www.youtube.com/watch?v=3Yuqxl284cg
"M.I.A. - Bad Girls (Leo Justi Remix)",,,,youtube,bgY-9uVY23A,,"2026-10-09 18:47",,https://www.youtube.com/watch?v=bgY-9uVY23A
"Mr. Muthafuckin eXquire ft. Despot, Das Racist, Danny Brown, EL-P - The Last Huzzah (Remix)",,,,youtube,N0ijOe3sGEk,,"2026-10-09 18:47",,https://www.youtube.com/watch?v=N0ijOe3sGEk
S.E.X.,"Nadia Oh",,,youtube,ZMVEAZRzOBs,,"2026-10-09 18:47",,https://www.youtube.com/watch?v=ZMVEAZRzOBs
"What's Wrong With Me",N.E.R.D.,,,youtube,9gLnyR2VsXU,,"2026-10-09 18:47",,https://www.youtube.com/watch?v=9gLnyR2VsXU
"NERVE - SUNDAY ROAST (ft. JK-47) [Official Music Video]",,,,youtube,-mtR52NS-sM,,"2026-10-09 18:47",,https://www.youtube.com/watch?v=-mtR52NS-sM
"Go! feat. Sharon Muscat",,,,youtube,5tpV46AO3Ek,,"2026-10-09 18:47",,https://www.youtube.com/watch?v=5tpV46AO3Ek
"Secret Secret",Perfume,,,youtube,iC0FLGcJmPo,,"2026-10-09 18:48",,https://www.youtube.com/watch?v=iC0FLGcJmPo
D.M.S.R.,Prince,,,youtube,1f6ZlD3vuKw,,"2026-10-09 18:48",,https://www.youtube.com/watch?v=1f6ZlD3vuKw
Y.O.U.,Proux,,,youtube,mfYSCNLrysg,,"2026-10-09 18:48",,https://www.youtube.com/watch?v=mfYSCNLrysg
"Drummer Duel - Rhythm Heaven [HD WIDESCREEN]  -  Gameplay Demonstration",,,,youtube,lAOXLtshAow,,"2026-10-09 18:48",,https://www.youtube.com/watch?v=lAOXLtshAow
"[Rhythm Heaven] - Big Rock Finish (Perfect) (English)",,,,youtube,g5uHzCJflgs,,"2026-10-09 18:48",,https://www.youtube.com/watch?v=g5uHzCJflgs
"[Rhythm Tengoku] - Samurai Slice GBA (Perfect) (English) (HQ)",,,,youtube,vp2wuo0ZOaQ,,"2026-10-09 18:48",,https://www.youtube.com/watch?v=vp2wuo0ZOaQ
"[Rhythm Heaven Fever] ~ Working Dough (Perfect)",,,,youtube,ocjL-chxrRw,,"2026-10-09 18:48",,https://www.youtube.com/watch?v=ocjL-chxrRw
"[Rhythm Heaven Fever] ~ Ringside (Perfect)",,,,youtube,gWy1utqHD0s,,"2026-10-09 18:48",,https://www.youtube.com/watch?v=gWy1utqHD0s
"[Rhythm Heaven Fever] ~ Remix 8 (Perfect)",,,,youtube,BIhF_grcVP8,,"2026-10-09 18:48",,https://www.youtube.com/watch?v=BIhF_grcVP8
"[Rhythm Heaven Fever] ~ Remix 8 (Perfect)",,,,youtube,BIhF_grcVP8,,"2026-10-09 18:48",,https://www.youtube.com/watch?v=BIhF_grcVP8
"Sam Smith, Kim Petras - Unholy (Official Music Video)",,,,youtube,Uq9gPaIzbe8,,"2026-10-09 18:48",,https://www.youtube.com/watch?v=Uq9gPaIzbe8
"SebastiAn - H.A.L. (Official Audio)",,,,youtube,cvei4_mPus4,,"2026-10-09 18:48",,https://www.youtube.com/watch?v=cvei4_mPus4
"Red Rubber Ball",Release,,,youtube,wB3Sv_RDH4Y,,"2026-10-09 18:48",,https://www.youtube.com/watch?v=wB3Sv_RDH4Y
"Detonator/Herve's UXB Remix (The One+)","MONDO GROSSO",,,youtube,gtaHzDsPya0,,"2026-10-09 18:48",,https://www.youtube.com/watch?v=gtaHzDsPya0
Electoro411,"MONDO GROSSO",,,youtube,rxxN-XvZ7No,,"2026-10-09 18:48",,https://www.youtube.com/watch?v=rxxN-XvZ7No
BAPACONDA,,,,youtube,z4xmyQI09xU,,"2026-10-09 18:48",,https://www.youtube.com/watch?v=z4xmyQI09xU
"Skrillex, Fred again.. & Flowdan - Rumble [Official Music Video]",,,,youtube,i8Vgo5S-_NM,,"2026-10-09 18:48",,https://www.youtube.com/watch?v=i8Vgo5S-_NM
"Skrillex, Fred again.. & Flowdan - Rumble [Official Audio]",,,,youtube,7z25ZZ3DHds,,"2026-10-09 18:48",,https://www.youtube.com/watch?v=7z25ZZ3DHds
"Sum Village- Raise It Up",,,,youtube,QPrmJr0Jj3k,,"2026-10-09 18:48",,https://www.youtube.com/watch?v=QPrmJr0Jj3k
"Smile - Butterfly (Official Music Video)",,,,youtube,QzcvRDWgRIE,,"2026-10-09 18:48",,https://www.youtube.com/watch?v=QzcvRDWgRIE
"Metallic Madness - Sonic the Hedgehog CD [OST]",,,,youtube,8v26dA0kcsQ,,"2026-10-09 18:48",,https://www.youtube.com/watch?v=8v26dA0kcsQ
"Push Emission (Whore Moans)",SOPHIE,,,youtube,nnIZWqU-Mb0,,"2026-10-09 18:48",,https://www.youtube.com/watch?v=nnIZWqU-Mb0
"SOPHIE - Rawwwwww (feat. Jozzy)",,,,youtube,WN39EL-Nwt0,,"2026-10-09 18:49",,https://www.youtube.com/watch?v=WN39EL-Nwt0
"Eight-Legged Advance (Turquoise October) - Splatoon OST",,,,youtube,nmKAV0UD_NM,,"2026-10-09 18:49",,https://www.youtube.com/watch?v=nmKAV0UD_NM
"Heliocentri City - Splatoon 3 OST",,,,youtube,YFhAccsNlw8,,"2026-10-09 18:49",,https://www.youtube.com/watch?v=YFhAccsNlw8
"Seasource, SashiMori, Splatoon 3 extended 11 minutes (updated).",,,,youtube,pniLXpK-Sgs,,"2026-10-09 18:49",,https://www.youtube.com/watch?v=pniLXpK-Sgs
"[Daily VG Music #2545] New World Order - Splatoon 3: Side Order",,,,youtube,MiwUrj3TBDo,,"2026-10-09 18:49",,https://www.youtube.com/watch?v=MiwUrj3TBDo
"Swami Sound, CVMILLE - Back In The Day (Soulecta Dub) [Official Music Video]",,,,youtube,aiSr5rxA6Po,,"2026-10-09 18:49",,https://www.youtube.com/watch?v=aiSr5rxA6Po
"System Of A Down - B.Y.O.B. (Official HD Video)",,,,youtube,zUzd9KyIDrM,,"2026-10-09 18:49",,https://www.youtube.com/watch?v=zUzd9KyIDrM
"t.A.T.u. - Not Gonna Get Us (EN)",,,,youtube,0HL-N9oOjcs,,"2026-10-09 18:49",,https://www.youtube.com/watch?v=0HL-N9oOjcs
"T.I. - Why You Wanna (Official Video)",,,,youtube,h61DNOLRugU,,"2026-10-09 18:49",,https://www.youtube.com/watch?v=h61DNOLRugU
"Tinashe - ""Nasty (Match My Tweak)"" OFFICIAL VERSION",,,,youtube,VP6DmlovoFI,,"2026-10-09 18:49",,https://www.youtube.com/watch?v=VP6DmlovoFI
"Todd Edwards - Saved My Life (Original Mix)",,,,youtube,YjiyjxpIYgk,,"2026-10-09 18:49",,https://www.youtube.com/watch?v=YjiyjxpIYgk
"Travis Scott - LOST FOREVER (OG Version) ft. Westside Gunn & James Blake",,,,youtube,VpjW2yytsPk,,"2026-10-09 18:49",,https://www.youtube.com/watch?v=VpjW2yytsPk
"SAFARI (Audio)",,,,youtube,hWEukIWVw3o,,"2026-10-09 18:49",,https://www.youtube.com/watch?v=hWEukIWVw3o
NOID,,,,youtube,Qer3lwd5hyA,,"2026-10-09 18:49",,https://www.youtube.com/watch?v=Qer3lwd5hyA
"Uffie - MCs Can Kiss (Official Audio)",,,,youtube,EIb2Dav8qBk,,"2026-10-09 18:49",,https://www.youtube.com/watch?v=EIb2Dav8qBk
"Bozo bozo bozo",,,,youtube,EhcIpIEKPFw,,"2026-10-09 18:49",,https://www.youtube.com/watch?v=EhcIpIEKPFw
"Where did you fall",,,,youtube,KWCToO9z6zY,,"2026-10-09 18:49",,https://www.youtube.com/watch?v=KWCToO9z6zY
"077. ASGORE (UNDERTALE Soundtrack) - Toby Fox",,,,youtube,42kI2lT0x6U,,"2026-10-09 18:49",,https://www.youtube.com/watch?v=42kI2lT0x6U
"WhoTF ft. Fraxiom - Wendy Carlos (Official Music Video)",,,,youtube,rUOZMktQASg,,"2026-10-09 18:49",,https://www.youtube.com/watch?v=rUOZMktQASg
"painty paint pots (Remastered)","800 cherries",,,youtube,hv0WRQecLOA,,"2026-10-09 18:49",,https://www.youtube.com/watch?v=hv0WRQecLOA
"I ᐸ3 Harajuku ft. Fraxiom (OFFICIAL MUSIC VIDEO)",,,,youtube,JtR9JkVk9aU,,"2026-10-09 18:49",,https://www.youtube.com/watch?v=JtR9JkVk9aU
"300,000 NOTE SONG",,,,youtube,XOCgs_nMxDc,,"2026-10-09 18:49",,https://www.youtube.com/watch?v=XOCgs_nMxDc
"Winters Love","Animal Collective",,,youtube,T2ShTIcETEs,,"2026-10-09 18:49",,https://www.youtube.com/watch?v=T2ShTIcETEs
"Animal Crossing: New Horizons - 1PM",,,,youtube,uUKxLNtoGM8,,"2026-10-09 18:50",,https://www.youtube.com/watch?v=uUKxLNtoGM8
"Good News JUST Announced Today For Animal Crossing New Horizons",,,,youtube,AUVdEw3Q-1o,,"2026-10-09 18:50",,https://www.youtube.com/watch?v=AUVdEw3Q-1o
"We Are The World 25 For Haiti - Official Video",,,,youtube,Glny4jSciVI,,"2026-10-09 18:50",,https://www.youtube.com/watch?v=Glny4jSciVI
"Bluey Theme Tune (Extended)",Bluey,,,youtube,SyJxF1ZWpA0,,"2026-10-09 18:50",,https://www.youtube.com/watch?v=SyJxF1ZWpA0
"i'm bo yo.",,,,youtube,Z-ap5Fp2T6c,,"2026-10-09 18:50",,https://www.youtube.com/watch?v=Z-ap5Fp2T6c
"Calvin Harris - The Girls (Official Video)",,,,youtube,DwZVZ5qZnoA,,"2026-10-09 18:50",,https://www.youtube.com/watch?v=DwZVZ5qZnoA
"Hopedrunk Everasking","Caroline Polachek",,,youtube,c5RnQYDEapQ,,"2026-10-09 18:50",,https://www.youtube.com/watch?v=c5RnQYDEapQ
"Charli XCX - forever [Official Video]",,,,youtube,TbJE-KVZvTA,,"2026-10-09 18:50",,https://www.youtube.com/watch?v=TbJE-KVZvTA
"SOUFIAN - SPITZE AM BERG (prod. von SOTT) [Official Video]",,,,youtube,FBS25iyfwxs,,"2026-10-09 18:50",,https://www.youtube.com/watch?v=FBS25iyfwxs
"Das Modul - Computerliebe",,,,youtube,4hX8L4R9Yk8,,"2026-10-09 18:50",,https://www.youtube.com/watch?v=4hX8L4R9Yk8
"Fade Persona","death's dynamic shroud",,,youtube,Lj_30b9N48c,,"2026-10-09 18:50",,https://www.youtube.com/watch?v=Lj_30b9N48c
"Dragon - Rain (Official Music Video)",,,,youtube,WuSCiJofGhk,,"2026-10-09 18:50",,https://www.youtube.com/watch?v=WuSCiJofGhk
Laplander,"Finn Keane",,,youtube,RR45KhIqnIQ,,"2026-10-09 18:50",,https://www.youtube.com/watch?v=RR45KhIqnIQ
"Futurama Main Theme (From ""Futurama""/C. Tyng Extended Version)","Christopher Tyng",,,youtube,Tz8HmN2uvuk,,"2026-10-09 18:50",,https://www.youtube.com/watch?v=Tz8HmN2uvuk
"Hampton the Hamster ""The Hamsterdance Song""",,,,youtube,p3G5IXn0K7A,,"2026-10-09 18:50",,https://www.youtube.com/watch?v=p3G5IXn0K7A
"Pink and Blue","Hannah Diamond",,,youtube,BGjOG6i-U4I,,"2026-10-09 18:50",,https://www.youtube.com/watch?v=BGjOG6i-U4I
"Lyrics Hikaru Utada - Gold -Mata Au Hi Made- Romaji & English Translation",,,,youtube,qcva-xzPR8o,,"2026-10-09 18:50",,https://www.youtube.com/watch?v=qcva-xzPR8o
"Electricity (Live)",Utada,,,youtube,VMbff7yNmAs,,"2026-10-09 18:50",,https://www.youtube.com/watch?v=VMbff7yNmAs
"Hot Chelle Rae - Tonight Tonight (Official Video)",,,,youtube,QzlNFcT2aOE,,"2026-10-09 18:50",,https://www.youtube.com/watch?v=QzlNFcT2aOE
"Guitar Vader - Baby-T",,,,youtube,cYIdIlWDUtc,,"2026-10-09 18:50",,https://www.youtube.com/watch?v=cYIdIlWDUtc
"Katamari Damacy Soundtrack - 10 - Wanda Wanda",,,,youtube,nD3LDEHuaxo,,"2026-10-09 18:50",,https://www.youtube.com/watch?v=nD3LDEHuaxo
"Katamari Damacy Soundtrack - 12 - Angel Flavor's Present",,,,youtube,5_T16wbFx_k,,"2026-10-09 18:50",,https://www.youtube.com/watch?v=5_T16wbFx_k
"For The Love Of God - Kids & Explosions",,,,youtube,qinS0ePcHPc,,"2026-10-09 18:51",,https://www.youtube.com/watch?v=qinS0ePcHPc
"The Emotional Millionaire - Kids & Explosions",,,,youtube,Qma__hDMaiY,,"2026-10-09 18:51",,https://www.youtube.com/watch?v=Qma__hDMaiY
"Lady gaga - Summer boy (Lyrics video)",,,,youtube,nAIppf13ayE,,"2026-10-09 18:51",,https://www.youtube.com/watch?v=nAIppf13ayE
"LCD Soundsystem - Dance Yrself Clean",,,,youtube,j5oaCPCqN3Y,,"2026-10-09 18:51",,https://www.youtube.com/watch?v=j5oaCPCqN3Y
"Final Battle Against Ganon   The Legend of Zelda  Ocarina of Time",,,,youtube,W4bj5Qw-cgo,,"2026-10-09 18:51",,https://www.youtube.com/watch?v=W4bj5Qw-cgo
"LEGO Racers Remastered (25th Anniversary)",,,,youtube,VNNq9VkJ0so,,"2026-10-09 18:51",,https://www.youtube.com/watch?v=VNNq9VkJ0so
"3-Way (The Golden Rule) (feat. Justin Timberlake & Lady Gaga)",,,,youtube,Pi7gwX7rjOw,,"2026-10-09 18:51",,https://www.youtube.com/watch?v=Pi7gwX7rjOw
"Mount Wario [150cc] - 1:40.545 - F (Mario Kart 8 Deluxe World Record)",,,,youtube,3ZnHO8Q0464,,"2026-10-09 18:51",,https://www.youtube.com/watch?v=3ZnHO8Q0464
"Matmos - Silicone Gel Implant (Official Music Video)",,,,youtube,VUS37Xm5xxo,,"2026-10-09 18:51",,https://www.youtube.com/watch?v=VUS37Xm5xxo
"Milli Vanilli - Baby Don't Forget My Number",,,,youtube,JhyzGDPwmYU,,"2026-10-09 18:51",,https://www.youtube.com/watch?v=JhyzGDPwmYU
Dreiton,"Daniel Rosenfeld",,,youtube,VRYs-QfdToc,,"2026-10-09 18:51",,https://www.youtube.com/watch?v=VRYs-QfdToc
"モーモールルギャバン - サイケな恋人",,,,youtube,y-dHSfQMh3k,,"2026-10-09 18:51",,https://www.youtube.com/watch?v=y-dHSfQMh3k
"Nasty Cherry - I Am King (Official Video)",,,,youtube,bmVv4hdCZWg,,"2026-10-09 18:51",,https://www.youtube.com/watch?v=bmVv4hdCZWg
"How to get to World 4 in New Super Mario Bros DS | W2-Castle Secret Exit",,,,youtube,R3I4PDAPWtM,,"2026-10-09 18:51",,https://www.youtube.com/watch?v=R3I4PDAPWtM
"The 3DS Activity Log",,,,youtube,537iSca1t28,,"2026-10-09 18:51",,https://www.youtube.com/watch?v=537iSca1t28
"Parliament - Give Up The Funk (Tear The Roof Off The Sucker)",,,,youtube,gBWH3OWfT2Y,,"2026-10-09 18:51",,https://www.youtube.com/watch?v=gBWH3OWfT2Y
"Pokémon Red, Blue and, Yellow OST Deconstructed: Item Obtained Fanfare",,,,youtube,bpDIfIchHf0,,"2026-10-09 18:51",,https://www.youtube.com/watch?v=bpDIfIchHf0
"Pokemon red/blue original 8 bit healing sound",,,,youtube,ea8c1cm4fpc,,"2026-10-09 18:51",,https://www.youtube.com/watch?v=ea8c1cm4fpc
"Jigglypuff Song",,,,youtube,d2NTtbusUso,,"2026-10-09 18:51",,https://www.youtube.com/watch?v=d2NTtbusUso
"Pokemon Yellow GBC Intro",,,,youtube,Fj_cCNy_Zmo,,"2026-10-09 18:51",,https://www.youtube.com/watch?v=Fj_cCNy_Zmo
"Poppy - X (Official Music Video)",,,,youtube,wbQsxWKfTSU,,"2026-10-09 18:51",,https://www.youtube.com/watch?v=wbQsxWKfTSU
"Dj Darkpain - The Tesseract (Hardcore)",,,,youtube,B-8vOYU8z_0,,"2026-10-09 18:51",,https://www.youtube.com/watch?v=B-8vOYU8z_0
"【PUNCH PUNCH FOREVER!】 Theme Song（Animated by speedoru）",,,,youtube,f76CUxRyCco,,"2026-10-09 18:52",,https://www.youtube.com/watch?v=f76CUxRyCco
"R.E.M. - Shiny Happy People (Official Music Video)",,,,youtube,YYOKMUTTDdA,,"2026-10-09 18:52",,https://www.youtube.com/watch?v=YYOKMUTTDdA
"[Rhythm Heaven] - Big Rock Finish (Perfect) (English)",,,,youtube,g5uHzCJflgs,,"2026-10-09 18:52",,https://www.youtube.com/watch?v=g5uHzCJflgs
"The Rolling Stones - Sympathy For The Devil (Official Video) [4K]",,,,youtube,Jwtyn-L-2gQ,,"2026-10-09 18:52",,https://www.youtube.com/watch?v=Jwtyn-L-2gQ
"I DONT KNOW ABOUT HIM","Roy Blair",,,youtube,Zv7RivY0-iA,,"2026-10-09 18:52",,https://www.youtube.com/watch?v=Zv7RivY0-iA
"S Club - Bring It All Back",,,,youtube,GLQ0biK-ZgA,,"2026-10-09 18:52",,https://www.youtube.com/watch?v=GLQ0biK-ZgA
"SKEGSS -  L.S.D",,,,youtube,MoDiRV4oHms,,"2026-10-09 18:52",,https://www.youtube.com/watch?v=MoDiRV4oHms
"Murder On The Dancefloor (PNAU Remix",,,,youtube,rqT04Poa9DA,,"2026-10-09 18:52",,https://www.youtube.com/watch?v=rqT04Poa9DA
"Ska Cha Cha - Sonic Rush [OST]",,,,youtube,0XFXoWTn9iA,,"2026-10-09 18:52",,https://www.youtube.com/watch?v=0XFXoWTn9iA
"Plaza Speakers K - Splatoon OST",,,,youtube,PrOpsPE8860,,"2026-10-09 18:52",,https://www.youtube.com/watch?v=PrOpsPE8860
"Splatfest – Match Opening (Squid Sisters) - Splatoon OST",,,,youtube,Y5G-AjdkcHw,,"2026-10-09 18:52",,https://www.youtube.com/watch?v=Y5G-AjdkcHw
"In-Depth Inkopolis Square Tour - Splatoon 2 Splatfest Demo",,,,youtube,JrKngpVDUXk,,"2026-10-09 18:52",,https://www.youtube.com/watch?v=JrKngpVDUXk
"Ink Another Day (Wet Floor) Splatoon 2 Soundtrack",,,,youtube,qvO2Fp3Cqqc,,"2026-10-09 18:52",,https://www.youtube.com/watch?v=qvO2Fp3Cqqc
"Steve Lacy - Sunshine (Official Video) ft. Fousheé",,,,youtube,RC8u7RJe-TE,,"2026-10-09 18:52",,https://www.youtube.com/watch?v=RC8u7RJe-TE
"Sum 41 - With Me",,,,youtube,g8z-qP34-1Y,,"2026-10-09 18:52",,https://www.youtube.com/watch?v=g8z-qP34-1Y
"3 against 4 - Jump Bink!",,,,youtube,P8jFQM1P9zQ,,"2026-10-09 18:52",,https://www.youtube.com/watch?v=P8jFQM1P9zQ
"Toni Basil ""Hey Mickey""  Music Video",,,,youtube,0aqLwHP4y6Q,,"2026-10-09 18:52",,https://www.youtube.com/watch?v=0aqLwHP4y6Q
"Tyler, The Creator - Sir Baudelaire (Outro Extended)",,,,youtube,_z4Fq43m-pk,,"2026-10-09 18:52",,https://www.youtube.com/watch?v=_z4Fq43m-pk
"WHARF TALK",,,,youtube,27FswS3KESk,,"2026-10-09 18:52",,https://www.youtube.com/watch?v=27FswS3KESk
"umru & Chase Icon — Records (Official Visualizer)",,,,youtube,SoMhB34LNQc,,"2026-10-09 18:52",,https://www.youtube.com/watch?v=SoMhB34LNQc
"The fish song",,,,youtube,bzlh22IYYzE,,"2026-10-09 18:52",,https://www.youtube.com/watch?v=bzlh22IYYzE
"Wave Racer - Left Behind (Lyric Video)",,,,youtube,zEKMFRALf_8,,"2026-10-09 18:52",,https://www.youtube.com/watch?v=zEKMFRALf_8
"Wii Play - New Record! [Wii Play OST]",,,,youtube,pkmCBxjyRz0,,"2026-10-09 18:53",,https://www.youtube.com/watch?v=pkmCBxjyRz0
"Charge! Sad Results - Wii Play",,,,youtube,uHYrS2Sbwhg,,"2026-10-09 18:53",,https://www.youtube.com/watch?v=uHYrS2Sbwhg
"Wii Play Find Mii 99 Levels (Max Score)",,,,youtube,T3dvRN_4u2Y,,"2026-10-09 18:53",,https://www.youtube.com/watch?v=T3dvRN_4u2Y
"100 gecs - 757 {OFFICIAL AUDIO}",,,,youtube,M6MV1nxxGf8,,"2026-10-09 18:53",,https://www.youtube.com/watch?v=M6MV1nxxGf8
"Memories Of Tokyo-To 08 - 24 Hour Party People [OFFICIAL]",,,,youtube,6vKzZ5taMew,,"2026-10-09 18:53",,https://www.youtube.com/watch?v=6vKzZ5taMew
"Lesbians ♡ - Alice Longyu Gao (OFFICIAL MUSIC VIDEO)",,,,youtube,N7sQfVe_TRY,,"2026-10-09 18:53",,https://www.youtube.com/watch?v=N7sQfVe_TRY
"Australian Broadcasting Corporation - ABC News Theme (1985-2005)",,,,youtube,0unMr_pmd7Y,,"2026-10-09 18:53",,https://www.youtube.com/watch?v=0unMr_pmd7Y
"Baby Keem, Kendrick Lamar - family ties (Official Video)",,,,youtube,v6HBZC9pZHQ,,"2026-10-09 18:53",,https://www.youtube.com/watch?v=v6HBZC9pZHQ
"Bad Religion - ""21st Century (Digital Boy)""",,,,youtube,v-D-fn-Z04w,,"2026-10-09 18:53",,https://www.youtube.com/watch?v=v-D-fn-Z04w
"SHMAKIN TOWN (GASZIA FOOTWORK SPEEDRUN) ᵀᴴᴵˢ ˢᴼᴺᴳ ᵂᴵᴸᴸ ᴾᴼˢˢᴱˢˢ ʸᴼᵁᴿ ˢᴼᵁᴸ",,,,youtube,OeeL5EPm4eo,,"2026-10-09 18:53",,https://www.youtube.com/watch?v=OeeL5EPm4eo
"Danielle Bregoli is BHAD BHABIE “Hi Bich / Whachu Know” (Official Music Video)",,,,youtube,1NyMSWqIJDQ,,"2026-10-09 18:53",,https://www.youtube.com/watch?v=1NyMSWqIJDQ
"9 8 7",,,,youtube,vrEG1osAzbM,,"2026-10-09 18:53",,https://www.youtube.com/watch?v=vrEG1osAzbM
"Birdy Nam Nam - U.R.A.O  [Official Music Video]",,,,youtube,3eLYUMLk_3o,,"2026-10-09 18:53",,https://www.youtube.com/watch?v=3eLYUMLk_3o
"SHAKIRA || BZRP Music Sessions #53/66",,,,youtube,CocEMWdc7Ck,,"2026-10-09 18:53",,https://www.youtube.com/watch?v=CocEMWdc7Ck
"Black Country, New Road - 'Sunglasses' (Live from the Queen Elizabeth Hall)",,,,youtube,we6qYpUIIKk,,"2026-10-09 18:53",,https://www.youtube.com/watch?v=we6qYpUIIKk
"Black Rob - Star In The Hood (Official Video)",,,,youtube,6x7zr_IXu-I,,"2026-10-09 18:53",,https://www.youtube.com/watch?v=6x7zr_IXu-I
"Bomb Rush Cyberfunk OST - Iridium",,,,youtube,n8Tc2gw0aL0,,"2026-10-09 18:53",,https://www.youtube.com/watch?v=n8Tc2gw0aL0
"Bomb Rush Cyberfunk OST - In The Pocket",,,,youtube,LIfZUMkykz4,,"2026-10-09 18:53",,https://www.youtube.com/watch?v=LIfZUMkykz4
"Bomb Rush Cyberfunk OST - Two Days Off",,,,youtube,dK9oCBXX6Ec,,"2026-10-09 18:53",,https://www.youtube.com/watch?v=dK9oCBXX6Ec
"Breaking Bad Main Title Theme (Extended)","Dave Porter",,,youtube,ilfYnhXD-bE,,"2026-10-09 18:53",,https://www.youtube.com/watch?v=ilfYnhXD-bE
"Bubba Sparxxx, Ying Yang Twins, Mr. Collipark - Ms. New Booty (Official Music Video)",,,,youtube,znUS2KqPYCw,,"2026-10-09 18:53",,https://www.youtube.com/watch?v=znUS2KqPYCw
"gupi - Bunny Hill OST - Race 2",,,,youtube,F6f4vDXxnpA,,"2026-10-09 18:53",,https://www.youtube.com/watch?v=F6f4vDXxnpA
"Escape Artist","Burn The Fields",,,youtube,7C4lcbu61Pw,,"2026-10-09 18:54",,https://www.youtube.com/watch?v=7C4lcbu61Pw
Friend,"Daniel Rosenfeld",,,youtube,eXwVDqKOBA4,,"2026-10-09 18:54",,https://www.youtube.com/watch?v=eXwVDqKOBA4
"anything goes",Release,,,youtube,Trp3yN2AuzI,,"2026-10-09 18:54",,https://www.youtube.com/watch?v=Trp3yN2AuzI
"Charli XCX ft. Brooke Candy - Cloud (Official Music Video)",,,,youtube,7LJOg-yLWbI,,"2026-10-09 18:54",,https://www.youtube.com/watch?v=7LJOg-yLWbI
Elektrobank,"The Chemical Brothers",,,youtube,OeAZyu2zh0Q,,"2026-10-09 18:54",,https://www.youtube.com/watch?v=OeAZyu2zh0Q
"The Chemical Brothers - Swoon (Official Music Video)",,,,youtube,CCp_3zw-CxA,,"2026-10-09 18:54",,https://www.youtube.com/watch?v=CCp_3zw-CxA
"Chip tha Ripper - Interior Crocodile Alligator (Official Video)",,,,youtube,cNK3ggYNHr4,,"2026-10-09 18:54",,https://www.youtube.com/watch?v=cNK3ggYNHr4
"Confidence Man - Angry Girl (Feat. CHAI) - Official Audio",,,,youtube,g_Z6pFql8Uo,,"2026-10-09 18:54",,https://www.youtube.com/watch?v=g_Z6pFql8Uo
"Funfair 01 (B) - Crush",,,,youtube,UQYxBKJ7nPA,,"2026-10-09 18:54",,https://www.youtube.com/watch?v=UQYxBKJ7nPA
"Cut Copy - Future (Official Video)",,,,youtube,DRn7KuyYmGY,,"2026-10-09 18:54",,https://www.youtube.com/watch?v=DRn7KuyYmGY
"CYBERPUNK 2077 - RESIST AND DISORDER by Rezodrone (Jason Charles Miller & Jamison Boaz)",,,,youtube,XfUo2mPYQ2E,,"2026-10-09 18:54",,https://www.youtube.com/watch?v=XfUo2mPYQ2E
"RezoDrone & Alexei Brayko - Reaktion | Cyberpunk 2077 OST",,,,youtube,6hW2tX-ciwE,,"2026-10-09 18:54",,https://www.youtube.com/watch?v=6hW2tX-ciwE
"Inferno Corps / Antigama - Fueled By Poison - Ritual FM",,,,youtube,Kh2sz4ytTlQ,,"2026-10-09 18:54",,https://www.youtube.com/watch?v=Kh2sz4ytTlQ
"014- V3RMIN (Piotr Maciejewski) - Finis",,,,youtube,ezCwysRvwDQ,,"2026-10-09 18:54",,https://www.youtube.com/watch?v=ezCwysRvwDQ
"Grimes – 4ÆM",,,,youtube,mrZC1Jcv0dw,,"2026-10-09 18:54",,https://www.youtube.com/watch?v=mrZC1Jcv0dw
"UNDENIABLY CHANGES - 99.9 Impulse Radio",,,,youtube,TfJfuIJNVaQ,,"2026-10-09 18:54",,https://www.youtube.com/watch?v=TfJfuIJNVaQ
"C.L.U. (From ""TRON: Legacy""/Score)","Daft Punk",,,youtube,QrSLugN8WHc,,"2026-10-09 18:54",,https://www.youtube.com/watch?v=QrSLugN8WHc
"Danny Brown - Y.B.P. (feat. Bruiser Wolf) (Official Video)",,,,youtube,6CUr6lMnwCc,,"2026-10-09 18:54",,https://www.youtube.com/watch?v=6CUr6lMnwCc
"Prodigal (feat. underscores)","DJ Re:Code",,,youtube,MDu8G7IvYDk,,"2026-10-09 18:54",,https://www.youtube.com/watch?v=MDu8G7IvYDk
"Doechii - FIREFLIES (Audio)",,,,youtube,oDOmKBkFvdI,,"2026-10-09 18:54",,https://www.youtube.com/watch?v=oDOmKBkFvdI
"Drake ft. Future and Young Thug - Way 2 Sexy (Official Video)",,,,youtube,vX9msKu75qs,,"2026-10-09 18:54",,https://www.youtube.com/watch?v=vX9msKu75qs
"Ed Sheeran - Take Me Back To London (Sir Spyro Remix) [feat. Stormzy, Jaykae & Aitch]",,,,youtube,XJQy_R9CYR4,,"2026-10-09 18:54",,https://www.youtube.com/watch?v=XJQy_R9CYR4
"Fortnite - Lobby Track - Butter Barn Hoedown",,,,youtube,P4Q3MacMfLA,,"2026-10-09 18:54",,https://www.youtube.com/watch?v=P4Q3MacMfLA
"Fortnite | Brace For Chaos Lobby Music (S24 FNCS)",,,,youtube,a_zaT7y8Ywg,,"2026-10-09 18:55",,https://www.youtube.com/watch?v=a_zaT7y8Ywg
"Dad Battle - Friday Night Funkin' OST",,,,youtube,w0WyKTSuX4U,,"2026-10-09 18:55",,https://www.youtube.com/watch?v=w0WyKTSuX4U
"Garbage - Androgyny",,,,youtube,8I2S_29IbuM,,"2026-10-09 18:55",,https://www.youtube.com/watch?v=8I2S_29IbuM
"Gesaffelstein - Psycho (Official Visualizer)",,,,youtube,m2vOHYbd5Gs,,"2026-10-09 18:55",,https://www.youtube.com/watch?v=m2vOHYbd5Gs
"Lux 2","Kai Whiston",,,youtube,Zcj5EZtzkFg,,"2026-10-09 18:55",,https://www.youtube.com/watch?v=Zcj5EZtzkFg
"Iglooghost - drown u",,,,youtube,hq2C8YonGps,,"2026-10-09 18:55",,https://www.youtube.com/watch?v=hq2C8YonGps
"Teef Chizzel",Iglooghost,,,youtube,F1cxuPbe4k4,,"2026-10-09 18:55",,https://www.youtube.com/watch?v=F1cxuPbe4k4
"Gotye - Somebody That I Used To Know (feat. Kimbra) [Official Music Video]",,,,youtube,8UVNT4wvIGY,,"2026-10-09 18:55",,https://www.youtube.com/watch?v=8UVNT4wvIGY
"Gotye - Somebody That I Used To Know (feat. Kimbra) [Official Music Video]",,,,youtube,8UVNT4wvIGY,,"2026-10-09 18:55",,https://www.youtube.com/watch?v=8UVNT4wvIGY
Collage,GRRL,,,youtube,xyhI12VxEpM,,"2026-10-09 18:55",,https://www.youtube.com/watch?v=xyhI12VxEpM
"Gunna - fukumean [Official Video]",,,,youtube,V6ZsXKE8QmQ,,"2026-10-09 18:55",,https://www.youtube.com/watch?v=V6ZsXKE8QmQ
"Happy Feet - Boogie Wonderland",,,,youtube,uIzgfH55rKc,,"2026-10-09 18:55",,https://www.youtube.com/watch?v=uIzgfH55rKc
"Hayden James - Just Friends (Official Video) ft. Boy Matthews",,,,youtube,fDsdUoRRXTE,,"2026-10-09 18:55",,https://www.youtube.com/watch?v=fDsdUoRRXTE
"2020宇多田ヒカル - Time (日劇美食偵探 明智五郎主題曲)",,,,youtube,Jmc8Pru-kBc,,"2026-10-09 18:55",,https://www.youtube.com/watch?v=Jmc8Pru-kBc
"宇多田ヒカル | Somewhere Near Marseilles ―マルセイユ辺りー　-LIVE at Sea Paradise",,,,youtube,B-ekrqGuWTc,,"2026-10-09 18:55",,https://www.youtube.com/watch?v=B-ekrqGuWTc
"宇多田ヒカル「Somewhere Near Marseilles -マルセイユ辺り- (Sci-Fi Edit)」Music Video",,,,youtube,miYNI5hvcdo,,"2026-10-09 18:55",,https://www.youtube.com/watch?v=miYNI5hvcdo
"Ice Spice - Munch (Feelin’ U) (Official Music Video)",,,,youtube,yF-NC3eRsqc,,"2026-10-09 18:55",,https://www.youtube.com/watch?v=yF-NC3eRsqc
"Ice Spice - Munch (Feelin’ U) (Official Music Video)",,,,youtube,yF-NC3eRsqc,,"2026-10-09 18:55",,https://www.youtube.com/watch?v=yF-NC3eRsqc
"Teal Yomi / Olivine",Iglooghost,,,youtube,sxC_nOwV48c,,"2026-10-09 18:55",,https://www.youtube.com/watch?v=sxC_nOwV48c
PPtrap,,,,youtube,-zjPjVzNLys,,"2026-10-09 18:55",,https://www.youtube.com/watch?v=-zjPjVzNLys
B,Jaden,,,youtube,U7lCIcLGkL8,,"2026-10-09 18:55",,https://www.youtube.com/watch?v=U7lCIcLGkL8
L,Jaden,,,youtube,SzfjyiYp5JA,,"2026-10-09 18:56",,https://www.youtube.com/watch?v=SzfjyiYp5JA
E,Jaden,,,youtube,gVkXklusXZw,,"2026-10-09 18:56",,https://www.youtube.com/watch?v=gVkXklusXZw
"Jamie xx - KILL DEM (Official Audio)",,,,youtube,nJHhTlmooM0,,"2026-10-09 18:56",,https://www.youtube.com/watch?v=nJHhTlmooM0
"Jamiroquai - Canned Heat (Official Video)",,,,youtube,vE4VlA_9OrI,,"2026-10-09 18:56",,https://www.youtube.com/watch?v=vE4VlA_9OrI
"Joji - Gimme Love (Music Video)",,,,youtube,5xuVTeREDVs,,"2026-10-09 18:56",,https://www.youtube.com/watch?v=5xuVTeREDVs
"JPEGMAFIA - 🔥 (AUDIO)",,,,youtube,_eejOcpMNsE,,"2026-10-09 18:56",,https://www.youtube.com/watch?v=_eejOcpMNsE
"Justice - Genesis - † (Official Audio)",,,,youtube,VKzWLUQizz8,,"2026-10-09 18:56",,https://www.youtube.com/watch?v=VKzWLUQizz8
"Justice - On'n'On (Official Video)",,,,youtube,TIW1m3jbEsg,,"2026-10-09 18:56",,https://www.youtube.com/watch?v=TIW1m3jbEsg
"Justin Timberlake - Let Me Talk To You/My Love ft. T.I.",,,,youtube,xjpe7EGyiw8,,"2026-10-09 18:56",,https://www.youtube.com/watch?v=xjpe7EGyiw8
"Kai Whiston - 'T.F.J.' (Official Video)",,,,youtube,rDQ8cX3jlbY,,"2026-10-09 18:56",,https://www.youtube.com/watch?v=rDQ8cX3jlbY
FML,"Kanye West",,,youtube,ZvtEQ0Vm56s,,"2026-10-09 18:56",,https://www.youtube.com/watch?v=ZvtEQ0Vm56s
"Kaskade - C-3P0's Plight (Audio Only)",,,,youtube,QMPIsogVd0Y,,"2026-10-09 18:56",,https://www.youtube.com/watch?v=QMPIsogVd0Y
"Katamari Damacy Series Instrumentals + Bonus Tracks",,,,youtube,_jwYL0h0vY4,,"2026-10-09 18:56",,https://www.youtube.com/watch?v=_jwYL0h0vY4
"Digital World",Kelis,,,youtube,kfr-6gTWC_c,,"2026-10-09 18:56",,https://www.youtube.com/watch?v=kfr-6gTWC_c
Shoes,,,,youtube,3HjIljJd-o0,,"2026-10-09 18:56",,https://www.youtube.com/watch?v=3HjIljJd-o0
"Kendrick Lamar | DNA. 2nd Part",,,,youtube,PossExih57Y,,"2026-10-09 18:56",,https://www.youtube.com/watch?v=PossExih57Y
"u - Kendrick Lamar (To Pimp a Butterfly)",,,,youtube,QiTAqBKqJks,,"2026-10-09 18:56",,https://www.youtube.com/watch?v=QiTAqBKqJks
"𝐄𝐔𝐏𝐇𝐎𝐑𝐈𝐀 by Kendrick Lamar (Verse 2) Lyric Music Video",,,,youtube,FPqaXROD1Hc,,"2026-10-09 18:56",,https://www.youtube.com/watch?v=FPqaXROD1Hc
"Kendrick Lamar - tv off (Official Audio)",,,,youtube,U8F5G5wR1mk,,"2026-10-09 18:56",,https://www.youtube.com/watch?v=U8F5G5wR1mk
"Death By Sex - Kim Petras (Official Audio)",,,,youtube,T-GYVApMqtg,,"2026-10-09 18:56",,https://www.youtube.com/watch?v=T-GYVApMqtg
"Porter Robinson & Lazy Rich feat. Sue Cho - Hello",,,,youtube,Ph9ohnEF3LA,,"2026-10-09 18:56",,https://www.youtube.com/watch?v=Ph9ohnEF3LA
"Porter Robinson & Lazy Rich feat. Sue Cho - Hello",,,,youtube,Ph9ohnEF3LA,,"2026-10-09 18:56",,https://www.youtube.com/watch?v=Ph9ohnEF3LA
"Inside a House (from The Legend of Zelda: Ocarina of Time) [Koji Kondo] // Amy Turk, Harps",,,,youtube,PcWcv6EBSZs,,"2026-10-09 18:57",,https://www.youtube.com/watch?v=PcWcv6EBSZs
"Middle Boss Battle - The Legend of Zelda: Ocarina of Time",,,,youtube,RYkbobtyG7c,,"2026-10-09 18:57",,https://www.youtube.com/watch?v=RYkbobtyG7c
"Temple of Time - The Legend of Zelda: Ocarina of Time Music Extended",,,,youtube,nOs1mksL5I4,,"2026-10-09 18:57",,https://www.youtube.com/watch?v=nOs1mksL5I4
"Windmill Hut - The Legend of Zelda: Ocarina of Time Music Extended",,,,youtube,sQOPSNyA6hQ,,"2026-10-09 18:57",,https://www.youtube.com/watch?v=sQOPSNyA6hQ
"Shadow Temple (extended) - LOZ: OOT",,,,youtube,ID9nvwXNWiE,,"2026-10-09 18:57",,https://www.youtube.com/watch?v=ID9nvwXNWiE
"Linkin Park- FRGT 10 Ft. Alchemist, Chali 2na(Reanimation)\",,,,youtube,bnWy10fXev0,,"2026-10-09 18:57",,https://www.youtube.com/watch?v=bnWy10fXev0
"Little Mix - Salute (Official Video)",,,,youtube,Kjpa0SMOug0,,"2026-10-09 18:57",,https://www.youtube.com/watch?v=Kjpa0SMOug0
"Little Mix - Bounce Back (Official Video)",,,,youtube,fnGHESypBuU,,"2026-10-09 18:57",,https://www.youtube.com/watch?v=fnGHESypBuU
"LIZOT x SHIBUI x Barcode Brothers - Dooh Dooh (Lyric Video)",,,,youtube,neRior9cFV8,,"2026-10-09 18:57",,https://www.youtube.com/watch?v=neRior9cFV8
"Logic - Perfect (Official Audio)",,,,youtube,ehBZXAP-yU8,,"2026-10-09 18:57",,https://www.youtube.com/watch?v=ehBZXAP-yU8
"m-flo loves LISA / TRIPOD BABY",,,,youtube,u3pEpQw2apU,,"2026-10-09 18:57",,https://www.youtube.com/watch?v=u3pEpQw2apU
Ghost,Release,,,youtube,bHH5fNdr2rQ,,"2026-10-09 18:57",,https://www.youtube.com/watch?v=bHH5fNdr2rQ
Mg2,"Machine Girl",,,youtube,jKPJbl3VE8s,,"2026-10-09 18:57",,https://www.youtube.com/watch?v=jKPJbl3VE8s
"【MKW WR】 SNES Ghost Valley 2 (No Glitch) - 52.746 - Sosis",,,,youtube,jWRsMWo-55g,,"2026-10-09 18:57",,https://www.youtube.com/watch?v=jWRsMWo-55g
"竹内まりや -  Plastic Love (Official Music Video)",,,,youtube,T_lC2O1oIew,,"2026-10-09 18:57",,https://www.youtube.com/watch?v=T_lC2O1oIew
"Metal Gear Rising: Revengeance OST - Rules of Nature Extended",,,,youtube,N3472Q6kvg0,,"2026-10-09 18:57",,https://www.youtube.com/watch?v=N3472Q6kvg0
"MIA - Banana Skit",,,,youtube,taLHRd1RcxE,,"2026-10-09 18:57",,https://www.youtube.com/watch?v=taLHRd1RcxE
"20 Dollar",M.I.A.,,,youtube,V3d2QqjcrRQ,,"2026-10-09 18:57",,https://www.youtube.com/watch?v=V3d2QqjcrRQ
XR2,M.I.A.,,,youtube,kcTvHtC3lMM,,"2026-10-09 18:57",,https://www.youtube.com/watch?v=kcTvHtC3lMM
"M.I.A. - Bring The Noize (Matangi Street Edition)",,,,youtube,RvUVxYndYuU,,"2026-10-09 18:57",,https://www.youtube.com/watch?v=RvUVxYndYuU
ILLYGIRL,M.I.A.,,,youtube,zV1NgEWrbIs,,"2026-10-09 18:57",,https://www.youtube.com/watch?v=zV1NgEWrbIs
"M.I.A - SAFE (Official Video)",,,,youtube,-IS46VRxMFo,,"2026-10-09 18:58",,https://www.youtube.com/watch?v=-IS46VRxMFo
"MILLIONAIRES - ""Drinks On Me"" Official Music Video",,,,youtube,Q9uuq6GoJ8s,,"2026-10-09 18:58",,https://www.youtube.com/watch?v=Q9uuq6GoJ8s
"C418 - Haunt Muskie (Minecraft Volume Beta)",,,,youtube,ao8U6D_F3dE,,"2026-10-09 18:58",,https://www.youtube.com/watch?v=ao8U6D_F3dE
"Bullying_ Bullying_ Bullying_ Bullying_ but Did You Know... How Much Heaven Loves You_ (umru edit)",,,,youtube,jntcgVwXRC8,,"2026-10-09 18:58",,https://www.youtube.com/watch?v=jntcgVwXRC8
"Mr. Oizo - Z (Official Audio)",,,,youtube,KtVZAHo_Hb0,,"2026-10-09 18:58",,https://www.youtube.com/watch?v=KtVZAHo_Hb0
"NJOI - Anthem (Official Video)",,,,youtube,mDURChQ7w54,,"2026-10-09 18:58",,https://www.youtube.com/watch?v=mDURChQ7w54
"Pan Matsuri","Naked Flames",,,youtube,QLpSHyUQHMY,,"2026-10-09 18:58",,https://www.youtube.com/watch?v=QLpSHyUQHMY
"N.E.R.D. - Run To The Sun",,,,youtube,8DxGltvsZ1s,,"2026-10-09 18:58",,https://www.youtube.com/watch?v=8DxGltvsZ1s
"Baby Doll",N.E.R.D.,,,youtube,knRxbt9lpJI,,"2026-10-09 18:58",,https://www.youtube.com/watch?v=knRxbt9lpJI
"Backseat Love",N.E.R.D.,,,youtube,GWKXBdoblQw,,"2026-10-09 18:58",,https://www.youtube.com/watch?v=GWKXBdoblQw
"N.E.R.D - Chariot Of Fire",,,,youtube,UemRzEpreWI,,"2026-10-09 18:58",,https://www.youtube.com/watch?v=UemRzEpreWI
"Laugh About It",N.E.R.D.,,,youtube,ptFA-ruy0eA,,"2026-10-09 18:58",,https://www.youtube.com/watch?v=ptFA-ruy0eA
"New Order - Blue Monday-95 (Hardfloor Mix) [Visualiser]",,,,youtube,TvhQUBzufG4,,"2026-10-09 18:58",,https://www.youtube.com/watch?v=TvhQUBzufG4
"New Super Mario Bros. (DS) 100% Walkthrough - World 2 (All Star Coins & Secret Exits)",,,,youtube,ykhPkBhvOBs,,"2026-10-09 18:58",,https://www.youtube.com/watch?v=ykhPkBhvOBs
"Fist Fuck","Nine Inch Nails",,,youtube,IdeMsTtIR_M,,"2026-10-09 18:58",,https://www.youtube.com/watch?v=IdeMsTtIR_M
"Good Things on the Way",Ö,,,youtube,_kjTtOaL8mA,,"2026-10-09 18:58",,https://www.youtube.com/watch?v=_kjTtOaL8mA
"Sticky Drama - Music Video",,,,youtube,td-e4i2BL_Q,,"2026-10-09 18:58",,https://www.youtube.com/watch?v=td-e4i2BL_Q
"Panic! At The Disco - Crazy = Genius (Official Audio)",,,,youtube,nLPTNumhyAY,,"2026-10-09 18:58",,https://www.youtube.com/watch?v=nLPTNumhyAY
"Last Surprise",Lyn,,,youtube,ZNGqBDRJgvo,,"2026-10-09 18:58",,https://www.youtube.com/watch?v=ZNGqBDRJgvo
"The Whims of Fate",Lyn,,,youtube,69Km895ntNc,,"2026-10-09 18:59",,https://www.youtube.com/watch?v=69Km895ntNc
"If You Want To (feat. Kai Whiston)","Petal Supply",,,youtube,yV9UaOTElug,,"2026-10-09 18:59",,https://www.youtube.com/watch?v=yV9UaOTElug
"How Does It Feel?",Pharrell,,,youtube,3vDRDwwYi_E,,"2026-10-09 18:59",,https://www.youtube.com/watch?v=3vDRDwwYi_E
"Playboi Carti - MOJO JOJO (Official Audio)",,,,youtube,w5U7hemoc28,,"2026-10-09 18:59",,https://www.youtube.com/watch?v=w5U7hemoc28
"ROBOT ROCK feat. duuzu",,,,youtube,m0SoO9R8ZcQ,,"2026-10-09 18:59",,https://www.youtube.com/watch?v=m0SoO9R8ZcQ
"P.O.D. - Alive (Official Music Video) [4K]",,,,youtube,ce2KN06dS7c,,"2026-10-09 18:59",,https://www.youtube.com/watch?v=ce2KN06dS7c
"Opening Movie - Pokémon Red & Blue",,,,youtube,3Tfued5Bv_w,,"2026-10-09 18:59",,https://www.youtube.com/watch?v=3Tfued5Bv_w
"Pokémon Unused OST - Generation I (R/G/B/Y)",,,,youtube,wY1Z7nwBCps,,"2026-10-09 18:59",,https://www.youtube.com/watch?v=wY1Z7nwBCps
"The Presets - Get The F**k Outta Here",,,,youtube,cMA4m7_ERZ0,,"2026-10-09 18:59",,https://www.youtube.com/watch?v=cMA4m7_ERZ0
"If I Know You (Tania & Jori Version)","The Presets",,,youtube,bZ6HGykXPrY,,"2026-10-09 18:59",,https://www.youtube.com/watch?v=bZ6HGykXPrY
"Primus - Wynonna's Big Brown Beaver",,,,youtube,aYDfwUJzYQg,,"2026-10-09 18:59",,https://www.youtube.com/watch?v=aYDfwUJzYQg
"I'm a Textpert (Rap Battle)",,,,youtube,FWj42BxDXCU,,"2026-10-09 18:59",,https://www.youtube.com/watch?v=FWj42BxDXCU
"Blue Birds 2 - Rhythm Heaven",,,,youtube,7yxuINoCdEc,,"2026-10-09 18:59",,https://www.youtube.com/watch?v=7yxuINoCdEc
"Blue Birds 2 - Rhythm Heaven",,,,youtube,7yxuINoCdEc,,"2026-10-09 18:59",,https://www.youtube.com/watch?v=7yxuINoCdEc
