title,artist,album,isrc,platform,trackId,duration,addedDate,addedBy,url
"The Darkness (Remix) [with Sarah Bonito, Hannah Diamond]","A. G. Cook, Sarah Bonito, Hannah Diamond",,USA2P2114837,soundcloud,soundcloud:tracks:1039310263,247,,,https://soundcloud.com/agcook/the-darkness-remix-with-sarah?utm_medium=api&utm_campaign=social_sharing&utm_source=id_59007
𝟹G,"A. G. Cook & Cecile Believe",,,soundcloud,soundcloud:tracks:1794155539,175,,,https://soundcloud.com/dustyy77/3g?utm_medium=api&utm_campaign=social_sharing&utm_source=id_59007
Wrong,Alnaht,,,soundcloud,soundcloud:tracks:1381484050,384,,,https://soundcloud.com/vivtov/alnaht-wrong?utm_medium=api&utm_campaign=social_sharing&utm_source=id_59007
"Happy with you (SebastiAn Remix)",Annie,,,soundcloud,soundcloud:tracks:1788690430,269,,,https://soundcloud.com/flo276/annie-happy-with-you-sebastian-remix?utm_medium=api&utm_campaign=social_sharing&utm_source=id_59007
"I could use a drink pt1",Thebonsaisupersleep,,,soundcloud,soundcloud:tracks:2390657091,147,,,https://soundcloud.com/thebonsaisupersleep/i-could-use-a-drink-pt1?utm_medium=api&utm_campaign=social_sharing&utm_source=id_59007
"LEVEL 4 SMOKER","Arman Long",,TCAHK2384799,soundcloud,soundcloud:tracks:1611901869,137,,,https://soundcloud.com/909worldwide/level-4-smoker?utm_medium=api&utm_campaign=social_sharing&utm_source=id_59007
"Split in my Face (HARDSTYLE)",хз,,,soundcloud,soundcloud:tracks:1612423452,120,,,https://soundcloud.com/liverehub/split-in-my-face-hardstyle?utm_medium=api&utm_campaign=social_sharing&utm_source=id_59007
"Boom Boom Wow (D.J. will.i.am Megamix)","The Black Eyed Peas",,USUM70964434,soundcloud,soundcloud:tracks:253374784,252,,,https://soundcloud.com/black-eyed-peas-official/boom-boom-wow-d-j-will-i-am?utm_medium=api&utm_campaign=social_sharing&utm_source=id_59007
N.S.T,badfellas,,,soundcloud,soundcloud:tracks:902372464,145,,,https://soundcloud.com/user-593638874-772393310/nst?utm_medium=api&utm_campaign=social_sharing&utm_source=id_59007
"chic c'est la vie (dvnots remix) 130","countess luann",,,soundcloud,soundcloud:tracks:1794155671,146,,,https://soundcloud.com/dustyy77/chic-cest-la-vie-dvnots-remix?utm_medium=api&utm_campaign=social_sharing&utm_source=id_59007
"SO YESTERDAY",exxy,,QZMHK2418918,soundcloud,soundcloud:tracks:927709768,357,,,https://soundcloud.com/exxyau/crush3d-so-yesterday?utm_medium=api&utm_campaign=social_sharing&utm_source=id_59007
"V (Main Theme)","Marcin Przybyłowicz",,,soundcloud,soundcloud:tracks:944663434,80,,,https://soundcloud.com/goldielou2/cyberpunk-2077-ost-v?utm_medium=api&utm_campaign=social_sharing&utm_source=id_59007
"The Rebel Path - (Don't Fear) the Reaper Version","P.T. Adamczyk",,,soundcloud,soundcloud:tracks:2319784175,736,,,https://soundcloud.com/itskuddx/cyberpunk-2077-ost-the-rebel?utm_medium=api&utm_campaign=social_sharing&utm_source=id_59007
"P.T. Adamczyk - Outsider No More (Cyberpunk 2077)","P.T. Adamczyk",,,soundcloud,soundcloud:tracks:950825041,230,,,https://soundcloud.com/sonderistic/05-pt-adamczyk-outsider-no-more-cyberpunk-2077?utm_medium=api&utm_campaign=social_sharing&utm_source=id_59007
"Marcin Przybylowicz - Wushu Dolls (Cyberpunk 2077)","Marcin Przybylowicz",,,soundcloud,soundcloud:tracks:950825992,141,,,https://soundcloud.com/sonderistic/07-marcin-przybylowicz-wushu-dolls-cyberpunk-2077?utm_medium=api&utm_campaign=social_sharing&utm_source=id_59007
"P.T. Adamczyk - Мусорщики (Cyberpunk 2077)","P.T. Adamczyk",,,soundcloud,soundcloud:tracks:950828215,107,,,https://soundcloud.com/sonderistic/09-p-t-adamczyk-cyberpunk-2077?utm_medium=api&utm_campaign=social_sharing&utm_source=id_59007
"david bowie","Kai Angel ",,,soundcloud,soundcloud:tracks:2398283310,91,,,https://soundcloud.com/kaiangel-9mice/david-bowie-4?utm_medium=api&utm_campaign=social_sharing&utm_source=id_59007
"Melleefresh vs deadmau5 / Afterhours (Original Mix)","Melleefresh vs deadmau5",,CAPA30600148,soundcloud,soundcloud:tracks:29756523,370,,,https://soundcloud.com/melleefresh/melleefresh-vs-deadmau5-afterhours-original-mix?utm_medium=api&utm_campaign=social_sharing&utm_source=id_59007
"You might think he loves you (slowed + reverb) {read description}","Death Grips",,,soundcloud,soundcloud:tracks:791644513,239,,,https://soundcloud.com/delta3145/death-grips-you-might-think-he-loves-you-for-your-money-but-i-know-what-he-really-loves-you-for-its-your-brand-new-leopard-skin-pillbox-hat-slowed-reverb?utm_medium=api&utm_campaign=social_sharing&utm_source=id_59007
"i want these shoes but unfortunately i dont have a billion million dollars pt1",tttadashi,,,soundcloud,soundcloud:tracks:2371379819,171,,,https://soundcloud.com/tttadashi/i-want-these-shoes-but?utm_medium=api&utm_campaign=social_sharing&utm_source=id_59007
"Jimmy Cooks (Type Beat)","2k beats",,QZS662249861,soundcloud,soundcloud:tracks:1290289666,130,,,https://soundcloud.com/2kbeats1998/drake-ft-21-savage-jimmy-cooks-type-beat?utm_medium=api&utm_campaign=social_sharing&utm_source=id_59007
"Rich Flex p.1 (DJ ROCCO & DJ EVER B Remix) (FULL VERSION ON PATREON)","Drake ✪ & 21 Savage ✪",,,soundcloud,soundcloud:tracks:1382792077,203,,,https://soundcloud.com/wewinnin/flex?utm_medium=api&utm_campaign=social_sharing&utm_source=id_59007
"End of the Earth by Epic Games (Fortnite Festival Jam Track)",TANUKI,,,soundcloud,soundcloud:tracks:2159653404,171,,,https://soundcloud.com/tanuki-469388778/end-of-the-earth-by-epic-games?utm_medium=api&utm_campaign=social_sharing&utm_source=id_59007
"A-meow-zing Beat | Fortnite Emote","Epic Games",,,soundcloud,soundcloud:tracks:2406806445,31,,,https://soundcloud.com/david-beaudette-244776420/a-meow-zing-beat-fortnite?utm_medium=api&utm_campaign=social_sharing&utm_source=id_59007
"Epic Games","Swim Free",,,soundcloud,soundcloud:tracks:1816669698,191,,,https://soundcloud.com/lgmbrydan/swim-free-epic-games?utm_medium=api&utm_campaign=social_sharing&utm_source=id_59007
"EDM Playlist - Pt1",hari,,,soundcloud,soundcloud:tracks:2248648766,1957,,,https://soundcloud.com/hvrithxnh/2016-rewind-edm-playlist-pt1?utm_medium=api&utm_campaign=social_sharing&utm_source=id_59007
"Friday Night Funkin' OST","Philly Nice",,,soundcloud,soundcloud:tracks:1006531801,102,,,https://soundcloud.com/kawaispritefak/philly-nice-friday-night-funkin-ost?utm_medium=api&utm_campaign=social_sharing&utm_source=id_59007
"Him and I ( Manïn Remix )",M.,,QM8DG1838523,soundcloud,soundcloud:tracks:375770576,289,,,https://soundcloud.com/ma-nin/g-easy-ft-halsey-him-and-i-school-bus-remix?utm_medium=api&utm_campaign=social_sharing&utm_source=id_59007
"George Riley, Hudson Mohawke","S e x [Mixed]",,,soundcloud,soundcloud:tracks:1785807258,203,,,https://soundcloud.com/fabric/s-e-x-mixed-george-riley-hudson-mohawke?utm_medium=api&utm_campaign=social_sharing&utm_source=id_59007
"Welcome to the World of the Plastic Beach (feat. Snoop Dogg and Hypnotic Brass Ensemble)",Gorillaz,,GBAYE1000004,soundcloud,soundcloud:tracks:257066624,216,,,https://soundcloud.com/gorillaz/welcome-to-the-world-of-the?utm_medium=api&utm_campaign=social_sharing&utm_source=id_59007
"Strobelite Ft. Peven Everett (LIVE)",Gorillaz,,,soundcloud,soundcloud:tracks:545580498,276,,,https://soundcloud.com/user-723244371-449905829/gorillaz-strobelite-live?utm_medium=api&utm_campaign=social_sharing&utm_source=id_59007
"Sex Murder Party (feat. Jamie Principle & Zebra Katz)",Gorillaz,,,soundcloud,soundcloud:tracks:318655751,259,,,https://soundcloud.com/user-26221223/sex-murder-party-feat-jamie?utm_medium=api&utm_campaign=social_sharing&utm_source=id_59007
"The Bird",GRRL,,,soundcloud,soundcloud:tracks:737665669,163,,,https://soundcloud.com/grrl-music/grrl-the-bird?utm_medium=api&utm_campaign=social_sharing&utm_source=id_59007
"Does It Feel Good",GRRL,,,soundcloud,soundcloud:tracks:1749029322,267,,,https://soundcloud.com/grrl-music/grrl-does-it-feel-good?utm_medium=api&utm_campaign=social_sharing&utm_source=id_59007
"Puppy Love",GRRL,,,soundcloud,soundcloud:tracks:1749029190,206,,,https://soundcloud.com/grrl-music/grrl-puppy-love?utm_medium=api&utm_campaign=social_sharing&utm_source=id_59007
"We Run The Night (feat. Pitbull)","Havana Brown",,AUUM71100937,soundcloud,soundcloud:tracks:256157278,228,,,https://soundcloud.com/havana-brown/we-run-the-night?utm_medium=api&utm_campaign=social_sharing&utm_source=id_59007
"One Thaumaturgy","Heather DiStefano",,TCAHK2384859,soundcloud,soundcloud:tracks:1611901665,256,,,https://soundcloud.com/909worldwide/one-thaumaturgy?utm_medium=api&utm_campaign=social_sharing&utm_source=id_59007
"Give It To Me (Sped Up)","Henrik, sped up + slowed",,GBCEN2300098,soundcloud,soundcloud:tracks:1520543830,163,,,https://soundcloud.com/prodhenrik/give-it-to-me-sped-up?utm_medium=api&utm_campaign=social_sharing&utm_source=id_59007
ПлакПлак,IC3PEAK,,QM6MZ2019108,soundcloud,soundcloud:tracks:2364711065,204,,,https://soundcloud.com/ic3peak/plakplak?utm_medium=api&utm_campaign=social_sharing&utm_source=id_59007
"Sneakman (Jet Set Radio OST)","Hideki Naganuma",,,soundcloud,soundcloud:tracks:335936459,233,,,https://soundcloud.com/user-18354017/sneakman-jet-set-radio-ost?utm_medium=api&utm_campaign=social_sharing&utm_source=id_59007
"SexyBack (Teedee Remix) (ACRAZE ID)","Teedee, ACRAZE",,,soundcloud,soundcloud:tracks:2254051103,201,,,https://soundcloud.com/daniel-daley-583971989/justin-timberlake-ft-timbaland-sexyback-teedee-remix-acraze-id?utm_medium=api&utm_campaign=social_sharing&utm_source=id_59007
"What Goes Around.../...Comes Around (Interlude)","Justin Timberlake",,USJI10600479,soundcloud,soundcloud:tracks:256093118,30,,,https://soundcloud.com/justintimberlake/what-goes-around-comes-around?utm_medium=api&utm_campaign=social_sharing&utm_source=id_59007
"katamari mambo ~ Katamari Syndrome mix","Yuri Misumi, Nobue Matsubara & Sakamoto-chan",,,soundcloud,soundcloud:tracks:306938175,335,,,https://soundcloud.com/katamariislife/katamari-mambo-katamari?utm_medium=api&utm_campaign=social_sharing&utm_source=id_59007
"M.A.A.D City (Super Smash Bros. Brawl Remix with choir)","Kendrick Lamar",,,soundcloud,soundcloud:tracks:1662852546,156,,,https://soundcloud.com/ricky-ricky-888934747/test?utm_medium=api&utm_campaign=social_sharing&utm_source=id_59007
"Ride Pt2","FREE Kendrick Lamar Type Beat",,,soundcloud,soundcloud:tracks:506574198,157,,,https://soundcloud.com/dranfresh/free-kendrick-lamar-type-beat-ride-pt2?utm_medium=api&utm_campaign=social_sharing&utm_source=id_59007
"Bad Romance","Lady Gaga",,USUM70903859,soundcloud,soundcloud:tracks:255899647,295,,,https://soundcloud.com/ladygaga/bad-romance?utm_medium=api&utm_campaign=social_sharing&utm_source=id_59007
"Koume and Kotake (Twinrova)","The Legend of Zelda: Ocarina of Time",,,soundcloud,soundcloud:tracks:295322291,92,,,https://soundcloud.com/qumumusic/the-legend-of-zelda-ocarina-of-time-koume-and-kotake-twinrova?utm_medium=api&utm_campaign=social_sharing&utm_source=id_59007
"go white enby go",leroy,,QZTH92297958,soundcloud,soundcloud:tracks:946511056,77,,,https://soundcloud.com/c0ncernn/go-white-enby-go?utm_medium=api&utm_campaign=social_sharing&utm_source=id_59007
"I'm In Miami Bitch",LMFAO,,USUM70847912,soundcloud,soundcloud:tracks:252971359,228,,,https://soundcloud.com/lmfao-official/im-in-miami-bitch-album?utm_medium=api&utm_campaign=social_sharing&utm_source=id_59007
"The Lonely Island Like A Boss",ryanplindquist,,,soundcloud,soundcloud:tracks:100197575,106,,,https://soundcloud.com/ryanplindquist/the-lonely-island-like-a-boss?utm_medium=api&utm_campaign=social_sharing&utm_source=id_59007
"Motherlover (Paul Ross' Motherfuckin Remix)","The Lonely Island ft Justin Timberlake",,,soundcloud,soundcloud:tracks:63741520,381,,,https://soundcloud.com/djpaulross-1/the-lonely-island-ft-justin?utm_medium=api&utm_campaign=social_sharing&utm_source=id_59007
"Ludwig van Beethoven, Für Elise",Iwillbebach,,,soundcloud,soundcloud:tracks:172743401,239,,,https://soundcloud.com/iwillbebach/fu-r-elise?utm_medium=api&utm_campaign=social_sharing&utm_source=id_59007
Crystarium,Manapool,,TCAHK2384858,soundcloud,soundcloud:tracks:1611901683,172,,,https://soundcloud.com/909worldwide/crystarium?utm_medium=api&utm_campaign=social_sharing&utm_source=id_59007
"Mount Wario (2.2 Sector)- Mario Kart 8 Deluxe OST",Wenamechaindesama,,,soundcloud,soundcloud:tracks:1733755371,75,,,https://soundcloud.com/a-820935462/mount-wario-2-2-sector-mario?utm_medium=api&utm_campaign=social_sharing&utm_source=id_59007
"Mount Wario (3. Sector)- Mario Kart 8 Deluxe OST",Wenamechaindesama,,,soundcloud,soundcloud:tracks:1733755368,76,,,https://soundcloud.com/a-820935462/mount-wario-3-sector-mario?utm_medium=api&utm_campaign=social_sharing&utm_source=id_59007
"Pump Up The Volume (UK 12"" Remix)",M/A/R/R/S,,GBAFL8700043,soundcloud,soundcloud:tracks:265569174,389,,,https://soundcloud.com/marrsofficial/pump-up-the-volume-uk-12-remix?utm_medium=api&utm_campaign=social_sharing&utm_source=id_59007
"U Can't Touch This","M.C. Hammer",,USCA29000294,soundcloud,soundcloud:tracks:259035345,257,,,https://soundcloud.com/mc-hammer-official/u-cant-touch-this?utm_medium=api&utm_campaign=social_sharing&utm_source=id_59007
"PAPER PLANES (NOISE MAFIA EDIT) (CRBFREE014)",Corebeats,,QZKDK2280146,soundcloud,soundcloud:tracks:1616592546,317,,,https://soundcloud.com/corebeats03/mia-paper-planes-noise-mafia-edit-crbfree014?utm_medium=api&utm_campaign=social_sharing&utm_source=id_59007
"Bamboo Banga (BACHER FLIP)",BACHER,,,soundcloud,soundcloud:tracks:2061625732,216,,,https://soundcloud.com/bacherbeats/m-i-a-bamboo-banga-bacher-flip?utm_medium=api&utm_campaign=social_sharing&utm_source=id_59007
Bad,"Michael Jackson",,USSM19909065,soundcloud,soundcloud:tracks:278508903,30,,,https://soundcloud.com/mjimmortal/bad?utm_medium=api&utm_campaign=social_sharing&utm_source=id_59007
"c418 | Minecraft",Key,,,soundcloud,soundcloud:tracks:966055066,65,,,https://soundcloud.com/user-970229102/key-c418-minecraft?utm_medium=api&utm_campaign=social_sharing&utm_source=id_59007
Minecraft,C418,,TCAAW1157077,soundcloud,soundcloud:tracks:2302601423,254,,,https://soundcloud.com/c418/minecraft?utm_medium=api&utm_campaign=social_sharing&utm_source=id_59007
"XXX 88 Ft. Diplo (Rimad Remix)",MØ,,,soundcloud,soundcloud:tracks:243925405,241,,,https://soundcloud.com/rimad2/mo-xxx-88-ft-diplo-rimad-remix?utm_medium=api&utm_campaign=social_sharing&utm_source=id_59007
CAMELFUCK,"oizo mr 3000",,,soundcloud,soundcloud:tracks:27061762,167,,,https://soundcloud.com/oizo-mr-3000/camel-fuck?utm_medium=api&utm_campaign=social_sharing&utm_source=id_59007
"Flat Beat","Mr Oizo",,,soundcloud,soundcloud:tracks:179780289,187,,,https://soundcloud.com/square-15/mr-oizo-flat-beat?utm_medium=api&utm_campaign=social_sharing&utm_source=id_59007
"1000 Cigarettes",MSTRKRFT,,USDM30800061,soundcloud,soundcloud:tracks:346135909,206,,,https://soundcloud.com/mstrkrft/1000-cigarettes-album-version?utm_medium=api&utm_campaign=social_sharing&utm_source=id_59007
"Tape You",N.E.R.D.,,USVI20100620,soundcloud,soundcloud:tracks:349457097,292,,,https://soundcloud.com/nerd/tape-you?utm_medium=api&utm_campaign=social_sharing&utm_source=id_59007
"She Wants To Move",N.E.R.D.,,USVI20400016,soundcloud,soundcloud:tracks:349457059,216,,,https://soundcloud.com/nerd/she-wants-to-move?utm_medium=api&utm_campaign=social_sharing&utm_source=id_59007
"Preservation (Live)",N.E.R.D,,FR5R00905593,soundcloud,soundcloud:tracks:1036980823,280,,,https://soundcloud.com/nerd/preservation-live?utm_medium=api&utm_campaign=social_sharing&utm_source=id_59007
"The Way She Dances",N.E.R.D.,,USVI20400087,soundcloud,soundcloud:tracks:349457231,246,,,https://soundcloud.com/nerd/the-way-she-dances?utm_medium=api&utm_campaign=social_sharing&utm_source=id_59007
"My Drive Thru","N.E.R.D ft. Santogold & Julian Casablancas",,,soundcloud,soundcloud:tracks:383230,245,,,https://soundcloud.com/brittneyhey/n-e-r-d-my-drive-thru?utm_medium=api&utm_campaign=social_sharing&utm_source=id_59007
"Squeeze Me (from The Spongebob Movie Sponge Out Of Water)",N.E.R.D,,,soundcloud,soundcloud:tracks:758635882,155,,,https://soundcloud.com/user-105888795/nerd-squeeze-me-from-the-spongebob-movie-sponge-out-of-water?utm_medium=api&utm_campaign=social_sharing&utm_source=id_59007
"Love Bomb",N.E.R.D.,,USUM70814601,soundcloud,soundcloud:tracks:349457116,276,,,https://soundcloud.com/nerd/love-bomb-album-version?utm_medium=api&utm_campaign=social_sharing&utm_source=id_59007
"Hypnotize U",N.E.R.D.,,USUM71025174,soundcloud,soundcloud:tracks:349457343,257,,,https://soundcloud.com/nerd/hypnotize-u?utm_medium=api&utm_campaign=social_sharing&utm_source=id_59007
"Promises (Tape B Edit)","Tape B",,QZ67M2490944,soundcloud,soundcloud:tracks:1688110992,256,,,https://soundcloud.com/tape-b-official/nero-skrillex-promises-tape-b-edit?utm_medium=api&utm_campaign=social_sharing&utm_source=id_59007
F.A.M.I.L.Y,"Nia Archives",,GBUM72311062,soundcloud,soundcloud:tracks:1799110198,160,,,https://soundcloud.com/nia-archives/f-a-m-i-l-y?utm_medium=api&utm_campaign=social_sharing&utm_source=id_59007
"O-Zone Dragostea Din Tei","Viktor Sheva",,,soundcloud,soundcloud:tracks:712963954,346,,,https://soundcloud.com/viktor-sheva-652489872/o-zone-dragostea-din-tei-1?utm_medium=api&utm_campaign=social_sharing&utm_source=id_59007
"Let It Go - Hideki Naganuma","Ollie King OST",,,soundcloud,soundcloud:tracks:289990011,242,,,https://soundcloud.com/user-121634934/ollie-king-ost-let-it-go-hideki-naganuma?utm_medium=api&utm_campaign=social_sharing&utm_source=id_59007
"Keep It Playa (ft Slim Thug)","Pharrell & The Yessirs",,,soundcloud,soundcloud:tracks:937431088,255,,,https://soundcloud.com/k206/pharrell-the-yessirs-6-keep-it?utm_medium=api&utm_campaign=social_sharing&utm_source=id_59007
"Stay With Me (ft Pusha T)","Pharrell & The Yessirs",,,soundcloud,soundcloud:tracks:937434598,263,,,https://soundcloud.com/k206/pharrell-the-yessirs-12-stay?utm_medium=api&utm_campaign=social_sharing&utm_source=id_59007
"Our Father",Pharrell,,USUM70604685,soundcloud,soundcloud:tracks:263662783,207,,,https://soundcloud.com/pharrellwilliams-official/our-father?utm_medium=api&utm_campaign=social_sharing&utm_source=id_59007
"Skeletons Playboi Carti Ft. Lil Uzi Vert And Travis Scott",serendipity,,,soundcloud,soundcloud:tracks:1071604933,277,,,https://soundcloud.com/kingsandyvanderesch/whole-lotta-red-playboi-carti-ft-lil-uzi-vert-and-travis-scott?utm_medium=api&utm_campaign=social_sharing&utm_source=id_59007
"Surf Rider (from Pulp Fiction)","The Lively Ones",,,soundcloud,soundcloud:tracks:35726086,92,,,https://soundcloud.com/undefined-people/the-lively-ones-surf-rider?utm_medium=api&utm_campaign=social_sharing&utm_source=id_59007
U.N.I.T.Y.,"Queen Latifah",,USMC19545525,soundcloud,soundcloud:tracks:255982554,251,,,https://soundcloud.com/queenlatifahofficial/u-n-i-t-y-album-version-edited?utm_medium=api&utm_campaign=social_sharing&utm_source=id_59007
"Losing My Religion",R.E.M.,,USWB11102866,soundcloud,soundcloud:tracks:256135410,269,,,https://soundcloud.com/rem-official/losing-my-religion-3?utm_medium=api&utm_campaign=social_sharing&utm_source=id_59007
"My OCD",rhett_and_link,,,soundcloud,soundcloud:tracks:195958390,127,,,https://soundcloud.com/rhett_and_link/my-ocd?utm_medium=api&utm_campaign=social_sharing&utm_source=id_59007
"Rhythm Heaven(DS)-OST Shoot-_em-up",CharlesOst,,,soundcloud,soundcloud:tracks:1881853209,102,,,https://soundcloud.com/tania-lopez-534950432/rhythm-heaven-ds-ost-shoot-em?utm_medium=api&utm_campaign=social_sharing&utm_source=id_59007
"Rhythm Heaven(DS)-OST Shoot-_em-up 2",CharlesOst,,,soundcloud,soundcloud:tracks:1881956166,102,,,https://soundcloud.com/tania-lopez-534950432/rhythm-heaven-ds-ost-shoot-2?utm_medium=api&utm_campaign=social_sharing&utm_source=id_59007
"Rhythm Heaven","FriendCom Industries, Tsunku♂",,,soundcloud,soundcloud:tracks:2199022923,138,,,https://soundcloud.com/friendcom-industries/remix-3-ds?utm_medium=api&utm_campaign=social_sharing&utm_source=id_59007
"Rhythm Heaven(DS)-OST Dog Ninja",CharlesOst,,,soundcloud,soundcloud:tracks:1881933159,82,,,https://soundcloud.com/tania-lopez-534950432/rhythm-heaven-ds-ost-dog-ninja?utm_medium=api&utm_campaign=social_sharing&utm_source=id_59007
"Rhythm Heaven Fever","Tsunku, Masami Yone, Shinji Ushiroda, and Asuka Ito",,,soundcloud,soundcloud:tracks:2148028263,84,,,https://soundcloud.com/sens_belowstory/cafe-rhythm-heaven-fever?utm_medium=api&utm_campaign=social_sharing&utm_source=id_59007
"Rhythm Heaven Fever",See-Saw,,,soundcloud,soundcloud:tracks:75741432,100,,,https://soundcloud.com/fancypancakes/see-saw-rhythm-heaven-fever?utm_medium=api&utm_campaign=social_sharing&utm_source=id_59007
"[Rhythm Heaven Fever] ~ Samurai Slice (Perfect)","Pablo Acevedo",,,soundcloud,soundcloud:tracks:1287606145,132,,,https://soundcloud.com/yes-no-773630910/rhythm-heaven-fever-samurai-slice-perfect?utm_medium=api&utm_campaign=social_sharing&utm_source=id_59007
"Rhythm Heaven Fever - HQ","Exhibition Match",,,soundcloud,soundcloud:tracks:910740727,97,,,https://soundcloud.com/user-865591989/exhibition-match-rhythm-heaven?utm_medium=api&utm_campaign=social_sharing&utm_source=id_59007
"Samurai Slice 2 (Perfect)","[Rhythm Heaven Fever]",,,soundcloud,soundcloud:tracks:338511782,110,,,https://soundcloud.com/sp4rky-507336245/rhythm-heaven-fever-samurai-slice-2-perfect?utm_medium=api&utm_campaign=social_sharing&utm_source=id_59007
"Love Rap 2 [JP]","Rhythm Heaven Fever",,,soundcloud,soundcloud:tracks:458817834,129,,,https://soundcloud.com/maxim-forget/rhythm-heaven-fever-love-rap-2-jp?utm_medium=api&utm_campaign=social_sharing&utm_source=id_59007
"Menu (2P Endless Games)",Tsunku,,,soundcloud,soundcloud:tracks:1595684913,108,,,https://soundcloud.com/taromlk/menu-2p-endless-games-rhythm-heaven-fever?utm_medium=api&utm_campaign=social_sharing&utm_source=id_59007
"Comme Des Garçons (Like The Boys) (Pabllo Vittar x Brabo Remix)","Rina Sawayama, Pabllo Vittar",,GBK3W2001244,soundcloud,soundcloud:tracks:763236358,223,,,https://soundcloud.com/rinasawayama/comme-des-garcons-like-the-1?utm_medium=api&utm_campaign=social_sharing&utm_source=id_59007
"Pretty Rave Girl (99jakes prettiest rave girl edit) ▶ • ılıılıılılılılılı. 4:38",S3RL,,,soundcloud,soundcloud:tracks:1794155707,278,,,https://soundcloud.com/dustyy77/pretty-rave-girl-99jakes?utm_medium=api&utm_campaign=social_sharing&utm_source=id_59007
Foals,"Shinichi Osawa",,JPB600747211,soundcloud,soundcloud:tracks:256022161,275,,,https://soundcloud.com/shinichiosawa/foals?utm_medium=api&utm_campaign=social_sharing&utm_source=id_59007
"The Shining Opening Theme by Wendy Carlos and Rachel Elkind [An interpretation]","An Imaginal Space",,,soundcloud,soundcloud:tracks:664645487,80,,,https://soundcloud.com/an-imaginal-space/the-shining-opening-theme?utm_medium=api&utm_campaign=social_sharing&utm_source=id_59007
SIREN,Shygirl,,GBMVH2000840,soundcloud,soundcloud:tracks:890450890,236,,,https://soundcloud.com/0800shygirl/shygirl-siren?utm_medium=api&utm_campaign=social_sharing&utm_source=id_59007
"Wifey Riddim ft. Jorja Smith & SadBoi (NTsKi Remix)",NTsKi,,,soundcloud,soundcloud:tracks:2193662615,173,,,https://soundcloud.com/ami_no_acid/shygirl-wifey-riddim-ft-jorja-smith-sadboi-ntski-remix?utm_medium=api&utm_campaign=social_sharing&utm_source=id_59007
"Last Dance With Mary Jane (CoinRise Remix)",CoinRise,,,soundcloud,soundcloud:tracks:2001939779,107,,,https://soundcloud.com/coinrise/dancewithmaryjane?utm_medium=api&utm_campaign=social_sharing&utm_source=id_59007
"1-18 Quartz Quadrant JP","Sonic CD - 20TH Gold CD1",,,soundcloud,soundcloud:tracks:69772008,231,,,https://soundcloud.com/sonic-cd-the-best-sonic/1-18-quartz-quadrant-jp?utm_medium=api&utm_campaign=social_sharing&utm_source=id_59007
"2-04 Stardust Speedway 'B' Mix JP","Sonic CD - 20TH Gold CD2",,,soundcloud,soundcloud:tracks:69865385,163,,,https://soundcloud.com/sonic-cd-best-sonic-2/2-04-stardust-speedway-b-mix?utm_medium=api&utm_campaign=social_sharing&utm_source=id_59007
"Lava Reef Zone Act 1","Sonic & Knuckles",,,soundcloud,soundcloud:tracks:261742845,98,,,https://soundcloud.com/rman41/sonic-knuckles-lava-reef-zone-act-1?utm_medium=api&utm_campaign=social_sharing&utm_source=id_59007
"Miserable Girl",Soulwax,,BEP010500077,soundcloud,soundcloud:tracks:320933962,30,,,https://soundcloud.com/soulwaxofficial/miserable-girl-1?utm_medium=api&utm_campaign=social_sharing&utm_source=id_59007
"NY Excuse",Soulwax,,BEP010400109,soundcloud,soundcloud:tracks:320938346,30,,,https://soundcloud.com/soulwaxofficial/ny-excuse-1?utm_medium=api&utm_campaign=social_sharing&utm_source=id_59007
Splattack!,"Squid Squad",,,soundcloud,soundcloud:tracks:242999233,204,,,https://soundcloud.com/dj-tenta-kill/squid-squad-splattack?utm_medium=api&utm_campaign=social_sharing&utm_source=id_59007
"Inkopolis News!","Squid Sisters",,,soundcloud,soundcloud:tracks:243005657,89,,,https://soundcloud.com/dj-tenta-kill/squid-sisters-inkopolis-news?utm_medium=api&utm_campaign=social_sharing&utm_source=id_59007
"Entropical - SashiMori",SolCalibre™,,QM8DG1840655,soundcloud,soundcloud:tracks:509436906,215,,,https://soundcloud.com/sol64/splatoon-2-entropical-sashimori?utm_medium=api&utm_campaign=social_sharing&utm_source=id_59007
"Splatoon 2 Octo Expansion OST The Plan","The Cursed Needle",,,soundcloud,soundcloud:tracks:2095376730,95,,,https://soundcloud.com/cursed-needle-22575595950/splatoon-2-octo-expansion-ost-the-plan?utm_medium=api&utm_campaign=social_sharing&utm_source=id_59007
"Ink Me Up! (AshZone Remix)","Splatoon: Squid Sisters",,,soundcloud,soundcloud:tracks:273067033,221,,,https://soundcloud.com/ashzone2/splatoon-squid-sisters-ink-me-up-ashzone-remix?utm_medium=api&utm_campaign=social_sharing&utm_source=id_59007
"Off The Hook (Splatoon 3)","Color Pulse (2024)",,,soundcloud,soundcloud:tracks:1777871055,106,,,https://soundcloud.com/pvz-dood/color-pulse-2024-off-the-hook?utm_medium=api&utm_campaign=social_sharing&utm_source=id_59007
"Splatoon 3 OST","Big Betrayal | Deep Cut",,,soundcloud,soundcloud:tracks:1600998027,189,,,https://soundcloud.com/absols/splatoon-3-ost-big-betrayal?utm_medium=api&utm_campaign=social_sharing&utm_source=id_59007
"Leaving with Pearl","Splatoon 3 Side Order",,,soundcloud,soundcloud:tracks:1756868196,87,,,https://soundcloud.com/youlike-me/splatoon-3-side-order-leaving?utm_medium=api&utm_campaign=social_sharing&utm_source=id_59007
"jest1ng (Stage: Defeat the Fleeing Foes)","Splatoon 3 Side Order",,,soundcloud,soundcloud:tracks:1755549825,179,,,https://soundcloud.com/youlike-me/splatoon-3-side-order-jest1ng?utm_medium=api&utm_campaign=social_sharing&utm_source=id_59007
"je2ting (Stage: Defeat the Fleeing Foes 2)","Splatoon 3 Side Order",,,soundcloud,soundcloud:tracks:1755645633,140,,,https://soundcloud.com/youlike-me/splatoon-3-side-order-je2ting?utm_medium=api&utm_campaign=social_sharing&utm_source=id_59007
"j3sting (Stage: Defeat the Fleeing Foes 3)","Splatoon 3 Side Order",,,soundcloud,soundcloud:tracks:1755649449,155,,,https://soundcloud.com/youlike-me/splatoon-3-side-order-j3sting?utm_medium=api&utm_campaign=social_sharing&utm_source=id_59007
"SQUID G.S.K. SOUNDFONT MAYHEM","spam wu",,,soundcloud,soundcloud:tracks:1394624206,196,,,https://soundcloud.com/beefbulgogi/squid-gsk-soundfont-mayhem?utm_medium=api&utm_campaign=social_sharing&utm_source=id_59007
"Music Sounds Better With You (Radio Edit)",Stardust,,FR11Q9800001,soundcloud,soundcloud:tracks:2364450929,263,,,https://soundcloud.com/stardust47685/music-sounds-better-with-you-2?utm_medium=api&utm_campaign=social_sharing&utm_source=id_59007
"Boss Battle","Super Mario Bros 2",,,soundcloud,soundcloud:tracks:1268000584,184,,,https://soundcloud.com/user-617239988/super-mario-bros-2-boss-battle?utm_medium=api&utm_campaign=social_sharing&utm_source=id_59007
"Super Mario Bros. 2 (Super Mario Bros. Super Show Remake)","S.A Music",,QZNRS2016004,soundcloud,soundcloud:tracks:691245646,61,,,https://soundcloud.com/safrmusic/overworld-super-mario-bros-2-super-mario-bros-super-show-remake?utm_medium=api&utm_campaign=social_sharing&utm_source=id_59007
"Mecha Bowser","Super Mario Sunshine",,,soundcloud,soundcloud:tracks:333207198,155,,,https://soundcloud.com/jkmettaton-net52/super-mario-sunshine-mecha-bowser?utm_medium=api&utm_campaign=social_sharing&utm_source=id_59007
"Type A Remix",Tetris,,,soundcloud,soundcloud:tracks:72665394,197,,,https://soundcloud.com/incredfx/tetris-theme-incredfx-electro?utm_medium=api&utm_campaign=social_sharing&utm_source=id_59007
"Travis Scott ft. Kacy Hill (sped up)","90210 2nd Part",,,soundcloud,soundcloud:tracks:1445813962,165,,,https://soundcloud.com/matevszzz/90210-2nd-part-travis-scott-ft-kacy-hill-sped-up?utm_medium=api&utm_campaign=social_sharing&utm_source=id_59007
"MELTDOWN - SLOWED","Travis Scott Feat Drake",,,soundcloud,soundcloud:tracks:1583988739,300,,,https://soundcloud.com/dxphxnkgxy2_lol_hi/travis-scott-feat-drake-meltdown-processed?utm_medium=api&utm_campaign=social_sharing&utm_source=id_59007
"""MANIFESTO"" (Owltree Remix)",Owltree,,,soundcloud,soundcloud:tracks:2175394281,168,,,https://soundcloud.com/owltree86/tyler-the-creator-ft-domo-genesis-manifesto-owltree-remix?utm_medium=api&utm_campaign=social_sharing&utm_source=id_59007
"Soul Survivor ft. Akon & Young Buck [DJ NewBoost Remix]","DJ NewBoost, Akon, Young Jeezy, Young Buck",,,soundcloud,soundcloud:tracks:74687724,224,,,https://soundcloud.com/djnewboost/young-jeezy-soul-survivor-ft?utm_medium=api&utm_campaign=social_sharing&utm_source=id_59007
"Mashitup (feat. Laura Kidd)","The Young Punx",,,soundcloud,soundcloud:tracks:68154595,275,,,https://soundcloud.com/theyoungpunx/mashitup-feat-laura-kidd?utm_medium=api&utm_campaign=social_sharing&utm_source=id_59007
"BITCH YOU COULD NEVER",Yseult,,FRX762401514,soundcloud,soundcloud:tracks:1812810156,148,,,https://soundcloud.com/yseultofficiel/bitch-you-could-never-1?utm_medium=api&utm_campaign=social_sharing&utm_source=id_59007
F**KKKKKKKKKKK,"Alice Gas & 99jakes",,TCAHK2384928,soundcloud,soundcloud:tracks:1611901377,197,,,https://soundcloud.com/909worldwide/f-kkkkkkkkkkk?utm_medium=api&utm_campaign=social_sharing&utm_source=id_59007
"Andrew Jackson Jihad- Personal Space Invader","Sativa Dreams",,,soundcloud,soundcloud:tracks:191956855,326,,,https://soundcloud.com/8yearoldsdude/andrew-jackson-jihad-personal?utm_medium=api&utm_campaign=social_sharing&utm_source=id_59007
"MOUNT EVEREST PT2",siphrixcc,,,soundcloud,soundcloud:tracks:1551541276,18,,,https://soundcloud.com/thesimpofsimpers/mount-everest-pt2?utm_medium=api&utm_campaign=social_sharing&utm_source=id_59007
"Fuck You","CeeLo Green",,USAT21001768,soundcloud,soundcloud:tracks:271221203,223,,,https://soundcloud.com/ceelogreen/fuck-you?utm_medium=api&utm_campaign=social_sharing&utm_source=id_59007
"Lipgloss feat. cupcakKe","Charli XCX",,,soundcloud,soundcloud:tracks:309976784,235,,,https://soundcloud.com/charlixcx/07-charli-xcx-lipgloss?utm_medium=api&utm_campaign=social_sharing&utm_source=id_59007
"Cdbaby (RXSH Remix) 24bit [FREE DL]","Chloe Moriondo",,,soundcloud,soundcloud:tracks:1740234651,181,,,https://soundcloud.com/rxshofficial/cdbaby-remix-master-24bit?utm_medium=api&utm_campaign=social_sharing&utm_source=id_59007
"7 ways to love 2011 (PeteBish refix)","Cola boy",,,soundcloud,soundcloud:tracks:20691249,205,,,https://soundcloud.com/djpetebish/cola-boy-7-ways-to-love-2011?utm_medium=api&utm_campaign=social_sharing&utm_source=id_59007
"“Retrogenesis” by Private Press",Cyberpunk,,,soundcloud,soundcloud:tracks:1474630402,333,,,https://soundcloud.com/zion-bressanin/retrogenesis-by-private-press?utm_medium=api&utm_campaign=social_sharing&utm_source=id_59007
goldfish,"Jane Remover",,QZHZD2170911,soundcloud,soundcloud:tracks:1107204700,181,,,https://soundcloud.com/janeremover/be-back-soon?utm_medium=api&utm_campaign=social_sharing&utm_source=id_59007
"Don't Doubt ur Vibe","Emo G Records",,QM42K2036561,soundcloud,soundcloud:tracks:752572219,242,,,https://soundcloud.com/user-209448905/dont-doubt-ur-vibe?utm_medium=api&utm_campaign=social_sharing&utm_source=id_59007
Clumsy,Fergie,,USUM70609116,soundcloud,soundcloud:tracks:253183050,240,,,https://soundcloud.com/fergie-music/clumsy-album-version?utm_medium=api&utm_campaign=social_sharing&utm_source=id_59007
"L.O.V.E (Sweep J 2025 Remix)","Sweep J Remix",,,soundcloud,soundcloud:tracks:2089499193,196,,,https://soundcloud.com/sweep-j-remix/love-sweep-j-2025-remix-7?utm_medium=api&utm_campaign=social_sharing&utm_source=id_59007
"Winnie (end of me)","Fred again.., Winnie Raeder",,GBAHS2201037,soundcloud,soundcloud:tracks:1343785762,243,,,https://soundcloud.com/fredagain/winnie-end-of-me?utm_medium=api&utm_campaign=social_sharing&utm_source=id_59007
"Friday Night Funkin' OST","Satin Panties",,,soundcloud,soundcloud:tracks:1006533199,96,,,https://soundcloud.com/kawaispritefak/satin-panties-friday-night-funkin-ost?utm_medium=api&utm_campaign=social_sharing&utm_source=id_59007
"Friday Night Funkin' OST",Senpai,,,soundcloud,soundcloud:tracks:1006537912,99,,,https://soundcloud.com/kawaispritefak/senpai-friday-night-funkin-ost?utm_medium=api&utm_campaign=social_sharing&utm_source=id_59007
"Friday Night Funkin' OST","Give a Lil Bit Back",,,soundcloud,soundcloud:tracks:971051710,158,,,https://soundcloud.com/pastel-3-449259571/give-a-lil-bit-back-friday?utm_medium=api&utm_campaign=social_sharing&utm_source=id_59007
"Lucky (stripped)","Halsey, Emily",,,soundcloud,soundcloud:tracks:1885656270,217,,,https://soundcloud.com/emigog18/lucky-acoustic-mix_mm-v7?utm_medium=api&utm_campaign=social_sharing&utm_source=id_59007
"I LOVE HTTM *sxlt*","BandaDeHunnid !",,QZS662242462,soundcloud,soundcloud:tracks:1672844412,159,,,https://soundcloud.com/hayden-johnson-111034042/i-love-httm-blickyhomeboy?utm_medium=api&utm_campaign=social_sharing&utm_source=id_59007
"Miscellaneous HiT Intro Theme",Peppy!,,,soundcloud,soundcloud:tracks:2303308733,47,,,https://soundcloud.com/peppy-221558085/miscellaneous-hit-intro-theme?utm_medium=api&utm_campaign=social_sharing&utm_source=id_59007
"Sucklet's song",emamouse,,,soundcloud,soundcloud:tracks:974433601,185,,,https://soundcloud.com/emamouse2/sucklets-song?utm_medium=api&utm_campaign=social_sharing&utm_source=id_59007
Pyrotechnics,"Jean Dawson",,QZ9H32000052,soundcloud,soundcloud:tracks:893412712,267,,,https://soundcloud.com/jeandawson/pyrotechnics-1?utm_medium=api&utm_campaign=social_sharing&utm_source=id_59007
"Lonely Rolling Star [OST]","Katamari Damacy",,,soundcloud,soundcloud:tracks:206136002,344,,,https://soundcloud.com/gemsandjunk/lonely-rolling-star-katamari-damacy-ost?utm_medium=api&utm_campaign=social_sharing&utm_source=id_59007
"Hatsune Miku  PoPiPo    ぽっぴっぽー  Project Diva Dreamy Theatre (HD)",HATSUNE_MIKU,,,soundcloud,soundcloud:tracks:69956067,181,,,https://soundcloud.com/hatsune_uke/hatsune-miku-popipo-project?utm_medium=api&utm_campaign=social_sharing&utm_source=id_59007
"Kokiri Forest   The Legend of Zelda Ocarina of Time","Anderous Pi",,,soundcloud,soundcloud:tracks:84437521,111,,,https://soundcloud.com/anderouspi/kokiri-forest-the-legend-of?utm_medium=api&utm_campaign=social_sharing&utm_source=id_59007
"Shooting Gallery   The Legend of Zelda Ocarina of Time","Anderous Pi",,,soundcloud,soundcloud:tracks:84484088,74,,,https://soundcloud.com/anderouspi/shooting-gallery-the-legend-of?utm_medium=api&utm_campaign=social_sharing&utm_source=id_59007
"Hyrule Castle Courtyard   The Legend of Zelda Ocarina of Time","Anderous Pi",,,soundcloud,soundcloud:tracks:84482988,89,,,https://soundcloud.com/anderouspi/hyrule-castle-courtyard-the?utm_medium=api&utm_campaign=social_sharing&utm_source=id_59007
"The Legend of Zelda: Ocarina of Time OST: Last Battle","Koji Kondo",,,soundcloud,soundcloud:tracks:318149641,131,,,https://soundcloud.com/gabe-ninja/the-legend-of-zelda-ocarina-of-time-ost-last-battle?utm_medium=api&utm_campaign=social_sharing&utm_source=id_59007
"Goron City   The Legend of Zelda Ocarina of Time","Anderous Pi",,,soundcloud,soundcloud:tracks:85633093,150,,,https://soundcloud.com/anderouspi/goron-city-the-legend-of-zelda?utm_medium=api&utm_campaign=social_sharing&utm_source=id_59007
"Lost Woods   The Legend of Zelda Ocarina of Time","Anderous Pi",,,soundcloud,soundcloud:tracks:84435686,75,,,https://soundcloud.com/anderouspi/lost-woods-the-legend-of-zelda?utm_medium=api&utm_campaign=social_sharing&utm_source=id_59007
"LEGO Racers OST","Test Track",,,soundcloud,soundcloud:tracks:1223523934,136,,,https://soundcloud.com/qroglumbie/test-track-lego-racers-ost?utm_medium=api&utm_campaign=social_sharing&utm_source=id_59007
"Say Something pt1(boosted)","Christopher Corrigan CMRC",,,soundcloud,soundcloud:tracks:2096155518,621,,,https://soundcloud.com/christopher-corrigan-1/say-something-pt1-boosted?utm_medium=api&utm_campaign=social_sharing&utm_source=id_59007
"Grumble Volcano","Asuka Ohta, Ryo Nagamatsu",,,soundcloud,soundcloud:tracks:496638762,98,,,https://soundcloud.com/user-272592510/mario-kart-wii-grumble-volcano?utm_medium=api&utm_campaign=social_sharing&utm_source=id_59007
"Rainbow Road","Asuka Ohta, Ryo Nagamatsu",,,soundcloud,soundcloud:tracks:496641684,109,,,https://soundcloud.com/user-272592510/mario-kart-wii-rainbow-road?utm_medium=api&utm_campaign=social_sharing&utm_source=id_59007
"Mount Wario (1. Sector)- Mario Kart 8 Deluxe OST",Wenamechaindesama,,,soundcloud,soundcloud:tracks:1733755380,58,,,https://soundcloud.com/a-820935462/mount-wario-1-sector-mario?utm_medium=api&utm_campaign=social_sharing&utm_source=id_59007
"It Iz What It Iz (Dirty)",F.A.B.I.D.,,,soundcloud,soundcloud:tracks:377023250,200,,,https://soundcloud.com/hitman82/fabid-it-iz-what-it-iz-dirty?utm_medium=api&utm_campaign=social_sharing&utm_source=id_59007
"Beg For You (ft. Rina Sawayama)","Music Beauty",,QZS632390963,soundcloud,soundcloud:tracks:1207750231,159,,,https://soundcloud.com/user-810375971/charli-xcx-beg-for-you-ft-rina-sawayama?utm_medium=api&utm_campaign=social_sharing&utm_source=id_59007
"New Super Mario Bros. Wii","World 1- Grass Land",,,soundcloud,soundcloud:tracks:263063045,68,,,https://soundcloud.com/spryzen-edits/world-1-grass-land-new-super-mario-bros-wii?utm_medium=api&utm_campaign=social_sharing&utm_source=id_59007
"New Super Mario Bros. Wii","Underground Theme",,,soundcloud,soundcloud:tracks:263063638,132,,,https://soundcloud.com/spryzen-edits/underground-theme-new-super-mario-bros-wii?utm_medium=api&utm_campaign=social_sharing&utm_source=id_59007
"New Super Mario Bros. Versus (Mario Vs Luigi) OST","VS： Sky",,,soundcloud,soundcloud:tracks:1652315865,144,,,https://soundcloud.com/that-one-guy-185578841/vs-sky-new-super-mario-bros-versus-mario-vs-luigi-ost?utm_medium=api&utm_campaign=social_sharing&utm_source=id_59007
"(Unused) New Super Mario Bros Wii Theme","Powerful Mario",,,soundcloud,soundcloud:tracks:1517099788,67,,,https://soundcloud.com/user-745328685/powerful-mario-unused-new?utm_medium=api&utm_campaign=social_sharing&utm_source=id_59007
"Nintendo eShop Music",Nintendo,,,soundcloud,soundcloud:tracks:306648698,122,,,https://soundcloud.com/zeroforce14/june-2011-3ds-nintendo-eshop?utm_medium=api&utm_campaign=social_sharing&utm_source=id_59007
"Splish Splash",HUNNITHERTZ,,,soundcloud,soundcloud:tracks:597481458,163,,,https://soundcloud.com/hunnit-hertz/splish-splash?utm_medium=api&utm_campaign=social_sharing&utm_source=id_59007
"Wild Battle Theme (Remix)",GlitchxCity,,,soundcloud,soundcloud:tracks:2275612775,193,,,https://soundcloud.com/glitchxcity/pokemon-red-and-blue-wild?utm_medium=api&utm_campaign=social_sharing&utm_source=id_59007
"Poké Flute (From ""Pokémon Red & Blue"") (Lofi)","Barely Bits",,AUGBT2551432,soundcloud,soundcloud:tracks:2172252309,205,,,https://soundcloud.com/barelybits/poke-flute-from-pokemon-red?utm_medium=api&utm_campaign=social_sharing&utm_source=id_59007
"Rhythm Heaven","Masami Yone",,,soundcloud,soundcloud:tracks:2153808738,54,,,https://soundcloud.com/japedaw4archive/lets-practice-rhythm-heaven?utm_medium=api&utm_campaign=social_sharing&utm_source=id_59007
"Rhythm Heaven Fever","Built To Scale",,,soundcloud,soundcloud:tracks:387145412,80,,,https://soundcloud.com/stepswitcher/built-to-scale-rhythm-heaven-fever?utm_medium=api&utm_campaign=social_sharing&utm_source=id_59007
"Built to Scale 2 ~ Perfect Version",Tsunku♂,,,soundcloud,soundcloud:tracks:315166860,100,,,https://soundcloud.com/alex-victoret/built-to-scale-2-perfect?utm_medium=api&utm_campaign=social_sharing&utm_source=id_59007
"Moai Doo-Wop 2 ~ Perfect Version",Tsunku♂,,,soundcloud,soundcloud:tracks:315166807,129,,,https://soundcloud.com/alex-victoret/moai-doo-wop-2-perfect-version?utm_medium=api&utm_campaign=social_sharing&utm_source=id_59007
"Rhythm Heaven(DS)-OST Moai Doo-Wop 2",CharlesOst,,,soundcloud,soundcloud:tracks:1881953790,128,,,https://soundcloud.com/tania-lopez-534950432/rhythm-heaven-ds-ost-moai-1?utm_medium=api&utm_campaign=social_sharing&utm_source=id_59007
"Rhythm Heaven","FriendCom Industries, Tsunku♂",,,soundcloud,soundcloud:tracks:2199022923,138,,,https://soundcloud.com/friendcom-industries/remix-3-ds?utm_medium=api&utm_campaign=social_sharing&utm_source=id_59007
"Rhythm Heaven(DS)-OST Love Lizards",CharlesOst,,,soundcloud,soundcloud:tracks:1881921435,62,,,https://soundcloud.com/tania-lopez-534950432/rhythm-heaven-ds-ost-love?utm_medium=api&utm_campaign=social_sharing&utm_source=id_59007
"Rhythm Heaven(DS)-OST Crop Stomp",CharlesOst,,,soundcloud,soundcloud:tracks:1881921705,62,,,https://soundcloud.com/tania-lopez-534950432/rhythm-heaven-ds-ost-crop?utm_medium=api&utm_campaign=social_sharing&utm_source=id_59007
"Rhythm Heaven(DS)-OST Freeze Frame",CharlesOst,,,soundcloud,soundcloud:tracks:1881922278,99,,,https://soundcloud.com/tania-lopez-534950432/rhythm-heaven-ds-ost-freeze?utm_medium=api&utm_campaign=social_sharing&utm_source=id_59007
"DJ School with Vocals","Rhythm Heaven",,,soundcloud,soundcloud:tracks:928039789,94,,,https://soundcloud.com/poshposh-productions/rhythm-heaven-dj-school-with?utm_medium=api&utm_campaign=social_sharing&utm_source=id_59007
"Rhythm Heaven (NDS) Fan Club (Italian)",Tsunku♂,,,soundcloud,soundcloud:tracks:1219439629,63,,,https://soundcloud.com/finndookiebutt/italian-fan-club?utm_medium=api&utm_campaign=social_sharing&utm_source=id_59007
"Rhythm Heaven Fever",Tsunku,,,soundcloud,soundcloud:tracks:1090450633,135,,,https://soundcloud.com/user-451613567/double-date-rhythm-heaven-fever?utm_medium=api&utm_campaign=social_sharing&utm_source=id_59007
"Munchy Monk 2 ~ Perfect Version",Tsunku♂,,,soundcloud,soundcloud:tracks:315166800,88,,,https://soundcloud.com/alex-victoret/munchy-monk-2-perfect-version?utm_medium=api&utm_campaign=social_sharing&utm_source=id_59007
"Rhythm Heaven Fever","Tsunku, Masami Yone, Shinji Ushiroda, and Asuka Ito",,,soundcloud,soundcloud:tracks:2148028263,84,,,https://soundcloud.com/sens_belowstory/cafe-rhythm-heaven-fever?utm_medium=api&utm_campaign=social_sharing&utm_source=id_59007
"Rhythm Heaven(DS)-OST Medal Corner",CharlesOst,,,soundcloud,soundcloud:tracks:1881850500,41,,,https://soundcloud.com/tania-lopez-534950432/rhythm-heaven-ds-ost-medal?utm_medium=api&utm_campaign=social_sharing&utm_source=id_59007
"Bossa Nova Rhythm Heaven Fever","Nathan Shepherd Pirtle",,,soundcloud,soundcloud:tracks:582573342,125,,,https://soundcloud.com/nathan-shepherd-pirtle/bossa-nova-rhythm-heaven-fever?utm_medium=api&utm_campaign=social_sharing&utm_source=id_59007
"[Rhythm Heaven Fever] ~ Tap Troupe (Perfect)[English]",TheJoner,,,soundcloud,soundcloud:tracks:251276272,119,,,https://soundcloud.com/afaggotcalledjoner/rhythm-heaven-fever-tap-troupe-perfect?utm_medium=api&utm_campaign=social_sharing&utm_source=id_59007
"Rhythm Heaven Fever - HQ","Figure Fighter 2",,,soundcloud,soundcloud:tracks:910740715,90,,,https://soundcloud.com/user-865591989/figure-fighter-2-rhythm-heaven?utm_medium=api&utm_campaign=social_sharing&utm_source=id_59007
"Menu (2P Endless Games)",Tsunku,,,soundcloud,soundcloud:tracks:1595684913,108,,,https://soundcloud.com/taromlk/menu-2p-endless-games-rhythm-heaven-fever?utm_medium=api&utm_campaign=social_sharing&utm_source=id_59007
"You Can't Always Get What You Want","The Rolling Stones",,USA176910100,soundcloud,soundcloud:tracks:255762195,449,,,https://soundcloud.com/rolling-stones-official/you-cant-always-get-what-you-2?utm_medium=api&utm_campaign=social_sharing&utm_source=id_59007
"nature song","Shanin Blake",,QZFZ32288049,soundcloud,soundcloud:tracks:1913999990,180,,,https://soundcloud.com/shanin-blake/nature-song?utm_medium=api&utm_campaign=social_sharing&utm_source=id_59007
"1-06 Palmtree Panic 'P' Mix","Sonic CD - 20TH Gold CD1",,,soundcloud,soundcloud:tracks:69771996,176,,,https://soundcloud.com/sonic-cd-the-best-sonic/1-06-palmtree-panic-p-mix?utm_medium=api&utm_campaign=social_sharing&utm_source=id_59007
"1-10 Collision Chaos JP","Sonic CD - 20TH Gold CD1",,,soundcloud,soundcloud:tracks:69772000,221,,,https://soundcloud.com/sonic-cd-the-best-sonic/1-10-collision-chaos-jp?utm_medium=api&utm_campaign=social_sharing&utm_source=id_59007
"Sonic CD (Japan):Stardust Speedway (Bad Future)","Sonic CD Japan",,,soundcloud,soundcloud:tracks:805948009,163,,,https://soundcloud.com/sonic-cd-japan/sonic-cd-japan-stardust-3?utm_medium=api&utm_campaign=social_sharing&utm_source=id_59007
"Sonic Rush","36. Raisin' Me Up",,,soundcloud,soundcloud:tracks:343156350,227,,,https://soundcloud.com/fawfulhasfury/36-raisin-me-up-sonic-rush?utm_medium=api&utm_campaign=social_sharing&utm_source=id_59007
"Battle Victory","Splatoon OST 2",,,soundcloud,soundcloud:tracks:1674507537,70,,,https://soundcloud.com/splatoonlol2/battle-victory?utm_medium=api&utm_campaign=social_sharing&utm_source=id_59007
"Splatoon 2 Beta","Off The Hook",,,soundcloud,soundcloud:tracks:2318190356,62,,,https://soundcloud.com/dora-quotes/fest-zest-splatoon-2-beta?utm_medium=api&utm_campaign=social_sharing&utm_source=id_59007
"Splatoon 2 Octo Expansion OST Bad Ending","The Cursed Needle",,,soundcloud,soundcloud:tracks:2326937174,39,,,https://soundcloud.com/cursed-needle-22575595950/splatoon-2-ost-octo-expansion-bad-ending?utm_medium=api&utm_campaign=social_sharing&utm_source=id_59007
"Off The Hook (Splatoon 3)","Color Pulse (2024)",,,soundcloud,soundcloud:tracks:1777871055,106,,,https://soundcloud.com/pvz-dood/color-pulse-2024-off-the-hook?utm_medium=api&utm_campaign=social_sharing&utm_source=id_59007
"Salmon Run Success Jingle No. 4 (After King)",Grizzco,,,soundcloud,soundcloud:tracks:1679246163,16,,,https://soundcloud.com/splat6ne/salmon-run-success-jingle-no-4?utm_medium=api&utm_campaign=social_sharing&utm_source=id_59007
"Alterna Citizen Program M-01: Standard Course (Coastline in the Morning Mist)",Nintendo,,,soundcloud,soundcloud:tracks:1501023736,151,,,https://soundcloud.com/splatune-3/alterna-citizen-program-m-01-standard-course-coastline-in-the-morning-mist?utm_medium=api&utm_campaign=social_sharing&utm_source=id_59007
"Mr. Grizz Appears (Splatoon 3 OST)","Bon Bon",,,soundcloud,soundcloud:tracks:1457649313,24,,,https://soundcloud.com/user-898497435-433049932/mr-grizz-appears-splatoon-3?utm_medium=api&utm_campaign=social_sharing&utm_source=id_59007
"Rocket Launch (Grizzco Theme) (Splatoon 3 OST)","Bon Bon",,,soundcloud,soundcloud:tracks:1457649634,54,,,https://soundcloud.com/user-898497435-433049932/rocket-launch-grizzco-theme?utm_medium=api&utm_campaign=social_sharing&utm_source=id_59007
"Bear with Me (Splatoon 3 OST)","Bon Bon",,,soundcloud,soundcloud:tracks:1457652031,265,,,https://soundcloud.com/user-898497435-433049932/bear-with-me-splatoon-3-ost?utm_medium=api&utm_campaign=social_sharing&utm_source=id_59007
"Super Mario Bros. (Brawl)","007. Ground Theme",,,soundcloud,soundcloud:tracks:936403597,198,,,https://soundcloud.com/super-smash-bros-anthology-900815746/007-ground-theme-super-mario?utm_medium=api&utm_campaign=social_sharing&utm_source=id_59007
"Mario Kart World (OST)",INFINITESHADOWX76,,,soundcloud,soundcloud:tracks:2109703431,156,,,https://soundcloud.com/infiniteshadowx766/please-select-player-super-mario-bros-2-mario-kart-world-ost-7?utm_medium=api&utm_campaign=social_sharing&utm_source=id_59007
"Ending Theme","Super Mario Bros. 2",,,soundcloud,soundcloud:tracks:999344236,150,,,https://soundcloud.com/user-880408256/super-mario-bros-2-ending-theme?utm_medium=api&utm_campaign=social_sharing&utm_source=id_59007
"Super Mario Bros. 3","Fortress Boss",,,soundcloud,soundcloud:tracks:548303976,157,,,https://soundcloud.com/ssbu-ost/fortress-boss-super-mario-bros-3?utm_medium=api&utm_campaign=social_sharing&utm_source=id_59007
"Water World Theme (Super Mario Bros 3)","Isaiah (Swigz)",,,soundcloud,soundcloud:tracks:1815148503,129,,,https://soundcloud.com/jamzdabrainz5/water-world-theme-super-mario?utm_medium=api&utm_campaign=social_sharing&utm_source=id_59007
"Underwater // Super Mario 3D World (2013)","Koji Kondo",,,soundcloud,soundcloud:tracks:986817238,207,,,https://soundcloud.com/not-bowsers-fury/sunshine-seaside-underwater-super-mario-3d-world-2013?utm_medium=api&utm_campaign=social_sharing&utm_source=id_59007
"Star Road-Super Mario World (Strafer Remix)","Koji Kondo",,QZMHM2288380,soundcloud,soundcloud:tracks:324021872,144,,,https://soundcloud.com/straferbeats/star-road-super-mario-world-strafer-remix?utm_medium=api&utm_campaign=social_sharing&utm_source=id_59007
"Super Mario World","Athletic Theme",,,soundcloud,soundcloud:tracks:323722412,159,,,https://soundcloud.com/wiryjacbo/athletic-theme-super-mario-world?utm_medium=api&utm_campaign=social_sharing&utm_source=id_59007
"Super Mario World","Ending Theme",,,soundcloud,soundcloud:tracks:299473764,249,,,https://soundcloud.com/loomiofficial/ending-theme-super-mario-world?utm_medium=api&utm_campaign=social_sharing&utm_source=id_59007
"Koji Kondo - Road To Bowser (FLAC)","Super Mario 64",,,soundcloud,soundcloud:tracks:274302206,143,,,https://soundcloud.com/iroquois-pliskin-x/super-mario-64-koji-kondo-road-to-bowser?utm_medium=api&utm_campaign=social_sharing&utm_source=id_59007
"Inside the Castle Walls","Koji Kondo",,,soundcloud,soundcloud:tracks:1935710903,125,,,https://soundcloud.com/kyrette-973702330/inside-the-castle-walls-sm64ds?utm_medium=api&utm_campaign=social_sharing&utm_source=id_59007
"Main Theme Music - Bob - Omb Battlefield","Super Mario 64",,,soundcloud,soundcloud:tracks:151254642,176,,,https://soundcloud.com/musicforpeople/super-mario-64-main-theme-music-bob-omb-battlefield?utm_medium=api&utm_campaign=social_sharing&utm_source=id_59007
Merry-Go-Round,"Koji Kondo",,,soundcloud,soundcloud:tracks:1935710672,60,,,https://soundcloud.com/kyrette-973702330/merry-go-round-sm64ds?utm_medium=api&utm_campaign=social_sharing&utm_source=id_59007
"Cave Dungeon","Koji Kondo",,,soundcloud,soundcloud:tracks:1937549666,226,,,https://soundcloud.com/nintendo-music-mario3/cave-dungeon?utm_medium=api&utm_campaign=social_sharing&utm_source=id_59007
"(Unused) New Super Mario Bros Wii Theme","Powerful Mario",,,soundcloud,soundcloud:tracks:1517099788,67,,,https://soundcloud.com/user-745328685/powerful-mario-unused-new?utm_medium=api&utm_campaign=social_sharing&utm_source=id_59007
"Super Mario 64 Main Theme","Koji Kondo",,,soundcloud,soundcloud:tracks:1937549783,142,,,https://soundcloud.com/nintendo-music-mario3/super-mario-64-main-theme?utm_medium=api&utm_campaign=social_sharing&utm_source=id_59007
"Super Mario 64 Staff Roll (Freestyled Remix)","Wisteria Bird Studios",,,soundcloud,soundcloud:tracks:1067404486,207,,,https://soundcloud.com/wisteriabirdstudios/super-mario-64-staff-roll-freestyled-remix?utm_medium=api&utm_campaign=social_sharing&utm_source=id_59007
"Opening Demo","Super Mario Sunshine OST",,,soundcloud,soundcloud:tracks:106069266,45,,,https://soundcloud.com/vybenet/super-mario-sunshine-ost?utm_medium=api&utm_campaign=social_sharing&utm_source=id_59007
"Get Shine Sprite","Super Mario Sunshine OST",,,soundcloud,soundcloud:tracks:106069303,6,,,https://soundcloud.com/vybenet/super-mario-sunshine-ost-get?utm_medium=api&utm_campaign=social_sharing&utm_source=id_59007
"Secret Course","Super Mario Sunshine OST",,,soundcloud,soundcloud:tracks:106069401,181,,,https://soundcloud.com/vybenet/super-mario-sunshine-ost-9?utm_medium=api&utm_campaign=social_sharing&utm_source=id_59007
"Noki Depths","Super Mario Sunshine OST",,,soundcloud,soundcloud:tracks:1109285578,117,,,https://soundcloud.com/aquatis-gd/noki-depths-super-mario-sunshine?utm_medium=api&utm_campaign=social_sharing&utm_source=id_59007
"Super Mario Sunshine","Staff Credits",,,soundcloud,soundcloud:tracks:1019922130,99,,,https://soundcloud.com/kevinrios1342/staff-credits-super-mario?utm_medium=api&utm_campaign=social_sharing&utm_source=id_59007
"Mario Kart World (OST)","Secret Course ~ Sky and Sea (Super Mario Sun-shine)",,,soundcloud,soundcloud:tracks:2333769065,140,,,https://soundcloud.com/pumpkin-knight-14977561/secret-course-sky-and-sea-super-mario-sun-shine-mario-kart-world-ost-11?utm_medium=api&utm_campaign=social_sharing&utm_source=id_59007
"Super Mario 64 DS","Metal Wario",,,soundcloud,soundcloud:tracks:345995416,63,,,https://soundcloud.com/dr288/metal-wario-super-mario-64-ds?utm_medium=api&utm_campaign=social_sharing&utm_source=id_59007
"Super Mario 64 DS","Emm Bee Sea",,,soundcloud,soundcloud:tracks:1296137818,66,,,https://soundcloud.com/superninjigalaxy/hoot-the-owl?utm_medium=api&utm_campaign=social_sharing&utm_source=id_59007
"Super Mario Galaxy","Video Game Soundtracks",,,soundcloud,soundcloud:tracks:1192140559,140,,,https://soundcloud.com/dylan-dylan-298845181/super-mario-2007-super-mario-galaxy?utm_medium=api&utm_campaign=social_sharing&utm_source=id_59007
"Crazy cap Shop-Super Mario Odyssey(Part 1)",Lbjreturn,,,soundcloud,soundcloud:tracks:1298806741,41,,,https://soundcloud.com/user-90338625/crazy-cap-shop-super-mario-4?utm_medium=api&utm_campaign=social_sharing&utm_source=id_59007
"Crazy Cap","Koji Kondo",,,soundcloud,soundcloud:tracks:1401967645,190,,,https://soundcloud.com/super-mario-odyssey-ost/crazy-cap?utm_medium=api&utm_campaign=social_sharing&utm_source=id_59007
Menu,"Super Scribblenauts",,,soundcloud,soundcloud:tracks:483923799,111,,,https://soundcloud.com/user-399090078/super-scribblenauts-menu?utm_medium=api&utm_campaign=social_sharing&utm_source=id_59007
"Refuse (Refazer) [Chediak Remix]","Swami Sound",,USYBL2201884,soundcloud,soundcloud:tracks:1392827188,247,,,https://soundcloud.com/masutaswami/refuse-remix-112922-unpitched?utm_medium=api&utm_campaign=social_sharing&utm_source=id_59007
"tiny wings night time theme (ubicarsia remix)",ubicarsia,,,soundcloud,soundcloud:tracks:1732792785,205,,,https://soundcloud.com/anthony-garcia-585548436/tiny-wings-ubicarsia-remix?utm_medium=api&utm_campaign=social_sharing&utm_source=id_59007
"Let It Roll (2022 Remaster)","Total Chaos",,QM6XS2200437,soundcloud,soundcloud:tracks:1323483439,30,,,https://soundcloud.com/total-chaos-official/let-it-roll-2022-remaster?utm_medium=api&utm_campaign=social_sharing&utm_source=id_59007
"MOMMA TALK","Tyler, The Creator",,USQX92102139,soundcloud,soundcloud:tracks:1074518485,71,,,https://soundcloud.com/tylerthecreatorofficial/tyler-the-creator-momma-talk?utm_medium=api&utm_campaign=social_sharing&utm_source=id_59007
"Girls and Boys","Chlöe Howl",,,soundcloud,soundcloud:tracks:137215660,199,,,https://soundcloud.com/chloehowl/girls-and-boys?utm_medium=api&utm_campaign=social_sharing&utm_source=id_59007
"Main Theme","Wii Play",,,soundcloud,soundcloud:tracks:655624856,66,,,https://soundcloud.com/kai-eley-493996353/wii-play-main-theme?utm_medium=api&utm_campaign=social_sharing&utm_source=id_59007
"Wii Channel Intro/Trumpet Rabbid","Fanfare Vagabontu",,,soundcloud,soundcloud:tracks:2045117320,600,,,https://soundcloud.com/jaylenjamz2/wii-channel-intro-trumpet?utm_medium=api&utm_campaign=social_sharing&utm_source=id_59007
"Story Music Box","Koji Kondo",,,soundcloud,soundcloud:tracks:2037316969,163,,,https://soundcloud.com/nightshadex766/story-music-box?utm_medium=api&utm_campaign=social_sharing&utm_source=id_59007
"Yoshi Start Demo","Koji Kondo",,,soundcloud,soundcloud:tracks:2037317532,63,,,https://soundcloud.com/nightshadex766/yoshi-start-demo?utm_medium=api&utm_campaign=social_sharing&utm_source=id_59007
"Yoshi's Island","Koji Kondo",,,soundcloud,soundcloud:tracks:2037317412,133,,,https://soundcloud.com/nightshadex766/yoshis-island?utm_medium=api&utm_campaign=social_sharing&utm_source=id_59007
MA),"Rapid Crew (Can't Move Me) (ft. TV",,,soundcloud,soundcloud:tracks:1713721080,190,,,https://soundcloud.com/2mello/2-mello-sounds-of-tokyo-to-future-rapid-crew?utm_medium=api&utm_campaign=social_sharing&utm_source=id_59007
"Mesmerizer (Ft. Miku & Teto) (Akiris Hardcore Remix)",あきり,,,soundcloud,soundcloud:tracks:2042273824,146,,,https://soundcloud.com/akiwimoosic/32ki-mesmerizer-ft-miku-teto-akiris-hardcore-remix?utm_medium=api&utm_campaign=social_sharing&utm_source=id_59007
"32ki ft. HATSUNE MIKU & KASANE TETO SV • ||","|| • Obsolete Meat / オブソミート",,,soundcloud,soundcloud:tracks:1952966263,228,,,https://soundcloud.com/steff-ocbina/o-obsolete-meat-ft-hatsune?utm_medium=api&utm_campaign=social_sharing&utm_source=id_59007
"G.I.R.L. [+Danny Brown]","8485, Danny Brown",,QZK6L2500827,soundcloud,soundcloud:tracks:2083143819,163,,,https://soundcloud.com/pincode8485/girl?utm_medium=api&utm_campaign=social_sharing&utm_source=id_59007
"F**kin' Problems (feat. Drake, 2 Chainz & Kendrick Lamar)","A$AP Rocky",,USRC11201220,soundcloud,soundcloud:tracks:279017178,30,,,https://soundcloud.com/asvpxrocky/f-kin-problems-2?utm_medium=api&utm_campaign=social_sharing&utm_source=id_59007
"Boss B*tch(from Birds of Prey: The Album)","Doja Cat",,USAT21907355,soundcloud,soundcloud:tracks:746236933,134,,,https://soundcloud.com/atlanticrecords/doja-cat-boss-bitch?utm_medium=api&utm_campaign=social_sharing&utm_source=id_59007
"Morning Glow (Ft. Nicholas Mangiafico)","Dom McLennon",,,soundcloud,soundcloud:tracks:1596237303,234,,,https://soundcloud.com/bomb-rush-cyberfunk-ost/dom-mclennon-morning-glow-ft-nicholas-mangiafico?utm_medium=api&utm_campaign=social_sharing&utm_source=id_59007
"The Battery (The Chaotic Good Remix)","Boys Noize",,,soundcloud,soundcloud:tracks:62850841,287,,,https://soundcloud.com/thechaoticgood/boys-noize-the-battery-the?utm_medium=api&utm_campaign=social_sharing&utm_source=id_59007
Bags,Clairo,,US4HB1900080,soundcloud,soundcloud:tracks:625476402,261,,,https://soundcloud.com/ccottrill/bags?utm_medium=api&utm_campaign=social_sharing&utm_source=id_59007
"SO YESTERDAY",exxy,,QZMHK2418918,soundcloud,soundcloud:tracks:927709768,357,,,https://soundcloud.com/exxyau/crush3d-so-yesterday?utm_medium=api&utm_campaign=social_sharing&utm_source=id_59007
"Not In Love ft. Robert Smith","Crystal Castles",,,soundcloud,soundcloud:tracks:8006547,226,,,https://soundcloud.com/snapupbeat/crystal-castles-not-in-love-ft-robert-smith?utm_medium=api&utm_campaign=social_sharing&utm_source=id_59007
"Cyberpunk 2077 | 99.9 Impulse FM Radio | Private Press DREAMY",MisterMann762,,,soundcloud,soundcloud:tracks:1974602743,281,,,https://soundcloud.com/mistermann762/private-press-dreamy?utm_medium=api&utm_campaign=social_sharing&utm_source=id_59007
"skibidi toilet 32 by dafuqboom","MFR Terabox",,,soundcloud,soundcloud:tracks:2135595273,51,,,https://soundcloud.com/mfr-terabox/skibidi-toilet-32-by-dafuqboom?utm_medium=api&utm_campaign=social_sharing&utm_source=id_59007
"BURNING EYES from Deltarune Chapters 3+4 (2A03+MMC5 cover)","Brian!, Toby Fox",,,soundcloud,soundcloud:tracks:2116453923,66,,,https://soundcloud.com/brianlindner/burning-eyes-drch3-2a03-mmc5?utm_medium=api&utm_campaign=social_sharing&utm_source=id_59007
"Family Matters pt1","NewHope Revival CHURCHINT",,,soundcloud,soundcloud:tracks:97715278,2851,,,https://soundcloud.com/newhope-revival-churchint/family-matters-pt1?utm_medium=api&utm_campaign=social_sharing&utm_source=id_59007
"Family Matters Pt2","Hood Genius",,,soundcloud,soundcloud:tracks:678110577,1385,,,https://soundcloud.com/brandynjohnsonlee/family-matters-pt2?utm_medium=api&utm_campaign=social_sharing&utm_source=id_59007
"Audio (Himera's Smiling Mix)",EASYFUN,,,soundcloud,soundcloud:tracks:1549794505,332,,,https://soundcloud.com/heyhimera/easyfun-audio-himeras-smiling-mix?utm_medium=api&utm_campaign=social_sharing&utm_source=id_59007
"Music On The Radio","Empire Of The Sun",,AU2DY2400112,soundcloud,soundcloud:tracks:1823744955,176,,,https://soundcloud.com/empireofthesunsound/music-on-the-radio?utm_medium=api&utm_campaign=social_sharing&utm_source=id_59007
"You And Me Ft. Eliza Doolittle (Ryan Summer vs. Flume Bootleg)",Disclosure,,,soundcloud,soundcloud:tracks:189335185,292,,,https://soundcloud.com/ryansummermusic/disclosure-you-and-me-ft-eliza-doolittle-ryan-summer-vs-flume-bootleg?utm_medium=api&utm_campaign=social_sharing&utm_source=id_59007
"Space Invaders Are Smoking Grass",I-F,,,soundcloud,soundcloud:tracks:9391551,371,,,https://soundcloud.com/efrim9/i-f-space-invaders-are-smoking-grass?utm_medium=api&utm_campaign=social_sharing&utm_source=id_59007
Марш,IC3PEAK,,QM4TX2017379,soundcloud,soundcloud:tracks:767494708,153,,,https://soundcloud.com/ic3peak/fgvqfwb20xl6?utm_medium=api&utm_campaign=social_sharing&utm_source=id_59007
"Just A Little Lovin (Radio-Edit)","Irfane feat. Outlines",,,soundcloud,soundcloud:tracks:175014520,200,,,https://soundcloud.com/animoz/irfane-feat-outlines-just-a-little-lovin-radio-edit?utm_medium=api&utm_campaign=social_sharing&utm_source=id_59007
"Little L",Jamiroquai,,GBBBN0102227,soundcloud,soundcloud:tracks:261488845,295,,,https://soundcloud.com/jamiroquai/little-l?utm_medium=api&utm_campaign=social_sharing&utm_source=id_59007
Skegee,JID,,USUM72102144,soundcloud,soundcloud:tracks:988503955,186,,,https://soundcloud.com/jidsv/skegee?utm_medium=api&utm_campaign=social_sharing&utm_source=id_59007
"Katamari Stars","Hideki Tobeta",,,soundcloud,soundcloud:tracks:306938113,148,,,https://soundcloud.com/katamariislife/katamari-stars?utm_medium=api&utm_campaign=social_sharing&utm_source=id_59007
"Institutionalized Pt.2 (type beat)",deewillofficial,,QZAHP1731089,soundcloud,soundcloud:tracks:358545584,188,,,https://soundcloud.com/deewillofficial/kendrick-lamar-institutionalized-pt2-type-beat?utm_medium=api&utm_campaign=social_sharing&utm_source=id_59007
"Black Friday Pt. 2","J. Cole & Kendrick Lamar",,,soundcloud,soundcloud:tracks:1131726214,225,,,https://soundcloud.com/vilifiermusic/j-cole-kendrick-lamar-black-friday-pt-2?utm_medium=api&utm_campaign=social_sharing&utm_source=id_59007
"You Only Live Twice","Klaus Veen",,,soundcloud,soundcloud:tracks:308357803,117,,,https://soundcloud.com/klausveen/you-only-live-twice?utm_medium=api&utm_campaign=social_sharing&utm_source=id_59007
"Mac Miller- Self Care Pt.2 Oblivion (Slowed+Reverb)","Sad Compa",,,soundcloud,soundcloud:tracks:1120705636,168,,,https://soundcloud.com/alanxxc/mac-miller-self-care-pt2-oblivion-slowedreverb?utm_medium=api&utm_campaign=social_sharing&utm_source=id_59007
"Pull Up The People.","ALESIA X M.I.A",,,soundcloud,soundcloud:tracks:163109501,213,,,https://soundcloud.com/pucky-salazar/alesia-x-mia-pull-up-the-people?utm_medium=api&utm_campaign=social_sharing&utm_source=id_59007
"PAPER PLANES (NOISE MAFIA EDIT) (CRBFREE014)",Corebeats,,QZKDK2280146,soundcloud,soundcloud:tracks:1616592546,317,,,https://soundcloud.com/corebeats03/mia-paper-planes-noise-mafia-edit-crbfree014?utm_medium=api&utm_campaign=social_sharing&utm_source=id_59007
CTRL,M.I.A.,,,soundcloud,soundcloud:tracks:2123246448,215,,,https://soundcloud.com/miamathangi/mia-ctrl?utm_medium=api&utm_campaign=social_sharing&utm_source=id_59007
"The One",M.I.A.,,USUG12105152,soundcloud,soundcloud:tracks:1271724856,146,,,https://soundcloud.com/miauk/the-one?utm_medium=api&utm_campaign=social_sharing&utm_source=id_59007
"Rock With You (SERGIO DIAZ Edit Re-Work)","Michael Jackson",,,soundcloud,soundcloud:tracks:1090125643,292,,,https://soundcloud.com/user-983508419/michael-jackson-rock-with-you-sergio-diaz-edit-re-work?utm_medium=api&utm_campaign=social_sharing&utm_source=id_59007
Maneater,"Nelly Furtado",,USUM70601449,soundcloud,soundcloud:tracks:252797301,177,,,https://soundcloud.com/nellyfurtado/maneater-album-version?utm_medium=api&utm_campaign=social_sharing&utm_source=id_59007
"Everyone Nose (All The Girls Standing In The Line For The Bathroom)",N.E.R.D.,,USUM70813614,soundcloud,soundcloud:tracks:349457139,207,,,https://soundcloud.com/nerd/everyone-nose-all-the-girls-1?utm_medium=api&utm_campaign=social_sharing&utm_source=id_59007
"B.O.B. (Bombs Over Baghdad) (Zack de la Rocha Remix)",Outkast,,USLF22000021,soundcloud,soundcloud:tracks:908039959,30,,,https://soundcloud.com/outkast-music/b-o-b-bombs-over-baghdad-zack?utm_medium=api&utm_campaign=social_sharing&utm_source=id_59007
"Polygon Wave",Perfume,,JPPO02102190,soundcloud,soundcloud:tracks:1075446934,186,,,https://soundcloud.com/perfume-music/polygon-wave?utm_medium=api&utm_campaign=social_sharing&utm_source=id_59007
"“Turret Wife Serenade” from Portal 2 (Piano Cover)","Kieran Wilson",,,soundcloud,soundcloud:tracks:366876434,103,,,https://soundcloud.com/kieranjrwilson/turret-wife-serenade-from?utm_medium=api&utm_campaign=social_sharing&utm_source=id_59007
"Epic Rap Battle Of Manliness","Rhett And Link",,,soundcloud,soundcloud:tracks:163534459,258,,,https://soundcloud.com/hunter-kye/rhett-and-link-epic-rap-battle-of-manliness?utm_medium=api&utm_campaign=social_sharing&utm_source=id_59007
"Karate Man (Rhythm Heaven Fever)","Lonely Storm",,,soundcloud,soundcloud:tracks:362331377,132,,,https://soundcloud.com/stepswitcher/lonely-storm-karate-man-rhythm-heaven-fever?utm_medium=api&utm_campaign=social_sharing&utm_source=id_59007
"Karate Man 2 ~Lonely Storm~ [English]","[Rhythm Heaven Fever] Vocal",,,soundcloud,soundcloud:tracks:69704680,143,,,https://soundcloud.com/valentein-1/rhythm-heaven-fever-vocal?utm_medium=api&utm_campaign=social_sharing&utm_source=id_59007
"Shoninyokkyu -Ninajirachi Remix-","Sakurazaka46, Ninajirachi",,JPU902501143,soundcloud,soundcloud:tracks:2073015304,30,,,https://soundcloud.com/sakurazaka46/shoninyokkyu-ninajirachi-remix?utm_medium=api&utm_campaign=social_sharing&utm_source=id_59007
"Look At Her Now","Selena Gomez",,USUM71921647,soundcloud,soundcloud:tracks:700922059,163,,,https://soundcloud.com/selena-gomez-official/look-at-her-now?utm_medium=api&utm_campaign=social_sharing&utm_source=id_59007
"Oki Doki Boomer (Instrumental)",Senzawa,,,soundcloud,soundcloud:tracks:789177208,63,,,https://soundcloud.com/trey-williams-76/senzawa-oki-doki-boomer-instrumental?utm_medium=api&utm_campaign=social_sharing&utm_source=id_59007
"Maximum Joy","Shinichi Osawa",,JPB600747213,soundcloud,soundcloud:tracks:256022222,382,,,https://soundcloud.com/shinichiosawa/maximum-joy?utm_medium=api&utm_campaign=social_sharing&utm_source=id_59007
"EEEHHH/Nothing More To Say","FMM: SOPHIE",,,soundcloud,soundcloud:tracks:81743605,310,,,https://soundcloud.com/annie-mac-presents/free-music-monday-sophie?utm_medium=api&utm_campaign=social_sharing&utm_source=id_59007
"Splatoon 2 (Splatfest battle theme)","Timothy Butternubs",,QZAHP1892320,soundcloud,soundcloud:tracks:334588830,81,,,https://soundcloud.com/drusionry/ebb-and-flow-splatoon-2-splatfest-battle-theme?utm_medium=api&utm_campaign=social_sharing&utm_source=id_59007
"ΘctΘpticΘn (Vs. Asynchronous Rondo)","Splatoon 3 Side Order",,,soundcloud,soundcloud:tracks:1755489555,180,,,https://soundcloud.com/youlike-me/splatoon-3-side-order-5?utm_medium=api&utm_campaign=social_sharing&utm_source=id_59007
"NOBODY HERE","Oneohtrix Point Never",,,soundcloud,soundcloud:tracks:15045570,142,,,https://soundcloud.com/oneohtrix-point-never/nobody-here?utm_medium=api&utm_campaign=social_sharing&utm_source=id_59007
"Super Mario Sunshine Fludd Instructions",FazbearTM,,,soundcloud,soundcloud:tracks:901914232,76,,,https://soundcloud.com/blake-gouthro/super-mario-sunshine-fludd?utm_medium=api&utm_campaign=social_sharing&utm_source=id_59007
"Tekken Tag Tournament 2 OST  Piano Intro -Massive Mix-","Mario Jones",,,soundcloud,soundcloud:tracks:1264445161,111,,,https://soundcloud.com/mario-jones-257766020/tekken-tag-tournament-2-ost-piano-intro-massive-mix?utm_medium=api&utm_campaign=social_sharing&utm_source=id_59007
"G.A.L. (feat. Daniel Wilson)","Touch Sensitive",,AUFF01800075,soundcloud,soundcloud:tracks:1735975002,211,,,https://soundcloud.com/touch-sensitive/g-a-l-feat-daniel-wilson?utm_medium=api&utm_campaign=social_sharing&utm_source=id_59007
"Disco Tits","Tove Lo",,SEUM71700736,soundcloud,soundcloud:tracks:339259772,224,,,https://soundcloud.com/tovelo/disco-tits?utm_medium=api&utm_campaign=social_sharing&utm_source=id_59007
"MY EYES PT2 GHETTO HOUSE EDIT @mishoangelo","TRAVIS SCOTT",,,soundcloud,soundcloud:tracks:1613981415,96,,,https://soundcloud.com/misho-angelo/travis-scott-my-eyes-pt2-ghetto-house-edit-mishoangelo?utm_medium=api&utm_campaign=social_sharing&utm_source=id_59007
"Decode (Twilight Soundtrack Version)",Paramore,,USAT20804057,soundcloud,soundcloud:tracks:256142138,262,,,https://soundcloud.com/paramore/decode-1?utm_medium=api&utm_campaign=social_sharing&utm_source=id_59007
Undyne,"toby fox",,,soundcloud,soundcloud:tracks:549559680,46,,,https://soundcloud.com/undertale-ost/undyne?utm_medium=api&utm_campaign=social_sharing&utm_source=id_59007
"Ready Or Not ft qn!","K Preach XX",,,soundcloud,soundcloud:tracks:2331022676,118,,,https://soundcloud.com/karante-jordan/ready-or-not-ft-qn?utm_medium=api&utm_campaign=social_sharing&utm_source=id_59007
"We No Speak Americano","Yolanda Be Cool, DCUP",,AUCN30901316,soundcloud,soundcloud:tracks:1648105,270,,,https://soundcloud.com/dcup/yolanda-be-cool-vs-dcup-we-no-speak-americano?utm_medium=api&utm_campaign=social_sharing&utm_source=id_59007
"Your Music Is Killing Me","The Young Punx",,GBLEA0700066,soundcloud,soundcloud:tracks:913645261,369,,,https://soundcloud.com/theyoungpunx/your-music-is-killing-me-2?utm_medium=api&utm_campaign=social_sharing&utm_source=id_59007
"The Darkness (Remix) [with Sarah Bonito, Hannah Diamond]","A. G. Cook, Sarah Bonito, Hannah Diamond",,USA2P2114837,soundcloud,soundcloud:tracks:1039310263,247,,,https://soundcloud.com/agcook/the-darkness-remix-with-sarah?utm_medium=api&utm_campaign=social_sharing&utm_source=id_59007
"AsapJo-ABOKAMCITY TRAP PT1.mp3",AsapJo,,,soundcloud,soundcloud:tracks:1828755516,120,,,https://soundcloud.com/asapjo_officiel/asapjo-abokamcity-trap-mp3?utm_medium=api&utm_campaign=social_sharing&utm_source=id_59007
"if the world doesn't end","bill wurtz",,QZHN92236977,soundcloud,soundcloud:tracks:1268750245,203,,,https://soundcloud.com/billwurtz/if-the-world-doesnt-end?utm_medium=api&utm_campaign=social_sharing&utm_source=id_59007
"Me and the Boys in the Band","Carly Rae Jepsen",,,soundcloud,soundcloud:tracks:2154062640,207,,,https://soundcloud.com/edd-562991349/carly-rae-jepsen-me-and-the?utm_medium=api&utm_campaign=social_sharing&utm_source=id_59007
"SUPER SLIPPERY (NewJeans Super Shy x Slippery Plastic Euphoric)",CFCF,,QZFP52395692,soundcloud,soundcloud:tracks:1661971929,338,,,https://soundcloud.com/cfcf/super-slippery-newjeans-super-shy-x-slippery-plastic-euphoric?utm_medium=api&utm_campaign=social_sharing&utm_source=id_59007
"La vita nuova (A. G. Cook Remix Edit)","Christine and the Queens, Caroline Poalchek, A. G. Cook",,,soundcloud,soundcloud:tracks:2283606317,173,,,https://soundcloud.com/th-gh-ss/christine-and-the-queens-and?utm_medium=api&utm_campaign=social_sharing&utm_source=id_59007
"Going Nowhere","Cut Copy",,AUMP00400061,soundcloud,soundcloud:tracks:256171396,228,,,https://soundcloud.com/cutcopy/going-nowhere?utm_medium=api&utm_campaign=social_sharing&utm_source=id_59007
"User Friendly","Us Cracks",,,soundcloud,soundcloud:tracks:1616690379,184,,,https://soundcloud.com/zorya_yasnaya/user-friendly?utm_medium=api&utm_campaign=social_sharing&utm_source=id_59007
"The Brainwasher","Daft Punk",,GBDUW0400106,soundcloud,soundcloud:tracks:254112029,248,,,https://soundcloud.com/daftpunkofficialmusic/the-brainwasher?utm_medium=api&utm_campaign=social_sharing&utm_source=id_59007
"Kelly (end of a nightmare) [Lukas Goss Remake + Edit]","Fred Again.., Wet",,,soundcloud,soundcloud:tracks:1857058962,91,,,https://soundcloud.com/itslukasgoss/fred-again-kelly-end-of-a-nightmare-lukas-goss-remake-edit?utm_medium=api&utm_campaign=social_sharing&utm_source=id_59007
"Green Day (Guitar Cover)","Jesus of Suburbia",,,soundcloud,soundcloud:tracks:123070926,545,,,https://soundcloud.com/luis-linares-1/jesus-of-suburbia-green-day?utm_medium=api&utm_campaign=social_sharing&utm_source=id_59007
"Peepy's Theme",emamouse,,,soundcloud,soundcloud:tracks:896114356,67,,,https://soundcloud.com/emamouse2/peepy-song?utm_medium=api&utm_campaign=social_sharing&utm_source=id_59007
"Give peace a chance - (trance  remix)","John Lennon",,,soundcloud,soundcloud:tracks:4745897,171,,,https://soundcloud.com/geolte_quiche/john-lennon-give-peace-a-chance-trance-remix?utm_medium=api&utm_campaign=social_sharing&utm_source=id_59007
Music.,JoJo,,USAT21602099,soundcloud,soundcloud:tracks:285325020,216,,,https://soundcloud.com/iamjojoofficial/music?utm_medium=api&utm_campaign=social_sharing&utm_source=id_59007
"Telephone (HARDSTYLE)","Lady Gaga Ft Beyonce",,,soundcloud,soundcloud:tracks:1342125787,154,,,https://soundcloud.com/whippa2/lady-gaga-ft-beyonce-telephone-hardstyle?utm_medium=api&utm_campaign=social_sharing&utm_source=id_59007
"Fire Fire  (Piracy Funds Terrorism vol.1)",M.I.A.,,,soundcloud,soundcloud:tracks:118708742,215,,,https://soundcloud.com/bellovirgo/fire-fire-m-i-a-privacy-funds?utm_medium=api&utm_campaign=social_sharing&utm_source=id_59007
"☆ (feat. Oklou)",Namasenda,,USA2P2140907,soundcloud,soundcloud:tracks:1137556480,185,,,https://soundcloud.com/namasenda/feat-oklou?utm_medium=api&utm_campaign=social_sharing&utm_source=id_59007
"The Presidents Of The USA   Lump","Radio Corujao Team",,,soundcloud,soundcloud:tracks:270658980,140,,,https://soundcloud.com/corujaoteam/the-presidents-of-the-usa-lump?utm_medium=api&utm_campaign=social_sharing&utm_source=id_59007
"Prince of the zoo pt2",Reekosdad,,,soundcloud,soundcloud:tracks:1341962440,97,,,https://soundcloud.com/user-156397191/prince-of-the-zoo-pt2?utm_medium=api&utm_campaign=social_sharing&utm_source=id_59007
"SNOWCONE (Pt2) reup","REI AMI",,,soundcloud,soundcloud:tracks:927898105,75,,,https://soundcloud.com/kloudroo/rei-ami-snowcone-pt2-reup?utm_medium=api&utm_campaign=social_sharing&utm_source=id_59007
"Rhythm Heaven(DS)-OST-Game Select-1",CharlesOst,,,soundcloud,soundcloud:tracks:1881826701,63,,,https://soundcloud.com/tania-lopez-534950432/rhythm-heaven-ds-ost-game?utm_medium=api&utm_campaign=social_sharing&utm_source=id_59007
"Rhythm Heaven Fever","Game Select 1",,,soundcloud,soundcloud:tracks:1797617395,47,,,https://soundcloud.com/supersurvivalist/game-select-1-rhythm-heaven?utm_medium=api&utm_campaign=social_sharing&utm_source=id_59007
"Night Walk (Rhythm Heaven Fever)","Dream Of Our Generation",,,soundcloud,soundcloud:tracks:362341082,107,,,https://soundcloud.com/stepswitcher/dream-of-our-generation-night-walk-rhythm-heaven-fever?utm_medium=api&utm_campaign=social_sharing&utm_source=id_59007
"Power Calligraphy","Rhythm Heaven Fever",,,soundcloud,soundcloud:tracks:619707690,122,,,https://soundcloud.com/ruberjig-kun/rhythm-heaven-fever-power-calligraphy?utm_medium=api&utm_campaign=social_sharing&utm_source=id_59007
"CUUUuuuuuute (live from the LUX TOUR)",Rosalia,,,soundcloud,soundcloud:tracks:2292495260,139,,,https://soundcloud.com/user-479512019/rosalia-cuuuuuuuuute-live-from?utm_medium=api&utm_campaign=social_sharing&utm_source=id_59007
"Sex Calls",Stef2Wreck,,,soundcloud,soundcloud:tracks:274688091,228,,,https://soundcloud.com/stefan-jeffrey/sex-calls?utm_medium=api&utm_campaign=social_sharing&utm_source=id_59007
Crush,"Tessa Violet",,,soundcloud,soundcloud:tracks:458866905,216,,,https://soundcloud.com/tessaviolet/crush?utm_medium=api&utm_campaign=social_sharing&utm_source=id_59007
Honey,"Troye Sivan",,AUUM72300185,soundcloud,soundcloud:tracks:1639683843,207,,,https://soundcloud.com/troye-sivan/troye-sivan-honey?utm_medium=api&utm_campaign=social_sharing&utm_source=id_59007
"Juggernaut-Tyler the Creator [Hyperpunk ""Illusions of Grandeur"" Edit]","toadkids pt2",,,soundcloud,soundcloud:tracks:1194432028,117,,,https://soundcloud.com/spagdus/juggernaut-tyler-the-creator-hyperpunk-illusions-of-grandeur-edit?utm_medium=api&utm_campaign=social_sharing&utm_source=id_59007
"umru + laura les―popular","umru & Laura Les",,QM24S1820110,soundcloud,soundcloud:tracks:469067571,214,,,https://soundcloud.com/umru/popular?utm_medium=api&utm_campaign=social_sharing&utm_source=id_59007
"honest (Jane Remover Remix)","umru, Cecile Believe",,USA2P2231799,soundcloud,soundcloud:tracks:1304074996,186,,,https://soundcloud.com/umru/umru-cecile-believe-honest-3?utm_medium=api&utm_campaign=social_sharing&utm_source=id_59007
"Wii Shop Channel","Super Smash Bros. Brawl",,,soundcloud,soundcloud:tracks:295488361,124,,,https://soundcloud.com/qoach/wii-shop-channel?utm_medium=api&utm_campaign=social_sharing&utm_source=id_59007
"Hey Big Man","100 gecs",,USAT22220597,soundcloud,soundcloud:tracks:1393035787,103,,,https://soundcloud.com/100gecs/hey-big-man?utm_medium=api&utm_campaign=social_sharing&utm_source=id_59007
"21 Savage & Metro Boomin- X (feat. Future)","21 Savage & Metro Boomin",,QZ45A1600041,soundcloud,soundcloud:tracks:273782675,259,,,https://soundcloud.com/metroboomin/x-feat-future?utm_medium=api&utm_campaign=social_sharing&utm_source=id_59007
"IF THE JOKER COULD BEATBOX...",80Fitz,,,soundcloud,soundcloud:tracks:1135384462,86,,,https://soundcloud.com/jakub-sliwa-11900796/if-the-joker-could-beatbox?utm_medium=api&utm_campaign=social_sharing&utm_source=id_59007
"Cos I Love U","A. G. Cook",,UK9951760202,soundcloud,soundcloud:tracks:947652007,127,,,https://soundcloud.com/agcook/cos-i-love-u?utm_medium=api&utm_campaign=social_sharing&utm_source=id_59007
"SHINE FT. TYMMI [prod. Dylan Brady]","Calvin Lewis, Timothy Menzel",,QZNWR2045297,soundcloud,soundcloud:tracks:933039304,160,,,https://soundcloud.com/calicartierchain/shine-ft-tymmi-prod-dylan?utm_medium=api&utm_campaign=social_sharing&utm_source=id_59007
Fetiche,Arca,,,soundcloud,soundcloud:tracks:1550547919,637,,,https://soundcloud.com/porco-ddi/fetiche?utm_medium=api&utm_campaign=social_sharing&utm_source=id_59007
"holiday alt pt2",prodkaz,,QZMHM2429810,soundcloud,soundcloud:tracks:1617967092,138,,,https://soundcloud.com/kazzi-523804793/holiday-alt-pt2?utm_medium=api&utm_campaign=social_sharing&utm_source=id_59007
"No studio pt4","4tocin, 2Lz",,,soundcloud,soundcloud:tracks:2407854987,125,,,https://soundcloud.com/glxsswxrld/untitled1?utm_medium=api&utm_campaign=social_sharing&utm_source=id_59007
"range brothers Type Beat","2K Beats",,QZS652114852,soundcloud,soundcloud:tracks:1122125806,180,,,https://soundcloud.com/2kbeats1998/baby-keem-kendrick-lamar-range-brothers-type-beat?utm_medium=api&utm_campaign=social_sharing&utm_source=id_59007
"Virgos Jersey Culo Groove Pt 2",Beyonce,,,soundcloud,soundcloud:tracks:1591792223,71,,,https://soundcloud.com/culoculoculo/beyonce-virgos-jersey-culo-groove-pt-2?utm_medium=api&utm_campaign=social_sharing&utm_source=id_59007
"MyBoi (TroyBoi Remix)","Billie Eilish",,USUM71802743,soundcloud,soundcloud:tracks:407326305,211,,,https://soundcloud.com/billieeilish/myboi-troyboi-remix?utm_medium=api&utm_campaign=social_sharing&utm_source=id_59007
"Billie Eilish (Grunge Remix)",moovonyspam,,,soundcloud,soundcloud:tracks:2386858860,179,,,https://soundcloud.com/moovonyspam/bored-billie-eilish-grunge?utm_medium=api&utm_campaign=social_sharing&utm_source=id_59007
"Lets get it started black eyed peas","Peach Blossom",,,soundcloud,soundcloud:tracks:430331043,208,,,https://soundcloud.com/tevin-goree/lets-get-it-started-black-eyed-peas?utm_medium=api&utm_campaign=social_sharing&utm_source=id_59007
"Supa Crush",Cassius,,FR01Q9800004,soundcloud,soundcloud:tracks:479763591,284,,,https://soundcloud.com/cassiusofficial/cassius-supa-crush?utm_medium=api&utm_campaign=social_sharing&utm_source=id_59007
"01 L.U.V.","CharliePuth latinoamerica",,,soundcloud,soundcloud:tracks:263347318,255,,,https://soundcloud.com/charlieputh-latinoamerica/01-luv?utm_medium=api&utm_campaign=social_sharing&utm_source=id_59007
"KILL THE MESSENGER By Rezodrone (Jason Charles Miller) & The Cartesian Duelists","CYBERPUNK 2077",,,soundcloud,soundcloud:tracks:950706805,210,,,https://soundcloud.com/julio-cesar-vidal-perez/y2matecom-cyberpunk-2077-kill-the-messenger-by-rezodrone-jason-charles-miller-the-cartesian-duelists-320kbps?utm_medium=api&utm_campaign=social_sharing&utm_source=id_59007
"Volcano The Sailor (Połoz) (Night FM)","CYBERPUNK2077 Yards of The Moon",,,soundcloud,soundcloud:tracks:969267283,293,,,https://soundcloud.com/kamran-gul-626918995/yards-of-the-moon-volcano-the?utm_medium=api&utm_campaign=social_sharing&utm_source=id_59007
Aerodynamic,"Daft Punk",,GBDUW0000057,soundcloud,soundcloud:tracks:254111835,213,,,https://soundcloud.com/daftpunkofficialmusic/aerodynamic?utm_medium=api&utm_campaign=social_sharing&utm_source=id_59007
"Human After All","Daft Punk",,GBDUW0400101,soundcloud,soundcloud:tracks:254111920,320,,,https://soundcloud.com/daftpunkofficialmusic/human-after-all?utm_medium=api&utm_campaign=social_sharing&utm_source=id_59007
"Dan Bull [B?R Remix]","Robo Copyright",,,soundcloud,soundcloud:tracks:596924781,245,,,https://soundcloud.com/itsblackroses/robocopyrightremix?utm_medium=api&utm_campaign=social_sharing&utm_source=id_59007
"Danny L Harle & Dj Mayhem ( LIL KING RMX)",Interlocked,,,soundcloud,soundcloud:tracks:2059632096,172,,,https://soundcloud.com/lil-king-png/interlocked-danny-l-harle-dj?utm_medium=api&utm_campaign=social_sharing&utm_source=id_59007
"Sexy Bitch // Luden Bootleg (FREE DOWNLOAD)","David Guetta Ft Akon",,,soundcloud,soundcloud:tracks:2414734743,138,,,https://soundcloud.com/ludendj/david-guetta-ft-akon-sexy-1?utm_medium=api&utm_campaign=social_sharing&utm_source=id_59007
"A Roller Skating Jam Named Saturdays - Superwash Remix","De La Soul & SPRWSH",,,soundcloud,soundcloud:tracks:323616187,293,,,https://soundcloud.com/superwashmusic/de-la-soul-a-roller-skating-jam-named-saturdays-superwash-remix?utm_medium=api&utm_campaign=social_sharing&utm_source=id_59007
"Boss Bitch [GRRL Remix]〔127BPM〕","Doja Cat",,,soundcloud,soundcloud:tracks:1794155797,125,,,https://soundcloud.com/dustyy77/boss-bitch-grrl-remix-127bpm?utm_medium=api&utm_campaign=social_sharing&utm_source=id_59007
Fixations,"DZ Deathrays",,AULI01495390,soundcloud,soundcloud:tracks:160627571,174,,,https://soundcloud.com/dzdeathrays/fixations-1?utm_medium=api&utm_campaign=social_sharing&utm_source=id_59007
"2.15: DJ Magic Baron-Feel Your Hands Up In The Sun (Hike vs Qwote ft Pitbull vs The Black Eyed Peas)","Mash the Dutchie",,,soundcloud,soundcloud:tracks:107344949,182,,,https://soundcloud.com/mashthedutchie/2-15-dj-magic-baron-feel-your?utm_medium=api&utm_campaign=social_sharing&utm_source=id_59007
"Only Fans (feat. Virgen Maria)",Flume,,AUFF02200008,soundcloud,soundcloud:tracks:1261559581,145,,,https://soundcloud.com/flume/only-fans-feat-virgen-maria?utm_medium=api&utm_campaign=social_sharing&utm_source=id_59007
"End of the Earth by Epic Games (Fortnite Festival Jam Track)",TANUKI,,,soundcloud,soundcloud:tracks:2159653404,171,,,https://soundcloud.com/tanuki-469388778/end-of-the-earth-by-epic-games?utm_medium=api&utm_campaign=social_sharing&utm_source=id_59007
"Friday Night Funkin' OST","Breakfast (Pause Menu)",,,soundcloud,soundcloud:tracks:1019307832,108,,,https://soundcloud.com/kawaispritefak/breakfast-pause-menu-friday-night-funkin-ost?utm_medium=api&utm_campaign=social_sharing&utm_source=id_59007
"Friday Night Funkin' OST",Pico,,,soundcloud,soundcloud:tracks:1006531042,85,,,https://soundcloud.com/kawaispritefak/pico-friday-night-funkin-ost?utm_medium=api&utm_campaign=social_sharing&utm_source=id_59007
"Friday Night Funkin' OST",High,,,soundcloud,soundcloud:tracks:1006533916,106,,,https://soundcloud.com/kawaispritefak/high-friday-night-funkin-ost?utm_medium=api&utm_campaign=social_sharing&utm_source=id_59007
"Friday Night Funkin' OST",M.I.L.F,,,soundcloud,soundcloud:tracks:1006534432,125,,,https://soundcloud.com/kawaispritefak/milf-friday-night-funkin-ost?utm_medium=api&utm_campaign=social_sharing&utm_source=id_59007
"Friday Night Funkin' OST",Ugh,,,soundcloud,soundcloud:tracks:1006705084,86,,,https://soundcloud.com/kawaispritefak/ugh-friday-night-funkin-ost?utm_medium=api&utm_campaign=social_sharing&utm_source=id_59007
"Right Back","Frost Children, Sebii",,QZVM32200304,soundcloud,soundcloud:tracks:1870097367,192,,,https://soundcloud.com/frostchildren/right-back?utm_medium=api&utm_campaign=social_sharing&utm_source=id_59007
"Ooh Aah // My Life Be Like (ft.2Pac & DMX)",Grits,,,soundcloud,soundcloud:tracks:228206717,306,,,https://soundcloud.com/makavelithedonremix/grits-ooh-aah-my-life-be-like-ft2pac-dmx?utm_medium=api&utm_campaign=social_sharing&utm_source=id_59007
Bananas!,gupi,,,soundcloud,soundcloud:tracks:856046686,151,,,https://soundcloud.com/gupimusic/bananas?utm_medium=api&utm_campaign=social_sharing&utm_source=id_59007
"Utada Hikaru - Kingdom Hearts","Simple and Clean",,,soundcloud,soundcloud:tracks:404445195,291,,,https://soundcloud.com/rainheartxii/kh-simple-and-clean?utm_medium=api&utm_campaign=social_sharing&utm_source=id_59007
"ABYSS ft. KURU",holidaykiss,,,soundcloud,soundcloud:tracks:945980716,96,,,https://soundcloud.com/holidaykiss/abyss-ft-kuru?utm_medium=api&utm_campaign=social_sharing&utm_source=id_59007
"Wax On (feat. Freddie Gibbs)","Injury Reserve",,USC4R1902664,soundcloud,soundcloud:tracks:618346779,268,,,https://soundcloud.com/injuryreserve/track-8?utm_medium=api&utm_campaign=social_sharing&utm_source=id_59007
G.O.M.D,"J. Cole",,USQX91402597,soundcloud,soundcloud:tracks:412975851,301,,,https://soundcloud.com/j-cole/g-o-m-d?utm_medium=api&utm_campaign=social_sharing&utm_source=id_59007
"Q.U.E.E.N, feat. Erykah Badu (Fashion remix by Prince)","Janelle Monae",,,soundcloud,soundcloud:tracks:128127189,937,,,https://soundcloud.com/lfqa92/janelle-monae-q-u-e-e-n-feat?utm_medium=api&utm_campaign=social_sharing&utm_source=id_59007
"ok boomer (luminism remix)",jedwill1999,,,soundcloud,soundcloud:tracks:708312433,133,,,https://soundcloud.com/lmnsm/okboomer?utm_medium=api&utm_campaign=social_sharing&utm_source=id_59007
"I'm Real (Murder Remix) [feat. Ja Rule]","Jennifer Lopez",,USSM10106880,soundcloud,soundcloud:tracks:447116565,30,,,https://soundcloud.com/jenniferlopez/im-real-murder-remix-feat-ja?utm_medium=api&utm_campaign=social_sharing&utm_source=id_59007
"Valentine's Day Freestyle '25",JPEGMAFIA,,QM4TX2552642,soundcloud,soundcloud:tracks:2034808060,210,,,https://soundcloud.com/jpegmafia/valentines-day-freestyle-25?utm_medium=api&utm_campaign=social_sharing&utm_source=id_59007
"The heart Pt1","Kendrick Lamar",,,soundcloud,soundcloud:tracks:2294246021,120,,,https://soundcloud.com/blatte-098/the-heart-pt1?utm_medium=api&utm_campaign=social_sharing&utm_source=id_59007
"Kendrick Lamar LOYALTY x KEINEMUSIK Rupture pt3 MASHUP",pw,,,soundcloud,soundcloud:tracks:1761296994,476,,,https://soundcloud.com/wohlfart/loyalty-x-rupture-pt3?utm_medium=api&utm_campaign=social_sharing&utm_source=id_59007
WOW,thatboykwame,,AUBEC1715764,soundcloud,soundcloud:tracks:684121585,193,,,https://soundcloud.com/thatboykwame/wow-1?utm_medium=api&utm_campaign=social_sharing&utm_source=id_59007
"The Legend of Zelda: Ocarina of Time OST: Last Battle","Koji Kondo",,,soundcloud,soundcloud:tracks:318149641,131,,,https://soundcloud.com/gabe-ninja/the-legend-of-zelda-ocarina-of-time-ost-last-battle?utm_medium=api&utm_campaign=social_sharing&utm_source=id_59007
"Rnw@y (Backyard Bangers Reanimation) [feat. Phoenix Orion]","Linkin Park",,USWB10201926,soundcloud,soundcloud:tracks:255824484,193,,,https://soundcloud.com/linkinpark/rnw-y?utm_medium=api&utm_campaign=social_sharing&utm_source=id_59007
CUNTISSIMO,MARINA,,GB5KW2500218,soundcloud,soundcloud:tracks:2073299356,241,,,https://soundcloud.com/marinadiamandis/cuntissimo?utm_medium=api&utm_campaign=social_sharing&utm_source=id_59007
"M.I.A Bucky Done Gun","Dirty Stylez",,,soundcloud,soundcloud:tracks:131263595,341,,,https://soundcloud.com/dirty-stylez-1/m-i-a-bucky-done-gun?utm_medium=api&utm_campaign=social_sharing&utm_source=id_59007
"PAPER PLANES (NOISE MAFIA EDIT) (CRBFREE014)",Corebeats,,QZKDK2280146,soundcloud,soundcloud:tracks:1616592546,317,,,https://soundcloud.com/corebeats03/mia-paper-planes-noise-mafia-edit-crbfree014?utm_medium=api&utm_campaign=social_sharing&utm_source=id_59007
"Galang (feat. Lil Vicious)",M.I.A.,,,soundcloud,soundcloud:tracks:2098635333,177,,,https://soundcloud.com/miamathangi/mia-galang-feat-lil-vicious?utm_medium=api&utm_campaign=social_sharing&utm_source=id_59007
"BAD GIRLS (CHROMEBODIED)",M.I.A.,,,soundcloud,soundcloud:tracks:1606143426,211,,,https://soundcloud.com/chromebodies/bad-girls-chromebodied?utm_medium=api&utm_campaign=social_sharing&utm_source=id_59007
"Mousse T. ft Hotn Juicy - Horny (remix)","Drillers Records",,,soundcloud,soundcloud:tracks:2397352818,397,,,https://soundcloud.com/drillers-records/gus-jerez-eze-drill-mousse-t-ft-hotn-juicy-horny-remix-10?utm_medium=api&utm_campaign=social_sharing&utm_source=id_59007
Windows,N.E.R.D.,,USUM70814603,soundcloud,soundcloud:tracks:349457108,178,,,https://soundcloud.com/nerd/windows?utm_medium=api&utm_campaign=social_sharing&utm_source=id_59007
"HOT-N-FUN (AYYBO EDIT) (UNRELEASED)","N.E.R.D. FT. NELLY FURTADO",,,soundcloud,soundcloud:tracks:1963241067,205,,,https://soundcloud.com/house-mafia-564862312/nerd-ft-nelly-furtado-hot-n-fun-ayybo-edit?utm_medium=api&utm_campaign=social_sharing&utm_source=id_59007
Piggy,"Nine Inch Nails",,USIR19400526,soundcloud,soundcloud:tracks:255770696,265,,,https://soundcloud.com/nineinchnails/piggy-album-version?utm_medium=api&utm_campaign=social_sharing&utm_source=id_59007
Nothin',N.O.R.E.,,USDJ20200461,soundcloud,soundcloud:tracks:255812505,265,,,https://soundcloud.com/officialnore/nothin-album-version-explicit?utm_medium=api&utm_campaign=social_sharing&utm_source=id_59007
"Let It Go - Hideki Naganuma","Ollie King OST",,,soundcloud,soundcloud:tracks:289990011,242,,,https://soundcloud.com/user-121634934/ollie-king-ost-let-it-go-hideki-naganuma?utm_medium=api&utm_campaign=social_sharing&utm_source=id_59007
"Baby (feat. Nelly)",Pharrell,,USUM70604680,soundcloud,soundcloud:tracks:263662766,247,,,https://soundcloud.com/pharrellwilliams-official/baby-feat-nelly?utm_medium=api&utm_campaign=social_sharing&utm_source=id_59007
"Pokémon Red and Blue: Kanto Trainer Battle Theme Dance Remix",GlitchxCity,,,soundcloud,soundcloud:tracks:204832810,338,,,https://soundcloud.com/glitchxcity/kanto-trainer-battle-dance-remix?utm_medium=api&utm_campaign=social_sharing&utm_source=id_59007
Zombie,KRUELLA,,,soundcloud,soundcloud:tracks:2358715985,144,,,https://soundcloud.com/kruelladj/poppy-x-kruella-zombie?utm_medium=api&utm_campaign=social_sharing&utm_source=id_59007
"Divinity (Remake + Stems)","Porter Robinson ft. Amy Millan",,,soundcloud,soundcloud:tracks:1023170803,126,,,https://soundcloud.com/morro-214730271/porter-robinson-divinity-remake-stems?utm_medium=api&utm_campaign=social_sharing&utm_source=id_59007
"I'm On Vacation","Rhett And Link",,,soundcloud,soundcloud:tracks:163533847,226,,,https://soundcloud.com/hunter-kye/rhett-and-link-im-on-vacation?utm_medium=api&utm_campaign=social_sharing&utm_source=id_59007
"[Rhythm Heaven Fever]","Packing Pests 2",,,soundcloud,soundcloud:tracks:988913608,69,,,https://soundcloud.com/minecraftroxs-732354224/packing-pests-2-rhythm-heaven-fever?utm_medium=api&utm_campaign=social_sharing&utm_source=id_59007
"Rhythm Heaven Fever","Cheer Readers 2",,,soundcloud,soundcloud:tracks:331714242,85,,,https://soundcloud.com/shadowlecsplosion/cheer-readers-2-rhythm-heaven?utm_medium=api&utm_campaign=social_sharing&utm_source=id_59007
"Rita Ora Ft. Tinie Tempah (VISIONE Remix)",R.I.P.,,,soundcloud,soundcloud:tracks:268809471,346,,,https://soundcloud.com/visionunvision/rip-rita-ora-ft-tinie-tempah-visione-remix?utm_medium=api&utm_campaign=social_sharing&utm_source=id_59007
"not like us ft. kendrick lamar (official jersey club remix from SJAYY) OUT EVERYWHERE @sjayyofficial",SJAYY,,,soundcloud,soundcloud:tracks:1814721627,123,,,https://soundcloud.com/sjayy-gutta/not-like-us-ft-kendrick-lamar-maybe-a-jersey-club-remix-from-sjayy?utm_medium=api&utm_campaign=social_sharing&utm_source=id_59007
"Dr. Robotniks Theme (Boss Fight)",Unknown,,,soundcloud,soundcloud:tracks:758481010,76,,,https://soundcloud.com/user-624896213/sonic-the-hedgehog-dr-robotniks-theme-boss-music?utm_medium=api&utm_campaign=social_sharing&utm_source=id_59007
"Sonic Rush","7. Wrapped In Black",,,soundcloud,soundcloud:tracks:343156485,177,,,https://soundcloud.com/fawfulhasfury/7-wrapped-in-black-sonic-rush?utm_medium=api&utm_campaign=social_sharing&utm_source=id_59007
Slowdance,Soulwax,,BEP010500075,soundcloud,soundcloud:tracks:320933003,30,,,https://soundcloud.com/soulwaxofficial/slowdance?utm_medium=api&utm_campaign=social_sharing&utm_source=id_59007
Octoweaponry,"Turquoise October",,,soundcloud,soundcloud:tracks:243001844,119,,,https://soundcloud.com/dj-tenta-kill/turquoise-october-octoweaponry?utm_medium=api&utm_campaign=social_sharing&utm_source=id_59007
"Inkopolis Square",tilt5951,,,soundcloud,soundcloud:tracks:1965256627,74,,,https://soundcloud.com/splatoon_4/4-inkopolis-square?utm_medium=api&utm_campaign=social_sharing&utm_source=id_59007
"Unknown Inkopolis Square ""Plaza00_F"" Track (2TX5 Team Order Electro Mix)","Splatoon 2",,,soundcloud,soundcloud:tracks:652796963,411,,,https://soundcloud.com/2tx5/splatoon-2-unknown-inkopolis-square-plaza00_f-track-2tx5-team-order-electro-mix?utm_medium=api&utm_campaign=social_sharing&utm_source=id_59007
"Bomb Rush Blush (Dj Octavio Ft. Callie)(Final Boss Theme Phase 1)","Splatoon 2",,,soundcloud,soundcloud:tracks:334016991,460,,,https://soundcloud.com/cesar-pikachu/splatoon-2-bomb-rush-blush-dj?utm_medium=api&utm_campaign=social_sharing&utm_source=id_59007
"Octo Expansion - Splatoon 2 Soundtrack","""#$@&* Dude #$@%* Be Sleepin' ~ Pearl Chat-Temp.""",,,soundcloud,soundcloud:tracks:465694557,40,,,https://soundcloud.com/user-860813606/dude-be-sleepin-pearl-chat-temp-octo-expansion-splatoon-2-soundtrack?utm_medium=api&utm_campaign=social_sharing&utm_source=id_59007
"Deep cut- Anarchy Splatcast (Big Run) splatoon 3 OST",death,,,soundcloud,soundcloud:tracks:1685187120,87,,,https://soundcloud.com/user-783550704/deep-cut-anarchy-splatcast-big?utm_medium=api&utm_campaign=social_sharing&utm_source=id_59007
"Deep cut- Anarchy Splatcast (splatoon 3 OST)",death,,,soundcloud,soundcloud:tracks:1685190489,87,,,https://soundcloud.com/user-783550704/deep-cut-anarchy-splatcast?utm_medium=api&utm_campaign=social_sharing&utm_source=id_59007
"Liquid Sunshine","Splatoon 3 OST: Squid Sisters Feat. Ian BGM",,,soundcloud,soundcloud:tracks:1480225147,81,,,https://soundcloud.com/splat-tim-355603780/splatoon-3-liquid-sunsine?utm_medium=api&utm_campaign=social_sharing&utm_source=id_59007
"rout1nes (Stage: Protect the Zone)","Splatoon 3 Side Order",,,soundcloud,soundcloud:tracks:1755541599,120,,,https://soundcloud.com/youlike-me/splatoon-3-side-order-rout1nes?utm_medium=api&utm_campaign=social_sharing&utm_source=id_59007
"souven1r (Stage: Sink the ∞-Balls)","Splatoon 3 Side Order",,,soundcloud,soundcloud:tracks:1755546843,147,,,https://soundcloud.com/youlike-me/splatoon-3-side-order-souven1r?utm_medium=api&utm_campaign=social_sharing&utm_source=id_59007
"2ouvenir (Stage: Sink the ∞-Balls 2)","Splatoon 3 Side Order",,,soundcloud,soundcloud:tracks:1755561924,154,,,https://soundcloud.com/youlike-me/splatoon-3-side-order-2ouvenir?utm_medium=api&utm_campaign=social_sharing&utm_source=id_59007
"Conversation With a Rainbow",Qlons,,FR9W11700380,soundcloud,soundcloud:tracks:440666037,360,,,https://soundcloud.com/qlonsofficial/conversation-with-a-rainbow?utm_medium=api&utm_campaign=social_sharing&utm_source=id_59007
Dynamite,"Stina Nordenstam",,SEPQA1000407,soundcloud,soundcloud:tracks:267353403,266,,,https://soundcloud.com/stina-nordenstam/dynamite?utm_medium=api&utm_campaign=social_sharing&utm_source=id_59007
"By The End Of The Night",Bayer,,,soundcloud,soundcloud:tracks:2170454655,322,,,https://soundcloud.com/user-965270762/bayer-by-the-end-of-the-night?utm_medium=api&utm_campaign=social_sharing&utm_source=id_59007
I.N.Y.N,Surkin,,FR6Z31100004,soundcloud,soundcloud:tracks:286374796,186,,,https://soundcloud.com/surkin-official/i-n-y-n?utm_medium=api&utm_campaign=social_sharing&utm_source=id_59007
"Word Shop",toonlink,,,soundcloud,soundcloud:tracks:794922748,178,,,https://soundcloud.com/ctoonlink/word-shop?utm_medium=api&utm_campaign=social_sharing&utm_source=id_59007
"""90210 Pt 2"" ft Kacy Hill |  BEAT SWITCH","パブロ KroM Beatz",,,soundcloud,soundcloud:tracks:685491178,369,,,https://soundcloud.com/krom-hh/travis-scott-type-beat-90210-pt-2-ft-kacy-hill-beat-switch?utm_medium=api&utm_campaign=social_sharing&utm_source=id_59007
"One Of Your Girls","Troye Sivan",,AUUM72300179,soundcloud,soundcloud:tracks:1639682940,182,,,https://soundcloud.com/troye-sivan/troye-sivan-one-of-your-girls?utm_medium=api&utm_campaign=social_sharing&utm_source=id_59007
"Moth To A Flame (LIKETHIS Remix)","Swedish House Mafia ft. The Weeknd",,,soundcloud,soundcloud:tracks:1162823938,209,,,https://soundcloud.com/iamlikethis/swedish-house-mafia-ft-the-weeknd-moth-to-a-flame-likethis-remix?utm_medium=api&utm_campaign=social_sharing&utm_source=id_59007
"t r a n s p a r e n t s o u l (feat. Travis Barker)",WILLOW,,QMJMT2103571,soundcloud,soundcloud:tracks:1035037183,168,,,https://soundcloud.com/willowsmith/t-r-a-n-s-p-a-r-e-n-t-s-o-u-l?utm_medium=api&utm_campaign=social_sharing&utm_source=id_59007
"Rolling Girl ーローリンガールー","wowaka feat. 初音ミク",,,soundcloud,soundcloud:tracks:1336797997,192,,,https://soundcloud.com/cfm_miku_2/rolling-girl?utm_medium=api&utm_campaign=social_sharing&utm_source=id_59007
"money machine","100 gecs, Laura Les, Dylan Brady",,USZ4V1900182,soundcloud,soundcloud:tracks:629130993,114,,,https://soundcloud.com/100gecs/money-machine?utm_medium=api&utm_campaign=social_sharing&utm_source=id_59007
Pulsewidth,"Aphex Twin",,,soundcloud,soundcloud:tracks:2260087832,228,,,https://soundcloud.com/idk-2154928/aphex-twin-pulsewidth?utm_medium=api&utm_campaign=social_sharing&utm_source=id_59007
L$D,"A$AP Rocky",,USRC11500789,soundcloud,soundcloud:tracks:279017163,238,,,https://soundcloud.com/asvpxrocky/l-d-1?utm_medium=api&utm_campaign=social_sharing&utm_source=id_59007
"Sk8er Boi (Avril Lavigne)","Rhythm Of The Night",,,soundcloud,soundcloud:tracks:768219352,201,,,https://soundcloud.com/rhythm-of-the-night/sk8er-boi-avril-lavigne?utm_medium=api&utm_campaign=social_sharing&utm_source=id_59007
I.F.L.Y.,BAZZI,,USAT21903826,soundcloud,soundcloud:tracks:652530857,166,,,https://soundcloud.com/bazziworldwide/ifly?utm_medium=api&utm_campaign=social_sharing&utm_source=id_59007
"Let's Go Away For A While (Mono / Remastered 1996)","The Beach Boys",,USCA29600680,soundcloud,soundcloud:tracks:251831102,141,,,https://soundcloud.com/thebeachboys/lets-go-away-for-awhile-1?utm_medium=api&utm_campaign=social_sharing&utm_source=id_59007
"Same Effect",BENEE,,USUM72019974,soundcloud,soundcloud:tracks:924197206,245,,,https://soundcloud.com/benee/same-effect?utm_medium=api&utm_campaign=social_sharing&utm_source=id_59007
"Quevedo: Bzrp Music Sessions, Vol. 52/66","Bizarrap, Quevedo",,UYB282201028,soundcloud,soundcloud:tracks:1300828966,199,,,https://soundcloud.com/bizarrap/bizarrap-quevedo-quevedo-bzrp?utm_medium=api&utm_campaign=social_sharing&utm_source=id_59007
"Words, Words, Words (Studio)","Bo Burnham",,US85P1010101,soundcloud,soundcloud:tracks:254629102,241,,,https://soundcloud.com/bo-burnham/words-words-words-studio?utm_medium=api&utm_campaign=social_sharing&utm_source=id_59007
"Repeat Stuff","Bo Burnham",,,soundcloud,soundcloud:tracks:130257711,276,,,https://soundcloud.com/kyle-peterson-25/bo-burnham-repeat-stuff-1?utm_medium=api&utm_campaign=social_sharing&utm_source=id_59007
