title,artist,album,isrc,platform,trackId,duration,addedDate,addedBy,url
"How Does It Feel?",Pharrell,,USUM70604681,soundcloud,soundcloud:tracks:263662778,216,,,https://soundcloud.com/pharrellwilliams-official/how-does-it-feel?utm_medium=api&utm_campaign=social_sharing&utm_source=id_59007
"MOJO JOJO","Playboi Carti",,USUM72414867,soundcloud,soundcloud:tracks:2054349836,156,,,https://soundcloud.com/playboicarti/caa94b0c-c0e2-489d-8059-43df140e4553?utm_medium=api&utm_campaign=social_sharing&utm_source=id_59007
Alive,P.O.D.,,,soundcloud,soundcloud:tracks:158586479,218,,,https://soundcloud.com/cadm30/pod-alive?utm_medium=api&utm_campaign=social_sharing&utm_source=id_59007
"unused track (trading)","Pokémon Red and Blue",,,soundcloud,soundcloud:tracks:880670650,122,,,https://soundcloud.com/user-344694651/pokemon-red-and-blue-unused?utm_medium=api&utm_campaign=social_sharing&utm_source=id_59007
"Get The Fuck Outta Here Ft Dj Profail (prod. Randy One)",ORTEUM,,,soundcloud,soundcloud:tracks:131234950,276,,,https://soundcloud.com/orteum/get-the-fuck-outta-here-ft-dj?utm_medium=api&utm_campaign=social_sharing&utm_source=id_59007
"Wynona's Big Brown Beaver",Primus,,USIR19500125,soundcloud,soundcloud:tracks:252706161,261,,,https://soundcloud.com/primus-official/wynonas-big-brown-beaver-album?utm_medium=api&utm_campaign=social_sharing&utm_source=id_59007
"I'm A Textpert (Rap Battle)- Rhett And Link",burdlesnurdle,,,soundcloud,soundcloud:tracks:145140014,152,,,https://soundcloud.com/burdlesnurdle/textpertrl?utm_medium=api&utm_campaign=social_sharing&utm_source=id_59007
"Rhythm Heaven Fever","Tsunku, Masami Yone, Shinji Ushiroda, and Asuka Ito",,,soundcloud,soundcloud:tracks:2148028263,84,,,https://soundcloud.com/sens_belowstory/cafe-rhythm-heaven-fever?utm_medium=api&utm_campaign=social_sharing&utm_source=id_59007
"Rhythm Heaven(DS)-OST Blue Birds 2",CharlesOst,,,soundcloud,soundcloud:tracks:1881951537,107,,,https://soundcloud.com/tania-lopez-534950432/rhythm-heaven-ds-ost-blue-1?utm_medium=api&utm_campaign=social_sharing&utm_source=id_59007
"Rhythm Heaven Fever","Kung Fu Ball",,,soundcloud,soundcloud:tracks:1851725688,242,,,https://soundcloud.com/haru-154735064/kung-fu-ball-rhythm-heaven?utm_medium=api&utm_campaign=social_sharing&utm_source=id_59007
"Rhythm Heaven Fever (Buildup Version)","Hi-Hat (Rhythm Tweezers)",,,soundcloud,soundcloud:tracks:2048338784,130,,,https://soundcloud.com/nick-autumn-661900437/hi-hat-rhythm-tweezers-rhythm?utm_medium=api&utm_campaign=social_sharing&utm_source=id_59007
"Rhythm Heaven Fever","Manzai Birds",,,soundcloud,soundcloud:tracks:362718851,190,,,https://soundcloud.com/stepswitcher/manzai-birds-rhythm-heaven-fever?utm_medium=api&utm_campaign=social_sharing&utm_source=id_59007
SIREN,Shygirl,,GBMVH2000840,soundcloud,soundcloud:tracks:890450890,236,,,https://soundcloud.com/0800shygirl/shygirl-siren?utm_medium=api&utm_campaign=social_sharing&utm_source=id_59007
"Kill EVERYBODY (KOAN Sound Remix)",Skrillex,,,soundcloud,soundcloud:tracks:617134263,240,,,https://soundcloud.com/chrissalv/skrillex-kill-everybody-koan-sound-remix?utm_medium=api&utm_campaign=social_sharing&utm_source=id_59007
"1-06 Palmtree Panic 'P' Mix","Sonic CD - 20TH Gold CD1",,,soundcloud,soundcloud:tracks:69771996,176,,,https://soundcloud.com/sonic-cd-the-best-sonic/1-06-palmtree-panic-p-mix?utm_medium=api&utm_campaign=social_sharing&utm_source=id_59007
"1-23 Wacky Workbench 'P' Mix","Sonic CD - 20TH Gold CD1",,,soundcloud,soundcloud:tracks:69772013,223,,,https://soundcloud.com/sonic-cd-the-best-sonic/1-23-wacky-workbench-p-mix?utm_medium=api&utm_campaign=social_sharing&utm_source=id_59007
"2-08 Metallic Madness 'B' Mix JP","Sonic CD - 20TH Gold CD2",,,soundcloud,soundcloud:tracks:69865390,172,,,https://soundcloud.com/sonic-cd-best-sonic-2/2-08-metallic-madness-b-mix-jp?utm_medium=api&utm_campaign=social_sharing&utm_source=id_59007
Krack,Soulwax,,BEP010500094,soundcloud,soundcloud:tracks:320933448,30,,,https://soundcloud.com/soulwaxofficial/krack?utm_medium=api&utm_campaign=social_sharing&utm_source=id_59007
"Accidents and Compliments",Soulwax,,BEP010500080,soundcloud,soundcloud:tracks:320934027,30,,,https://soundcloud.com/soulwaxofficial/accidents-and-compliments-1?utm_medium=api&utm_campaign=social_sharing&utm_source=id_59007
"Splatoon 2 Octo Expansion","Shark Bytes [Off The Hook]",,,soundcloud,soundcloud:tracks:458201265,206,,,https://soundcloud.com/damein-baker-3/shark-bytes-off-the-hook?utm_medium=api&utm_campaign=social_sharing&utm_source=id_59007
"Splatoon 2 Octo Expansion (FINAL BOSS)","Fly Octo Fly ~ Ebb & Flow (Octo) [Off The Hook]",,,soundcloud,soundcloud:tracks:458201232,187,,,https://soundcloud.com/damein-baker-3/fly-octo-fly-ebb-flow-octo-off?utm_medium=api&utm_campaign=social_sharing&utm_source=id_59007
"Splatoon 2 Octo Expansion OST Actually It's Commander Tartar's Theme","The Cursed Needle",,,soundcloud,soundcloud:tracks:2095377156,40,,,https://soundcloud.com/cursed-needle-22575595950/splatoon-2-octo-expansion-ost-actually-its-commander-tartars-theme?utm_medium=api&utm_campaign=social_sharing&utm_source=id_59007
"C-Side - CLICKBAIT - EXTENDED! [HD/LOSSLESS]","Splatoon 3 OST",,,soundcloud,soundcloud:tracks:1336302835,616,,,https://soundcloud.com/ilovesplatoon/splatoon-3-ost-c-side-clickbait-extended?utm_medium=api&utm_campaign=social_sharing&utm_source=id_59007
"Daybreaker Anthem - Deep Cut","Splatoon 3 OST",,,soundcloud,soundcloud:tracks:1604847738,324,,,https://soundcloud.com/splat-tim-355603780/splatoon-3-ost-daybreaker-1?utm_medium=api&utm_campaign=social_sharing&utm_source=id_59007
"Mission Complete Splatoon 3 OST",Rosy-senpai,,,soundcloud,soundcloud:tracks:2112361887,11,,,https://soundcloud.com/rosy_senpai/mission-complete-splatoon-3-ost?utm_medium=api&utm_campaign=social_sharing&utm_source=id_59007
"Busy Bee (Instrumental) [feat. La La Life]","Sue DJ, Polar",,DGA072489997,soundcloud,soundcloud:tracks:1874950884,162,,,https://soundcloud.com/suedj-music/busy-bee-instrumental-feat-la?utm_medium=api&utm_campaign=social_sharing&utm_source=id_59007
"Whatever You Like (Album Version)",T.I.,,USAT20803170,soundcloud,soundcloud:tracks:220647609,251,,,https://soundcloud.com/tiofficial/whatever-you-like?utm_medium=api&utm_campaign=social_sharing&utm_source=id_59007
"Memories Back Then (Ft. Kris Stephens) (zanjero mix)","Kendrick Lamar, B.O.B, T.I",,,soundcloud,soundcloud:tracks:123629331,344,,,https://soundcloud.com/rubikku/kendrick-lamar-b-o-b-t-i?utm_medium=api&utm_campaign=social_sharing&utm_source=id_59007
"dubstep boy","tracey brakes",,QM8DG2335829,soundcloud,soundcloud:tracks:1545973543,226,,,https://soundcloud.com/traceybrakes/dubstep-boy?utm_medium=api&utm_campaign=social_sharing&utm_source=id_59007
"THE BROWN STAINS OF DARKEESE LATIFAH PART 6-12 (REMIX) [feat. ScHoolboy Q]","Tyler, The Creator feat. ScHoolboy Q",,USQX91500711,soundcloud,soundcloud:tracks:610203831,30,,,https://soundcloud.com/tylerthecreatorofficial/the-brown-stains-of-darkeese-1?utm_medium=api&utm_campaign=social_sharing&utm_source=id_59007
"Tyler, the creator (Ft. Lil Wayne) +[Alternative Intro by Penny Goodwin]","HOT WIND BLOWS",,,soundcloud,soundcloud:tracks:1756437195,442,,,https://soundcloud.com/attedosa/slow-hot-wind-blows?utm_medium=api&utm_campaign=social_sharing&utm_source=id_59007
"Find You ft. BABii (dontloveme euphoric club mix) ᯓ.𖥔","umru & DJH",,,soundcloud,soundcloud:tracks:1794155776,213,,,https://soundcloud.com/dustyy77/find-you-ft-babii-dontloveme?utm_medium=api&utm_campaign=social_sharing&utm_source=id_59007
"UNDERTALE Soundtrack - 100 MEGALOVANIA","Toby Fox",,,soundcloud,soundcloud:tracks:226899939,156,,,https://soundcloud.com/angrysausage/toby-fox-undertale?utm_medium=api&utm_campaign=social_sharing&utm_source=id_59007
"Lets Play Ball","Luh Ai",,,soundcloud,soundcloud:tracks:2316533132,125,,,https://soundcloud.com/1p-cozmic/lets-play-ball?utm_medium=api&utm_campaign=social_sharing&utm_source=id_59007
"Wii Play Motion",Dunkaccina,,,soundcloud,soundcloud:tracks:2278432289,68,,,https://soundcloud.com/dunkaccina/player-selection-wii-play-motion-4?utm_medium=api&utm_campaign=social_sharing&utm_source=id_59007
"Oh Bondage Up Yours! (Live)","X-Ray Spex",,GBSUW0729101,soundcloud,soundcloud:tracks:2013840911,184,,,https://soundcloud.com/x-ray-spex/oh-bondage-up-yours-live?utm_medium=api&utm_campaign=social_sharing&utm_source=id_59007
"Athletic Theme | Yoshi's Island | Clarinet Cover | Koji Kondo",nicholasz2510,,,soundcloud,soundcloud:tracks:1184692657,181,,,https://soundcloud.com/nicholasz2510/athletic?utm_medium=api&utm_campaign=social_sharing&utm_source=id_59007
"Got Your Number","The Young Punx",,GBZ3B2000241,soundcloud,soundcloud:tracks:913595068,202,,,https://soundcloud.com/theyoungpunx/got-your-number?utm_medium=api&utm_campaign=social_sharing&utm_source=id_59007
"・✧(๑ඕัළ*.。 * ̈°。","⣎⡇ꉺლ༽இ•̛)ྀ◞ ༎ຶ ༽ৣৢ؞ৢ؞ؖ ꉺლ",,,soundcloud,soundcloud:tracks:1503912169,136,,,https://soundcloud.com/thirtythreetwoone/cryptic2?utm_medium=api&utm_campaign=social_sharing&utm_source=id_59007
"800 db cloud","100 gecs, Laura Les, Dylan Brady",,USZ4V1900183,soundcloud,soundcloud:tracks:629122611,140,,,https://soundcloud.com/100gecs/800db-cloud?utm_medium=api&utm_campaign=social_sharing&utm_source=id_59007
"Fuck No (feat. Brasstracks & PhiloSofie)","99 Neighbors",,USWB11902130,soundcloud,soundcloud:tracks:678660975,232,,,https://soundcloud.com/99neighbors/fuck-no?utm_medium=api&utm_campaign=social_sharing&utm_source=id_59007
"The A-Team","The Daniel Caine Orchestra",,GBAJC9801422,soundcloud,soundcloud:tracks:1394176183,195,,,https://soundcloud.com/thedanielcaineorchestra/the-a-team?utm_medium=api&utm_campaign=social_sharing&utm_source=id_59007
"ABBA S.O.S.","dwbr dwbr",,,soundcloud,soundcloud:tracks:805227895,202,,,https://soundcloud.com/dwbr-dwbr/abba-s-o-s?utm_medium=api&utm_campaign=social_sharing&utm_source=id_59007
"Official Main Theme","Animal Crossing: New Horizons",,,soundcloud,soundcloud:tracks:753559633,301,,,https://soundcloud.com/kegaltongaming/animal-crossing-new-horizons-1?utm_medium=api&utm_campaign=social_sharing&utm_source=id_59007
"Animal Crossing: New Horizons","Resident Services [8-bit]",,,soundcloud,soundcloud:tracks:813816187,172,,,https://soundcloud.com/ardklaw/acnh-resident-services-v1?utm_medium=api&utm_campaign=social_sharing&utm_source=id_59007
"The Avalanches -- If I was a Folkstar (cover by me)",kootlefoosh,,,soundcloud,soundcloud:tracks:956989828,101,,,https://soundcloud.com/kootlefoosh/the-avalanches-if-i-was-a-folkstar-cover-by-me?utm_medium=api&utm_campaign=social_sharing&utm_source=id_59007
"LIGHT UP PT2",SKILZIE,,,soundcloud,soundcloud:tracks:65350937,152,,,https://soundcloud.com/skilzie/skilzie-light-up-pt2?utm_medium=api&utm_campaign=social_sharing&utm_source=id_59007
"Good Luck, Babe!","Chappell Roan",,USUG12401967,soundcloud,soundcloud:tracks:1793155465,218,,,https://soundcloud.com/chappellroan/good-luck-babe?utm_medium=api&utm_campaign=social_sharing&utm_source=id_59007
"Track 10","Charli xcx",,GBAHS1701208,soundcloud,soundcloud:tracks:365331386,327,,,https://soundcloud.com/charlixcx/track-10?utm_medium=api&utm_campaign=social_sharing&utm_source=id_59007
"till we drop (unmixed) [##21]",dazegxd,,QZTH92357380,soundcloud,soundcloud:tracks:1469663944,189,,,https://soundcloud.com/dazegxd/till-we-drop-unmixed?utm_medium=api&utm_campaign=social_sharing&utm_source=id_59007
"weeping willow","DJ FUCKED IN THE HEAD",,,soundcloud,soundcloud:tracks:822016684,106,,,https://soundcloud.com/djfuckedinthehead/weeping-willow?utm_medium=api&utm_campaign=social_sharing&utm_source=id_59007
"movies for guys","Jane Remover",,QZH5E2130662,soundcloud,soundcloud:tracks:1027999771,346,,,https://soundcloud.com/janeremover/movies-for-guys?utm_medium=api&utm_campaign=social_sharing&utm_source=id_59007
"Friday Night Funkin' OST",Tutorial,,,soundcloud,soundcloud:tracks:1006524220,67,,,https://soundcloud.com/kawaispritefak/tutorial-friday-night-funkin-ost?utm_medium=api&utm_campaign=social_sharing&utm_source=id_59007
"Gimme love pt2","ZO DASH",,,soundcloud,soundcloud:tracks:205206696,260,,,https://soundcloud.com/ervin-tyson-1/gimme-love-pt2?utm_medium=api&utm_campaign=social_sharing&utm_source=id_59007
"The Wonderful Star's Walk Is Wonderful","Yuri Misumi",,,soundcloud,soundcloud:tracks:306938184,192,,,https://soundcloud.com/katamariislife/the-wonderful-stars-walk-is?utm_medium=api&utm_campaign=social_sharing&utm_source=id_59007
"The Legend of Zelda: Ocarina of Time OST Cover","Great Fairy's Fountain",,,soundcloud,soundcloud:tracks:226068664,71,,,https://soundcloud.com/alexmarucci/great-fairys-fountain-the-legend-of-zelda-ocarina-of-time-ost?utm_medium=api&utm_campaign=social_sharing&utm_source=id_59007
"Horse Race ~BVG euro arrange~","The Legend of Zelda: Ocarina of Time",,,soundcloud,soundcloud:tracks:351114646,136,,,https://soundcloud.com/bvg_music/the-legend-of-zelda-ocarina-of-time-horse-race-bvg-euro-arrange?utm_medium=api&utm_campaign=social_sharing&utm_source=id_59007
"The Legend of Zelda: Ocarina of Time OST: Last Battle","Koji Kondo",,,soundcloud,soundcloud:tracks:318149641,131,,,https://soundcloud.com/gabe-ninja/the-legend-of-zelda-ocarina-of-time-ost-last-battle?utm_medium=api&utm_campaign=social_sharing&utm_source=id_59007
"Great Fairy Fountain","The Legend Of ZeldaThe Wind Waker",,,soundcloud,soundcloud:tracks:2358722807,67,,,https://soundcloud.com/marat-abilov-928609746/the-legend-of-zeldathe-wind?utm_medium=api&utm_campaign=social_sharing&utm_source=id_59007
"LEGO Racers OST","Test Track",,,soundcloud,soundcloud:tracks:1223523934,136,,,https://soundcloud.com/qroglumbie/test-track-lego-racers-ost?utm_medium=api&utm_campaign=social_sharing&utm_source=id_59007
YOLO,"Lonely Island (ft Adam Levine & Kendrick Lamar)",,,soundcloud,soundcloud:tracks:150721371,183,,,https://soundcloud.com/mythiic-x-aqua/lonely-island-ft-adam-levine?utm_medium=api&utm_campaign=social_sharing&utm_source=id_59007
Bills,"LunchMoney Lewis",,USSM11500429,soundcloud,soundcloud:tracks:279889385,30,,,https://soundcloud.com/lunchmoneylewis/bills-3?utm_medium=api&utm_campaign=social_sharing&utm_source=id_59007
"Blinded By The Light","Manfred Mann's Earth Band",,,soundcloud,soundcloud:tracks:90977914,417,,,https://soundcloud.com/h-mayor/manfred-earth-blinded-by-the?utm_medium=api&utm_campaign=social_sharing&utm_source=id_59007
"Booster Course Pass)","Mario Kart 8 Deluxe - Booster Course Pass",,,soundcloud,soundcloud:tracks:1661885697,293,,,https://soundcloud.com/mk8dxbcpost/staff-roll-mario-kart-8-deluxe-booster-course-pass?utm_medium=api&utm_campaign=social_sharing&utm_source=id_59007
"River Stage | Marvel Vs Capcom 2: New Age of Heroes [Capcom DL-1425]","A M 4 N 音楽",,,soundcloud,soundcloud:tracks:1298826412,158,,,https://soundcloud.com/fm_am4n/river-stage-marvel-vs-capcom-2-new-age-of-heroes-capcom-dl-1425?utm_medium=api&utm_campaign=social_sharing&utm_source=id_59007
"Studio recording",Amon-Ra,,QZHPJ2207483,soundcloud,soundcloud:tracks:1293854584,3476,,,https://soundcloud.com/amonrarecords/amon-ra-korg-esx-1-liveset-mia-practice-session-24-06-2022?utm_medium=api&utm_campaign=social_sharing&utm_source=id_59007
"Lars Von Sen","Mr Oizo",,FR0NT0800860,soundcloud,soundcloud:tracks:669906107,84,,,https://soundcloud.com/oizo-mr-3000/mr-oizo-lars-von-sen?utm_medium=api&utm_campaign=social_sharing&utm_source=id_59007
"Unwritten (The 2019 Remix)","Natasha Bedingfield",,QM7G91611309,soundcloud,soundcloud:tracks:638961957,186,,,https://soundcloud.com/natashabedingfield/unwritten-the-2019-remix?utm_medium=api&utm_campaign=social_sharing&utm_source=id_59007
"Stay Together (With Interlude)",N.E.R.D.,,USVI20100626,soundcloud,soundcloud:tracks:349457123,302,,,https://soundcloud.com/nerd/stay-together-includes?utm_medium=api&utm_campaign=social_sharing&utm_source=id_59007
"Goth Star",Pictureplane,,,soundcloud,soundcloud:tracks:6307707,199,,,https://soundcloud.com/kinzaza/pictureplane-goth-star?utm_medium=api&utm_campaign=social_sharing&utm_source=id_59007
"Playboi Carti-2024 prod. ojivolta, earlonthebeat, and Kanye West (SPEED UP) BY ST.FRENCHES!",Saint!,,,soundcloud,soundcloud:tracks:1691522802,192,,,https://soundcloud.com/stfrenches0/playboi-carti-2024-prod-ojivolta-earlonthebeat-and-kanye-west?utm_medium=api&utm_campaign=social_sharing&utm_source=id_59007
"Seasons of Love (Eddie Baez's ""Payin' the Rent"" Club Mix Edit)","Cast of the Motion Picture RENT",,USBYQ0500071,soundcloud,soundcloud:tracks:291421520,30,,,https://soundcloud.com/castofthemotionpicturerent/seasons-of-love-eddie-baezs?utm_medium=api&utm_campaign=social_sharing&utm_source=id_59007
"Frog Hop ~ Italian (Rana Rock)",Tsunku♂,,,soundcloud,soundcloud:tracks:1221412642,134,,,https://soundcloud.com/finndookiebutt/italian-rana-rock?utm_medium=api&utm_campaign=social_sharing&utm_source=id_59007
"Rhythm Heaven(DS)-OST Frog Hop 2",CharlesOst,,,soundcloud,soundcloud:tracks:1881948366,131,,,https://soundcloud.com/tania-lopez-534950432/rhythm-heaven-ds-ost-frog-1?utm_medium=api&utm_campaign=social_sharing&utm_source=id_59007
"[Rhythm Heaven Fever] Flock Step (Perfect)",ShinyDrakeon15,,,soundcloud,soundcloud:tracks:887992522,139,,,https://soundcloud.com/shiny-pokenerd/rhythm-heaven-fever-flock-step?utm_medium=api&utm_campaign=social_sharing&utm_source=id_59007
HENTAI,ROSALÍA,,USSM12109222,soundcloud,soundcloud:tracks:1232215828,30,,,https://soundcloud.com/rosaliaofficial/hentai?utm_medium=api&utm_campaign=social_sharing&utm_source=id_59007
"Star Guitar (Popular Computer Remix)","Shinichi Osawa",,JPB600847502,soundcloud,soundcloud:tracks:256022169,316,,,https://soundcloud.com/shinichiosawa/star-guitar-popular-computer?utm_medium=api&utm_campaign=social_sharing&utm_source=id_59007
"Sonic Rush","2. Back 2 Back",,,soundcloud,soundcloud:tracks:343156501,165,,,https://soundcloud.com/fawfulhasfury/2-back-2-back-sonic-rush?utm_medium=api&utm_campaign=social_sharing&utm_source=id_59007
"Sonic Heroes","Crush 40",,,soundcloud,soundcloud:tracks:605874906,210,,,https://soundcloud.com/faded_boo/credits-2?utm_medium=api&utm_campaign=social_sharing&utm_source=id_59007
"Splatoon 2 (Splatfest battle theme)","Timothy Butternubs",,QZAHP1892320,soundcloud,soundcloud:tracks:334588830,81,,,https://soundcloud.com/drusionry/ebb-and-flow-splatoon-2-splatfest-battle-theme?utm_medium=api&utm_campaign=social_sharing&utm_source=id_59007
"NOW OR NEVER SEVEN ( Splatoon 3 Grand Festival )","Three Wishes",,,soundcloud,soundcloud:tracks:1904180087,356,,,https://soundcloud.com/slaysistersslay/three-wishes?utm_medium=api&utm_campaign=social_sharing&utm_source=id_59007
"Overworld Theme","Smooth McGroove",,,soundcloud,soundcloud:tracks:434562663,177,,,https://soundcloud.com/brunna-salles-806905658/super-mario-world-overworld-theme?utm_medium=api&utm_campaign=social_sharing&utm_source=id_59007
"Super Mario World","Underwater Theme",,,soundcloud,soundcloud:tracks:823723129,101,,,https://soundcloud.com/weegee85-emeraldsans3/underwater-theme-super-mario?utm_medium=api&utm_campaign=social_sharing&utm_source=id_59007
"Underwater // Super Mario 3D World (2013)","Koji Kondo",,,soundcloud,soundcloud:tracks:986817238,207,,,https://soundcloud.com/not-bowsers-fury/sunshine-seaside-underwater-super-mario-3d-world-2013?utm_medium=api&utm_campaign=social_sharing&utm_source=id_59007
"Secret Course","Super Mario Sunshine OST",,,soundcloud,soundcloud:tracks:106069401,181,,,https://soundcloud.com/vybenet/super-mario-sunshine-ost-9?utm_medium=api&utm_campaign=social_sharing&utm_source=id_59007
Event,"Super Mario Sunshine OST",,,soundcloud,soundcloud:tracks:1109277889,69,,,https://soundcloud.com/aquatis-gd/super-mario-sunshine-ost-event?utm_medium=api&utm_campaign=social_sharing&utm_source=id_59007
"YTPMV-Big Beat Mario",Triple_sSs,,,soundcloud,soundcloud:tracks:1045184155,390,,,https://soundcloud.com/ernesto3902832/ytpmv-big-beat-mario?utm_medium=api&utm_campaign=social_sharing&utm_source=id_59007
WILSHIRE,"Tyler, The Creator",,USQX92102143,soundcloud,soundcloud:tracks:1074518128,516,,,https://soundcloud.com/tylerthecreatorofficial/tyler-the-creator-wilshire?utm_medium=api&utm_campaign=social_sharing&utm_source=id_59007
"Yoshi's Island","Koji Kondo",,,soundcloud,soundcloud:tracks:2037317412,133,,,https://soundcloud.com/nightshadex766/yoshis-island?utm_medium=api&utm_campaign=social_sharing&utm_source=id_59007
"ƪ. ◖ƪ❍⊁◞.|◗щ (*ᄋ△+⁎❝᷀ົཽ*ೃ:(꒡͡ ❝᷀ົཽ ꉺ ̈.·*:・✧⃛ (2017)","⣎⡇ꉺლ༽இ•̛)ྀ◞ ༎ຶ ༽ৣৢ؞ৢ؞ؖ ꉺლ",,,soundcloud,soundcloud:tracks:1623165243,195,,,https://soundcloud.com/x5g32/o-shh?utm_medium=api&utm_campaign=social_sharing&utm_source=id_59007
"Say Somethin (Featuring Mai Byrd & K - Starr) produced by Mello Dee",DTown,,,soundcloud,soundcloud:tracks:186816727,221,,,https://soundcloud.com/king-dtown/dtown-say-somethin-featuring-mai-byrd-k-starr-produced-by-mello-dee?utm_medium=api&utm_campaign=social_sharing&utm_source=id_59007
"BENTEN - CHO BOOGIE (LIAM K. SWIGGS 160 VIP)",2MELLO,,,soundcloud,soundcloud:tracks:788154139,303,,,https://soundcloud.com/thebigfreshcollective/2mello-benten-cho-boogie-liam?utm_medium=api&utm_campaign=social_sharing&utm_source=id_59007
P.I.M.P.,"50Cent ",,UKJLL1717164,soundcloud,soundcloud:tracks:242555160,249,,,https://soundcloud.com/dc_mt_louko/50cent-pimp?utm_medium=api&utm_campaign=social_sharing&utm_source=id_59007
T.N.T.,AC/DC,,AUAP07600012,soundcloud,soundcloud:tracks:256074998,30,,,https://soundcloud.com/acdcofficial/t-n-t?utm_medium=api&utm_campaign=social_sharing&utm_source=id_59007
"Adam Lines","Run Away With Me (Ft. Luke Lines)",,,soundcloud,soundcloud:tracks:244558025,250,,,https://soundcloud.com/adam-lines-1/run-away-with-me-ft-luke-lines-adam-lines?utm_medium=api&utm_campaign=social_sharing&utm_source=id_59007
"raindrops on roses-PBOD",user18081971,,,soundcloud,soundcloud:tracks:753257224,375,,,https://soundcloud.com/user18081971/raindrops-on-roses-pbod?utm_medium=api&utm_campaign=social_sharing&utm_source=id_59007
"Trust Remix - Ayumi Hamasaki",浜崎あゆみ,,,soundcloud,soundcloud:tracks:403760967,345,,,https://soundcloud.com/fhdvgfvhjsdvfbksjdz/trust-remix-ayumi-hamasaki?utm_medium=api&utm_campaign=social_sharing&utm_source=id_59007
"100 Bars Pt2","Alvin Santo Pagan",,,soundcloud,soundcloud:tracks:231397489,360,,,https://soundcloud.com/lvinantoagan/100-bars-pt2?utm_medium=api&utm_campaign=social_sharing&utm_source=id_59007
"Yo Yo (Rhys Manning Remix) [clip]","Basement Jaxx",,UK2BS2000150,soundcloud,soundcloud:tracks:1029234454,120,,,https://soundcloud.com/wostreettracks/basement-jaxx-yo-yo-rhys-3?utm_medium=api&utm_campaign=social_sharing&utm_source=id_59007
"Video Phone (Extended Remix featuring Lady Gaga)",Beyoncé,,USSM10905940,soundcloud,soundcloud:tracks:256526260,30,,,https://soundcloud.com/beyonce/video-phone-extended-remix?utm_medium=api&utm_campaign=social_sharing&utm_source=id_59007
"Bionicle Age","Paul Hardcastle",,,soundcloud,soundcloud:tracks:412373598,163,,,https://soundcloud.com/will-newton-495388484/bionicle-age?utm_medium=api&utm_campaign=social_sharing&utm_source=id_59007
"Big City Life ft OV (written by G. Roberts and P. Mukhi)",kidkanevil,,,soundcloud,soundcloud:tracks:1596229215,180,,,https://soundcloud.com/bomb-rush-cyberfunk-ost/kidkanevil-big-city-life-ft-ov?utm_medium=api&utm_campaign=social_sharing&utm_source=id_59007
"Precious Thing",Olli,,,soundcloud,soundcloud:tracks:1596244173,201,,,https://soundcloud.com/bomb-rush-cyberfunk-ost/olli-precious-thing?utm_medium=api&utm_campaign=social_sharing&utm_source=id_59007
Refraction,CactusTeam,,QZS652491437,soundcloud,soundcloud:tracks:787076044,96,,,https://soundcloud.com/cactusteam/refraction?utm_medium=api&utm_campaign=social_sharing&utm_source=id_59007
"I'm Not Alone (MPH Remix)","Calvin Harris",,GBARL2501195,soundcloud,soundcloud:tracks:2149612830,215,,,https://soundcloud.com/calvinharris/im-not-alone-mph-remix?utm_medium=api&utm_campaign=social_sharing&utm_source=id_59007
"Fill Me In After The After (Craig David Bootleg)",CFCF,,QZH5E2304323,soundcloud,soundcloud:tracks:1667954979,408,,,https://soundcloud.com/cfcf/fill-me-in-after-the-after-craig-david-bootleg?utm_medium=api&utm_campaign=social_sharing&utm_source=id_59007
"Freestyle DIY Acapella","Chip tha Ripper",,,soundcloud,soundcloud:tracks:338582782,109,,,https://soundcloud.com/dwonks2/chip-tha-ripper-freestyle-diy-acapella?utm_medium=api&utm_campaign=social_sharing&utm_source=id_59007
"WIZZ (COBRAH REMIX)","COUCOU CHLOE",,CA5KR2264071,soundcloud,soundcloud:tracks:1303021723,160,,,https://soundcloud.com/coucouchloe/wizz-cobrah-remix-1?utm_medium=api&utm_campaign=social_sharing&utm_source=id_59007
"ONLY SON By Konrad OldMoney Feat 37 Heartbreak & ChickyChickas",konra,,QZNRS2059791,soundcloud,soundcloud:tracks:946600189,179,,,https://soundcloud.com/user-346329252/cyberpunk-2077-soundtrack-only-son-by-konrad-oldmoney-feat-37-heartbreak-chickychickas?utm_medium=api&utm_campaign=social_sharing&utm_source=id_59007
"Make Love","Daft Punk",,GBDUW0400105,soundcloud,soundcloud:tracks:254112114,290,,,https://soundcloud.com/daftpunkofficialmusic/make-love?utm_medium=api&utm_campaign=social_sharing&utm_source=id_59007
Technologic,"Daft Punk",,GBDUW0400109,soundcloud,soundcloud:tracks:254112013,284,,,https://soundcloud.com/daftpunkofficialmusic/technologic?utm_medium=api&utm_campaign=social_sharing&utm_source=id_59007
"Television Rules the Nation / Crescendolls","Daft Punk",,GBDUW0700003,soundcloud,soundcloud:tracks:254111819,291,,,https://soundcloud.com/daftpunkofficialmusic/television-rules-the-nation?utm_medium=api&utm_campaign=social_sharing&utm_source=id_59007
"Deltarune - 40 Before the Story","Toby Fox",,,soundcloud,soundcloud:tracks:523854210,89,,,https://soundcloud.com/user-27299133/toby-fox-deltarune-40-before-the-story?utm_medium=api&utm_campaign=social_sharing&utm_source=id_59007
"nights pt. 2","frank ocean",,,soundcloud,soundcloud:tracks:299873570,97,,,https://soundcloud.com/coldabsalom/nights-pt-2-ocean-archive?utm_medium=api&utm_campaign=social_sharing&utm_source=id_59007
"End of the Earth by Epic Games (Fortnite Festival Jam Track)",TANUKI,,,soundcloud,soundcloud:tracks:2159653404,171,,,https://soundcloud.com/tanuki-469388778/end-of-the-earth-by-epic-games?utm_medium=api&utm_campaign=social_sharing&utm_source=id_59007
"fortnite with the boyz [robuxxx x TYKE] prod. by my uncle who works at epic games","LIL ROBUXXX",,,soundcloud,soundcloud:tracks:401863098,145,,,https://soundcloud.com/lilrobuxxx/fortnite-with-the-boyz?utm_medium=api&utm_campaign=social_sharing&utm_source=id_59007
"My Life Was Never Eazy (Chigz Remix)","The Game Ft. Kanye West",,,soundcloud,soundcloud:tracks:1197321115,198,,,https://soundcloud.com/chigzmusic/the-game-ft-kanye-west-my-life-was-never-eazy-chigz-remix?utm_medium=api&utm_campaign=social_sharing&utm_source=id_59007
"Little Lockii",BABii,,,soundcloud,soundcloud:tracks:980815012,161,,,https://soundcloud.com/gloounreleased/little-lockii?utm_medium=api&utm_campaign=social_sharing&utm_source=id_59007
"PINK BLOOD","Hikaru Utada",,JPU902101114,soundcloud,soundcloud:tracks:1050164374,197,,,https://soundcloud.com/hikaruutada/pink-blood?utm_medium=api&utm_campaign=social_sharing&utm_source=id_59007
"hikaru utada 君に夢中 iyrliaes remix",iyrliaes,,,soundcloud,soundcloud:tracks:2342176070,299,,,https://soundcloud.com/iyrliaes/hikaru-utada-iyrliaes-remix?utm_medium=api&utm_campaign=social_sharing&utm_source=id_59007
"F.N.F. (Let's Go)","Hitkidd, GloRilla",,QZRD92201643,soundcloud,soundcloud:tracks:1261791385,138,,,https://soundcloud.com/hitkidd/f-n-f-lets-go?utm_medium=api&utm_campaign=social_sharing&utm_source=id_59007
"Get Up I Feel Like Being A Sex Machine","James Brown",,USPR37017124,soundcloud,soundcloud:tracks:255779339,317,,,https://soundcloud.com/james-brown-music/get-up-i-feel-like-being-a?utm_medium=api&utm_campaign=social_sharing&utm_source=id_59007
"Little L",Jamiroquai,,GBBBN0102227,soundcloud,soundcloud:tracks:261488845,295,,,https://soundcloud.com/jamiroquai/little-l?utm_medium=api&utm_campaign=social_sharing&utm_source=id_59007
"ReDoin  (JerryTerry)","Sans Lalonde",,,soundcloud,soundcloud:tracks:370783058,213,,,https://soundcloud.com/sans-lalonde-892914053/redoin-jerryterry?utm_medium=api&utm_campaign=social_sharing&utm_source=id_59007
DVNO,"Justice, DVNO",,FR0NT0700350,soundcloud,soundcloud:tracks:254586549,236,,,https://soundcloud.com/justice-official/dvno-1?utm_medium=api&utm_campaign=social_sharing&utm_source=id_59007
Stronger,"Kanye West",,USUM70741299,soundcloud,soundcloud:tracks:255766528,312,,,https://soundcloud.com/kanyewest/stronger?utm_medium=api&utm_campaign=social_sharing&utm_source=id_59007
"The heart Pt1","Kendrick Lamar",,,soundcloud,soundcloud:tracks:2294246021,120,,,https://soundcloud.com/blatte-098/the-heart-pt1?utm_medium=api&utm_campaign=social_sharing&utm_source=id_59007
"Kendrick Lamar LOYALTY x KEINEMUSIK Rupture pt3 MASHUP",pw,,,soundcloud,soundcloud:tracks:1761296994,476,,,https://soundcloud.com/wohlfart/loyalty-x-rupture-pt3?utm_medium=api&utm_campaign=social_sharing&utm_source=id_59007
"A CRUEL ANGEL'S THESIS [RED DEATH GRAVE vs DEATHBLADE EDIT]","Red Death Grave",,QZHPJ1988340,soundcloud,soundcloud:tracks:578762286,254,,,https://soundcloud.com/itsrdg/kd-a-cruel-angels-thesis-red-death-grave-vs-deathblade-edit?utm_medium=api&utm_campaign=social_sharing&utm_source=id_59007
"Interior Crocodile Alligator Freestyle","Chip Tha Ripper",,GBWUL2479207,soundcloud,soundcloud:tracks:1797942199,110,,,https://soundcloud.com/chiptharipper216/interior-crocodile-alligator-1?utm_medium=api&utm_campaign=social_sharing&utm_source=id_59007
"Good Kush And Alcohol   Bitches Love Me Instrumental With Hook","Lil Wayne Ft. Future & Drake",,,soundcloud,soundcloud:tracks:76488219,260,,,https://soundcloud.com/dj-bbcoo2/lil-wayne-ft-future-drake-good?utm_medium=api&utm_campaign=social_sharing&utm_source=id_59007
"Pts.Of.Athrty (Jay Gordon Reanimation)","Linkin Park",,USWB10201670,soundcloud,soundcloud:tracks:255824434,226,,,https://soundcloud.com/linkinpark/pts-of-athrty?utm_medium=api&utm_campaign=social_sharing&utm_source=id_59007
"Plc.4 Mie Haed (Instrumental)","Linkin Park",,,soundcloud,soundcloud:tracks:1564946857,257,,,https://soundcloud.com/user-905804392/linkin-park-plc-4-mie-haed?utm_medium=api&utm_campaign=social_sharing&utm_source=id_59007
"P5hng Me A*wy (Mike Shinoda Reanimation) [feat. Stephen Richards]","Linkin Park",,USWB10201918,soundcloud,soundcloud:tracks:255824454,278,,,https://soundcloud.com/linkinpark/p5hng-me-aw-y?utm_medium=api&utm_campaign=social_sharing&utm_source=id_59007
"Hugs (feat. Pharrell Williams)","The Lonely Island",,USUM71306659,soundcloud,soundcloud:tracks:256262235,181,,,https://soundcloud.com/thelonelyisland/hugs?utm_medium=api&utm_campaign=social_sharing&utm_source=id_59007
"LSD Audio","Umar Farooq",,,soundcloud,soundcloud:tracks:1613012946,195,,,https://soundcloud.com/umar-farooq-76834128/lsd-audio?utm_medium=api&utm_campaign=social_sharing&utm_source=id_59007
"Mario Kart 8 Deluxe- Online spectator theme extended",kaleb,,,soundcloud,soundcloud:tracks:1506862153,1799,,,https://soundcloud.com/kaleb-ronan/mario-kart-8-deluxe-online?utm_medium=api&utm_campaign=social_sharing&utm_source=id_59007
M.I.A.,amore,,,soundcloud,soundcloud:tracks:2059411356,291,,,https://soundcloud.com/roseanamore/mia?utm_medium=api&utm_campaign=social_sharing&utm_source=id_59007
"Beginning 2",C418,,TCABR1368242,soundcloud,soundcloud:tracks:1303902202,176,,,https://soundcloud.com/user-970291039/c418-beginning-2?utm_medium=api&utm_campaign=social_sharing&utm_source=id_59007
"Still Alive (Mirrors Edge Theme)","Lisa Miskovsky ft.CarlosBad",,,soundcloud,soundcloud:tracks:85337423,255,,,https://soundcloud.com/carlos-sansano-pavon/lisa-miskovsky-ft-carlosbad?utm_medium=api&utm_campaign=social_sharing&utm_source=id_59007
"MONDO GROSSO   ラビリンス","Joy (ジョイス)",,,soundcloud,soundcloud:tracks:576443850,257,,,https://soundcloud.com/joicybbs/mondo-grosso?utm_medium=api&utm_campaign=social_sharing&utm_source=id_59007
"Yeah You",N.E.R.D.,,USUM70814604,soundcloud,soundcloud:tracks:349457141,246,,,https://soundcloud.com/nerd/yeah-you-album-version?utm_medium=api&utm_campaign=social_sharing&utm_source=id_59007
"Straight Outta Compton (Remastered 2002)",N.W.A.,,USPO10000872,soundcloud,soundcloud:tracks:284874713,256,,,https://soundcloud.com/nwaofficial/straight-outta-compton-5?utm_medium=api&utm_campaign=social_sharing&utm_source=id_59007
"Scars From War Pt2",Sonic_Beat,,QZMHK2406325,soundcloud,soundcloud:tracks:1777332795,196,,,https://soundcloud.com/kyng-shawn-772233050/chronic-law-scars-from-war-pt2?utm_medium=api&utm_campaign=social_sharing&utm_source=id_59007
"Sex Sells (Neosignal Rec.) OUT NOW!",MisanthropNSGNL,,DEQ121425849,soundcloud,soundcloud:tracks:160624529,190,,,https://soundcloud.com/misanthropnsgnl/phace-misanthrop-sex-sells-friction-bbc-radio-1-premier?utm_medium=api&utm_campaign=social_sharing&utm_source=id_59007
"R.I.P Fredo (Original Version)","Playboi Carti",,UKJLL1719449,soundcloud,soundcloud:tracks:630559278,165,,,https://soundcloud.com/user-718462457/playboi-carti-rip-fredo-original-version?utm_medium=api&utm_campaign=social_sharing&utm_source=id_59007
"tempo pt1 & pt3",タイラン,,,soundcloud,soundcloud:tracks:1143785098,261,,,https://soundcloud.com/freezys/tempo-1-3?utm_medium=api&utm_campaign=social_sharing&utm_source=id_59007
"Breathe (René LaVice Dark D&B Remix) [feat. RZA]","The Prodigy",,GB5KW2102212,soundcloud,soundcloud:tracks:1078887517,276,,,https://soundcloud.com/theprodigy/the-prodigy-rza-breathe-rene?utm_medium=api&utm_campaign=social_sharing&utm_source=id_59007
"Rhythm Heaven Fever - HQ","Working Dough 2",,,soundcloud,soundcloud:tracks:910752349,123,,,https://soundcloud.com/user-865591989/working-dough-2-rhythm-heaven-fever-hq?utm_medium=api&utm_campaign=social_sharing&utm_source=id_59007
"Rhythm Heaven Fever (ENG)","Remix 9",,,soundcloud,soundcloud:tracks:362300537,112,,,https://soundcloud.com/stepswitcher/remix-9-rhythm-heaven-fever-eng?utm_medium=api&utm_campaign=social_sharing&utm_source=id_59007
S&M,Rihanna,,USUM71026591,soundcloud,soundcloud:tracks:255769477,244,,,https://soundcloud.com/rihanna/s-m-album-version?utm_medium=api&utm_campaign=social_sharing&utm_source=id_59007
"HOLD ON","Skrillex, Dj Smokey",,USAT22501805,soundcloud,soundcloud:tracks:2348261036,32,,,https://soundcloud.com/skrillex/hold-on?utm_medium=api&utm_campaign=social_sharing&utm_source=id_59007
"""Race""","Sonic CD Special Stage",,,soundcloud,soundcloud:tracks:186756693,162,,,https://soundcloud.com/alec-day/sonic-cd-special-stage-race?utm_medium=api&utm_campaign=social_sharing&utm_source=id_59007
"What U Need (half speed / drunk version)","Hideki Naganuma",,QZKDK2388092,soundcloud,soundcloud:tracks:1456551817,254,,,https://soundcloud.com/smokeweedmlg/sonic-rush-what-u-need-half-speed-drunk-version?utm_medium=api&utm_campaign=social_sharing&utm_source=id_59007
BIPP,SOPHIE,,GB7CH1300005,soundcloud,soundcloud:tracks:97156098,181,,,https://soundcloud.com/msmsmsm/sophie-bipp?utm_medium=api&utm_campaign=social_sharing&utm_source=id_59007
"Off This Earth/Dont Talk 2 Me (PT2)",JAYREVENGE,,,soundcloud,soundcloud:tracks:1790364469,163,,,https://soundcloud.com/jacob-f-452174141/off-this-earthdont-talk-2-me-pt2?utm_medium=api&utm_campaign=social_sharing&utm_source=id_59007
Compute,Soulwax,,BEP010500079,soundcloud,soundcloud:tracks:320932883,30,,,https://soundcloud.com/soulwaxofficial/compute?utm_medium=api&utm_campaign=social_sharing&utm_source=id_59007
"Spicy Calamari Inkantation - Squid Sisters (Final Boss Phase 3)",SolCalibre™,,QM8DG1840693,soundcloud,soundcloud:tracks:334382955,333,,,https://soundcloud.com/sol64/splatoon-2-spicy-calamari-inkantation-squid-sisters-final-boss-phase-3?utm_medium=api&utm_campaign=social_sharing&utm_source=id_59007
"Octoling Rendezvous","Turquoise October",,,soundcloud,soundcloud:tracks:243632130,106,,,https://soundcloud.com/dj-tenta-kill/turquoise-october-octoling-rendezvous-final-checkpoint?utm_medium=api&utm_campaign=social_sharing&utm_source=id_59007
"Chroma Chaos (Splatoon 3 OST) (Lobby Music)","Pop ‘N’ Schlock",,,soundcloud,soundcloud:tracks:1527447817,202,,,https://soundcloud.com/koyora103/pop-n-schlock-chroma-chaos?utm_medium=api&utm_campaign=social_sharing&utm_source=id_59007
"routine2 (Stage: Protect the Zone 2)","Splatoon 3 Side Order",,,soundcloud,soundcloud:tracks:1755555780,215,,,https://soundcloud.com/youlike-me/splatoon-3-side-order-routine2?utm_medium=api&utm_campaign=social_sharing&utm_source=id_59007
"wonderloud (flutterwonder tracey brakes the club sub remix)","tracey brakes",,QZFP52415567,soundcloud,soundcloud:tracks:1807238142,180,,,https://soundcloud.com/traceybrakes/wonderloud-flutterwonder-tracey-brakes-the-club-sub-remix?utm_medium=api&utm_campaign=social_sharing&utm_source=id_59007
"sicko mode X Do you love me ( Prod by khalifa santo )","Travis scott ft drake",,,soundcloud,soundcloud:tracks:812757745,148,,,https://soundcloud.com/jassemmusic/travis-scott-ft-drake-sicko?utm_medium=api&utm_campaign=social_sharing&utm_source=id_59007
"TRAVIS SCOTT “LOST FOREVER” (DIOR X CACTUS JACK)",sunnytidwell99.1,,,soundcloud,soundcloud:tracks:1077766450,165,,,https://soundcloud.com/bryan-ortega-590629568/lost-forever-dior-x-cactus?utm_medium=api&utm_campaign=social_sharing&utm_source=id_59007
"Ego Death (feat. Kanye West, FKA twigs & Skrillex)","Ty Dolla $ign",,USAT22004033,soundcloud,soundcloud:tracks:850019068,231,,,https://soundcloud.com/tydollasign/ego-death?utm_medium=api&utm_campaign=social_sharing&utm_source=id_59007
"FUCKING YOUNG / PERFECT (feat. Charlie Wilson, Chaz Bundick, Sydney Bennett & Kali Uchis)","Tyler, The Creator feat. Charlie Wilson, Chaz Bundick, Syd Bennett, and Kali Uchis",,USQX91500712,soundcloud,soundcloud:tracks:254201300,30,,,https://soundcloud.com/tylerthecreatorofficial/fucking-young-perfect?utm_medium=api&utm_campaign=social_sharing&utm_source=id_59007
MASSA,"Tyler, The Creator",,USQX92102135,soundcloud,soundcloud:tracks:1074517858,224,,,https://soundcloud.com/tylerthecreatorofficial/tyler-the-creator-massa?utm_medium=api&utm_campaign=social_sharing&utm_source=id_59007
"Sticky (feat. GloRilla, Sexyy Red & Lil Wayne)","Tyler, The Creator",,USQX92405790,soundcloud,soundcloud:tracks:1943685703,256,,,https://soundcloud.com/tylerthecreatorofficial/sticky?utm_medium=api&utm_campaign=social_sharing&utm_source=id_59007
"THAT GUY FL!P (prod. feelinit)",feelinit,,,soundcloud,soundcloud:tracks:2004678539,173,,,https://soundcloud.com/feelinitnyc/tyler-the-creator-that-guy-flp-prod-feelinit?utm_medium=api&utm_campaign=social_sharing&utm_source=id_59007
"ADD SUV (Hool Remix)","Uffie Ft. Pharrell Williams",,,soundcloud,soundcloud:tracks:1789150003,150,,,https://soundcloud.com/hoolmusic/uffie-ft-pharrell-williams-add-suv-hool-remix?utm_medium=api&utm_campaign=social_sharing&utm_source=id_59007
"heart2 - ft. Rebecca Black (Jassky remix)","Umru, Petal Supply, Rebecca Black",,,soundcloud,soundcloud:tracks:2193684011,244,,,https://soundcloud.com/jassky/heart2-umru-petal-supply-rebecca-black-jassky-remix?utm_medium=api&utm_campaign=social_sharing&utm_source=id_59007
"Gët Busy (prod. Flansie Skimayne)",YEAT,,QZHZD2198370,soundcloud,soundcloud:tracks:1115323483,158,,,https://soundcloud.com/lilyeat/get-busy-prod-flansie-skimayne?utm_medium=api&utm_campaign=social_sharing&utm_source=id_59007
Breathe,Yeat,,USUM72401623,soundcloud,soundcloud:tracks:1748463786,171,,,https://soundcloud.com/lilyeat/breathe?utm_medium=api&utm_campaign=social_sharing&utm_source=id_59007
"Blue Bird (SA!D Remix)","Ayumi Hamasaki",,,soundcloud,soundcloud:tracks:822470860,265,,,https://soundcloud.com/saidjpn/ayumi-hamasaki-blue-bird-sad-remix?utm_medium=api&utm_campaign=social_sharing&utm_source=id_59007
brockhampton,"evanie / team pt1",,,soundcloud,soundcloud:tracks:384313430,63,,,https://soundcloud.com/rainchecks/evanie-brockhampton?utm_medium=api&utm_campaign=social_sharing&utm_source=id_59007
"Brazil (2nd Edit)",deadmau5,,USUS10810546,soundcloud,soundcloud:tracks:254013881,397,,,https://soundcloud.com/deadmau5/brazil-2nd-edit-1?utm_medium=api&utm_campaign=social_sharing&utm_source=id_59007
"Everyone's A V.I.P. To Someone","The Go! Team",,GBCSG0500236,soundcloud,soundcloud:tracks:294393495,308,,,https://soundcloud.com/thegoteam/everyones-a-v-i-p-to-someone-1?utm_medium=api&utm_campaign=social_sharing&utm_source=id_59007
"Recipe For The Perfect Afro HQ","Jet Set Radio",,,soundcloud,soundcloud:tracks:852682030,353,,,https://soundcloud.com/beargorawr/perfect-afro?utm_medium=api&utm_campaign=social_sharing&utm_source=id_59007
"LIL YACHTY- SAY SOMETHING [O2LA DNB REMIX]",O2LA,,,soundcloud,soundcloud:tracks:1802246856,198,,,https://soundcloud.com/user-320466175/lil-yachty-say-something-o2la?utm_medium=api&utm_campaign=social_sharing&utm_source=id_59007
"Akon ft Lonely Island","I Just Had Sex [ NightCore]",,,soundcloud,soundcloud:tracks:154320350,133,,,https://soundcloud.com/minh-nguy-n-108/i-just-had-sex-nightcore-akon-ft-lonely-island?utm_medium=api&utm_campaign=social_sharing&utm_source=id_59007
"U.R.A.Q.T. (2003 Demo)",M.I.A.,,,soundcloud,soundcloud:tracks:2024091028,185,,,https://soundcloud.com/miamathangi/mia-uraqt-2003-demo?utm_medium=api&utm_campaign=social_sharing&utm_source=id_59007
"Don't Worry About It (Edited)",N.E.R.D.,,USVI20400106,soundcloud,soundcloud:tracks:349457179,222,,,https://soundcloud.com/nerd/dont-worry-about-it-edited?utm_medium=api&utm_campaign=social_sharing&utm_source=id_59007
"Results - Screen - New - Super - Mario - Bros",Versus,,,soundcloud,soundcloud:tracks:527595138,53,,,https://soundcloud.com/daxmynz/versus-results-screen-new-super-mario-bros?utm_medium=api&utm_campaign=social_sharing&utm_source=id_59007
EVER,onlytom,,,soundcloud,soundcloud:tracks:639890838,339,,,https://soundcloud.com/trekkie-trax/ever?utm_medium=api&utm_campaign=social_sharing&utm_source=id_59007
"Rhythm Heaven Fever","Tsunku, Masami Yone, Shinji Ushiroda, and Asuka Ito",,,soundcloud,soundcloud:tracks:2148028263,84,,,https://soundcloud.com/sens_belowstory/cafe-rhythm-heaven-fever?utm_medium=api&utm_campaign=social_sharing&utm_source=id_59007
"Game Select 2","Rhythm Heaven Fever",,,soundcloud,soundcloud:tracks:618574851,65,,,https://soundcloud.com/ruberjig-kun/rhythm-heaven-fever-game-select-3?utm_medium=api&utm_campaign=social_sharing&utm_source=id_59007
"What U Need (half speed / drunk version)","Hideki Naganuma",,QZKDK2388092,soundcloud,soundcloud:tracks:1456551817,254,,,https://soundcloud.com/smokeweedmlg/sonic-rush-what-u-need-half-speed-drunk-version?utm_medium=api&utm_campaign=social_sharing&utm_source=id_59007
C-Side,C-Side,,,soundcloud,soundcloud:tracks:2112340119,42,,,https://soundcloud.com/rosy_senpai/learning-curve-c-side?utm_medium=api&utm_campaign=social_sharing&utm_source=id_59007
"Pinna Beach","Super Mario Sunshine OST",,,soundcloud,soundcloud:tracks:1109283925,190,,,https://soundcloud.com/aquatis-gd/super-mario-sunshine-ost-pinna-beach?utm_medium=api&utm_campaign=social_sharing&utm_source=id_59007
"Tyler The Creator- See You Again ft Kali Uchis",koreykeat,,,soundcloud,soundcloud:tracks:1960269291,186,,,https://soundcloud.com/korey-keat/tyler-the-creator-see-you?utm_medium=api&utm_campaign=social_sharing&utm_source=id_59007
"HEAVEN TO ME","Tyler, The Creator",,USQX92301937,soundcloud,soundcloud:tracks:1481736139,231,,,https://soundcloud.com/tylerthecreatorofficial/tyler-the-creator-heaven-to-me?utm_medium=api&utm_campaign=social_sharing&utm_source=id_59007
"Your favorite sidekick ft. 8485 (Virtual Riot Remix)",Underscores,,,soundcloud,soundcloud:tracks:1570346272,177,,,https://soundcloud.com/virtual-riot/underscores-your-favorite-sidekick-ft-8485-virtual-riot-remix?utm_medium=api&utm_campaign=social_sharing&utm_source=id_59007
"҉.·.·* ́ ̈.·*:・✧๑ඕั ҉ (2017)","⣎⡇ꉺლ༽இ•̛)ྀ◞ ༎ຶ ༽ৣৢ؞ৢ؞ؖ ꉺლ",,,soundcloud,soundcloud:tracks:1623069702,318,,,https://soundcloud.com/x5g32/o?utm_medium=api&utm_campaign=social_sharing&utm_source=id_59007
"࿃ूੂ࿃ूੂੂ࿃ूੂOOOOOOOOOOOO ̟̞̝̜̙̘̗̖҉̵̴̨̧̢̡̼̻̺̹̳̲̱̰̯̮̭̬̫̪̩̦̥̤̣̠҈͈͇͉͍͎͓͔͕͖͙͚͜͢͢͢͢͢͢͢͢͢͢͢͢͢͢ͅ ooooooooo","⣎⡇ꉺლ༽இ•̛)ྀ◞ ༎ຶ ༽ৣৢ؞ৢ؞ؖ ꉺლ",,,soundcloud,soundcloud:tracks:1504003642,302,,,https://soundcloud.com/thirtythreetwoone/cryptic5?utm_medium=api&utm_campaign=social_sharing&utm_source=id_59007
"Pump Up The Love","2 Mello",,,soundcloud,soundcloud:tracks:384227186,224,,,https://soundcloud.com/2mello/pump-up-the-love?utm_medium=api&utm_campaign=social_sharing&utm_source=id_59007
"Midnight In Tokyo-to (ft. Anton Corazza)","2 Mello",,,soundcloud,soundcloud:tracks:384228734,218,,,https://soundcloud.com/2mello/midnight-in-tokyo-to?utm_medium=api&utm_campaign=social_sharing&utm_source=id_59007
"The Getaway (feat. Project R)",m3770,,,soundcloud,soundcloud:tracks:369165917,154,,,https://soundcloud.com/brandon-ginja-mello/the-getaway-feat-project-r?utm_medium=api&utm_campaign=social_sharing&utm_source=id_59007
"We Bring The BOOM!","A.J. & Big Justice",,,soundcloud,soundcloud:tracks:1861989888,121,,,https://soundcloud.com/a-j-big-justice/we-bring-the-boom?utm_medium=api&utm_campaign=social_sharing&utm_source=id_59007
"niamos theme extended -andor-","THE HERTA",,,soundcloud,soundcloud:tracks:1379265892,302,,,https://soundcloud.com/user-940205286/niamos-theme-extended-andor?utm_medium=api&utm_campaign=social_sharing&utm_source=id_59007
I,"Aphex Twin",,,soundcloud,soundcloud:tracks:618497217,77,,,https://soundcloud.com/flood127/aphex-twin-i?utm_medium=api&utm_campaign=social_sharing&utm_source=id_59007
"Arcane Season 2: Ashnikko ""Paint The Town Blue"" | Epic Remix","Melodic Immersion",,,soundcloud,soundcloud:tracks:1912294310,131,,,https://soundcloud.com/paul-devito-270647719/arcane-season-2-ashnikko-paint-the-town-blue-epic-remix?utm_medium=api&utm_campaign=social_sharing&utm_source=id_59007
"SWAGGED OUT",BEJALVIN,,CAGOO2146757,soundcloud,soundcloud:tracks:1127569765,169,,,https://soundcloud.com/bejalvin/swagged-out?utm_medium=api&utm_campaign=social_sharing&utm_source=id_59007
"Birthday Track pt1","Billie Eilish, The Weeknd, Kylie Minogue, Division 4, ",,,soundcloud,soundcloud:tracks:1975262403,755,,,https://soundcloud.com/charzmuse/birthday-track-pt1?utm_medium=api&utm_campaign=social_sharing&utm_source=id_59007
"Scraped On The Way Out",KiloWatts,,,soundcloud,soundcloud:tracks:1596238125,347,,,https://soundcloud.com/bomb-rush-cyberfunk-ost/kilowatts-scraped-on-the-way-out?utm_medium=api&utm_campaign=social_sharing&utm_source=id_59007
"My Team Pt2-Single",yoplugtrippy-_-,,,soundcloud,soundcloud:tracks:1526097241,154,,,https://soundcloud.com/sam-adlebush/my-team-pt2-single?utm_medium=api&utm_campaign=social_sharing&utm_source=id_59007
"Stranger Think",C418,,,soundcloud,soundcloud:tracks:282052625,248,,,https://soundcloud.com/c418/stranger-think?utm_medium=api&utm_campaign=social_sharing&utm_source=id_59007
"Cassius 99 (A.Skillz remix)",A.Skillz,,,soundcloud,soundcloud:tracks:79056343,277,,,https://soundcloud.com/a-skillz/cassius-99-a-skillz-remix?utm_medium=api&utm_campaign=social_sharing&utm_source=id_59007
fisherrr,"Cash Cobain, Bay Swag",,NL8RL2403852,soundcloud,soundcloud:tracks:1745078361,236,,,https://soundcloud.com/cashcobainmhpg/fisherrr?utm_medium=api&utm_campaign=social_sharing&utm_source=id_59007
"the prodigy v the chemical brothers pt2",W4YN3,,,soundcloud,soundcloud:tracks:794024098,2276,,,https://soundcloud.com/wayne-ch/the-prodigy-v-the-chemical-1?utm_medium=api&utm_campaign=social_sharing&utm_source=id_59007
"SO YESTERDAY",exxy,,QZMHK2418918,soundcloud,soundcloud:tracks:927709768,357,,,https://soundcloud.com/exxyau/crush3d-so-yesterday?utm_medium=api&utm_campaign=social_sharing&utm_source=id_59007
"Flacko Loco (Cyberpunk 2077 Song) [Best Quality]","A$AP Rocky",,,soundcloud,soundcloud:tracks:945267445,109,,,https://soundcloud.com/brandon-akins-391722874/a-ap-rocky-flacko-loco?utm_medium=api&utm_campaign=social_sharing&utm_source=id_59007
"drukhari webway path","Deejay Chainwallet",,TCAHK2384786,soundcloud,soundcloud:tracks:1611901899,142,,,https://soundcloud.com/909worldwide/drukhari-webway-path?utm_medium=api&utm_campaign=social_sharing&utm_source=id_59007
"mambo deez nuts",EnglishNarwhal,,QZMHL2364312,soundcloud,soundcloud:tracks:1233144604,215,,,https://soundcloud.com/englishnarwhal/mambo-deez-nuts?utm_medium=api&utm_campaign=social_sharing&utm_source=id_59007
"I Just Want You Pt2",HavinMotion,,,soundcloud,soundcloud:tracks:1763526207,136,,,https://soundcloud.com/anonymous-292916919/havinmotion-i-just-want-you?utm_medium=api&utm_campaign=social_sharing&utm_source=id_59007
Streets,"Doja Cat",,USRC11903460,soundcloud,soundcloud:tracks:708018538,227,,,https://soundcloud.com/amalaofficial/streets?utm_medium=api&utm_campaign=social_sharing&utm_source=id_59007
"First Person Shooter (Fast)","Drake Ft J Cole",,,soundcloud,soundcloud:tracks:1640277795,214,,,https://soundcloud.com/zaydrix-drixx/drake-ft-j-cole-first-person?utm_medium=api&utm_campaign=social_sharing&utm_source=id_59007
"Family Matters (INSTRUMENTAL)  PT. 3",Drake,,,soundcloud,soundcloud:tracks:1831752933,181,,,https://soundcloud.com/cdnthe3rd-680778057/drake-family-matters-instrumental-pt-3?utm_medium=api&utm_campaign=social_sharing&utm_source=id_59007
"We Are The People","Empire Of The Sun",,AUEI10800041,soundcloud,soundcloud:tracks:255870266,268,,,https://soundcloud.com/empireofthesunsound/we-are-the-people?utm_medium=api&utm_campaign=social_sharing&utm_source=id_59007
Unity,TheFatRat,,TCACE1531588,soundcloud,soundcloud:tracks:169508644,249,,,https://soundcloud.com/thefatrat/thefatrat-unity-1?utm_medium=api&utm_campaign=social_sharing&utm_source=id_59007
"Adventure (FEZ Soundtrack)",Disasterpeace,,,soundcloud,soundcloud:tracks:104624087,199,,,https://soundcloud.com/leodes/disasterpeace-adventure-fez?utm_medium=api&utm_campaign=social_sharing&utm_source=id_59007
"End of the Earth by Epic Games (Fortnite Festival Jam Track)",TANUKI,,,soundcloud,soundcloud:tracks:2159653404,171,,,https://soundcloud.com/tanuki-469388778/end-of-the-earth-by-epic-games?utm_medium=api&utm_campaign=social_sharing&utm_source=id_59007
"Friendly Fire by Epic Games/Fortnite",Eryngium,,,soundcloud,soundcloud:tracks:2188452423,159,,,https://soundcloud.com/commented-o-9-years-ago/friendly-fire-by-epic-games?utm_medium=api&utm_campaign=social_sharing&utm_source=id_59007
"Prelude in E minor","Frédéric Chopin, Francesco Fusilli",,NLAM42500081,soundcloud,soundcloud:tracks:2099023125,129,,,https://soundcloud.com/chopin-official/prelude-in-e-minor?utm_medium=api&utm_campaign=social_sharing&utm_source=id_59007
"Fresh Prince Of Bel-Air (Skorge Remix) [BUY = FREE DOWNLOAD]","DJ Jazzy Jeff",,,soundcloud,soundcloud:tracks:173194914,145,,,https://soundcloud.com/officialskorge/fresh-prince-of-bel-air-skorge-remix?utm_medium=api&utm_campaign=social_sharing&utm_source=id_59007
"Friday Night Funkin' OST",Guns,,,soundcloud,soundcloud:tracks:1033239688,141,,,https://soundcloud.com/kawaispritefak/guns-friday-night-funkin-ost?utm_medium=api&utm_campaign=social_sharing&utm_source=id_59007
"Windpipe Ft. Ragga Twins (Getter Remix)","Barely Alive",,FR10S1647807,soundcloud,soundcloud:tracks:256535018,261,,,https://soundcloud.com/barelyalive/getterrmx?utm_medium=api&utm_campaign=social_sharing&utm_source=id_59007
"Help Me!",GTA,,USHR11636943,soundcloud,soundcloud:tracks:271224097,236,,,https://soundcloud.com/goodtimesaheadmusic/help-me?utm_medium=api&utm_campaign=social_sharing&utm_source=id_59007
"Every Planet We Reach Is Dead",Gorillaz,,GBAYE0500174,soundcloud,soundcloud:tracks:257080012,295,,,https://soundcloud.com/gorillaz/every-planet-we-reach-is-dead?utm_medium=api&utm_campaign=social_sharing&utm_source=id_59007
"Unforgotten (Halo 2 Original Soundtrack Volume 2) Composed by Martin O'Donnell and Michael Salvatori",TopDollarPR,,,soundcloud,soundcloud:tracks:103190468,131,,,https://soundcloud.com/topdollarpr/sumthing_else_music_works_halo2_vol2_unforgotten?utm_medium=api&utm_campaign=social_sharing&utm_source=id_59007
"Catch Me If You Can",Headman,,,soundcloud,soundcloud:tracks:40622787,90,,,https://soundcloud.com/nolimitsmusic/headman-catch-me-if-you-can?utm_medium=api&utm_campaign=social_sharing&utm_source=id_59007
"Traveling (Remastered 2018)","Hikaru Utada",,JPPO01806054,soundcloud,soundcloud:tracks:538472022,314,,,https://soundcloud.com/hikaruutada/traveling-2?utm_medium=api&utm_campaign=social_sharing&utm_source=id_59007
"traveling (Re-Recording)","Hikaru Utada",,JPU902400837,soundcloud,soundcloud:tracks:1797092092,309,,,https://soundcloud.com/hikaruutada/traveling-re-recording?utm_medium=api&utm_campaign=social_sharing&utm_source=id_59007
"Can You Keep A Secret? (Remastered 2018)","Hikaru Utada",,JPPO01806040,soundcloud,soundcloud:tracks:559892139,309,,,https://soundcloud.com/hikaruutada/can-you-keep-a-secret-2?utm_medium=api&utm_campaign=social_sharing&utm_source=id_59007
"iamamiwhoami; y",iamamiwhoami,,GBUM71301966,soundcloud,soundcloud:tracks:241174744,395,,,https://soundcloud.com/twimclabel/iamamiwhoami-y?utm_medium=api&utm_campaign=social_sharing&utm_source=id_59007
"Смерти Больше Нет /Death No More (slowed + reverb)",IC3PEAK,,,soundcloud,soundcloud:tracks:1104737797,222,,,https://soundcloud.com/dead-bunny-942002718/ic3peak-death-no-more-slowed?utm_medium=api&utm_campaign=social_sharing&utm_source=id_59007
"Casino Royale (Theme by David Arnold)","The Name's Bond... James Bond 007",,,soundcloud,soundcloud:tracks:1654957677,167,,,https://soundcloud.com/jean-loup-legros/the-names-bond-james-bond-007-casino-royale-theme-by-david-arnold?utm_medium=api&utm_campaign=social_sharing&utm_source=id_59007
"Birthday Cake_023220","Jet Set Radio Future",,,soundcloud,soundcloud:tracks:1979305207,276,,,https://soundcloud.com/skip-skellington/jet-set-radio-future-1?utm_medium=api&utm_campaign=social_sharing&utm_source=id_59007
"151 Rum",JID,,USUM71814285,soundcloud,soundcloud:tracks:499013883,157,,,https://soundcloud.com/jidsv/151-rum?utm_medium=api&utm_campaign=social_sharing&utm_source=id_59007
"Catch The Target (Hyōteki wo Toraero)","JoJo's Bizarre Adventure Phantom Blood OST",,,soundcloud,soundcloud:tracks:258248478,144,,,https://soundcloud.com/crono-lopz/jojos-bizarre-adventure-phantom-blood-ost-catch-the-target?utm_medium=api&utm_campaign=social_sharing&utm_source=id_59007
"JoJos Bizarre Adventure - Diamond Is Unbreakable OST","Morioh Cho Radio Theme Extended",,,soundcloud,soundcloud:tracks:312094148,311,,,https://soundcloud.com/floating9/morioh-cho-radio-theme-extended-jojos-bizarre-adventure-diamond-is-unbreakable-ost?utm_medium=api&utm_campaign=social_sharing&utm_source=id_59007
"JoJo's Bizarre Adventure Opening 10 Full Song『STONE OCEAN』by ichigo","엠라이트Franziska's waifu",,,soundcloud,soundcloud:tracks:1169361847,206,,,https://soundcloud.com/mesprits-waifu/jojos-bizarre-adventure?utm_medium=api&utm_campaign=social_sharing&utm_source=id_59007
"Nunca Me Faltes - Remix Dj Juan Iduarte 2011","Antonio Rios",,,soundcloud,soundcloud:tracks:9353341,248,,,https://soundcloud.com/djiduarte/antonio-rios-nunca-me-faltes-remix-dj-juan-iduarte-2011?utm_medium=api&utm_campaign=social_sharing&utm_source=id_59007
E.T.A.,"Justin Bieber",,USUM72001310,soundcloud,soundcloud:tracks:759607876,177,,,https://soundcloud.com/justinbieber/e-t-a?utm_medium=api&utm_campaign=social_sharing&utm_source=id_59007
"Talking Body vs Justin Timberlake Ft. T.I. - My Love (Don Simon Mash Up)","Don Simon - Dubfiction Sound",,,soundcloud,soundcloud:tracks:1985643979,162,,,https://soundcloud.com/donsimondubfiction/tove-lo-talking-body-vs-justin?utm_medium=api&utm_campaign=social_sharing&utm_source=id_59007
"Kanye West (Leak)","Pablo (Ft. Travis Scott, Future & Marilyn Manson)",,,soundcloud,soundcloud:tracks:1494028492,326,,,https://soundcloud.com/user-614368667/pablo-ft-travis-scott-future-marilyn-manson-kanye-west-leak?utm_medium=api&utm_campaign=social_sharing&utm_source=id_59007
"Angel Flavor's Present (Katamari Damacy Soundtrack)","Yu Miyake",,,soundcloud,soundcloud:tracks:22175163,308,,,https://soundcloud.com/snelochkladhest/yu-miyake-angel-flavors?utm_medium=api&utm_campaign=social_sharing&utm_source=id_59007
"XXX. Feat. U2 (Designed Lizard Remix)","Kendrick Lamar",,,soundcloud,soundcloud:tracks:356523926,306,,,https://soundcloud.com/user-986392887/kendrick-lamar-xxx-feat-u2-designed-lizard-remix?utm_medium=api&utm_campaign=social_sharing&utm_source=id_59007
Blanket,"Kevin Abstract",,USRC12302480,soundcloud,soundcloud:tracks:1633438980,30,,,https://soundcloud.com/kevinabstract/blanket?utm_medium=api&utm_campaign=social_sharing&utm_source=id_59007
"Battle Without Honor Or Humanity (From ""Kill Bill Vol.1"") (Sped-Up Version)","Speed Geek",,QZ5FN2318021,soundcloud,soundcloud:tracks:1616160111,118,,,https://soundcloud.com/speedgeek-sc/battle-without-honor-or-1?utm_medium=api&utm_campaign=social_sharing&utm_source=id_59007
schleep.,thatboykwame,,AUUM72000054,soundcloud,soundcloud:tracks:767787553,125,,,https://soundcloud.com/thatboykwame/schleep-2?utm_medium=api&utm_campaign=social_sharing&utm_source=id_59007
"The Legend of Zelda- Ocarina of Time","Forest Temple",,,soundcloud,soundcloud:tracks:294722430,218,,,https://soundcloud.com/donato64/forest-temple-the-legend-of?utm_medium=api&utm_campaign=social_sharing&utm_source=id_59007
bluuuueeeee,leroy,,,soundcloud,soundcloud:tracks:1050434047,111,,,https://soundcloud.com/739y/leroy-bluuuueeeee?utm_medium=api&utm_campaign=social_sharing&utm_source=id_59007
"Wth>You (Chairman Hahn Reanimation) [feat. Aceyalone]","Linkin Park",,USWB10201923,soundcloud,soundcloud:tracks:255824441,252,,,https://soundcloud.com/linkinpark/wth-you?utm_medium=api&utm_campaign=social_sharing&utm_source=id_59007
M.I.A,"juice wrld",,,soundcloud,soundcloud:tracks:1751016777,329,,,https://soundcloud.com/user-422325231/juice-wrld-m-i-a?utm_medium=api&utm_campaign=social_sharing&utm_source=id_59007
"XXXO (NAFFTERO REMIX)",M.I.A,,,soundcloud,soundcloud:tracks:827995873,240,,,https://soundcloud.com/nafftero/mia-xxxo-divin-remix?utm_medium=api&utm_campaign=social_sharing&utm_source=id_59007
"I'm a Man (The Young Punx Mix)",Medcab,,,soundcloud,soundcloud:tracks:68154604,411,,,https://soundcloud.com/theyoungpunx/medcab-im-a-man-the-young-punx?utm_medium=api&utm_campaign=social_sharing&utm_source=id_59007
"Dance (The Young Punx Mix)",Medcab,,,soundcloud,soundcloud:tracks:68154606,428,,,https://soundcloud.com/theyoungpunx/medcab-dance-the-young-punx?utm_medium=api&utm_campaign=social_sharing&utm_source=id_59007
B.I.T.C.H.,"Megan Thee Stallion",,QMCE32000028,soundcloud,soundcloud:tracks:747778534,183,,,https://soundcloud.com/megan-thee-stallion/bitch?utm_medium=api&utm_campaign=social_sharing&utm_source=id_59007
S.Y.K.,"Merlyn Wood, CONNIE",,USRC12103155,soundcloud,soundcloud:tracks:1157236252,170,,,https://soundcloud.com/merlynwood/merlyn-wood-connie-s-y-k?utm_medium=api&utm_campaign=social_sharing&utm_source=id_59007
"BAD GIRLS (CHROMEBODIED)",M.I.A.,,,soundcloud,soundcloud:tracks:1606143426,211,,,https://soundcloud.com/chromebodies/bad-girls-chromebodied?utm_medium=api&utm_campaign=social_sharing&utm_source=id_59007
"World Town 🅴",PRINCE$$,,,soundcloud,soundcloud:tracks:1678790976,74,,,https://soundcloud.com/m-i-a-164276145/world-town-mp3?utm_medium=api&utm_campaign=social_sharing&utm_source=id_59007
"BURN RUBBER // STEPPIN UP","SOPHIE x M.I.A.",,,soundcloud,soundcloud:tracks:718571341,174,,,https://soundcloud.com/teddyyyfm/sophie-x-mia-burn-rubber-steppin-up?utm_medium=api&utm_campaign=social_sharing&utm_source=id_59007
"CAPS LOCK (SLOWED REVERB)",M.I.A.,,,soundcloud,soundcloud:tracks:912983515,268,,,https://soundcloud.com/xalaxala/mia-caps-lock-slowed-reverb?utm_medium=api&utm_campaign=social_sharing&utm_source=id_59007
"c418 | Minecraft",Key,,,soundcloud,soundcloud:tracks:966055066,65,,,https://soundcloud.com/user-970229102/key-c418-minecraft?utm_medium=api&utm_campaign=social_sharing&utm_source=id_59007
"Moog City 2",C418,,TCABR1368229,soundcloud,soundcloud:tracks:1303896637,180,,,https://soundcloud.com/user-970291039/c418-moog-city-2?utm_medium=api&utm_campaign=social_sharing&utm_source=id_59007
"nadastrom & skrillex !!!","skrillex-sony more",,,soundcloud,soundcloud:tracks:108716272,245,,,https://soundcloud.com/dubs-tep/nadastrom-skrillex?utm_medium=api&utm_campaign=social_sharing&utm_source=id_59007
"Lapdance (Paul Oakenfold Swordfish Mix)","N.E.R.D, Lee Harvey, Vita, Paul Oakenfold",,USSI10180066,soundcloud,soundcloud:tracks:349457322,219,,,https://soundcloud.com/nerd/lapdance-feat-lee-harvey-1?utm_medium=api&utm_campaign=social_sharing&utm_source=id_59007
"Lapdance (feat. Vita & Lee Harvey)",N.E.R.D.,,USVI20100615,soundcloud,soundcloud:tracks:349457170,210,,,https://soundcloud.com/nerd/lapdance-feat-lee-harvey-vita?utm_medium=api&utm_campaign=social_sharing&utm_source=id_59007
"Lil' Suzy (feat. Kelis)",N.E.R.D.,,USVI20100143,soundcloud,soundcloud:tracks:349457318,270,,,https://soundcloud.com/nerd/lil-suzy-feat-kelis?utm_medium=api&utm_campaign=social_sharing&utm_source=id_59007
"Things Are Getting Better",N.E.R.D.,,USVI20100616,soundcloud,soundcloud:tracks:349457126,256,,,https://soundcloud.com/nerd/things-are-getting-better?utm_medium=api&utm_campaign=social_sharing&utm_source=id_59007
Brain,N.E.R.D.,,USVI20100617,soundcloud,soundcloud:tracks:349457090,224,,,https://soundcloud.com/nerd/brain?utm_medium=api&utm_campaign=social_sharing&utm_source=id_59007
Provider,N.E.R.D.,,USVI20100675,soundcloud,soundcloud:tracks:349457301,259,,,https://soundcloud.com/nerd/provider-1?utm_medium=api&utm_campaign=social_sharing&utm_source=id_59007
Provider,N.E.R.D.,,USVI20100618,soundcloud,soundcloud:tracks:349457241,259,,,https://soundcloud.com/nerd/provider?utm_medium=api&utm_campaign=social_sharing&utm_source=id_59007
"Am I High (feat. Malice)",N.E.R.D.,,USVI20100623,soundcloud,soundcloud:tracks:349457089,289,,,https://soundcloud.com/nerd/am-i-high-feat-malice?utm_medium=api&utm_campaign=social_sharing&utm_source=id_59007
"Rock Star",N.E.R.D.,,USVI20200059,soundcloud,soundcloud:tracks:349457038,230,,,https://soundcloud.com/nerd/rock-star-jason-nevins-remix?utm_medium=api&utm_campaign=social_sharing&utm_source=id_59007
"Jason Nevins' Club Blaster edit (N.E.R.D)","Rock Star",,,soundcloud,soundcloud:tracks:1677160776,725,,,https://soundcloud.com/spine-h/rock-star-jason-nevins-club-3?utm_medium=api&utm_campaign=social_sharing&utm_source=id_59007
"Bobby James",N.E.R.D.,,USVI20100625,soundcloud,soundcloud:tracks:349457346,371,,,https://soundcloud.com/nerd/bobby-james-1?utm_medium=api&utm_campaign=social_sharing&utm_source=id_59007
"Fly Or Die",N.E.R.D.,,USVI20400083,soundcloud,soundcloud:tracks:349457206,212,,,https://soundcloud.com/nerd/fly-or-die?utm_medium=api&utm_campaign=social_sharing&utm_source=id_59007
"Jump (feat. Benji Madden & Joel Madden)",N.E.R.D.,,USVI20400102,soundcloud,soundcloud:tracks:349457133,235,,,https://soundcloud.com/nerd/jump-clean-version-feat-joel?utm_medium=api&utm_campaign=social_sharing&utm_source=id_59007
"She Wants To Move",N.E.R.D.,,USVI20400016,soundcloud,soundcloud:tracks:349457059,216,,,https://soundcloud.com/nerd/she-wants-to-move?utm_medium=api&utm_campaign=social_sharing&utm_source=id_59007
Thrasher,N.E.R.D.,,USVI20400081,soundcloud,soundcloud:tracks:349457174,172,,,https://soundcloud.com/nerd/thrasher?utm_medium=api&utm_campaign=social_sharing&utm_source=id_59007
Maybe,N.E.R.D.,,USVI20400084,soundcloud,soundcloud:tracks:349457111,263,,,https://soundcloud.com/nerd/maybe?utm_medium=api&utm_campaign=social_sharing&utm_source=id_59007
"Kill Joy",N.E.R.D.,,USUM70814599,soundcloud,soundcloud:tracks:349457086,249,,,https://soundcloud.com/nerd/kill-joy-album-version?utm_medium=api&utm_campaign=social_sharing&utm_source=id_59007
"HOT-N-FUN (AYYBO EDIT) (UNRELEASED)","N.E.R.D. FT. NELLY FURTADO",,,soundcloud,soundcloud:tracks:1963241067,205,,,https://soundcloud.com/house-mafia-564862312/nerd-ft-nelly-furtado-hot-n-fun-ayybo-edit?utm_medium=api&utm_campaign=social_sharing&utm_source=id_59007
"New Super Mario Bros. Wii","Tower Theme",,,soundcloud,soundcloud:tracks:263066504,112,,,https://soundcloud.com/spryzen-edits/tower-theme-new-super-mario-bros-wii?utm_medium=api&utm_campaign=social_sharing&utm_source=id_59007
Self-Reflection,"Niko Vertovec",,,soundcloud,soundcloud:tracks:665096114,273,,,https://soundcloud.com/caucau-96311896/self-reflection?utm_medium=api&utm_campaign=social_sharing&utm_source=id_59007
Sanctified,"Nine Inch Nails",,USY252316750,soundcloud,soundcloud:tracks:1564066468,344,,,https://soundcloud.com/nineinchnails-sc/sanctified?utm_medium=api&utm_campaign=social_sharing&utm_source=id_59007
"Starfuckers, Inc.","Nine Inch Nails",,USIR19902598,soundcloud,soundcloud:tracks:255770778,300,,,https://soundcloud.com/nineinchnails/starfuckers-inc-album-version?utm_medium=api&utm_campaign=social_sharing&utm_source=id_59007
"hi posi-my favourite things",armypotaeto95,,,soundcloud,soundcloud:tracks:1268972824,275,,,https://soundcloud.com/hi-there-its-kdrama-meme/hi-posi-my-favourite-things?utm_medium=api&utm_campaign=social_sharing&utm_source=id_59007
Alleycat,"Shoji Meguro",,,soundcloud,soundcloud:tracks:754086517,251,,,https://soundcloud.com/john-rahman-549882155/alleycat?utm_medium=api&utm_campaign=social_sharing&utm_source=id_59007
"You Can Do It Too (ft Jamie Cullum)","Pharrell & The Yessirs",,,soundcloud,soundcloud:tracks:937430263,404,,,https://soundcloud.com/k206/pharrell-the-yessirs-5-you-can?utm_medium=api&utm_campaign=social_sharing&utm_source=id_59007
"Show You How To Hustle (ft Lauren)","Pharrell & The Yessirs",,,soundcloud,soundcloud:tracks:937435357,257,,,https://soundcloud.com/k206/pharrell-the-yessirs-16-show?utm_medium=api&utm_campaign=social_sharing&utm_source=id_59007
"Piracy, It's A Crime","Guy Contact",,,soundcloud,soundcloud:tracks:953393722,310,,,https://soundcloud.com/guycontact/guy-contact-piracy-its-a-crime?utm_medium=api&utm_campaign=social_sharing&utm_source=id_59007
Boom,P.O.D.,,USAT20106875,soundcloud,soundcloud:tracks:876729541,191,,,https://soundcloud.com/p-o-d/boom?utm_medium=api&utm_campaign=social_sharing&utm_source=id_59007
"Pokémon Red and Blue: Kanto Trainer Battle Theme Dance Remix",GlitchxCity,,,soundcloud,soundcloud:tracks:204832810,338,,,https://soundcloud.com/glitchxcity/kanto-trainer-battle-dance-remix?utm_medium=api&utm_campaign=social_sharing&utm_source=id_59007
"Pokémon Red and Blue- Silph Co. Remix",GlitchxCity,,,soundcloud,soundcloud:tracks:205999714,351,,,https://soundcloud.com/glitchxcity/silph-co-remix?utm_medium=api&utm_campaign=social_sharing&utm_source=id_59007
"Wild Battle Theme (Remix)",GlitchxCity,,,soundcloud,soundcloud:tracks:2275612775,193,,,https://soundcloud.com/glitchxcity/pokemon-red-and-blue-wild?utm_medium=api&utm_campaign=social_sharing&utm_source=id_59007
"The Murder",Psycho,,,soundcloud,soundcloud:tracks:419562256,81,,,https://soundcloud.com/liamjboyle/psycho-the-murder?utm_medium=api&utm_campaign=social_sharing&utm_source=id_59007
"The One I Love (Remastered 2012)",R.E.M.,,USCA21202402,soundcloud,soundcloud:tracks:256135576,198,,,https://soundcloud.com/rem-official/the-one-i-love-2012-remaster?utm_medium=api&utm_campaign=social_sharing&utm_source=id_59007
"Rhett And Link (Are You Gonna Eat That)",TengenToppa,,,soundcloud,soundcloud:tracks:201007982,105,,,https://soundcloud.com/king_kittan_1/rhett-and-link-are-you-gonna-eat-that?utm_medium=api&utm_campaign=social_sharing&utm_source=id_59007
"Rhythm Heaven Fever","Remix 5",,,soundcloud,soundcloud:tracks:241069374,70,,,https://soundcloud.com/spongyoshi-spongette/remix-5-rhythm-heaven-fever?utm_medium=api&utm_campaign=social_sharing&utm_source=id_59007
"Candy Remix","Rosalia Ft Chencho Corleone",,,soundcloud,soundcloud:tracks:1339949554,192,,,https://soundcloud.com/rap-music-rd/rosalia-ft-chencho-corleone-candy-remix?utm_medium=api&utm_campaign=social_sharing&utm_source=id_59007
"She Doesnt Mind","Sean Paul",,,soundcloud,soundcloud:tracks:24674042,225,,,https://soundcloud.com/edbert503/sean-paul-she-doesn-t-mind?utm_medium=api&utm_campaign=social_sharing&utm_source=id_59007
"mr useless","Shygirl, SG Lewis, Club Shy",,GBMVH2300940,soundcloud,soundcloud:tracks:1719179376,150,,,https://soundcloud.com/0800shygirl/shygirl-sg-lewis-mr-useless?utm_medium=api&utm_campaign=social_sharing&utm_source=id_59007
"Weekends (Crankdat Re-Crank) ⚙","Crankdat ",,,soundcloud,soundcloud:tracks:293162012,233,,,https://soundcloud.com/gearwxrld/weekends-recrank?utm_medium=api&utm_campaign=social_sharing&utm_source=id_59007
"Supersonic (My Existence)",Skrillex,,USAT22101774,soundcloud,soundcloud:tracks:1065012607,165,,,https://soundcloud.com/skrillex/supersonic-my-existence?utm_medium=api&utm_campaign=social_sharing&utm_source=id_59007
RATATA,Skrillex,,USAT22300823,soundcloud,soundcloud:tracks:1448877397,127,,,https://soundcloud.com/skrillex/skrillex-missy-elliott-mr-oizo-ratata?utm_medium=api&utm_campaign=social_sharing&utm_source=id_59007
"Sonic 3 Final Boss",Poptart,,,soundcloud,soundcloud:tracks:550165104,111,,,https://soundcloud.com/sonic4zuzu/sonic-3-final-boss?utm_medium=api&utm_campaign=social_sharing&utm_source=id_59007
"Fist Bump","Sonic Forces OST",,,soundcloud,soundcloud:tracks:354193115,266,,,https://soundcloud.com/user-304781955/sonic-forces-ost-fist-bump?utm_medium=api&utm_campaign=social_sharing&utm_source=id_59007
"It's Gonna Be A Lovely Day","S.O.U.L. S.Y.S.T.E.M.",,USAR19100109,soundcloud,soundcloud:tracks:263597571,30,,,https://soundcloud.com/soulsystemofficial/its-gonna-be-a-lovely-day?utm_medium=api&utm_campaign=social_sharing&utm_source=id_59007
"Splatoon 2 -","Buoyant Boogie- Turquoise October",,,soundcloud,soundcloud:tracks:334073420,176,,,https://soundcloud.com/963mlp/buoyant-boogie-octocool-splatoon-2-music-extended?utm_medium=api&utm_campaign=social_sharing&utm_source=id_59007
"Splatoon 3 OST","Hero Mode Alterna 2",,,soundcloud,soundcloud:tracks:1343683375,194,,,https://soundcloud.com/dayskievevo/hero-mode-alterna-2-splatoon-3?utm_medium=api&utm_campaign=social_sharing&utm_source=id_59007
"Splatoon 2 Octo Expansion (FINAL BOSS)","Fly Octo Fly ~ Ebb & Flow (Octo) [Off The Hook]",,,soundcloud,soundcloud:tracks:458201232,187,,,https://soundcloud.com/damein-baker-3/fly-octo-fly-ebb-flow-octo-off?utm_medium=api&utm_campaign=social_sharing&utm_source=id_59007
"Blop Bop",Bonfire,,,soundcloud,soundcloud:tracks:1679267370,162,,,https://soundcloud.com/spla7ne/blop-bop?utm_medium=api&utm_campaign=social_sharing&utm_source=id_59007
"Octoplush - Splatoon 3","Seep & Destroy",,,soundcloud,soundcloud:tracks:1343912479,172,,,https://soundcloud.com/catsillies/alterna-challenge-4-splatoon-3?utm_medium=api&utm_campaign=social_sharing&utm_source=id_59007
"Bear with Me (Splatoon 3 OST)","Bon Bon",,,soundcloud,soundcloud:tracks:1457652031,265,,,https://soundcloud.com/user-898497435-433049932/bear-with-me-splatoon-3-ost?utm_medium=api&utm_campaign=social_sharing&utm_source=id_59007
"#47 Onward (Dedf1sh feat. Off the Hook)","Splatoon 3 Side Order",,,soundcloud,soundcloud:tracks:1755573462,279,,,https://soundcloud.com/youlike-me/splatoon-3-side-order-47?utm_medium=api&utm_campaign=social_sharing&utm_source=id_59007
"The Stanley Parable: Ultra Deluxe OST — Good Job, You Did It!","Tom Schley",,,soundcloud,soundcloud:tracks:1264005229,67,,,https://soundcloud.com/just_a_draft/the-stanley-parable-ultra-8?utm_medium=api&utm_campaign=social_sharing&utm_source=id_59007
"Lethal Lava Land [Super Mario 64]",NicoCW,,,soundcloud,soundcloud:tracks:945362056,238,,,https://soundcloud.com/nicocw/the-untouchable-two-lethal-lava-land-super-mario-64?utm_medium=api&utm_campaign=social_sharing&utm_source=id_59007
"Travis Scott typebeat (Prod.Krudeboi)","*FREE* StargazingPT2",,,soundcloud,soundcloud:tracks:1127024431,164,,,https://soundcloud.com/krudebo1/free-stargazingpt2-travis-scott-typebeat-prodkrudeboi?utm_medium=api&utm_campaign=social_sharing&utm_source=id_59007
"Icanalmosttasteit ✂️ [RELXOAD[[P ►【The Em Attack】","[BRAND NEW] 👹 ""Milkshake"" x AskMex4fjkBeatzzzz",,,soundcloud,soundcloud:tracks:1533472588,127,,,https://soundcloud.com/nomoredancing/milkshake?utm_medium=api&utm_campaign=social_sharing&utm_source=id_59007
"PEACH FUZZ","Tyler, the Creator",,,soundcloud,soundcloud:tracks:463802955,147,,,https://soundcloud.com/14602w/tyler-the-creator-peach-fuzz?utm_medium=api&utm_campaign=social_sharing&utm_source=id_59007
"RISE! (feat. DAISY WORLD)","Tyler, The Creator",,USQX92102140,soundcloud,soundcloud:tracks:1074516811,204,,,https://soundcloud.com/tylerthecreatorofficial/tyler-the-creator-rise?utm_medium=api&utm_campaign=social_sharing&utm_source=id_59007
"Thought I Was Dead (feat. ScHoolboy Q & Santigold)","Tyler, The Creator",,USQX92405793,soundcloud,soundcloud:tracks:1943685367,207,,,https://soundcloud.com/tylerthecreatorofficial/thought-i-was-dead?utm_medium=api&utm_campaign=social_sharing&utm_source=id_59007
"Danger Mystery","toby fox",,,soundcloud,soundcloud:tracks:549559698,18,,,https://soundcloud.com/undertale-ost/danger-mystery?utm_medium=api&utm_campaign=social_sharing&utm_source=id_59007
"WHO TF IS NEEK",NEEK,,,soundcloud,soundcloud:tracks:2364382538,157,,,https://soundcloud.com/neekftp/who-tf-is-neek-1?utm_medium=api&utm_campaign=social_sharing&utm_source=id_59007
"Play That Funky Music","Wild Cherry",,USSM19912699,soundcloud,soundcloud:tracks:253507498,302,,,https://soundcloud.com/wild-cherry-official/play-that-funky-music?utm_medium=api&utm_campaign=social_sharing&utm_source=id_59007
DAMN,"Y2K, Lil Aaron",,QM42K1600324,soundcloud,soundcloud:tracks:242772670,201,,,https://soundcloud.com/y2k2y/damn?utm_medium=api&utm_campaign=social_sharing&utm_source=id_59007
"Wake Up, Make Up, Bring It Up, Shake Up","The Young Punx",,,soundcloud,soundcloud:tracks:68050052,236,,,https://soundcloud.com/theyoungpunx/wake-up-make-up-bring-it-up?utm_medium=api&utm_campaign=social_sharing&utm_source=id_59007
"Bubblegum K.K. (From ""Animal Crossing: New Leaf"")",Qumu,,,soundcloud,soundcloud:tracks:831875497,158,,,https://soundcloud.com/xxlovely-chuxx-101/bubblegum-kk-from-animal-crossing-new-leaf?utm_medium=api&utm_campaign=social_sharing&utm_source=id_59007
"Light Up The Night Pt1",Motive28,,,soundcloud,soundcloud:tracks:29319333,1538,,,https://soundcloud.com/motive28/light-up-the-night-pt1?utm_medium=api&utm_campaign=social_sharing&utm_source=id_59007
"C U",BENEE,,USUM72019981,soundcloud,soundcloud:tracks:924198394,181,,,https://soundcloud.com/benee/c-u?utm_medium=api&utm_campaign=social_sharing&utm_source=id_59007
"Theme From The Big Bang Theory (Original Television Version)","Barenaked Ladies",,USNLR2000391,soundcloud,soundcloud:tracks:828545302,22,,,https://soundcloud.com/barenaked-ladies/theme-from-the-big-bang-1?utm_medium=api&utm_campaign=social_sharing&utm_source=id_59007
"am i cooking the chef?",futali,,,soundcloud,soundcloud:tracks:2098525125,114,,,https://soundcloud.com/futali/am-i-cooking-the-chef?utm_medium=api&utm_campaign=social_sharing&utm_source=id_59007
"playground for a wedgeless firm (mj remix)","Chemical brothers",,,soundcloud,soundcloud:tracks:75152277,186,,,https://soundcloud.com/eweremixes/chemical-brothers-playground?utm_medium=api&utm_campaign=social_sharing&utm_source=id_59007
U.F.O.,Coldplay,,GBAYE1101186,soundcloud,soundcloud:tracks:255770432,138,,,https://soundcloud.com/coldplay/u-f-o?utm_medium=api&utm_campaign=social_sharing&utm_source=id_59007
Emotion,"Daft Punk",,GBDUW0400110,soundcloud,soundcloud:tracks:254112218,417,,,https://soundcloud.com/daftpunkofficialmusic/emotion?utm_medium=api&utm_campaign=social_sharing&utm_source=id_59007
"In / Out","Dan Croll",,GBUM71304486,soundcloud,soundcloud:tracks:99238678,194,,,https://soundcloud.com/dancrollmusic/in_out?utm_medium=api&utm_campaign=social_sharing&utm_source=id_59007
"In Search Of Diamonds And Melt With You",DeadWorkersParty,,,soundcloud,soundcloud:tracks:122942790,236,,,https://soundcloud.com/deadworkersparty/in-search-of-diamonds-and-melt?utm_medium=api&utm_campaign=social_sharing&utm_source=id_59007
"Witchin' Hour (Rude's Theme) #JETSETSONA",digboye,,,soundcloud,soundcloud:tracks:766201801,232,,,https://soundcloud.com/fkanotdigboy/witchin-hour?utm_medium=api&utm_campaign=social_sharing&utm_source=id_59007
"can you tell?","Jane Remover",,QZNRS2135009,soundcloud,soundcloud:tracks:1131262903,209,,,https://soundcloud.com/janeremover/tells-all-loves-it?utm_medium=api&utm_campaign=social_sharing&utm_source=id_59007
"Smiles And Tears","153- Earthbound",,,soundcloud,soundcloud:tracks:245246900,345,,,https://soundcloud.com/user-157797119/153-earthbound-smiles-and-tears?utm_medium=api&utm_campaign=social_sharing&utm_source=id_59007
"Audio (Himera's Smiling Mix)",EASYFUN,,,soundcloud,soundcloud:tracks:1549794505,332,,,https://soundcloud.com/heyhimera/easyfun-audio-himeras-smiling-mix?utm_medium=api&utm_campaign=social_sharing&utm_source=id_59007
"Fortnite Emote (Ballads Edit)","Epic Games, Inc. (d.b.a. Bandcamp)",,,soundcloud,soundcloud:tracks:1794155761,93,,,https://soundcloud.com/dustyy77/fortnite-emote-ballads-edit?utm_medium=api&utm_campaign=social_sharing&utm_source=id_59007
"NOTICE ME ('If you're doing it right' remix)","Frost Children + 8485",,,soundcloud,soundcloud:tracks:1508525344,339,,,https://soundcloud.com/girlfriendcore/notice-me?utm_medium=api&utm_campaign=social_sharing&utm_source=id_59007
"Superfast Jellyfish (feat. Gruff Rhys and De La Soul)",Gorillaz,,GBAYE1000006,soundcloud,soundcloud:tracks:257070841,175,,,https://soundcloud.com/gorillaz/superfast-jellyfish-feat-gruff?utm_medium=api&utm_campaign=social_sharing&utm_source=id_59007
"BADモード ( BLVCK MVRKET Bootleg Remix )","Hikaru Utada",,,soundcloud,soundcloud:tracks:1274273395,194,,,https://soundcloud.com/noiseparfumerie2/hikaru-utada-bad-blvck-mvrket-bootleg-remix?utm_medium=api&utm_campaign=social_sharing&utm_source=id_59007
"Me vs. Heidi","I Am Robot and Proud",,USA4D0616807,soundcloud,soundcloud:tracks:815215414,162,,,https://soundcloud.com/iamrobotandproud/me-vs-heidi?utm_medium=api&utm_campaign=social_sharing&utm_source=id_59007
"Night Night OuiOui",emamouse,,QZH5E2181803,soundcloud,soundcloud:tracks:1054006318,101,,,https://soundcloud.com/emamouse2/night-night-ouioui?utm_medium=api&utm_campaign=social_sharing&utm_source=id_59007
"Gimme Love",Joji,,ZZOPM2002154,soundcloud,soundcloud:tracks:770821312,215,,,https://soundcloud.com/jojiofficial/gimme-love?utm_medium=api&utm_campaign=social_sharing&utm_source=id_59007
💯,JPEGMAFIA,,,soundcloud,soundcloud:tracks:1145567188,155,,,https://soundcloud.com/jpegmafia/jpegmafia-elpee-11-10000?utm_medium=api&utm_campaign=social_sharing&utm_source=id_59007
"All I Want Is You (Juno Soundtrack)","Barry Louis Polisar",,,soundcloud,soundcloud:tracks:1268673286,158,,,https://soundcloud.com/ricky_956/barry-louis-polisar-all-i-want-is-you-juno-soundtrack?utm_medium=api&utm_campaign=social_sharing&utm_source=id_59007
"Hyrule Field   The Legend of Zelda Ocarina of Time","Anderous Pi",,,soundcloud,soundcloud:tracks:84440035,316,,,https://soundcloud.com/anderouspi/hyrule-field-the-legend-of?utm_medium=api&utm_campaign=social_sharing&utm_source=id_59007
"The Legend of Zelda: Ocarina of Time OST: Last Battle","Koji Kondo",,,soundcloud,soundcloud:tracks:318149641,131,,,https://soundcloud.com/gabe-ninja/the-legend-of-zelda-ocarina-of-time-ost-last-battle?utm_medium=api&utm_campaign=social_sharing&utm_source=id_59007
"Zora's Domain","The Legend of Zelda Ocarina of Time",,,soundcloud,soundcloud:tracks:79188035,172,,,https://soundcloud.com/silver656/the-legend-of-zelda-ocarina-of-1?utm_medium=api&utm_campaign=social_sharing&utm_source=id_59007
"LEGO Racers OST","Test Track",,,soundcloud,soundcloud:tracks:1223523934,136,,,https://soundcloud.com/qroglumbie/test-track-lego-racers-ost?utm_medium=api&utm_campaign=social_sharing&utm_source=id_59007
Superchérie,-M-,,FR11Y1800150,soundcloud,soundcloud:tracks:532171719,223,,,https://soundcloud.com/m35480/supercherie?utm_medium=api&utm_campaign=social_sharing&utm_source=id_59007
"Bad News KISS OF LIFE(male cover)","Chris xiu",,,soundcloud,soundcloud:tracks:1955903651,161,,,https://soundcloud.com/goawp8iuh20s/bad-news-kiss-of-life-male?utm_medium=api&utm_campaign=social_sharing&utm_source=id_59007
Primadonna,MARINA,,GBFFS1200009,soundcloud,soundcloud:tracks:2371526840,30,,,https://soundcloud.com/marinadiamandis/primadonna-1?utm_medium=api&utm_campaign=social_sharing&utm_source=id_59007
"Rainbow Road","Asuka Ohta, Ryo Nagamatsu",,,soundcloud,soundcloud:tracks:496641684,109,,,https://soundcloud.com/user-272592510/mario-kart-wii-rainbow-road?utm_medium=api&utm_campaign=social_sharing&utm_source=id_59007
Minecraft,C418,,TCAAW1157077,soundcloud,soundcloud:tracks:2302601423,254,,,https://soundcloud.com/c418/minecraft?utm_medium=api&utm_campaign=social_sharing&utm_source=id_59007
"WHERES YO HEAD @ 140BPM [DL IN DESC]",MOTHERF★CKER,,,soundcloud,soundcloud:tracks:1820392641,178,,,https://soundcloud.com/dancemotherfucker/wheres-yo-head-at?utm_medium=api&utm_campaign=social_sharing&utm_source=id_59007
"Serenade No.13 in G Major, K. 525 ""Eine Kleine Nachtmusik"" I. Allegro","Tom Connell",,QM8DG2586239,soundcloud,soundcloud:tracks:215868715,315,,,https://soundcloud.com/mozart/serenade-no13-in-g-major-k-525-eine-kleine-nachtmusik-i-allegro?utm_medium=api&utm_campaign=social_sharing&utm_source=id_59007
"Hand in the Fire (Krazylife Remix)",krazylife,,,soundcloud,soundcloud:tracks:2349426803,105,,,https://soundcloud.com/krazylif-e/im-all-wet?utm_medium=api&utm_campaign=social_sharing&utm_source=id_59007
L-O-V-E,"Nat King Cole",,USCA29000091,soundcloud,soundcloud:tracks:253123946,155,,,https://soundcloud.com/natkingcole/l-o-v-e-1990-digital-remaster?utm_medium=api&utm_campaign=social_sharing&utm_source=id_59007
"The World of Avatar"")","Sandra Benton",,USWD11891217,soundcloud,soundcloud:tracks:599485155,348,,,https://soundcloud.com/sandrabenton-music/navi-river-journey-ride?utm_medium=api&utm_campaign=social_sharing&utm_source=id_59007
"Fuckin Perfect",P!nk,,,soundcloud,soundcloud:tracks:93668758,214,,,https://soundcloud.com/carla-azzahara/p-nk-fuckin-perfect?utm_medium=api&utm_campaign=social_sharing&utm_source=id_59007
"Set Adrift on Memory Bliss","PM Dawn",,,soundcloud,soundcloud:tracks:373904,252,,,https://soundcloud.com/swoozie/pm-dawn-set-adrift-on-memory-bliss?utm_medium=api&utm_campaign=social_sharing&utm_source=id_59007
"Pokémon Red and Blue: Lavender Town Remix",GlitchxCity,,,soundcloud,soundcloud:tracks:204839078,369,,,https://soundcloud.com/glitchxcity/lavender-town-remix?utm_medium=api&utm_campaign=social_sharing&utm_source=id_59007
"Qi Theme","TV Theme Tune Factory",,TCACB1452322,soundcloud,soundcloud:tracks:2301780911,51,,,https://soundcloud.com/tvthemetunefactory/qi-theme?utm_medium=api&utm_campaign=social_sharing&utm_source=id_59007
"It's The End Of The World As We Know It (And I Feel Fine)",R.E.M.,,USIR38700037,soundcloud,soundcloud:tracks:256135502,247,,,https://soundcloud.com/rem-official/its-the-end-of-the-world-as-4?utm_medium=api&utm_campaign=social_sharing&utm_source=id_59007
"Sexy Villain","Remi Wolf",,USUG12103582,soundcloud,soundcloud:tracks:1116671887,189,,,https://soundcloud.com/remi-wolf/sexy-villain?utm_medium=api&utm_campaign=social_sharing&utm_source=id_59007
"Rub Some Bacon On It","Rhett And Link",,,soundcloud,soundcloud:tracks:163534005,144,,,https://soundcloud.com/hunter-kye/rhett-and-link-rub-some-bacon-on-it?utm_medium=api&utm_campaign=social_sharing&utm_source=id_59007
"Rhythm Heaven(DS)-OST Munchy Monk",CharlesOst,,,soundcloud,soundcloud:tracks:1881924285,42,,,https://soundcloud.com/tania-lopez-534950432/rhythm-heaven-ds-ost-munchy?utm_medium=api&utm_campaign=social_sharing&utm_source=id_59007
"Rhythm Heaven","Love Lab",,,soundcloud,soundcloud:tracks:458818872,111,,,https://soundcloud.com/maxim-forget/love-lab-rhythm-heaven?utm_medium=api&utm_campaign=social_sharing&utm_source=id_59007
"Rhythm Heaven(DS)-OST Space Soccer 2",CharlesOst,,,soundcloud,soundcloud:tracks:1881955365,103,,,https://soundcloud.com/tania-lopez-534950432/rhythm-heaven-ds-ost-space-1?utm_medium=api&utm_campaign=social_sharing&utm_source=id_59007
"Rhythm Heaven Fever","Tsunku, Masami Yone, Shinji Ushiroda, and Asuka Ito",,,soundcloud,soundcloud:tracks:2148028263,84,,,https://soundcloud.com/sens_belowstory/cafe-rhythm-heaven-fever?utm_medium=api&utm_campaign=social_sharing&utm_source=id_59007
"Rhythm Heaven Fever(english)","I Feel Fine!~Remix 3",,,soundcloud,soundcloud:tracks:237864176,153,,,https://soundcloud.com/mikisashire/i-feel-fineremix-3-rhythm-heaven-feverenglish?utm_medium=api&utm_campaign=social_sharing&utm_source=id_59007
"Rhythm Heaven Fever - HQ","Shrimp Shuffle",,,soundcloud,soundcloud:tracks:910740583,94,,,https://soundcloud.com/user-865591989/shrimp-shuffle-rhythm-heaven?utm_medium=api&utm_campaign=social_sharing&utm_source=id_59007
"Louie Louie","The Teen Queens",,FR96X1855808,soundcloud,soundcloud:tracks:1924196783,133,,,https://soundcloud.com/richardberryandthepharaons/louie-louie?utm_medium=api&utm_campaign=social_sharing&utm_source=id_59007
"Tiny Little Adiantum (deadman 死人 Remix) [Omae Wa Mou]","deadman 死人",,QZPEW2404905,soundcloud,soundcloud:tracks:517695198,114,,,https://soundcloud.com/deadman/omaewamou?utm_medium=api&utm_campaign=social_sharing&utm_source=id_59007
"Sonic the Hedgehog 2","Sky Chase Zone",,,soundcloud,soundcloud:tracks:828858790,107,,,https://soundcloud.com/mikeeatsfood/sky-chase-zone-sonic-the-hedgehog-2?utm_medium=api&utm_campaign=social_sharing&utm_source=id_59007
"Splatoon 3 Expansion Pass","DJ Lee Fish",,,soundcloud,soundcloud:tracks:1461301549,90,,,https://soundcloud.com/shdbeg/hotlantis-inkopolis-square?utm_medium=api&utm_campaign=social_sharing&utm_source=id_59007
"DJ Real Sole (Splatoon 2 OST)","New You",,,soundcloud,soundcloud:tracks:462224706,165,,,https://soundcloud.com/racerdoesgames/new-you-dj-real-sole-splatoon-2-ost?utm_medium=api&utm_campaign=social_sharing&utm_source=id_59007
"Seafoam Shanty - Bottom Feeders",SolCalibre™,,QM8DG1840683,soundcloud,soundcloud:tracks:360164114,383,,,https://soundcloud.com/sol64/splatoon-2-seafoam-shanty-bottom-feeders?utm_medium=api&utm_campaign=social_sharing&utm_source=id_59007
"Splatoon 2 Octo Expansion","Into The Light [Off The Hook]",,,soundcloud,soundcloud:tracks:458201250,238,,,https://soundcloud.com/damein-baker-3/into-the-light-off-the-hook?utm_medium=api&utm_campaign=social_sharing&utm_source=id_59007
"Luciano-Suicidal Crew.mp3",luchitembu7seas,,,soundcloud,soundcloud:tracks:593958924,240,,,https://soundcloud.com/luchitembu7seas/luciano-suicidal-crew-mp3?utm_medium=api&utm_campaign=social_sharing&utm_source=id_59007
"New You (bisk) (Splatoon 2 OST)","Dj Real Sole",,,soundcloud,soundcloud:tracks:1450518148,85,,,https://soundcloud.com/lolbitgxwolfer/new-you-bisk-dj-real-sole?utm_medium=api&utm_campaign=social_sharing&utm_source=id_59007
"Gary's Song","Spongebob Squarepants",,USN1R0503006,soundcloud,soundcloud:tracks:253862027,30,,,https://soundcloud.com/spongebobsquarepantsmusic/garys-song?utm_medium=api&utm_campaign=social_sharing&utm_source=id_59007
"Super Mario Advance 2: Super Mario World: Intro Theme and Title Screen","Koji Kondo",,,soundcloud,soundcloud:tracks:637727655,165,,,https://soundcloud.com/alexthetoon/super-mario-world-intro-theme?utm_medium=api&utm_campaign=social_sharing&utm_source=id_59007
"CT 1 INTRO",swedm®,,QT3EX2439176,soundcloud,soundcloud:tracks:2079902415,139,,,https://soundcloud.com/swedminternational/ct-1-intro?utm_medium=api&utm_campaign=social_sharing&utm_source=id_59007
"PERFECT TO THE CORE","tracey brakes",,QZHPJ2231574,soundcloud,soundcloud:tracks:1157752627,187,,,https://soundcloud.com/traceybrakes/perfect-to-the-core-final-v2?utm_medium=api&utm_campaign=social_sharing&utm_source=id_59007
70%,underscores,,QM4TX2101851,soundcloud,soundcloud:tracks:1015869469,160,,,https://soundcloud.com/underscores/70p?utm_medium=api&utm_campaign=social_sharing&utm_source=id_59007
"Dry land 2001 (feat. Knapsack)",underscores,,QM4TX2101858,soundcloud,soundcloud:tracks:1015869433,422,,,https://soundcloud.com/underscores/dl2?utm_medium=api&utm_campaign=social_sharing&utm_source=id_59007
Confession,"toby fox",,,soundcloud,soundcloud:tracks:549559320,42,,,https://soundcloud.com/undertale-ost/confession?utm_medium=api&utm_campaign=social_sharing&utm_source=id_59007
"Boxing Round Start (Wii Sports OST)","Kazumi Totaka",,,soundcloud,soundcloud:tracks:1015995592,5,,,https://soundcloud.com/memyselfandfred/boxing-round-start?utm_medium=api&utm_campaign=social_sharing&utm_source=id_59007
"How To Play (Wii Sports)","Flame Lord (FL)",,,soundcloud,soundcloud:tracks:831452050,56,,,https://soundcloud.com/user-937373904/how-to-play-wii-sports?utm_medium=api&utm_campaign=social_sharing&utm_source=id_59007
"Baka Mitai (Kazuma Kiryu)","Yakuza 0/5/Kiwami",,,soundcloud,soundcloud:tracks:328739378,291,,,https://soundcloud.com/rain-boi-581578131/yakuza-0-5-kiwami-baka-mitai?utm_medium=api&utm_campaign=social_sharing&utm_source=id_59007
"Yoshi's Island","Koji Kondo",,,soundcloud,soundcloud:tracks:2037317412,133,,,https://soundcloud.com/nightshadex766/yoshis-island?utm_medium=api&utm_campaign=social_sharing&utm_source=id_59007
"Tag Walls, Punch Fascists","2 Mello",,,soundcloud,soundcloud:tracks:395037567,189,,,https://soundcloud.com/2mello/tag-walls-punch-fascists?utm_medium=api&utm_campaign=social_sharing&utm_source=id_59007
"Hateful Person (Big OST Part 2)",Beast,,,soundcloud,soundcloud:tracks:52822026,187,,,https://soundcloud.com/hottestairen/beast-hateful-person-big-ost?utm_medium=api&utm_campaign=social_sharing&utm_source=id_59007
ＳＥＩＮＷＡＶＥ２０００,Jordan,,,soundcloud,soundcloud:tracks:1614855513,236,,,https://soundcloud.com/jordan-saloy/seinwave2000?utm_medium=api&utm_campaign=social_sharing&utm_source=id_59007
"Hello (Adele/arr. Adam Neely)",Tre,,,soundcloud,soundcloud:tracks:1109201551,282,,,https://soundcloud.com/tre-842077416/hello-adele-arr-adam-neely?utm_medium=api&utm_campaign=social_sharing&utm_source=id_59007
"LEGO Bionicle 2006","HQ (Uncompressed!) ""Piraka Rap"" 2nd/Released Promo Trailer Version",,,soundcloud,soundcloud:tracks:945682888,88,,,https://soundcloud.com/user-549411332/hd-not-compressed-piraka-rap?utm_medium=api&utm_campaign=social_sharing&utm_source=id_59007
"Release (feat. Saul Williams & Lyrics Born)",Blackalicious,,USMC10200025,soundcloud,soundcloud:tracks:310315952,566,,,https://soundcloud.com/blackalicious/release?utm_medium=api&utm_campaign=social_sharing&utm_source=id_59007
"Feel The Funk (Computer Love)","Sebastian Knight",,,soundcloud,soundcloud:tracks:1596267216,180,,,https://soundcloud.com/bomb-rush-cyberfunk-ost/sebastian-knight-feel-the-funk-computer-love?utm_medium=api&utm_campaign=social_sharing&utm_source=id_59007
"Last Hoorah",KiloWatts,,,soundcloud,soundcloud:tracks:1596473871,302,,,https://soundcloud.com/bomb-rush-cyberfunk-ost/kilowatts-last-hoorah?utm_medium=api&utm_campaign=social_sharing&utm_source=id_59007
Hwbouths,Knxwledge,,,soundcloud,soundcloud:tracks:1598163993,160,,,https://soundcloud.com/bomb-rush-cyberfunk-ost/knxwledge-hwbouths?utm_medium=api&utm_campaign=social_sharing&utm_source=id_59007
"(official) ""CUM"" remix ft. SOPHIE","Brooke Candy",,,soundcloud,soundcloud:tracks:1680942873,483,,,https://soundcloud.com/msmsmsmarchive/brooke-candy-official-cum?utm_medium=api&utm_campaign=social_sharing&utm_source=id_59007
"BUSY P ""To Protect and Entertain"" feat. Murs","Ed Banger records",,,soundcloud,soundcloud:tracks:67260125,186,,,https://soundcloud.com/edbangerrecords/to-protect-and-entertain-feat?utm_medium=api&utm_campaign=social_sharing&utm_source=id_59007
"Cassius 99 (A.Skillz remix)",A.Skillz,,,soundcloud,soundcloud:tracks:79056343,277,,,https://soundcloud.com/a-skillz/cassius-99-a-skillz-remix?utm_medium=api&utm_campaign=social_sharing&utm_source=id_59007
"unlock it + like a g6 + trophy","Charli XCX, Far East Movement",,,soundcloud,soundcloud:tracks:982472440,213,,,https://soundcloud.com/ceborinhaxcx/unlock-it-like-a-g6-trophy?utm_medium=api&utm_campaign=social_sharing&utm_source=id_59007
"Let Me Be Your Underwear (Gianluca Ghezzi Remix)","Club 69, Kim Cooper",,US2K20913521,soundcloud,soundcloud:tracks:1069026397,330,,,https://soundcloud.com/club69official/let-me-be-your-underwear?utm_medium=api&utm_campaign=social_sharing&utm_source=id_59007
"Falling Free (Aphex Twin Mix)",Curve,,GBARL9200102,soundcloud,soundcloud:tracks:255164730,460,,,https://soundcloud.com/curve-official/falling-free-aphex-twin-mix?utm_medium=api&utm_campaign=social_sharing&utm_source=id_59007
"SUBVERT by Rhys Fulber & Spoon Eater",BORO,,,soundcloud,soundcloud:tracks:963887353,231,,,https://soundcloud.com/borojf/subvert-by-rhys-fulber-spoon-eater?utm_medium=api&utm_campaign=social_sharing&utm_source=id_59007
"MUÉVELO (Cumbia) by David Rolas & Papito Gringo","CYBERPUNK 2077 SOUNDTRACK",,,soundcloud,soundcloud:tracks:2240474816,158,,,https://soundcloud.com/user-113977542/cyberpunk-2077-soundtrack?utm_medium=api&utm_campaign=social_sharing&utm_source=id_59007
"“Retrogenesis” by Private Press",Cyberpunk,,,soundcloud,soundcloud:tracks:1474630402,333,,,https://soundcloud.com/zion-bressanin/retrogenesis-by-private-press?utm_medium=api&utm_campaign=social_sharing&utm_source=id_59007
"Cyberpunk 2077 | 99.9 Impulse FM Radio | Private Press DREAMY",MisterMann762,,,soundcloud,soundcloud:tracks:1974602743,281,,,https://soundcloud.com/mistermann762/private-press-dreamy?utm_medium=api&utm_campaign=social_sharing&utm_source=id_59007
"Pierwszy raz naprawdę (CYBERPUNK 2077)",27.FUCKDEMONS,,,soundcloud,soundcloud:tracks:1622339937,163,,,https://soundcloud.com/micha-pro-460654323/27fuckdemons-pierwszy-raz-naprawde?utm_medium=api&utm_campaign=social_sharing&utm_source=id_59007
"Smooth Moves - Dance Emote Music","Fortnite Game Music",,QZHZD2050533,soundcloud,soundcloud:tracks:869990254,134,,,https://soundcloud.com/nitegamic/fortnite-smooth-moves-dance-emote-music?utm_medium=api&utm_campaign=social_sharing&utm_source=id_59007
"Friday Night Funkin' OST -",Spookeez,,,soundcloud,soundcloud:tracks:1006528222,100,,,https://soundcloud.com/kawaispritefak/spookeez-friday-night-funkin-ost?utm_medium=api&utm_campaign=social_sharing&utm_source=id_59007
"Automatic (2024 Mix)","Hikaru Utada",,JPPO02400213,soundcloud,soundcloud:tracks:1781086410,296,,,https://soundcloud.com/hikaruutada/automatic-2024-mix?utm_medium=api&utm_campaign=social_sharing&utm_source=id_59007
IMVUmix,"PETAL SUPPLY",,,soundcloud,soundcloud:tracks:844150042,680,,,https://soundcloud.com/ps222/petal-supply-imvumix?utm_medium=api&utm_campaign=social_sharing&utm_source=id_59007
"John Butler","I Used To Get High For A Living",,,soundcloud,soundcloud:tracks:162470395,220,,,https://soundcloud.com/schutzy/i-used-to-get-high-for-a?utm_medium=api&utm_campaign=social_sharing&utm_source=id_59007
"Iwasaki Taku (JoJo's Bizarre Adventure: Battle Tendency)","21 Overdrive",,,soundcloud,soundcloud:tracks:85681994,227,,,https://soundcloud.com/jonathanjoestar/21-overdrive?utm_medium=api&utm_campaign=social_sharing&utm_source=id_59007
"Jojo's Bizarre Adventure - Diamond is Unbreakable OST Daydream","Yugo Kanno",,,soundcloud,soundcloud:tracks:671076896,143,,,https://soundcloud.com/dillzytante3/genba-kyukou?utm_medium=api&utm_campaign=social_sharing&utm_source=id_59007
💯,JPEGMAFIA,,,soundcloud,soundcloud:tracks:1145567188,155,,,https://soundcloud.com/jpegmafia/jpegmafia-elpee-11-10000?utm_medium=api&utm_campaign=social_sharing&utm_source=id_59007
"HELLA FUCKIN' TRAUMA (ENOUGH IS ENOUGH)","Juicy J",,USKO12000248,soundcloud,soundcloud:tracks:841878022,177,,,https://soundcloud.com/juicyjmusic/hella-fuckin-trauma-1?utm_medium=api&utm_campaign=social_sharing&utm_source=id_59007
"Louie Bags (feat. Jack Harlow)","Kanye West",,,soundcloud,soundcloud:tracks:1223699467,193,,,https://soundcloud.com/squeaker_boy-gaming/louie-bags-feat-jack-harlow?utm_medium=api&utm_campaign=social_sharing&utm_source=id_59007
"E.T ( Ekzeel Rework )",Ekzeel,,,soundcloud,soundcloud:tracks:1383404263,352,,,https://soundcloud.com/user-854314152/katy-perry-et-ekzeel-rework?utm_medium=api&utm_campaign=social_sharing&utm_source=id_59007
"E.T. (feat. Kanye West)","Katy Perry",,USCA21100386,soundcloud,soundcloud:tracks:256250294,231,,,https://soundcloud.com/katyperry/e-t-feat-kanye-west?utm_medium=api&utm_campaign=social_sharing&utm_source=id_59007
"Cannibal (Vampire Mix)",KE$HA,,,soundcloud,soundcloud:tracks:1724453028,171,,,https://soundcloud.com/kavarimusic/cannibal-vampire-mix?utm_medium=api&utm_campaign=social_sharing&utm_source=id_59007
"Testarossa Autodrive (Sebastian Remix)","Nikko Bellic",,,soundcloud,soundcloud:tracks:15797072,296,,,https://soundcloud.com/grand-theft/testarossa-autodrive-sebastian?utm_medium=api&utm_campaign=social_sharing&utm_source=id_59007
"Hol' Up","Kendrick Lamar",,USUYG1008101,soundcloud,soundcloud:tracks:1631800887,173,,,https://soundcloud.com/kendrick-lamar-music/hol-up?utm_medium=api&utm_campaign=social_sharing&utm_source=id_59007
"Telephone (HARDSTYLE)","Lady Gaga Ft Beyonce",,,soundcloud,soundcloud:tracks:1342125787,154,,,https://soundcloud.com/whippa2/lady-gaga-ft-beyonce-telephone-hardstyle?utm_medium=api&utm_campaign=social_sharing&utm_source=id_59007
"Telephone ft. Beyonce (Sam Red Techno Remix)","Lady Gaga",,,soundcloud,soundcloud:tracks:1632203589,161,,,https://soundcloud.com/sam-red-747517296/lady-gaga-telephone-ft-beyonce-sam-red-techno-remix?utm_medium=api&utm_campaign=social_sharing&utm_source=id_59007
"Telephone (FT. Beyoncé) [AURAX BOOTLEG] FREE DOWNLOAD","Lady Gaga",,,soundcloud,soundcloud:tracks:1635932073,157,,,https://soundcloud.com/auraxbass/lady-gaga-telephone-ft-beyonce-aura-bootleg-free-download?utm_medium=api&utm_campaign=social_sharing&utm_source=id_59007
"Jack Sparrow (Featuring Michael Bolton)","The Lonely Island",,,soundcloud,soundcloud:tracks:71738623,160,,,https://soundcloud.com/bayasal-zorig/the-lonely-island-jack-sparrow?utm_medium=api&utm_campaign=social_sharing&utm_source=id_59007
"The Creep","Lonely Island (ft Nicki Minaj & John Waters)",,,soundcloud,soundcloud:tracks:150734877,159,,,https://soundcloud.com/mythiic-x-aqua/lonely-island-ft-nicki-minaj?utm_medium=api&utm_campaign=social_sharing&utm_source=id_59007
Boombox,"Lonely Island (ft Julian Casablancas)",,,soundcloud,soundcloud:tracks:150733358,189,,,https://soundcloud.com/mythiic-x-aqua/lonely-island-ft-julian?utm_medium=api&utm_campaign=social_sharing&utm_source=id_59007
"Machine Girl-うずまき","Machine Girl",,,soundcloud,soundcloud:tracks:443864868,233,,,https://soundcloud.com/user-225412838/machine-girl?utm_medium=api&utm_campaign=social_sharing&utm_source=id_59007
"Proper Squeaky Tune",Maple,,TCAHK2384718,soundcloud,soundcloud:tracks:1611902343,160,,,https://soundcloud.com/909worldwide/proper-squeaky-tune?utm_medium=api&utm_campaign=social_sharing&utm_source=id_59007
"Thot Shit","Megan Thee Stallion",,QMCE32100339,soundcloud,soundcloud:tracks:1066159183,185,,,https://soundcloud.com/megan-thee-stallion/thot-shit?utm_medium=api&utm_campaign=social_sharing&utm_source=id_59007
"Melleefresh vs deadmau5 / Sex Slave (Original Mix)","Melleefresh vs deadmau5",,CAPA30600151,soundcloud,soundcloud:tracks:29756945,370,,,https://soundcloud.com/melleefresh/melleefresh-vs-deadmau5-sex-slave-original-mix?utm_medium=api&utm_campaign=social_sharing&utm_source=id_59007
"Teqkilla (FauXFaX Remix)",M.I.A.,,,soundcloud,soundcloud:tracks:281899532,301,,,https://soundcloud.com/fauxfax/mia-teqkilla-fauxfax-remix?utm_medium=api&utm_campaign=social_sharing&utm_source=id_59007
M.I.A.,amore,,,soundcloud,soundcloud:tracks:2059411356,291,,,https://soundcloud.com/roseanamore/mia?utm_medium=api&utm_campaign=social_sharing&utm_source=id_59007
"Meds and Feds (reverse)",M.I.A.,,,soundcloud,soundcloud:tracks:43612756,189,,,https://soundcloud.com/analydewa/m-i-a-meds-and-feds-reverse?utm_medium=api&utm_campaign=social_sharing&utm_source=id_59007
Borders,M.I.A.,,USUG11501551,soundcloud,soundcloud:tracks:256160429,252,,,https://soundcloud.com/miauk/borders?utm_medium=api&utm_campaign=social_sharing&utm_source=id_59007
"WTF ft. Pharrell Williams (Sumwest x Nutterjag Edit)","Missy Elliott Ft. Pharell Williams, Nutterjag, SUMWEST",,,soundcloud,soundcloud:tracks:2208479309,179,,,https://soundcloud.com/sumwest/missy-elliott-wtf-ft-pharrell?utm_medium=api&utm_campaign=social_sharing&utm_source=id_59007
"On & On",MØ,,GBARL1901220,soundcloud,soundcloud:tracks:699824314,30,,,https://soundcloud.com/momomoyouth/on-on?utm_medium=api&utm_campaign=social_sharing&utm_source=id_59007
"Ante up",M.O.P.,,,soundcloud,soundcloud:tracks:243497196,213,,,https://soundcloud.com/paul-r-sner/mop-ante-up?utm_medium=api&utm_campaign=social_sharing&utm_source=id_59007
"Breakout (Edited)",N.E.R.D.,,USVI20400108,soundcloud,soundcloud:tracks:349457323,230,,,https://soundcloud.com/nerd/breakout-edited?utm_medium=api&utm_campaign=social_sharing&utm_source=id_59007
"Tape You",N.E.R.D,,,soundcloud,soundcloud:tracks:213802739,461,,,https://soundcloud.com/octhagreat/nerd-tape-you?utm_medium=api&utm_campaign=social_sharing&utm_source=id_59007
"Drill Sergeant",N.E.R.D.,,USVI20400110,soundcloud,soundcloud:tracks:349457360,414,,,https://soundcloud.com/nerd/drill-sergeant-edited-without?utm_medium=api&utm_campaign=social_sharing&utm_source=id_59007
Spaz,N.E.R.D.,,USUM70813615,soundcloud,soundcloud:tracks:349457337,230,,,https://soundcloud.com/nerd/spaz-explicit-version?utm_medium=api&utm_campaign=social_sharing&utm_source=id_59007
"HOT-N-FUN (AYYBO EDIT) (UNRELEASED)","N.E.R.D. FT. NELLY FURTADO",,,soundcloud,soundcloud:tracks:1963241067,205,,,https://soundcloud.com/house-mafia-564862312/nerd-ft-nelly-furtado-hot-n-fun-ayybo-edit?utm_medium=api&utm_campaign=social_sharing&utm_source=id_59007
